# This file uses centimeters as units for non-parametric coordinates.

mtllib Door_And_Frame.mtl
g default
v 12.355431 5.639782 -2.195441
v 12.387913 5.653235 -2.227921
v 12.401365 5.685714 -2.241374
v 12.144558 5.639782 -2.195441
v 12.144558 5.653235 -2.227921
v 12.144558 5.685714 -2.241374
v 12.401365 5.777598 -2.241374
v 12.387913 5.810077 -2.227921
v 12.355431 5.823531 -2.195441
v 12.144558 5.777598 -2.241374
v 12.144558 5.810077 -2.227921
v 12.144558 5.823531 -2.195441
v 12.355431 5.639782 -2.005936
v 12.387913 5.653235 -2.005936
v 12.401365 5.685714 -2.005936
v 12.401365 5.777598 -2.005936
v 12.387913 5.810077 -2.005936
v 12.355431 5.823531 -2.005936
v 11.887752 5.810077 -2.019390
v 11.887752 5.823531 -2.051869
v 11.887752 5.777598 -2.005936
v 12.190492 5.823531 -2.051869
v 12.158013 5.810077 -2.019390
v 12.144558 5.777598 -2.005936
v 11.887752 5.653235 -2.019390
v 11.887752 5.685714 -2.005936
v 11.887752 5.639782 -2.051869
v 12.144558 5.685714 -2.005936
v 12.158013 5.653235 -2.019390
v 12.190492 5.639782 -2.051869
v 11.887752 5.653235 -2.227921
v 11.887752 5.639782 -2.195441
v 11.887752 5.685714 -2.241374
v 11.887752 5.810077 -2.227921
v 11.887752 5.777598 -2.241374
v 11.887752 5.823531 -2.195441
v 12.384165 5.774177 -1.505937
v 12.396326 5.776596 -1.510974
v 12.401365 5.777598 -1.523136
v 12.401365 5.685714 -1.523136
v 12.396326 5.686717 -1.510974
v 12.384165 5.689135 -1.505937
v 12.355431 5.823531 -1.523136
v 12.354429 5.818493 -1.510974
v 12.352010 5.806332 -1.505937
v 12.193913 5.806332 -1.505937
v 12.191493 5.818493 -1.510974
v 12.190492 5.823531 -1.523136
v 12.144558 5.777598 -1.523136
v 12.149595 5.776596 -1.510974
v 12.161756 5.774177 -1.505937
v 12.161756 5.689136 -1.505937
v 12.149595 5.686717 -1.510974
v 12.144558 5.685714 -1.523136
v 12.190492 5.639782 -1.523136
v 12.191493 5.644819 -1.510974
v 12.193913 5.656980 -1.505937
v 12.352010 5.656980 -1.505937
v 12.354429 5.644819 -1.510974
v 12.355431 5.639782 -1.523136
v 12.374749 5.666399 -1.505937
v 12.384056 5.657091 -1.510974
v 12.387913 5.653235 -1.523136
v 12.374749 5.796914 -1.505937
v 12.384056 5.806222 -1.510974
v 12.387913 5.810077 -1.523136
v 12.171177 5.796914 -1.505937
v 12.161868 5.806222 -1.510974
v 12.158013 5.810077 -1.523136
v 12.171177 5.666399 -1.505937
v 12.161868 5.657091 -1.510974
v 12.158013 5.653235 -1.523136
vt 0.625000 0.562494
vt 0.625000 0.451226
vt 0.625000 0.798774
vt 0.625000 0.687506
vt 0.625000 0.062494
vt 0.625000 0.298773
vt 0.500001 0.562494
vt 0.375001 0.687506
vt 0.397358 0.798774
vt 0.500001 0.798774
vt 0.477643 0.951226
vt 0.125000 0.187506
vt 0.625000 0.187506
vt 0.500000 0.451226
vt 0.500000 0.687506
vt 0.625000 0.951226
vt 0.875000 0.062494
vt 0.875000 0.187506
vt 0.826226 0.250000
vt 0.673774 0.250000
vt 0.673774 0.000000
vt 0.826226 0.000000
vt 0.375001 0.562494
vt 0.397358 0.451226
vt 0.125000 0.062494
vt 0.397359 1.000000
vt 0.375000 0.500000
vt 0.125000 0.250000
vt 0.500000 0.500000
vt 0.375000 0.750000
vt 0.125000 0.000000
vt 0.500000 0.750000
vt 0.375000 1.000000
vt 0.625000 0.000000
vt 0.625000 1.000000
vt 0.500000 1.000000
vt 0.625000 0.250000
vt 0.625000 0.500000
vt 0.875000 0.250000
vt 0.625000 0.750000
vt 0.875000 0.000000
vt 0.383372 0.067148
vt 0.469007 0.000000
vt 0.397358 0.000000
vt 0.500000 0.187506
vt 0.500000 0.062494
vt 0.397359 0.250000
vt 0.477643 0.251537
vt 0.375000 0.062494
vt 0.375000 0.187506
vt 0.384960 0.027840
vt 0.395038 0.012260
vt 0.481226 0.008729
vt 0.490939 0.025328
vt 0.491629 0.067149
vt 0.491629 0.182851
vt 0.490040 0.222160
vt 0.479963 0.237740
vt 0.393775 0.241271
vt 0.375000 0.250000
vt 0.397359 0.250000
vt 0.375000 0.187506
vt 0.375000 0.250000
vt 0.375000 0.000000
vt 0.375000 0.062494
vt 0.397358 0.000000
vt 0.375000 0.000000
vt 0.500000 0.000000
vt 0.477371 0.000000
vt 0.500001 0.062494
vt 0.500000 0.000000
vt 0.500000 0.250000
vt 0.500000 0.187506
vt 0.477643 0.298773
vt 0.500000 0.250000
vt 0.384061 0.224672
vt 0.383372 0.182852
vt 0.375000 0.062494
vt 0.375000 0.187506
vt 0.397358 0.000000
vt 0.477643 0.000000
vt 0.500000 0.062494
vt 0.500000 0.187506
vt 0.477643 0.250000
vt 0.397358 0.250000
vt 0.375000 0.250000
vt 0.375000 0.000000
vt 0.500000 0.000000
vt 0.500000 0.250000
vn -0.000000 -0.106519 -0.994311
vn -0.000000 -0.382685 -0.923879
vn -0.000000 -0.382685 -0.923879
vn -0.000000 -0.107552 -0.994199
vn -0.000000 -0.923881 -0.382681
vn -0.000000 -0.997262 -0.073950
vn -0.000000 -0.997473 -0.071042
vn -0.000000 -0.923881 -0.382681
vn 0.000000 0.997262 -0.073952
vn 0.000000 0.923877 -0.382689
vn 0.000000 0.923877 -0.382689
vn 0.000000 0.997473 -0.071044
vn 0.000000 0.382685 -0.923879
vn 0.000000 0.106519 -0.994311
vn 0.000000 0.107552 -0.994199
vn 0.000000 0.382685 -0.923879
vn 0.000000 0.996979 0.077675
vn 0.000000 0.923877 0.382689
vn 0.000000 0.923877 0.382689
vn -0.019519 0.999658 0.017393
vn 0.000000 0.382685 0.923879
vn 0.000000 0.109594 0.993976
vn 0.000000 0.118606 0.992941
vn 0.000000 0.382685 0.923879
vn -0.000000 -0.109594 0.993976
vn -0.000000 -0.382685 0.923879
vn -0.000000 -0.382685 0.923879
vn -0.000000 -0.118606 0.992941
vn -0.000000 -0.923881 0.382681
vn -0.000000 -0.996979 0.077673
vn -0.019519 -0.999658 0.017393
vn -0.000000 -0.923881 0.382681
vn 0.061224 -0.998124 0.000000
vn 0.084681 -0.993334 -0.078211
vn -0.000000 -0.096098 -0.995372
vn 0.000000 0.096098 -0.995372
vn 0.084683 0.993334 -0.078213
vn 0.061226 0.998124 0.000000
vn 0.996006 0.089282 0.000000
vn 0.994281 0.106800 0.000000
vn 0.994281 -0.106800 0.000000
vn 0.996006 -0.089282 0.000000
vn -1.000000 -0.000000 0.000000
vn -1.000000 -0.000000 0.000000
vn -1.000000 -0.000000 0.000000
vn -1.000000 -0.000000 0.000000
vn -1.000000 -0.000000 0.000000
vn -1.000000 -0.000000 0.000000
vn -1.000000 -0.000000 0.000000
vn -1.000000 -0.000000 0.000000
vn -1.000000 -0.000000 0.000000
vn -1.000000 -0.000000 0.000000
vn -1.000000 -0.000000 0.000000
vn -1.000000 -0.000000 0.000000
vn 0.382653 -0.923892 0.000000
vn 0.382653 -0.923892 0.000000
vn 0.923897 -0.382640 0.000000
vn 0.923898 -0.382640 0.000000
vn -0.000000 -0.382685 -0.923879
vn -0.000000 -0.923881 -0.382681
vn 0.923897 0.382640 0.000000
vn 0.923898 0.382640 0.000000
vn 0.382661 0.923889 0.000000
vn 0.382661 0.923889 0.000000
vn 0.000000 0.923877 -0.382689
vn 0.000000 0.382685 -0.923879
vn 0.994140 0.107655 0.009757
vn 0.917466 0.089900 0.387522
vn 0.917466 -0.089894 0.387525
vn 0.994140 -0.107655 0.009757
vn 0.374466 0.046053 0.926096
vn 0.010567 0.000788 0.999944
vn 0.010567 -0.000788 0.999944
vn 0.374466 -0.046051 0.926096
vn 0.001450 0.019969 0.999800
vn 0.015310 0.380040 0.924843
vn -0.015310 0.380038 0.924844
vn -0.001450 0.019970 0.999800
vn 0.067942 0.919751 0.386578
vn 0.065215 0.997828 0.009273
vn -0.068482 0.997610 0.009184
vn -0.067946 0.919754 0.386570
vn -0.010568 0.000788 0.999944
vn -0.374444 0.046068 0.926104
vn -0.374446 -0.046066 0.926104
vn -0.010567 -0.000788 0.999944
vn -0.917508 0.089921 0.387419
vn -0.994022 0.108749 0.009719
vn -0.994022 -0.108749 0.009719
vn -0.917507 -0.089918 0.387421
vn -0.001450 -0.019970 0.999800
vn -0.015311 -0.380055 0.924837
vn 0.015311 -0.380057 0.924836
vn 0.001450 -0.019969 0.999800
vn -0.067943 -0.919745 0.386592
vn -0.068480 -0.997610 0.009184
vn 0.065213 -0.997828 0.009274
vn 0.067940 -0.919742 0.386600
vn -0.992367 0.123320 0.000000
vn -0.992367 -0.123320 0.000000
vn 0.004841 0.003778 0.999981
vn -0.004841 0.003778 0.999981
vn -0.004841 -0.003778 0.999981
vn 0.004841 -0.003778 0.999981
vn 0.382632 -0.923842 0.010425
vn 0.923870 -0.382629 0.007695
vn 0.923870 0.382629 0.007695
vn 0.382641 0.923838 0.010424
vn -0.382698 0.923873 0.000000
vn -0.382680 0.923829 0.009834
vn -0.923860 0.382730 0.000000
vn -0.923834 0.382719 0.007588
vn -0.923860 -0.382730 0.000000
vn -0.923834 -0.382719 0.007588
vn -0.382690 -0.923877 0.000000
vn -0.382672 -0.923832 0.009835
vn 0.206640 0.297781 0.932001
vn 0.853532 0.353510 0.382771
vn -0.206644 0.297752 0.932010
vn -0.353575 0.853555 0.382661
vn -0.206647 -0.297758 0.932007
vn -0.853549 -0.353596 0.382653
vn 0.206644 -0.297786 0.931999
vn 0.353532 -0.853543 0.382726
vn 0.853528 -0.353506 0.382783
vn 0.353544 0.853547 0.382706
vn -0.853553 0.353598 0.382644
vn -0.353564 -0.853550 0.382682
s 1
g DoorHandle group1
usemtl initialShadingGroup
f 6/7/1 5/29/2 31/38/3 33/1/4
s 2
f 5/29/5 4/14/6 32/2/7 31/38/8
s 3
f 12/10/9 11/32/10 34/40/11 36/3/12
s 1
f 11/32/13 10/15/14 35/4/15 34/40/16
s 3
f 20/16/17 19/35/18 23/36/19 22/11/20
s 5
f 19/34/21 21/5/22 24/70/23 23/68/24
f 26/13/25 25/37/26 29/72/27 28/45/28
s 2
f 25/37/29 27/6/30 30/74/31 29/72/32
f 13/47/33 30/74/31 4/14/6 1/24/34
s 1
f 3/23/35 6/7/1 10/15/14 7/8/36
s 3
f 9/9/37 12/10/9 22/11/20 18/26/38
s 7
f 7/25/39 16/49/40 15/62/41 3/12/42
s 5
f 28/45/28 24/70/23 21/5/22 26/13/25
s 2
f 4/14/6 30/74/31 27/6/30 32/2/7
s 1
f 10/15/14 6/7/1 33/1/4 35/4/15
s 3
f 22/11/20 12/10/9 36/3/12 20/16/17
s off
f 34/41/43 35/17/44 33/18/45 31/39/46 32/19/47 27/20/48 25/37/49 26/13/50 21/5/51 19/34/52 20/21/53 36/22/54
s 2
f 1/24/34 2/27/55 14/60/56 13/47/33
s 7
f 2/28/57 3/12/42 15/62/41 14/60/58
s 1
f 3/23/35 2/27/59 5/29/2 6/7/1
s 2
f 2/27/60 1/24/34 4/14/6 5/29/5
s 7
f 7/25/39 8/31/61 17/64/62 16/49/40
s 3
f 8/30/63 9/9/37 18/26/38 17/33/64
f 9/9/37 8/30/65 11/32/10 12/10/9
s 1
f 8/30/66 7/8/36 10/15/14 11/32/13
s 7
f 39/65/67 38/78/68 41/79/69 40/50/70
s 9
f 38/78/71 37/42/72 42/77/73 41/79/74
f 45/52/75 44/80/76 47/81/77 46/53/78
s 3
f 44/80/79 43/44/80 48/69/81 47/81/82
s 9
f 51/55/83 50/82/84 53/83/85 52/56/86
s 13
f 50/82/87 49/46/88 54/73/89 53/83/90
s 9
f 57/58/91 56/84/92 59/85/93 58/59/94
s 2
f 56/84/95 55/48/96 60/61/97 59/85/98
s 3
f 18/66/38 22/43/20 48/69/81 43/44/80
s 13
f 24/70/99 28/45/100 54/73/89 49/46/88
s 2
f 30/74/31 13/47/33 60/61/97 55/48/96
s 7
f 15/62/41 16/49/40 39/65/67 40/50/70
s 9
f 42/77/73 37/42/72 64/51/101 45/52/75 46/53/78 67/54/102 51/55/83 52/56/86 70/57/103 57/58/91 58/59/94 61/76/104
s 2
f 13/47/33 14/60/56 63/63/105 60/61/97
s 7
f 14/60/58 15/62/41 40/50/70 63/63/106
f 16/49/40 17/64/62 66/67/107 39/65/67
s 3
f 17/64/64 18/66/38 43/44/80 66/67/108
f 22/43/20 23/68/109 69/71/110 48/69/81
s 13
f 23/68/111 24/70/99 49/46/88 69/71/112
f 28/45/100 29/72/113 72/75/114 54/73/89
s 2
f 29/72/115 30/74/31 55/48/96 72/75/116
s 9
f 37/42/72 38/78/71 65/87/117 64/51/101
s 7
f 38/78/68 39/65/67 66/67/107 65/87/118
s 9
f 46/53/78 47/81/77 68/88/119 67/54/102
s 3
f 47/81/82 48/69/81 69/71/110 68/88/120
s 9
f 52/56/86 53/83/85 71/89/121 70/57/103
s 13
f 53/83/90 54/73/89 72/75/114 71/89/122
s 9
f 58/59/94 59/85/93 62/86/123 61/76/104
s 2
f 59/85/98 60/61/97 63/63/105 62/86/124
s 7
f 40/50/70 41/79/69 62/86/125 63/63/106
s 9
f 41/79/74 42/77/73 61/76/104 62/86/123
s 3
f 43/44/80 44/80/79 65/87/126 66/67/108
s 9
f 44/80/76 45/52/75 64/51/101 65/87/117
s 13
f 49/46/88 50/82/87 68/88/127 69/71/112
s 9
f 50/82/84 51/55/83 67/54/102 68/88/119
s 2
f 55/48/96 56/84/95 71/89/128 72/75/116
s 9
f 56/84/92 57/58/91 70/57/103 71/89/121
g default
v 11.386190 5.823530 -2.195441
v 11.353708 5.810077 -2.227921
v 11.340257 5.777598 -2.241374
v 11.597063 5.823530 -2.195441
v 11.597063 5.810077 -2.227921
v 11.597063 5.777598 -2.241374
v 11.340257 5.685714 -2.241374
v 11.353708 5.653235 -2.227921
v 11.386190 5.639781 -2.195441
v 11.597063 5.685714 -2.241374
v 11.597063 5.653235 -2.227921
v 11.597063 5.639781 -2.195441
v 11.386190 5.823530 -2.005936
v 11.353708 5.810077 -2.005936
v 11.340257 5.777598 -2.005936
v 11.340257 5.685714 -2.005936
v 11.353708 5.653235 -2.005936
v 11.386190 5.639781 -2.005936
v 11.853869 5.653235 -2.019390
v 11.853869 5.639781 -2.051869
v 11.853869 5.685714 -2.005936
v 11.551129 5.639781 -2.051869
v 11.583608 5.653235 -2.019390
v 11.597063 5.685714 -2.005936
v 11.853869 5.810077 -2.019390
v 11.853869 5.777598 -2.005936
v 11.853869 5.823530 -2.051869
v 11.597063 5.777598 -2.005936
v 11.583608 5.810077 -2.019390
v 11.551129 5.823530 -2.051869
v 11.853869 5.810077 -2.227921
v 11.853869 5.823530 -2.195441
v 11.853869 5.777598 -2.241374
v 11.853869 5.653235 -2.227921
v 11.853869 5.685714 -2.241374
v 11.853869 5.639781 -2.195441
v 11.357456 5.689135 -1.505937
v 11.345295 5.686716 -1.510974
v 11.340257 5.685714 -1.523136
v 11.340257 5.777598 -1.523136
v 11.345295 5.776595 -1.510974
v 11.357456 5.774177 -1.505937
v 11.386190 5.639781 -1.523136
v 11.387192 5.644819 -1.510974
v 11.389611 5.656980 -1.505937
v 11.547708 5.656980 -1.505937
v 11.550129 5.644819 -1.510974
v 11.551129 5.639781 -1.523136
v 11.597063 5.685714 -1.523136
v 11.592026 5.686716 -1.510974
v 11.579865 5.689136 -1.505937
v 11.579865 5.774177 -1.505937
v 11.592026 5.776595 -1.510974
v 11.597063 5.777598 -1.523136
v 11.551129 5.823530 -1.523136
v 11.550129 5.818493 -1.510974
v 11.547708 5.806332 -1.505937
v 11.389611 5.806332 -1.505937
v 11.387192 5.818493 -1.510974
v 11.386190 5.823530 -1.523136
v 11.366872 5.796913 -1.505937
v 11.357566 5.806221 -1.510974
v 11.353708 5.810077 -1.523136
v 11.366872 5.666398 -1.505937
v 11.357566 5.657091 -1.510974
v 11.353708 5.653235 -1.523136
v 11.570444 5.666398 -1.505937
v 11.579753 5.657091 -1.510974
v 11.583608 5.653235 -1.523136
v 11.570444 5.796913 -1.505937
v 11.579753 5.806221 -1.510974
v 11.583608 5.810077 -1.523136
vt 0.625000 0.562494
vt 0.625000 0.451226
vt 0.625000 0.798774
vt 0.625000 0.687506
vt 0.625000 0.062494
vt 0.625000 0.298773
vt 0.500001 0.562494
vt 0.375001 0.687506
vt 0.397358 0.798774
vt 0.500001 0.798774
vt 0.477643 0.951226
vt 0.125000 0.187506
vt 0.625000 0.187506
vt 0.500000 0.451226
vt 0.500000 0.687506
vt 0.625000 0.951226
vt 0.875000 0.062494
vt 0.875000 0.187506
vt 0.826226 0.250000
vt 0.673774 0.250000
vt 0.673774 0.000000
vt 0.826226 0.000000
vt 0.375001 0.562494
vt 0.397358 0.451226
vt 0.125000 0.062494
vt 0.397359 1.000000
vt 0.375000 0.500000
vt 0.125000 0.250000
vt 0.500000 0.500000
vt 0.375000 0.750000
vt 0.125000 0.000000
vt 0.500000 0.750000
vt 0.375000 1.000000
vt 0.625000 0.000000
vt 0.625000 1.000000
vt 0.500000 1.000000
vt 0.625000 0.250000
vt 0.625000 0.500000
vt 0.875000 0.250000
vt 0.625000 0.750000
vt 0.875000 0.000000
vt 0.383372 0.067148
vt 0.469007 0.000000
vt 0.397358 0.000000
vt 0.500000 0.187506
vt 0.500000 0.062494
vt 0.397359 0.250000
vt 0.477643 0.251537
vt 0.375000 0.062494
vt 0.375000 0.187506
vt 0.384960 0.027840
vt 0.395038 0.012260
vt 0.481226 0.008729
vt 0.490939 0.025328
vt 0.491629 0.067149
vt 0.491629 0.182851
vt 0.490040 0.222160
vt 0.479963 0.237740
vt 0.393775 0.241271
vt 0.375000 0.250000
vt 0.397359 0.250000
vt 0.375000 0.187506
vt 0.375000 0.250000
vt 0.375000 0.000000
vt 0.375000 0.062494
vt 0.397358 0.000000
vt 0.375000 0.000000
vt 0.500000 0.000000
vt 0.477371 0.000000
vt 0.500001 0.062494
vt 0.500000 0.000000
vt 0.500000 0.250000
vt 0.500000 0.187506
vt 0.477643 0.298773
vt 0.500000 0.250000
vt 0.384061 0.224672
vt 0.383372 0.182852
vt 0.375000 0.062494
vt 0.375000 0.187506
vt 0.397358 0.000000
vt 0.477643 0.000000
vt 0.500000 0.062494
vt 0.500000 0.187506
vt 0.477643 0.250000
vt 0.397358 0.250000
vt 0.375000 0.250000
vt 0.375000 0.000000
vt 0.500000 0.000000
vt 0.500000 0.250000
vn 0.000000 0.106519 -0.994311
vn 0.000000 0.382685 -0.923879
vn 0.000000 0.382685 -0.923879
vn 0.000000 0.107551 -0.994199
vn 0.000000 0.923881 -0.382681
vn 0.000000 0.997262 -0.073950
vn 0.000000 0.997473 -0.071042
vn 0.000000 0.923881 -0.382681
vn 0.000000 -0.997262 -0.073952
vn 0.000000 -0.923877 -0.382689
vn 0.000000 -0.923877 -0.382689
vn 0.000000 -0.997473 -0.071044
vn 0.000000 -0.382685 -0.923879
vn 0.000000 -0.106519 -0.994311
vn 0.000000 -0.107551 -0.994199
vn 0.000000 -0.382685 -0.923879
vn 0.000000 -0.996979 0.077675
vn 0.000000 -0.923877 0.382689
vn 0.000000 -0.923877 0.382689
vn 0.019519 -0.999658 0.017393
vn 0.000000 -0.382685 0.923879
vn 0.000000 -0.109594 0.993976
vn 0.000000 -0.118606 0.992941
vn 0.000000 -0.382685 0.923879
vn 0.000000 0.109594 0.993976
vn 0.000000 0.382685 0.923879
vn 0.000000 0.382685 0.923879
vn 0.000000 0.118606 0.992941
vn 0.000000 0.923881 0.382681
vn 0.000000 0.996979 0.077673
vn 0.019519 0.999658 0.017393
vn 0.000000 0.923881 0.382681
vn -0.061225 0.998124 0.000000
vn -0.084681 0.993334 -0.078211
vn 0.000000 0.096098 -0.995372
vn 0.000000 -0.096098 -0.995372
vn -0.084683 -0.993334 -0.078213
vn -0.061226 -0.998124 0.000000
vn -0.996006 -0.089282 0.000000
vn -0.994281 -0.106800 0.000000
vn -0.994281 0.106800 0.000000
vn -0.996006 0.089282 0.000000
vn 1.000000 -0.000000 0.000000
vn 1.000000 -0.000000 0.000000
vn 1.000000 -0.000000 0.000000
vn 1.000000 -0.000000 0.000000
vn 1.000000 -0.000000 0.000000
vn 1.000000 -0.000000 0.000000
vn 1.000000 -0.000000 0.000000
vn 1.000000 -0.000000 0.000000
vn 1.000000 -0.000000 0.000000
vn 1.000000 -0.000000 0.000000
vn 1.000000 -0.000000 0.000000
vn 1.000000 -0.000000 0.000000
vn -0.382653 0.923892 0.000000
vn -0.382652 0.923892 0.000000
vn -0.923898 0.382640 0.000000
vn -0.923898 0.382640 0.000000
vn 0.000000 0.382685 -0.923879
vn 0.000000 0.923881 -0.382681
vn -0.923898 -0.382640 0.000000
vn -0.923898 -0.382640 0.000000
vn -0.382661 -0.923889 0.000000
vn -0.382661 -0.923889 0.000000
vn 0.000000 -0.923877 -0.382689
vn 0.000000 -0.382685 -0.923879
vn -0.994140 -0.107655 0.009757
vn -0.917466 -0.089900 0.387522
vn -0.917466 0.089893 0.387525
vn -0.994140 0.107655 0.009757
vn -0.374466 -0.046053 0.926096
vn -0.010567 -0.000788 0.999944
vn -0.010567 0.000788 0.999944
vn -0.374466 0.046051 0.926096
vn -0.001450 -0.019969 0.999800
vn -0.015310 -0.380040 0.924843
vn 0.015310 -0.380038 0.924844
vn 0.001450 -0.019970 0.999800
vn -0.067942 -0.919751 0.386578
vn -0.065215 -0.997828 0.009273
vn 0.068482 -0.997610 0.009184
vn 0.067946 -0.919754 0.386570
vn 0.010568 -0.000788 0.999944
vn 0.374444 -0.046068 0.926104
vn 0.374446 0.046066 0.926104
vn 0.010567 0.000788 0.999944
vn 0.917508 -0.089921 0.387419
vn 0.994022 -0.108749 0.009719
vn 0.994022 0.108749 0.009719
vn 0.917507 0.089918 0.387421
vn 0.001450 0.019970 0.999800
vn 0.015311 0.380055 0.924837
vn -0.015311 0.380057 0.924836
vn -0.001450 0.019969 0.999800
vn 0.067943 0.919745 0.386592
vn 0.068481 0.997610 0.009184
vn -0.065213 0.997828 0.009274
vn -0.067940 0.919742 0.386600
vn 0.992367 -0.123320 0.000000
vn 0.992367 0.123320 0.000000
vn -0.004841 -0.003778 0.999981
vn 0.004841 -0.003778 0.999981
vn 0.004841 0.003778 0.999981
vn -0.004841 0.003778 0.999981
vn -0.382632 0.923842 0.010425
vn -0.923870 0.382629 0.007695
vn -0.923870 -0.382629 0.007695
vn -0.382641 -0.923838 0.010424
vn 0.382699 -0.923873 0.000000
vn 0.382680 -0.923829 0.009834
vn 0.923860 -0.382730 0.000000
vn 0.923834 -0.382719 0.007588
vn 0.923860 0.382730 0.000000
vn 0.923834 0.382719 0.007588
vn 0.382690 0.923877 0.000000
vn 0.382672 0.923832 0.009835
vn -0.206640 -0.297782 0.932001
vn -0.853532 -0.353510 0.382771
vn 0.206644 -0.297752 0.932010
vn 0.353575 -0.853555 0.382661
vn 0.206647 0.297758 0.932007
vn 0.853549 0.353597 0.382653
vn -0.206644 0.297786 0.931999
vn -0.353532 0.853543 0.382726
vn -0.853528 0.353506 0.382784
vn -0.353544 -0.853547 0.382706
vn 0.853553 -0.353598 0.382644
vn 0.353564 0.853550 0.382682
s 1
g group1 DoorHandle1
usemtl initialShadingGroup
f 78/96/129 77/118/130 103/127/131 105/90/132
s 2
f 77/118/133 76/103/134 104/91/135 103/127/136
s 3
f 84/99/137 83/121/138 106/129/139 108/92/140
s 1
f 83/121/141 82/104/142 107/93/143 106/129/144
s 3
f 92/105/145 91/124/146 95/125/147 94/100/148
s 5
f 91/123/149 93/94/150 96/159/151 95/157/152
f 98/102/153 97/126/154 101/161/155 100/134/156
s 2
f 97/126/157 99/95/158 102/163/159 101/161/160
f 85/136/161 102/163/159 76/103/134 73/113/162
s 1
f 75/112/163 78/96/129 82/104/142 79/97/164
s 3
f 81/98/165 84/99/137 94/100/148 90/115/166
s 7
f 79/114/167 88/138/168 87/151/169 75/101/170
s 5
f 100/134/156 96/159/151 93/94/150 98/102/153
s 2
f 76/103/134 102/163/159 99/95/158 104/91/135
s 1
f 82/104/142 78/96/129 105/90/132 107/93/143
s 3
f 94/100/148 84/99/137 108/92/140 92/105/145
s off
f 106/130/171 107/106/172 105/107/173 103/128/174 104/108/175 99/109/176 97/126/177 98/102/178 93/94/179 91/123/180 92/110/181 108/111/182
s 2
f 73/113/162 74/116/183 86/149/184 85/136/161
s 7
f 74/117/185 75/101/170 87/151/169 86/149/186
s 1
f 75/112/163 74/116/187 77/118/130 78/96/129
s 2
f 74/116/188 73/113/162 76/103/134 77/118/133
s 7
f 79/114/167 80/120/189 89/153/190 88/138/168
s 3
f 80/119/191 81/98/165 90/115/166 89/122/192
f 81/98/165 80/119/193 83/121/138 84/99/137
s 1
f 80/119/194 79/97/164 82/104/142 83/121/141
s 7
f 111/154/195 110/167/196 113/168/197 112/139/198
s 9
f 110/167/199 109/131/200 114/166/201 113/168/202
f 117/141/203 116/169/204 119/170/205 118/142/206
s 3
f 116/169/207 115/133/208 120/158/209 119/170/210
s 9
f 123/144/211 122/171/212 125/172/213 124/145/214
s 13
f 122/171/215 121/135/216 126/162/217 125/172/218
s 9
f 129/147/219 128/173/220 131/174/221 130/148/222
s 2
f 128/173/223 127/137/224 132/150/225 131/174/226
s 3
f 90/155/166 94/132/148 120/158/209 115/133/208
s 13
f 96/159/227 100/134/228 126/162/217 121/135/216
s 2
f 102/163/159 85/136/161 132/150/225 127/137/224
s 7
f 87/151/169 88/138/168 111/154/195 112/139/198
s 9
f 114/166/201 109/131/200 136/140/229 117/141/203 118/142/206 139/143/230 123/144/211 124/145/214 142/146/231 129/147/219 130/148/222 133/165/232
s 2
f 85/136/161 86/149/184 135/152/233 132/150/225
s 7
f 86/149/186 87/151/169 112/139/198 135/152/234
f 88/138/168 89/153/190 138/156/235 111/154/195
s 3
f 89/153/192 90/155/166 115/133/208 138/156/236
f 94/132/148 95/157/237 141/160/238 120/158/209
s 13
f 95/157/239 96/159/227 121/135/216 141/160/240
f 100/134/228 101/161/241 144/164/242 126/162/217
s 2
f 101/161/243 102/163/159 127/137/224 144/164/244
s 9
f 109/131/200 110/167/199 137/176/245 136/140/229
s 7
f 110/167/196 111/154/195 138/156/235 137/176/246
s 9
f 118/142/206 119/170/205 140/177/247 139/143/230
s 3
f 119/170/210 120/158/209 141/160/238 140/177/248
s 9
f 124/145/214 125/172/213 143/178/249 142/146/231
s 13
f 125/172/218 126/162/217 144/164/242 143/178/250
s 9
f 130/148/222 131/174/221 134/175/251 133/165/232
s 2
f 131/174/226 132/150/225 135/152/233 134/175/252
s 7
f 112/139/198 113/168/197 134/175/253 135/152/234
s 9
f 113/168/202 114/166/201 133/165/232 134/175/251
s 3
f 115/133/208 116/169/207 137/176/254 138/156/236
s 9
f 116/169/204 117/141/203 136/140/229 137/176/245
s 13
f 121/135/216 122/171/215 140/177/255 141/160/240
s 9
f 122/171/212 123/144/211 139/143/230 140/177/247
s 2
f 127/137/224 128/173/223 143/178/256 144/164/244
s 9
f 128/173/220 129/147/219 142/146/231 143/178/249
g default
v 12.043046 1.066908 -2.348931
v 12.043046 4.432440 -2.348931
v 12.043046 6.892086 -2.348931
v 12.043046 11.163507 -2.348931
v 12.043046 11.724428 -2.348931
v 12.043047 1.066908 2.800219
v 12.043047 4.432440 2.800219
v 12.043047 6.892086 2.800219
v 12.043047 11.163507 2.800219
v 12.043047 11.724428 2.800219
v 12.043047 1.266908 -2.148931
v 12.043047 4.232441 -2.148931
v 12.043047 4.232441 2.600219
v 12.043047 1.266908 2.600219
v 12.043047 7.092087 -2.148931
v 12.043047 10.963506 -2.148932
v 12.043048 10.963506 2.600217
v 12.043048 7.092087 2.600217
v 11.979570 1.266908 -2.148933
v 11.979570 4.232441 -2.148933
v 11.979569 4.232441 2.600219
v 11.979569 1.266908 2.600219
v 11.979570 7.092087 -2.148931
v 11.979570 10.963506 -2.148931
v 11.979569 10.963506 2.600219
v 11.979569 7.092087 2.600219
v 11.979570 1.466908 -1.948931
v 11.979570 4.032441 -1.948931
v 11.979569 4.032441 2.400218
v 11.979569 1.466908 2.400218
v 11.979569 7.292086 -1.948931
v 11.979569 10.763507 -1.948931
v 11.979569 10.763507 2.400218
v 11.979569 7.292086 2.400218
v 11.925755 1.466908 -1.948931
v 11.925755 4.032441 -1.948931
v 11.925755 4.032441 2.400218
v 11.925755 1.466908 2.400218
v 11.925755 7.292086 -1.948931
v 11.925755 10.763507 -1.948931
v 11.925755 10.763507 2.400218
v 11.925755 7.292086 2.400218
v 12.043047 1.066908 2.923802
v 12.028803 1.066908 2.954694
v 12.043047 4.432440 2.923802
v 12.028803 4.432440 2.954694
v 12.043048 6.892086 2.923802
v 12.028804 6.892086 2.954693
v 12.043047 11.163507 2.923802
v 12.028803 11.163507 2.954694
v 12.043048 11.724428 2.923802
v 12.028804 11.724428 2.954693
v 12.043047 11.861815 2.923802
v 12.028803 11.892706 2.954693
v 12.043047 11.861815 2.800219
v 12.028803 11.892706 2.800218
v 12.043046 11.861815 -2.348931
v 12.028803 11.892706 -2.348931
v 12.043046 11.861815 -2.472513
v 12.028803 11.892706 -2.503406
v 12.043047 11.724428 -2.472515
v 12.028803 11.724428 -2.503407
v 12.043047 11.163507 -2.472515
v 12.028803 11.163507 -2.503407
v 12.043047 6.892086 -2.472515
v 12.028804 6.892086 -2.503407
v 12.043048 4.432440 -2.472516
v 12.028804 4.432440 -2.503407
v 12.043048 1.066908 -2.472516
v 12.028804 1.066908 -2.503407
v 12.043046 0.929523 -2.472513
v 12.028803 0.898631 -2.503406
v 12.043047 0.929523 2.923801
v 12.028803 0.898631 2.954692
v 12.043047 0.929523 -2.348932
v 12.028803 0.898631 -2.348931
v 12.043047 0.929523 2.800220
v 12.028803 0.898631 2.800219
v 11.692352 1.066908 -2.348930
v 11.692352 4.432440 -2.348930
v 11.692352 6.892086 -2.348930
v 11.692352 11.163507 -2.348930
v 11.692352 11.724428 -2.348931
v 11.692354 1.066908 2.800219
v 11.692354 4.432440 2.800219
v 11.692354 6.892086 2.800219
v 11.692354 11.163507 2.800219
v 11.692354 11.724428 2.800219
v 11.692353 1.266908 -2.148932
v 11.692353 4.232441 -2.148931
v 11.692352 4.232441 2.600219
v 11.692353 1.266908 2.600220
v 11.692353 7.092087 -2.148930
v 11.692353 10.963506 -2.148930
v 11.692353 10.963506 2.600217
v 11.692353 7.092087 2.600217
v 11.755835 1.266908 -2.148931
v 11.755835 4.232441 -2.148931
v 11.755835 4.232441 2.600219
v 11.755835 1.266908 2.600219
v 11.755835 7.092087 -2.148931
v 11.755835 10.963506 -2.148931
v 11.755835 10.963506 2.600219
v 11.755835 7.092087 2.600219
v 11.755837 1.466908 -1.948931
v 11.755837 4.032441 -1.948931
v 11.755837 4.032441 2.400219
v 11.755837 1.466908 2.400219
v 11.755837 7.292086 -1.948931
v 11.755837 10.763507 -1.948931
v 11.755837 10.763507 2.400219
v 11.755837 7.292086 2.400219
v 11.809645 1.466908 -1.948931
v 11.809645 4.032441 -1.948931
v 11.809645 4.032441 2.400219
v 11.809645 1.466908 2.400219
v 11.809645 7.292086 -1.948931
v 11.809645 10.763507 -1.948931
v 11.809645 10.763507 2.400219
v 11.809645 7.292086 2.400219
v 11.692352 1.066908 2.923802
v 11.706602 1.066908 2.954693
v 11.692352 4.432440 2.923802
v 11.706602 4.432440 2.954693
v 11.692352 6.892086 2.923802
v 11.706602 6.892086 2.954693
v 11.692352 11.163507 2.923802
v 11.706602 11.163507 2.954693
v 11.692352 11.724428 2.923802
v 11.706602 11.724428 2.954693
v 11.692352 11.861815 2.923802
v 11.706602 11.892706 2.954693
v 11.692353 11.861815 2.800219
v 11.706602 11.892706 2.800219
v 11.692350 11.861815 -2.348931
v 11.706602 11.892706 -2.348931
v 11.692350 11.861815 -2.472514
v 11.706602 11.892706 -2.503405
v 11.692350 11.724428 -2.472514
v 11.706602 11.724428 -2.503405
v 11.692350 11.163507 -2.472514
v 11.706602 11.163507 -2.503405
v 11.692350 6.892086 -2.472514
v 11.706602 6.892086 -2.503405
v 11.692350 4.432440 -2.472514
v 11.706602 4.432440 -2.503405
v 11.692350 1.066908 -2.472514
v 11.706602 1.066908 -2.503405
v 11.692350 0.929523 -2.472514
v 11.706602 0.898631 -2.503405
v 11.692352 0.929523 2.923802
v 11.706602 0.898631 2.954693
v 11.692350 0.929523 -2.348931
v 11.706602 0.898631 -2.348931
v 11.692353 0.929523 2.800219
v 11.706602 0.898631 2.800219
vt 0.474370 0.741690
vt 0.474370 0.691828
vt 0.525236 0.691828
vt 0.525236 0.741690
vt 0.474370 0.650277
vt 0.474370 0.592105
vt 0.525236 0.592105
vt 0.525236 0.650277
vt 0.474370 0.741690
vt 0.474370 0.691828
vt 0.525236 0.691828
vt 0.525236 0.741690
vt 0.474370 0.650277
vt 0.474370 0.592105
vt 0.525236 0.592105
vt 0.525236 0.650277
vt 0.474370 0.741690
vt 0.474370 0.691828
vt 0.525236 0.691828
vt 0.525236 0.741690
vt 0.474370 0.650277
vt 0.474370 0.592105
vt 0.525236 0.592105
vt 0.525236 0.650277
vt 0.474370 0.741690
vt 0.474370 0.691828
vt 0.525236 0.691828
vt 0.525236 0.741690
vt 0.474370 0.650277
vt 0.474370 0.592105
vt 0.525236 0.592105
vt 0.525236 0.650277
vt 0.526457 0.581759
vt 0.473149 0.581759
vt 0.473149 0.743725
vt 0.525236 0.691828
vt 0.526457 0.741690
vt 0.525236 0.650277
vt 0.526457 0.691828
vt 0.525236 0.592105
vt 0.526457 0.650277
vt 0.526457 0.592105
vt 0.526457 0.583795
vt 0.525236 0.583795
vt 0.525236 0.581759
vt 0.474370 0.581759
vt 0.474370 0.583795
vt 0.474370 0.592105
vt 0.473149 0.583795
vt 0.473149 0.592105
vt 0.474370 0.650277
vt 0.473149 0.650277
vt 0.474370 0.691828
vt 0.473149 0.691828
vt 0.474370 0.741690
vt 0.473149 0.741690
vt 0.525236 0.741690
vt 0.474370 0.743725
vt 0.526457 0.743725
vt 0.525236 0.743725
vt 0.526762 0.557973
vt 0.526762 0.606999
vt 0.526762 0.642018
vt 0.474370 0.548868
vt 0.525236 0.548868
vt 0.526762 0.548868
vt 0.526762 0.550969
vt 0.472844 0.548868
vt 0.526762 0.684040
vt 0.526762 0.686141
vt 0.525236 0.686141
vt 0.474370 0.686141
vt 0.472844 0.686141
vt 0.472844 0.684040
vt 0.472844 0.642018
vt 0.472844 0.606999
vt 0.472844 0.557973
vt 0.472844 0.550969
vt 0.474370 0.741690
vt 0.474370 0.691828
vt 0.525236 0.691828
vt 0.525236 0.741690
vt 0.474370 0.691828
vt 0.474370 0.650277
vt 0.525236 0.650277
vt 0.525236 0.691828
vt 0.474370 0.650277
vt 0.474370 0.592105
vt 0.525236 0.592105
vt 0.525236 0.650277
vt 0.474370 0.583795
vt 0.525236 0.583795
vt 0.525236 0.592105
vt 0.474370 0.592105
vt 0.474370 0.741690
vt 0.474370 0.691828
vt 0.474370 0.741690
vt 0.525236 0.691828
vt 0.525236 0.741690
vt 0.525236 0.741690
vt 0.474370 0.592105
vt 0.474370 0.650277
vt 0.525236 0.592105
vt 0.525236 0.650277
vt 0.474370 0.691828
vt 0.474370 0.741690
vt 0.525236 0.691828
vt 0.525236 0.741690
vt 0.525236 0.592105
vt 0.474370 0.592105
vt 0.525236 0.650277
vt 0.474370 0.650277
vt 0.474370 0.691828
vt 0.474370 0.741690
vt 0.525236 0.691828
vt 0.525236 0.741690
vt 0.474370 0.592105
vt 0.474370 0.650277
vt 0.525236 0.592105
vt 0.525236 0.650277
vt 0.526457 0.741690
vt 0.526762 0.684040
vt 0.526762 0.686141
vt 0.526457 0.743725
vt 0.526457 0.691828
vt 0.526762 0.642018
vt 0.526457 0.650277
vt 0.526762 0.606999
vt 0.526457 0.592105
vt 0.526762 0.557973
vt 0.526457 0.583795
vt 0.526762 0.550969
vt 0.526457 0.581759
vt 0.526762 0.548868
vt 0.525236 0.581759
vt 0.525236 0.548868
vt 0.474370 0.581759
vt 0.474370 0.548868
vt 0.473149 0.581759
vt 0.472844 0.548868
vt 0.473149 0.583795
vt 0.472844 0.550969
vt 0.473149 0.592105
vt 0.472844 0.557973
vt 0.473149 0.650277
vt 0.472844 0.606999
vt 0.473149 0.691828
vt 0.472844 0.642018
vt 0.473149 0.741690
vt 0.472844 0.684040
vt 0.473149 0.743725
vt 0.472844 0.686141
vt 0.474370 0.743725
vt 0.474370 0.686141
vt 0.525236 0.686141
vt 0.525236 0.743725
vn 1.000000 0.000000 -0.000000
vn 1.000000 0.000000 -0.000000
vn 1.000000 0.000000 -0.000000
vn 1.000000 0.000000 -0.000000
vn 1.000000 0.000000 0.000000
vn 1.000000 -0.000000 0.000000
vn 1.000000 -0.000000 -0.000000
vn 1.000000 0.000000 -0.000000
vn 1.000000 0.000000 0.000000
vn 1.000000 0.000000 0.000000
vn 1.000000 0.000000 0.000000
vn 1.000000 0.000000 0.000000
vn 1.000000 0.000000 0.000000
vn 1.000000 0.000000 -0.000000
vn 1.000000 0.000001 -0.000000
vn 1.000000 0.000001 0.000000
vn 1.000000 0.000000 0.000001
vn 1.000000 0.000002 -0.000002
vn 1.000000 -0.000002 -0.000002
vn 1.000000 0.000002 0.000001
vn 1.000000 0.000000 0.000000
vn 1.000000 -0.000002 0.000001
vn 1.000000 0.000003 -0.000002
vn 1.000000 -0.000002 -0.000002
vn 1.000000 0.000003 0.000002
vn 1.000000 -0.000002 0.000002
vn -0.000025 0.000000 1.000000
vn -0.000025 0.000000 1.000000
vn -0.000025 0.000000 1.000000
vn -0.000025 0.000000 1.000000
vn -0.000005 -1.000000 0.000000
vn -0.000005 -1.000000 0.000000
vn -0.000005 -1.000000 0.000000
vn -0.000005 -1.000000 0.000000
vn -0.000010 0.000000 -1.000000
vn -0.000010 0.000000 -1.000000
vn -0.000010 0.000000 -1.000000
vn -0.000010 0.000000 -1.000000
vn 0.000000 1.000000 0.000000
vn 0.000000 1.000000 0.000000
vn 0.000000 1.000000 0.000000
vn 0.000000 1.000000 0.000000
vn 0.000003 -1.000000 0.000000
vn 0.000003 -1.000000 0.000000
vn 0.000003 -1.000000 0.000000
vn 0.000003 -1.000000 0.000000
vn -0.000030 0.000000 -1.000000
vn -0.000030 0.000000 -1.000000
vn -0.000030 0.000000 -1.000000
vn -0.000030 0.000000 -1.000000
vn -0.000005 1.000000 0.000000
vn -0.000005 1.000000 0.000000
vn -0.000005 1.000000 0.000000
vn -0.000005 1.000000 0.000000
vn 1.000000 0.000000 0.000001
vn 1.000000 -0.000000 0.000001
vn 1.000000 -0.000000 0.000001
vn 1.000000 0.000000 0.000001
vn 1.000000 -0.000000 0.000000
vn 1.000000 -0.000000 0.000000
vn 1.000000 0.000000 0.000000
vn 1.000000 0.000000 0.000000
vn 1.000000 0.000000 0.000001
vn 1.000000 -0.000000 0.000001
vn 1.000000 -0.000000 0.000001
vn 1.000000 0.000000 0.000001
vn 1.000000 -0.000000 0.000000
vn 1.000000 -0.000000 0.000000
vn 1.000000 0.000000 0.000000
vn 1.000000 0.000000 0.000000
vn 0.000003 0.000000 1.000000
vn 0.000003 0.000000 1.000000
vn 0.000003 0.000000 1.000000
vn 0.000003 0.000000 1.000000
vn 0.000002 -1.000000 0.000000
vn 0.000002 -1.000000 0.000000
vn 0.000002 -1.000000 0.000000
vn 0.000002 -1.000000 0.000000
vn -0.000003 0.000000 -1.000000
vn -0.000003 0.000000 -1.000000
vn -0.000003 0.000000 -1.000000
vn -0.000003 0.000000 -1.000000
vn -0.000000 1.000000 0.000000
vn -0.000000 1.000000 0.000000
vn -0.000000 1.000000 0.000000
vn -0.000000 1.000000 0.000000
vn 0.000015 0.000000 1.000000
vn 0.000015 0.000000 1.000000
vn 0.000015 0.000000 1.000000
vn 0.000015 0.000000 1.000000
vn -0.000004 -1.000000 0.000000
vn -0.000004 -1.000000 0.000000
vn -0.000004 -1.000000 0.000000
vn -0.000004 -1.000000 0.000000
vn -0.000003 0.000000 -1.000000
vn -0.000003 0.000000 -1.000000
vn -0.000003 0.000000 -1.000000
vn -0.000003 0.000000 -1.000000
vn 0.000003 1.000000 0.000000
vn 0.000003 1.000000 0.000000
vn 0.000003 1.000000 0.000000
vn 0.000003 1.000000 0.000000
vn 0.908113 -0.000000 0.418726
vn 0.908113 -0.000000 0.418726
vn 0.908113 -0.000004 0.418725
vn 0.908113 -0.000004 0.418725
vn 0.908113 -0.000000 0.418725
vn 0.908113 -0.000000 0.418725
vn 0.908113 0.000000 0.418725
vn 0.908113 -0.000000 0.418725
vn 0.908113 -0.000000 0.418726
vn 0.908113 0.000000 0.418726
vn 0.908114 -0.000000 0.418724
vn 0.908114 -0.000000 0.418724
vn 0.908115 0.000007 0.418720
vn 0.908115 0.000007 0.418720
vn 0.908113 0.418724 -0.000001
vn 0.908113 0.418724 -0.000001
vn 0.908113 0.418724 -0.000000
vn 0.908113 0.418724 -0.000000
vn 0.908114 0.418724 -0.000000
vn 0.908113 0.418724 -0.000000
vn 0.908116 0.418718 -0.000001
vn 0.908116 0.418718 -0.000001
vn 0.908120 0.000006 -0.418711
vn 0.908120 0.000006 -0.418711
vn 0.908113 0.000001 -0.418726
vn 0.908113 0.000001 -0.418726
vn 0.908115 0.000000 -0.418722
vn 0.908115 0.000000 -0.418722
vn 0.908116 0.000000 -0.418719
vn 0.908116 0.000000 -0.418719
vn 0.908116 0.000000 -0.418719
vn 0.908116 0.000000 -0.418719
vn 0.908115 -0.000000 -0.418722
vn 0.908115 -0.000000 -0.418722
vn 0.908121 -0.000010 -0.418708
vn 0.908121 -0.000010 -0.418708
vn 0.908117 -0.418717 -0.000003
vn 0.908117 -0.418717 -0.000003
vn 0.908112 -0.418728 -0.000000
vn 0.908112 -0.418728 0.000000
vn 0.908114 -0.418723 -0.000003
vn 0.908114 -0.418723 -0.000003
vn 0.908112 -0.418728 -0.000000
vn 0.908112 -0.418728 -0.000000
vn 1.000000 -0.000000 -0.000003
vn 1.000000 0.000000 -0.000002
vn 1.000000 0.000000 -0.000005
vn 1.000000 0.000000 -0.000005
vn 1.000000 0.000000 -0.000005
vn 1.000000 0.000000 -0.000000
vn 1.000000 0.000005 -0.000006
vn 1.000000 0.000000 0.000000
vn 1.000000 0.000001 0.000007
vn 1.000000 0.000003 0.000003
vn 1.000000 0.000000 0.000007
vn 1.000000 0.000000 0.000008
vn 1.000000 0.000000 0.000009
vn 1.000000 -0.000000 0.000009
vn 1.000000 0.000004 0.000000
vn 1.000000 -0.000001 0.000001
vn 1.000000 0.000004 -0.000000
vn 1.000000 -0.000000 -0.000002
vn -1.000000 0.000000 0.000000
vn -1.000000 0.000000 0.000000
vn -1.000000 0.000000 0.000000
vn -1.000000 0.000000 0.000000
vn -1.000000 0.000000 0.000001
vn -1.000000 0.000000 -0.000000
vn -1.000000 0.000000 -0.000001
vn -1.000000 0.000000 0.000001
vn -1.000000 0.000000 0.000000
vn -1.000000 0.000000 0.000000
vn -1.000000 0.000000 0.000000
vn -1.000000 0.000000 0.000000
vn -1.000000 -0.000002 0.000001
vn -1.000000 0.000000 0.000003
vn -1.000000 0.000000 -0.000002
vn -1.000000 -0.000002 0.000000
vn -1.000000 0.000004 0.000004
vn -1.000000 0.000000 0.000002
vn -1.000000 0.000001 0.000002
vn -1.000000 0.000001 0.000003
vn -1.000000 0.000000 0.000003
vn -1.000000 0.000004 -0.000003
vn -1.000000 0.000001 0.000003
vn -1.000000 -0.000000 0.000003
vn -1.000000 -0.000000 0.000002
vn -1.000000 0.000001 0.000002
vn -0.000005 -0.000000 1.000000
vn -0.000005 -0.000000 1.000000
vn -0.000005 -0.000000 1.000000
vn -0.000005 -0.000000 1.000000
vn 0.000000 -1.000000 0.000000
vn 0.000000 -1.000000 0.000000
vn 0.000000 -1.000000 0.000000
vn 0.000000 -1.000000 0.000000
vn -0.000006 -0.000000 -1.000000
vn -0.000006 -0.000000 -1.000000
vn -0.000006 -0.000000 -1.000000
vn -0.000006 -0.000000 -1.000000
vn -0.000000 1.000000 0.000000
vn -0.000000 1.000000 0.000000
vn -0.000000 1.000000 0.000000
vn -0.000000 1.000000 0.000000
vn 0.000011 -1.000000 0.000000
vn 0.000011 -1.000000 0.000000
vn 0.000011 -1.000000 0.000000
vn 0.000011 -1.000000 0.000000
vn 0.000025 0.000000 -1.000000
vn 0.000025 0.000000 -1.000000
vn 0.000025 0.000000 -1.000000
vn 0.000025 0.000000 -1.000000
vn -0.000011 1.000000 0.000000
vn -0.000011 1.000000 0.000000
vn -0.000011 1.000000 0.000000
vn -0.000011 1.000000 0.000000
vn -1.000000 0.000004 0.000003
vn -1.000000 0.000004 0.000003
vn -1.000000 -0.000004 0.000003
vn -1.000000 -0.000004 0.000003
vn -1.000000 -0.000004 -0.000003
vn -1.000000 -0.000004 -0.000003
vn -1.000000 0.000004 -0.000003
vn -1.000000 0.000004 -0.000003
vn -1.000000 0.000004 0.000004
vn -1.000000 0.000004 0.000004
vn -1.000000 -0.000004 0.000004
vn -1.000000 -0.000004 0.000004
vn -1.000000 -0.000004 -0.000003
vn -1.000000 -0.000004 -0.000003
vn -1.000000 0.000004 -0.000003
vn -1.000000 0.000004 -0.000003
vn 0.000000 0.000000 1.000000
vn 0.000000 0.000000 1.000000
vn 0.000000 0.000000 1.000000
vn 0.000000 0.000000 1.000000
vn 0.000000 -1.000000 0.000000
vn 0.000000 -1.000000 0.000000
vn 0.000000 -1.000000 0.000000
vn 0.000000 -1.000000 0.000000
vn -0.000000 0.000000 -1.000000
vn -0.000000 0.000000 -1.000000
vn -0.000000 0.000000 -1.000000
vn -0.000000 0.000000 -1.000000
vn 0.000000 1.000000 0.000000
vn 0.000000 1.000000 0.000000
vn 0.000000 1.000000 0.000000
vn 0.000000 1.000000 0.000000
vn 0.000000 0.000000 1.000000
vn 0.000000 0.000000 1.000000
vn 0.000000 0.000000 1.000000
vn 0.000000 0.000000 1.000000
vn 0.000000 -1.000000 0.000000
vn 0.000000 -1.000000 0.000000
vn 0.000000 -1.000000 0.000000
vn 0.000000 -1.000000 0.000000
vn -0.000000 0.000000 -1.000000
vn -0.000000 0.000000 -1.000000
vn -0.000000 0.000000 -1.000000
vn -0.000000 0.000000 -1.000000
vn 0.000000 1.000000 0.000000
vn 0.000000 1.000000 0.000000
vn 0.000000 1.000000 0.000000
vn 0.000000 1.000000 0.000000
vn -0.908046 0.000000 0.418871
vn -0.908044 0.000000 0.418876
vn -0.908044 0.000000 0.418876
vn -0.908046 0.000000 0.418871
vn -0.908046 0.000000 0.418870
vn -0.908046 0.000000 0.418870
vn -0.908046 0.000000 0.418871
vn -0.908046 0.000000 0.418871
vn -0.908045 0.000000 0.418872
vn -0.908045 0.000000 0.418872
vn -0.908046 0.000000 0.418871
vn -0.908046 0.000000 0.418871
vn -0.908045 0.000000 0.418873
vn -0.908045 0.000000 0.418873
vn -0.908045 0.418873 -0.000003
vn -0.908036 0.418892 0.000000
vn -0.908036 0.418892 0.000000
vn -0.908045 0.418873 -0.000003
vn -0.908035 0.418893 0.000000
vn -0.908036 0.418893 0.000000
vn -0.908021 0.418925 0.000000
vn -0.908021 0.418925 0.000000
vn -0.908025 0.000000 -0.418915
vn -0.908026 0.000000 -0.418915
vn -0.908026 0.000000 -0.418915
vn -0.908025 0.000000 -0.418915
vn -0.908026 0.000000 -0.418913
vn -0.908026 0.000000 -0.418913
vn -0.908026 0.000000 -0.418913
vn -0.908026 0.000000 -0.418913
vn -0.908027 0.000000 -0.418912
vn -0.908027 0.000000 -0.418912
vn -0.908027 0.000000 -0.418911
vn -0.908027 0.000000 -0.418911
vn -0.908025 0.000000 -0.418916
vn -0.908025 0.000000 -0.418916
vn -0.908027 -0.418911 0.000000
vn -0.908042 -0.418879 0.000000
vn -0.908042 -0.418879 0.000000
vn -0.908027 -0.418911 0.000000
vn -0.908053 -0.418856 -0.000003
vn -0.908043 -0.418877 0.000000
vn -0.908043 -0.418877 0.000000
vn -0.908053 -0.418856 -0.000003
vn -1.000000 0.000000 -0.000018
vn -1.000000 0.000000 -0.000018
vn -1.000000 0.000000 -0.000018
vn -1.000000 0.000000 -0.000018
vn -1.000000 -0.000001 -0.000017
vn -1.000000 -0.000012 0.000000
vn -1.000000 -0.000005 -0.000013
vn -1.000000 -0.000013 0.000001
vn -1.000000 -0.000001 0.000015
vn -1.000000 -0.000008 0.000009
vn -1.000000 0.000000 0.000015
vn -1.000000 0.000000 0.000015
vn -1.000000 0.000000 0.000015
vn -1.000000 0.000000 0.000015
vn -1.000000 0.000007 0.000008
vn -1.000000 0.000011 0.000001
vn -1.000000 0.000011 0.000000
vn -1.000000 0.000005 -0.000013
vn 0.000001 -0.000007 1.000000
vn 0.000001 -0.000007 1.000000
vn 0.000001 -0.000007 1.000000
vn 0.000001 -0.000007 1.000000
vn -0.000001 0.000000 1.000000
vn -0.000001 0.000000 1.000000
vn -0.000001 0.000000 1.000000
vn -0.000001 0.000000 1.000000
vn -0.000001 0.000000 1.000000
vn -0.000001 0.000000 1.000000
vn -0.000001 0.000000 1.000000
vn -0.000001 0.000000 1.000000
vn -0.000001 0.000000 1.000000
vn -0.000001 0.000000 1.000000
vn -0.000001 0.000000 1.000000
vn -0.000001 0.000000 1.000000
vn -0.000001 0.000000 1.000000
vn -0.000001 0.000000 1.000000
vn -0.000001 0.000000 1.000000
vn -0.000001 0.000000 1.000000
vn -0.000000 0.000002 1.000000
vn -0.000000 0.000002 1.000000
vn -0.000000 0.000002 1.000000
vn -0.000000 0.000002 1.000000
vn 0.000001 1.000000 0.000000
vn 0.000001 1.000000 0.000000
vn 0.000001 1.000000 0.000000
vn 0.000001 1.000000 0.000000
vn 0.000004 1.000000 0.000000
vn 0.000004 1.000000 0.000000
vn 0.000004 1.000000 0.000000
vn 0.000004 1.000000 0.000000
vn 0.000000 1.000000 0.000000
vn 0.000000 1.000000 0.000000
vn 0.000000 1.000000 0.000000
vn 0.000000 1.000000 0.000000
vn -0.000002 0.000004 -1.000000
vn -0.000002 0.000004 -1.000000
vn -0.000002 0.000004 -1.000000
vn -0.000002 0.000004 -1.000000
vn -0.000004 0.000000 -1.000000
vn -0.000004 0.000000 -1.000000
vn -0.000004 0.000000 -1.000000
vn -0.000004 0.000000 -1.000000
vn -0.000005 0.000000 -1.000000
vn -0.000005 0.000000 -1.000000
vn -0.000005 0.000000 -1.000000
vn -0.000005 0.000000 -1.000000
vn -0.000006 0.000000 -1.000000
vn -0.000006 0.000000 -1.000000
vn -0.000006 0.000000 -1.000000
vn -0.000006 0.000000 -1.000000
vn -0.000006 0.000000 -1.000000
vn -0.000006 0.000000 -1.000000
vn -0.000006 0.000000 -1.000000
vn -0.000006 0.000000 -1.000000
vn -0.000003 -0.000006 -1.000000
vn -0.000003 -0.000006 -1.000000
vn -0.000003 -0.000006 -1.000000
vn -0.000003 -0.000006 -1.000000
vn 0.000000 -1.000000 0.000000
vn 0.000000 -1.000000 0.000000
vn 0.000000 -1.000000 0.000000
vn 0.000000 -1.000000 0.000000
vn 0.000000 -1.000000 0.000000
vn 0.000000 -1.000000 0.000000
vn 0.000000 -1.000000 0.000000
vn 0.000000 -1.000000 0.000000
vn 0.000000 -1.000000 0.000000
vn 0.000000 -1.000000 0.000000
vn 0.000000 -1.000000 0.000000
vn 0.000000 -1.000000 0.000000
s off
g group1 pasted__DoorReal
usemtl initialShadingGroup
f 179/203/257 180/204/258 181/205/259 182/206/260
s 1
f 146/231/261 147/229/262 152/216/263 151/214/264
s off
f 183/207/265 184/208/266 185/209/267 186/210/268
s 1
f 149/225/269 154/222/270 153/218/271 148/226/272
f 145/233/273 146/231/261 156/180/274 155/179/275
f 146/231/261 151/214/264 157/181/276 156/180/274
f 151/214/264 150/235/277 158/182/278 157/181/276
f 150/235/277 145/233/273 155/179/275 158/182/278
f 147/229/262 148/226/272 160/184/279 159/183/280
f 148/226/272 153/218/271 161/185/281 160/184/279
f 153/218/271 152/216/263 162/186/282 161/185/281
f 152/216/263 147/229/262 159/183/280 162/186/282
s off
f 155/179/283 156/180/284 164/188/285 163/187/286
f 156/180/287 157/181/288 165/189/289 164/188/290
f 157/181/291 158/182/292 166/190/293 165/189/294
f 158/182/295 155/179/296 163/187/297 166/190/298
f 160/184/299 161/185/300 169/193/301 168/192/302
f 161/185/303 162/186/304 170/194/305 169/193/306
f 162/186/307 159/183/308 167/191/309 170/194/310
s 5
f 163/187/311 164/188/312 172/196/313 171/195/314
f 164/188/312 165/189/315 173/197/316 172/196/313
f 165/189/315 166/190/317 174/198/318 173/197/316
f 166/190/317 163/187/311 171/195/314 174/198/318
s 6
f 167/191/319 168/192/320 176/200/321 175/199/322
f 168/192/320 169/193/323 177/201/324 176/200/321
f 169/193/323 170/194/325 178/202/326 177/201/324
f 170/194/325 167/191/319 175/199/322 178/202/326
s off
f 171/195/327 172/196/328 180/204/329 179/203/330
f 172/196/331 173/197/332 181/205/333 180/204/334
f 173/197/335 174/198/336 182/206/337 181/205/338
f 174/198/339 171/195/340 179/203/341 182/206/342
f 175/199/343 176/200/344 184/208/345 183/207/346
f 176/200/347 177/201/348 185/209/349 184/208/350
f 177/201/351 178/202/352 186/210/353 185/209/354
f 178/202/355 175/199/356 183/207/357 186/210/358
s 7
f 187/215/359 188/247/360 218/248/361 217/237/362
f 188/247/360 187/215/359 189/217/363 190/241/364
f 190/241/364 189/217/363 191/219/365 192/240/366
f 192/240/366 191/219/365 193/220/367 194/239/368
f 194/239/368 193/220/367 195/221/369 196/245/370
f 196/245/370 195/221/369 197/211/371 198/244/372
s 8
f 198/244/373 197/211/374 199/223/375 200/243/376
f 200/243/376 199/223/375 201/224/377 202/242/378
f 202/242/378 201/224/377 203/212/379 204/246/380
s 9
f 204/246/381 203/212/382 205/227/383 206/256/384
f 206/256/384 205/227/383 207/228/385 208/255/386
f 208/255/386 207/228/385 209/230/387 210/254/388
f 210/254/388 209/230/387 211/232/389 212/253/390
f 212/253/390 211/232/389 213/234/391 214/252/392
f 214/252/392 213/234/391 215/213/393 216/251/394
s 10
f 216/251/395 215/213/396 219/236/397 220/250/398
f 217/237/399 218/248/400 222/249/401 221/238/402
f 220/250/398 219/236/397 221/238/402 222/249/401
s 1
f 150/235/277 151/214/264 189/217/403 187/215/404
f 151/214/264 152/216/263 191/219/405 189/217/403
f 152/216/263 153/218/271 193/220/406 191/219/405
f 195/221/407 193/220/406 153/218/271 154/222/270
f 199/223/408 197/211/409 195/221/407 154/222/270
f 201/224/410 199/223/408 154/222/270 149/225/269
f 205/227/411 203/212/412 201/224/410 149/225/269
f 149/225/269 148/226/272 207/228/413 205/227/411
f 209/230/414 207/228/413 148/226/272 147/229/262
f 211/232/415 209/230/414 147/229/262 146/231/261
f 213/234/416 211/232/415 146/231/261 145/233/273
f 145/233/273 219/236/417 215/213/418 213/234/416
f 145/233/273 150/235/277 221/238/419 219/236/417
f 187/215/404 217/237/420 221/238/419 150/235/277
s off
f 257/257/421 260/260/422 259/259/423 258/258/424
s 11
f 224/261/425 229/264/426 230/263/427 225/262/428
s off
f 261/265/429 264/268/430 263/267/431 262/266/432
s 11
f 227/269/433 226/272/434 231/271/435 232/270/436
f 223/273/437 233/275/438 234/274/439 224/261/425
f 224/261/425 234/274/439 235/276/440 229/264/426
f 229/264/426 235/276/440 236/278/441 228/277/442
f 228/277/442 236/278/441 233/275/438 223/273/437
f 225/262/428 237/280/443 238/279/444 226/272/434
f 226/272/434 238/279/444 239/281/445 231/271/435
f 231/271/435 239/281/445 240/282/446 230/263/427
f 230/263/427 240/282/446 237/280/443 225/262/428
s off
f 233/275/447 241/284/448 242/283/449 234/274/450
f 234/274/451 242/283/452 243/285/453 235/276/454
f 235/276/455 243/285/456 244/286/457 236/278/458
f 236/278/459 244/286/460 241/284/461 233/275/462
f 238/279/463 246/288/464 247/287/465 239/281/466
f 239/281/467 247/287/468 248/289/469 240/282/470
f 240/282/471 248/289/472 245/290/473 237/280/474
s 14
f 241/284/475 249/292/476 250/291/477 242/283/478
f 242/283/478 250/291/477 251/293/479 243/285/480
f 243/285/480 251/293/479 252/294/481 244/286/482
f 244/286/482 252/294/481 249/292/476 241/284/475
s 15
f 245/290/483 253/296/484 254/295/485 246/288/486
f 246/288/486 254/295/485 255/297/487 247/287/488
f 247/287/488 255/297/487 256/298/489 248/289/490
f 248/289/490 256/298/489 253/296/484 245/290/483
s off
f 249/292/491 257/257/492 258/258/493 250/291/494
f 250/291/495 258/258/496 259/259/497 251/293/498
f 251/293/499 259/259/500 260/260/501 252/294/502
f 252/294/503 260/260/504 257/257/505 249/292/506
f 253/296/507 261/265/508 262/266/509 254/295/510
f 254/295/511 262/266/512 263/267/513 255/297/514
f 255/297/515 263/267/516 264/268/517 256/298/518
f 256/298/519 264/268/520 261/265/521 253/296/522
s 16
f 265/299/523 295/302/524 296/301/525 266/300/526
f 266/300/526 268/304/527 267/303/528 265/299/523
f 268/304/527 270/306/529 269/305/530 267/303/528
f 270/306/529 272/308/531 271/307/532 269/305/530
f 272/308/531 274/310/533 273/309/534 271/307/532
f 274/310/533 276/312/535 275/311/536 273/309/534
s 17
f 276/312/537 278/314/538 277/313/539 275/311/540
f 278/314/538 280/316/541 279/315/542 277/313/539
f 280/316/541 282/318/543 281/317/544 279/315/542
s 18
f 282/318/545 284/320/546 283/319/547 281/317/548
f 284/320/546 286/322/549 285/321/550 283/319/547
f 286/322/549 288/324/551 287/323/552 285/321/550
f 288/324/551 290/326/553 289/325/554 287/323/552
f 290/326/553 292/328/555 291/327/556 289/325/554
f 292/328/555 294/330/557 293/329/558 291/327/556
s 19
f 294/330/559 298/332/560 297/331/561 293/329/562
f 295/302/563 299/334/564 300/333/565 296/301/566
f 298/332/560 300/333/565 299/334/564 297/331/561
s 11
f 228/277/442 265/299/567 267/303/568 229/264/426
f 229/264/426 267/303/568 269/305/569 230/263/427
f 230/263/427 269/305/569 271/307/570 231/271/435
f 273/309/571 232/270/436 231/271/435 271/307/570
f 277/313/572 232/270/436 273/309/571 275/311/573
f 279/315/574 227/269/433 232/270/436 277/313/572
f 283/319/575 227/269/433 279/315/574 281/317/576
f 227/269/433 283/319/575 285/321/577 226/272/434
f 287/323/578 225/262/428 226/272/434 285/321/577
f 289/325/579 224/261/425 225/262/428 287/323/578
f 291/327/580 223/273/437 224/261/425 289/325/579
f 223/273/437 291/327/580 293/329/581 297/331/582
f 223/273/437 297/331/582 299/334/583 228/277/442
f 265/299/567 228/277/442 299/334/583 295/302/584
s off
f 218/248/585 188/247/586 266/300/587 296/301/588
f 188/247/589 190/241/590 268/304/591 266/300/592
f 190/241/593 192/240/594 270/306/595 268/304/596
f 192/240/597 194/239/598 272/308/599 270/306/600
f 194/239/601 196/245/602 274/310/603 272/308/604
f 196/245/605 198/244/606 276/312/607 274/310/608
f 198/244/609 200/243/610 278/314/611 276/312/612
f 200/243/613 202/242/614 280/316/615 278/314/616
f 202/242/617 204/246/618 282/318/619 280/316/620
f 204/246/621 206/256/622 284/320/623 282/318/624
f 206/256/625 208/255/626 286/322/627 284/320/628
f 208/255/629 210/254/630 288/324/631 286/322/632
f 210/254/633 212/253/634 290/326/635 288/324/636
f 212/253/637 214/252/638 292/328/639 290/326/640
f 214/252/641 216/251/642 294/330/643 292/328/644
f 216/251/645 220/250/646 298/332/647 294/330/648
f 220/250/649 222/249/650 300/333/651 298/332/652
f 222/249/653 218/248/654 296/301/655 300/333/656
g default
v 11.663059 0.505986 -2.885740
v 11.663059 0.505986 3.293239
v 11.663059 12.285350 3.293239
v 11.663059 12.285350 -2.885740
v 11.663059 0.505986 -2.525300
v 11.663059 12.285350 -2.525300
v 11.663059 11.892706 3.293239
v 11.663059 11.892706 -2.885740
v 11.663059 11.892706 -2.525299
v 11.663059 12.285350 2.932799
v 11.663059 11.892706 2.932799
v 11.663059 0.505986 2.932799
v 11.663059 0.898631 3.293239
v 11.663059 0.898631 2.932799
v 11.663059 0.898631 -2.525299
v 11.663059 0.898631 -2.885740
v 12.063059 12.285350 -2.885740
v 12.063059 11.892706 -2.885740
v 12.063059 11.892706 -2.525299
v 12.063059 12.285350 -2.525300
v 12.063059 0.898631 -2.525299
v 12.063059 0.898631 -2.885740
v 12.063059 0.505985 -2.885740
v 12.063059 0.505985 -2.525300
v 12.063059 0.898631 3.293239
v 12.063059 0.898631 2.932799
v 12.063059 0.505985 2.932799
v 12.063059 0.505986 3.293239
v 12.063059 12.285350 2.932799
v 12.063059 11.892706 2.932799
v 12.063059 11.892706 3.293239
v 12.063059 12.285350 3.293239
vt 0.530322 0.750000
vt 0.469284 0.750000
vt 0.469284 0.575485
vt 0.530322 0.575485
vt 0.526762 0.750000
vt 0.526762 0.575485
vt 0.469284 0.581302
vt 0.530322 0.581302
vt 0.472844 0.575485
vt 0.472844 0.750000
vt 0.469284 0.744183
vt 0.530322 0.744183
vt 0.472844 0.744183
vt 0.472844 0.581302
vt 0.526762 0.744183
vt 0.526762 0.581302
vt 0.530322 0.575485
vt 0.530322 0.581302
vt 0.526762 0.581302
vt 0.526762 0.575485
vt 0.526762 0.744183
vt 0.530322 0.744183
vt 0.530322 0.750000
vt 0.526762 0.750000
vt 0.469284 0.744183
vt 0.472844 0.744183
vt 0.472844 0.750000
vt 0.469284 0.750000
vt 0.472844 0.575485
vt 0.472844 0.581302
vt 0.469284 0.581302
vt 0.469284 0.575485
vt 0.530322 0.575485
vt 0.530322 0.581302
vt 0.526762 0.575485
vt 0.530322 0.744183
vt 0.530322 0.750000
vt 0.526762 0.750000
vt 0.472844 0.750000
vt 0.469284 0.750000
vt 0.469284 0.744183
vt 0.469284 0.581302
vt 0.469284 0.575485
vt 0.472844 0.575485
vt 0.472844 0.744183
vt 0.526762 0.744183
vt 0.526762 0.581302
vt 0.472844 0.581302
vn 1.000000 0.000000 0.000000
vn 1.000000 0.000000 0.000000
vn 1.000000 0.000000 0.000000
vn 1.000000 0.000000 0.000000
vn 1.000000 0.000000 -0.000000
vn 1.000000 0.000000 -0.000000
vn 1.000000 0.000000 -0.000000
vn 1.000000 0.000000 -0.000000
vn 1.000000 0.000000 0.000000
vn 1.000000 0.000000 0.000000
vn 1.000000 0.000000 0.000000
vn 1.000000 0.000000 0.000000
vn 1.000000 0.000000 0.000000
vn 1.000000 0.000000 0.000000
vn 1.000000 0.000000 0.000000
vn 1.000000 0.000000 0.000000
vn -1.000000 0.000000 -0.000000
vn -1.000000 0.000000 -0.000000
vn -1.000000 0.000000 -0.000000
vn -1.000000 0.000000 -0.000000
vn -1.000000 0.000000 -0.000000
vn -1.000000 0.000000 -0.000000
vn -1.000000 0.000000 -0.000000
vn -1.000000 0.000000 -0.000000
vn -1.000000 0.000000 -0.000000
vn -1.000000 0.000000 -0.000000
vn -1.000000 0.000000 -0.000000
vn -1.000000 0.000000 -0.000000
vn -1.000000 0.000000 -0.000000
vn -1.000000 0.000000 -0.000000
vn -1.000000 0.000000 -0.000000
vn -1.000000 0.000000 -0.000000
vn 0.000000 0.000000 -1.000000
vn 0.000000 0.000000 -1.000000
vn 0.000000 0.000000 -1.000000
vn 0.000000 0.000000 -1.000000
vn 0.000000 1.000000 0.000000
vn 0.000000 1.000000 0.000000
vn 0.000000 1.000000 0.000000
vn 0.000000 1.000000 0.000000
vn 0.000000 0.000000 -1.000000
vn 0.000000 0.000000 -1.000000
vn 0.000000 0.000000 -1.000000
vn 0.000000 0.000000 -1.000000
vn -0.000001 -1.000000 -0.000000
vn -0.000001 -1.000000 -0.000000
vn -0.000001 -1.000000 0.000000
vn -0.000001 -1.000000 0.000000
vn -0.000001 -1.000000 0.000000
vn -0.000001 -1.000000 0.000000
vn -0.000000 -1.000000 0.000000
vn -0.000000 -1.000000 0.000000
vn 0.000000 0.000000 1.000000
vn 0.000000 0.000000 1.000000
vn 0.000000 0.000000 1.000000
vn 0.000000 0.000000 1.000000
vn 0.000000 0.000000 1.000000
vn 0.000000 0.000000 1.000000
vn 0.000000 0.000000 1.000000
vn 0.000000 0.000000 1.000000
vn 0.000000 1.000000 0.000000
vn 0.000000 1.000000 0.000000
vn 0.000000 1.000000 0.000000
vn 0.000000 1.000000 0.000000
vn 0.000001 1.000000 0.000000
vn 0.000001 1.000000 0.000000
vn 0.000001 1.000000 0.000000
vn 0.000001 1.000000 0.000000
vn 0.000000 -1.000000 0.000000
vn 0.000000 -1.000000 0.000000
vn 0.000000 -1.000000 0.000000
vn 0.000000 -1.000000 0.000000
vn 0.000000 0.000000 1.000000
vn 0.000000 0.000000 1.000000
vn 0.000000 0.000000 1.000000
vn 0.000000 0.000000 1.000000
vn 0.000000 0.000000 -1.000000
vn 0.000000 0.000000 -1.000000
vn 0.000000 0.000000 -1.000000
vn 0.000000 0.000000 -1.000000
s 1
g group1 DoorReal
usemtl lambert2SG
f 317/367/657 320/369/658 319/381/659 318/368/660
f 321/380/661 324/372/662 323/371/663 322/370/664
f 325/375/665 328/374/666 327/373/667 326/379/668
f 329/378/669 332/377/670 331/376/671 330/382/672
f 321/380/661 326/379/668 327/373/667 324/372/662
f 329/378/669 330/382/672 319/381/659 320/369/658
f 319/381/659 321/380/661 322/370/664 318/368/660
f 325/375/665 326/379/668 330/382/672 331/376/671
s 3
f 304/351/673 308/352/674 309/353/675 306/354/676
f 315/355/677 316/356/678 301/357/679 305/358/680
f 313/359/681 314/360/682 312/361/683 302/362/684
f 310/363/685 311/364/686 307/365/687 303/366/688
f 315/355/677 305/358/680 312/361/683 314/360/682
f 310/363/685 306/354/676 309/353/675 311/364/686
f 309/353/675 308/352/674 316/356/678 315/355/677
f 313/359/681 307/365/687 311/364/686 314/360/682
s 5
f 304/338/689 317/367/690 318/368/691 308/342/692
s 6
f 306/340/693 320/369/694 317/367/695 304/338/696
s 5
f 316/346/697 322/370/698 323/371/699 301/335/700
s 7
f 301/335/701 323/371/702 324/372/703 305/339/704
f 312/344/705 327/373/706 328/374/707 302/336/708
s 8
f 302/336/709 328/374/710 325/375/711 313/345/712
f 307/341/713 331/376/714 332/377/715 303/337/716
s 6
f 303/337/717 332/377/718 329/378/719 310/343/720
s 7
f 305/339/704 324/372/703 327/373/706 312/344/705
s off
f 314/347/721 326/379/722 321/380/723 315/349/724
s 6
f 310/343/720 329/378/719 320/369/694 306/340/693
s off
f 309/350/725 319/381/726 330/382/727 311/348/728
s 5
f 308/342/692 318/368/691 322/370/698 316/346/697
s off
f 315/349/729 321/380/730 319/381/731 309/350/732
s 8
f 313/345/712 325/375/711 331/376/714 307/341/713
s off
f 311/348/733 330/382/734 326/379/735 314/347/736
g default
v 12.355431 5.639782 -2.195441
v 12.387913 5.653235 -2.227921
v 12.401365 5.685714 -2.241374
v 12.144558 5.639782 -2.195441
v 12.144558 5.653235 -2.227921
v 12.144558 5.685714 -2.241374
v 12.401365 5.777598 -2.241374
v 12.387913 5.810077 -2.227921
v 12.355431 5.823531 -2.195441
v 12.144558 5.777598 -2.241374
v 12.144558 5.810077 -2.227921
v 12.144558 5.823531 -2.195441
v 12.355431 5.639782 -2.005936
v 12.387913 5.653235 -2.005936
v 12.401365 5.685714 -2.005936
v 12.401365 5.777598 -2.005936
v 12.387913 5.810077 -2.005936
v 12.355431 5.823531 -2.005936
v 11.887752 5.810077 -2.019390
v 11.887752 5.823531 -2.051869
v 11.887752 5.777598 -2.005936
v 12.190492 5.823531 -2.051869
v 12.158013 5.810077 -2.019390
v 12.144558 5.777598 -2.005936
v 11.887752 5.653235 -2.019390
v 11.887752 5.685714 -2.005936
v 11.887752 5.639782 -2.051869
v 12.144558 5.685714 -2.005936
v 12.158013 5.653235 -2.019390
v 12.190492 5.639782 -2.051869
v 11.887752 5.653235 -2.227921
v 11.887752 5.639782 -2.195441
v 11.887752 5.685714 -2.241374
v 11.887752 5.810077 -2.227921
v 11.887752 5.777598 -2.241374
v 11.887752 5.823531 -2.195441
v 12.384165 5.774177 -1.505937
v 12.396326 5.776596 -1.510974
v 12.401365 5.777598 -1.523136
v 12.401365 5.685714 -1.523136
v 12.396326 5.686717 -1.510974
v 12.384165 5.689135 -1.505937
v 12.355431 5.823531 -1.523136
v 12.354429 5.818493 -1.510974
v 12.352010 5.806332 -1.505937
v 12.193913 5.806332 -1.505937
v 12.191493 5.818493 -1.510974
v 12.190492 5.823531 -1.523136
v 12.144558 5.777598 -1.523136
v 12.149595 5.776596 -1.510974
v 12.161756 5.774177 -1.505937
v 12.161756 5.689136 -1.505937
v 12.149595 5.686717 -1.510974
v 12.144558 5.685714 -1.523136
v 12.190492 5.639782 -1.523136
v 12.191493 5.644819 -1.510974
v 12.193913 5.656980 -1.505937
v 12.352010 5.656980 -1.505937
v 12.354429 5.644819 -1.510974
v 12.355431 5.639782 -1.523136
v 12.374749 5.666399 -1.505937
v 12.384056 5.657091 -1.510974
v 12.387913 5.653235 -1.523136
v 12.374749 5.796914 -1.505937
v 12.384056 5.806222 -1.510974
v 12.387913 5.810077 -1.523136
v 12.171177 5.796914 -1.505937
v 12.161868 5.806222 -1.510974
v 12.158013 5.810077 -1.523136
v 12.171177 5.666399 -1.505937
v 12.161868 5.657091 -1.510974
v 12.158013 5.653235 -1.523136
vt 0.625000 0.562494
vt 0.625000 0.451226
vt 0.625000 0.798774
vt 0.625000 0.687506
vt 0.625000 0.062494
vt 0.625000 0.298773
vt 0.500001 0.562494
vt 0.375001 0.687506
vt 0.397358 0.798774
vt 0.500001 0.798774
vt 0.477643 0.951226
vt 0.125000 0.187506
vt 0.625000 0.187506
vt 0.500000 0.451226
vt 0.500000 0.687506
vt 0.625000 0.951226
vt 0.875000 0.062494
vt 0.875000 0.187506
vt 0.826226 0.250000
vt 0.673774 0.250000
vt 0.673774 0.000000
vt 0.826226 0.000000
vt 0.375001 0.562494
vt 0.397358 0.451226
vt 0.125000 0.062494
vt 0.397359 1.000000
vt 0.375000 0.500000
vt 0.125000 0.250000
vt 0.500000 0.500000
vt 0.375000 0.750000
vt 0.125000 0.000000
vt 0.500000 0.750000
vt 0.375000 1.000000
vt 0.625000 0.000000
vt 0.625000 1.000000
vt 0.500000 1.000000
vt 0.625000 0.250000
vt 0.625000 0.500000
vt 0.875000 0.250000
vt 0.625000 0.750000
vt 0.875000 0.000000
vt 0.383372 0.067148
vt 0.469007 0.000000
vt 0.397358 0.000000
vt 0.500000 0.187506
vt 0.500000 0.062494
vt 0.397359 0.250000
vt 0.477643 0.251537
vt 0.375000 0.062494
vt 0.375000 0.187506
vt 0.384960 0.027840
vt 0.395038 0.012260
vt 0.481226 0.008729
vt 0.490939 0.025328
vt 0.491629 0.067149
vt 0.491629 0.182851
vt 0.490040 0.222160
vt 0.479963 0.237740
vt 0.393775 0.241271
vt 0.375000 0.250000
vt 0.397359 0.250000
vt 0.375000 0.187506
vt 0.375000 0.250000
vt 0.375000 0.000000
vt 0.375000 0.062494
vt 0.397358 0.000000
vt 0.375000 0.000000
vt 0.500000 0.000000
vt 0.477371 0.000000
vt 0.500001 0.062494
vt 0.500000 0.000000
vt 0.500000 0.250000
vt 0.500000 0.187506
vt 0.477643 0.298773
vt 0.500000 0.250000
vt 0.384061 0.224672
vt 0.383372 0.182852
vt 0.375000 0.062494
vt 0.375000 0.187506
vt 0.397358 0.000000
vt 0.477643 0.000000
vt 0.500000 0.062494
vt 0.500000 0.187506
vt 0.477643 0.250000
vt 0.397358 0.250000
vt 0.375000 0.250000
vt 0.375000 0.000000
vt 0.500000 0.000000
vt 0.500000 0.250000
vn -0.000000 -0.106519 -0.994311
vn -0.000000 -0.382685 -0.923879
vn -0.000000 -0.382685 -0.923879
vn -0.000000 -0.107552 -0.994199
vn -0.000000 -0.923881 -0.382681
vn -0.000000 -0.997262 -0.073950
vn -0.000000 -0.997473 -0.071042
vn -0.000000 -0.923881 -0.382681
vn 0.000000 0.997262 -0.073952
vn 0.000000 0.923877 -0.382689
vn 0.000000 0.923877 -0.382689
vn 0.000000 0.997473 -0.071044
vn 0.000000 0.382685 -0.923879
vn 0.000000 0.106519 -0.994311
vn 0.000000 0.107552 -0.994199
vn 0.000000 0.382685 -0.923879
vn 0.000000 0.996979 0.077675
vn 0.000000 0.923877 0.382689
vn 0.000000 0.923877 0.382689
vn -0.019519 0.999658 0.017393
vn 0.000000 0.382685 0.923879
vn 0.000000 0.109594 0.993976
vn 0.000000 0.118606 0.992941
vn 0.000000 0.382685 0.923879
vn -0.000000 -0.109594 0.993976
vn -0.000000 -0.382685 0.923879
vn -0.000000 -0.382685 0.923879
vn -0.000000 -0.118606 0.992941
vn -0.000000 -0.923881 0.382681
vn -0.000000 -0.996979 0.077673
vn -0.019519 -0.999658 0.017393
vn -0.000000 -0.923881 0.382681
vn 0.061224 -0.998124 0.000000
vn 0.084681 -0.993334 -0.078211
vn -0.000000 -0.096098 -0.995372
vn 0.000000 0.096098 -0.995372
vn 0.084683 0.993334 -0.078213
vn 0.061226 0.998124 0.000000
vn 0.996006 0.089282 0.000000
vn 0.994281 0.106800 0.000000
vn 0.994281 -0.106800 0.000000
vn 0.996006 -0.089282 0.000000
vn -1.000000 -0.000000 0.000000
vn -1.000000 -0.000000 0.000000
vn -1.000000 -0.000000 0.000000
vn -1.000000 -0.000000 0.000000
vn -1.000000 -0.000000 0.000000
vn -1.000000 -0.000000 0.000000
vn -1.000000 -0.000000 0.000000
vn -1.000000 -0.000000 0.000000
vn -1.000000 -0.000000 0.000000
vn -1.000000 -0.000000 0.000000
vn -1.000000 -0.000000 0.000000
vn -1.000000 -0.000000 0.000000
vn 0.382653 -0.923892 0.000000
vn 0.382653 -0.923892 0.000000
vn 0.923897 -0.382640 0.000000
vn 0.923898 -0.382640 0.000000
vn -0.000000 -0.382685 -0.923879
vn -0.000000 -0.923881 -0.382681
vn 0.923897 0.382640 0.000000
vn 0.923898 0.382640 0.000000
vn 0.382661 0.923889 0.000000
vn 0.382661 0.923889 0.000000
vn 0.000000 0.923877 -0.382689
vn 0.000000 0.382685 -0.923879
vn 0.994140 0.107655 0.009757
vn 0.917466 0.089900 0.387522
vn 0.917466 -0.089894 0.387525
vn 0.994140 -0.107655 0.009757
vn 0.374466 0.046053 0.926096
vn 0.010567 0.000788 0.999944
vn 0.010567 -0.000788 0.999944
vn 0.374466 -0.046051 0.926096
vn 0.001450 0.019969 0.999800
vn 0.015310 0.380040 0.924843
vn -0.015310 0.380038 0.924844
vn -0.001450 0.019970 0.999800
vn 0.067942 0.919751 0.386578
vn 0.065215 0.997828 0.009273
vn -0.068482 0.997610 0.009184
vn -0.067946 0.919754 0.386570
vn -0.010568 0.000788 0.999944
vn -0.374444 0.046068 0.926104
vn -0.374446 -0.046066 0.926104
vn -0.010567 -0.000788 0.999944
vn -0.917508 0.089921 0.387419
vn -0.994022 0.108749 0.009719
vn -0.994022 -0.108749 0.009719
vn -0.917507 -0.089918 0.387421
vn -0.001450 -0.019970 0.999800
vn -0.015311 -0.380055 0.924837
vn 0.015311 -0.380057 0.924836
vn 0.001450 -0.019969 0.999800
vn -0.067943 -0.919745 0.386592
vn -0.068480 -0.997610 0.009184
vn 0.065213 -0.997828 0.009274
vn 0.067940 -0.919742 0.386600
vn -0.992367 0.123320 0.000000
vn -0.992367 -0.123320 0.000000
vn 0.004841 0.003778 0.999981
vn -0.004841 0.003778 0.999981
vn -0.004841 -0.003778 0.999981
vn 0.004841 -0.003778 0.999981
vn 0.382632 -0.923842 0.010425
vn 0.923870 -0.382629 0.007695
vn 0.923870 0.382629 0.007695
vn 0.382641 0.923838 0.010424
vn -0.382698 0.923873 0.000000
vn -0.382680 0.923829 0.009834
vn -0.923860 0.382730 0.000000
vn -0.923834 0.382719 0.007588
vn -0.923860 -0.382730 0.000000
vn -0.923834 -0.382719 0.007588
vn -0.382690 -0.923877 0.000000
vn -0.382672 -0.923832 0.009835
vn 0.206640 0.297781 0.932001
vn 0.853532 0.353510 0.382771
vn -0.206644 0.297752 0.932010
vn -0.353575 0.853555 0.382661
vn -0.206647 -0.297758 0.932007
vn -0.853549 -0.353596 0.382653
vn 0.206644 -0.297786 0.931999
vn 0.353532 -0.853543 0.382726
vn 0.853528 -0.353506 0.382783
vn 0.353544 0.853547 0.382706
vn -0.853553 0.353598 0.382644
vn -0.353564 -0.853550 0.382682
s 1
g DoorHandle group1
f 338/389/737 337/411/738 363/420/739 365/383/740
s 2
f 337/411/741 336/396/742 364/384/743 363/420/744
s 3
f 344/392/745 343/414/746 366/422/747 368/385/748
s 1
f 343/414/749 342/397/750 367/386/751 366/422/752
s 3
f 352/398/753 351/417/754 355/418/755 354/393/756
s 5
f 351/416/757 353/387/758 356/452/759 355/450/760
f 358/395/761 357/419/762 361/454/763 360/427/764
s 2
f 357/419/765 359/388/766 362/456/767 361/454/768
f 345/429/769 362/456/767 336/396/742 333/406/770
s 1
f 335/405/771 338/389/737 342/397/750 339/390/772
s 3
f 341/391/773 344/392/745 354/393/756 350/408/774
s 7
f 339/407/775 348/431/776 347/444/777 335/394/778
s 5
f 360/427/764 356/452/759 353/387/758 358/395/761
s 2
f 336/396/742 362/456/767 359/388/766 364/384/743
s 1
f 342/397/750 338/389/737 365/383/740 367/386/751
s 3
f 354/393/756 344/392/745 368/385/748 352/398/753
s off
f 366/423/779 367/399/780 365/400/781 363/421/782 364/401/783 359/402/784 357/419/785 358/395/786 353/387/787 351/416/788 352/403/789 368/404/790
s 2
f 333/406/770 334/409/791 346/442/792 345/429/769
s 7
f 334/410/793 335/394/778 347/444/777 346/442/794
s 1
f 335/405/771 334/409/795 337/411/738 338/389/737
s 2
f 334/409/796 333/406/770 336/396/742 337/411/741
s 7
f 339/407/775 340/413/797 349/446/798 348/431/776
s 3
f 340/412/799 341/391/773 350/408/774 349/415/800
f 341/391/773 340/412/801 343/414/746 344/392/745
s 1
f 340/412/802 339/390/772 342/397/750 343/414/749
s 7
f 371/447/803 370/460/804 373/461/805 372/432/806
s 9
f 370/460/807 369/424/808 374/459/809 373/461/810
f 377/434/811 376/462/812 379/463/813 378/435/814
s 3
f 376/462/815 375/426/816 380/451/817 379/463/818
s 9
f 383/437/819 382/464/820 385/465/821 384/438/822
s 13
f 382/464/823 381/428/824 386/455/825 385/465/826
s 9
f 389/440/827 388/466/828 391/467/829 390/441/830
s 2
f 388/466/831 387/430/832 392/443/833 391/467/834
s 3
f 350/448/774 354/425/756 380/451/817 375/426/816
s 13
f 356/452/835 360/427/836 386/455/825 381/428/824
s 2
f 362/456/767 345/429/769 392/443/833 387/430/832
s 7
f 347/444/777 348/431/776 371/447/803 372/432/806
s 9
f 374/459/809 369/424/808 396/433/837 377/434/811 378/435/814 399/436/838 383/437/819 384/438/822 402/439/839 389/440/827 390/441/830 393/458/840
s 2
f 345/429/769 346/442/792 395/445/841 392/443/833
s 7
f 346/442/794 347/444/777 372/432/806 395/445/842
f 348/431/776 349/446/798 398/449/843 371/447/803
s 3
f 349/446/800 350/448/774 375/426/816 398/449/844
f 354/425/756 355/450/845 401/453/846 380/451/817
s 13
f 355/450/847 356/452/835 381/428/824 401/453/848
f 360/427/836 361/454/849 404/457/850 386/455/825
s 2
f 361/454/851 362/456/767 387/430/832 404/457/852
s 9
f 369/424/808 370/460/807 397/469/853 396/433/837
s 7
f 370/460/804 371/447/803 398/449/843 397/469/854
s 9
f 378/435/814 379/463/813 400/470/855 399/436/838
s 3
f 379/463/818 380/451/817 401/453/846 400/470/856
s 9
f 384/438/822 385/465/821 403/471/857 402/439/839
s 13
f 385/465/826 386/455/825 404/457/850 403/471/858
s 9
f 390/441/830 391/467/829 394/468/859 393/458/840
s 2
f 391/467/834 392/443/833 395/445/841 394/468/860
s 7
f 372/432/806 373/461/805 394/468/861 395/445/842
s 9
f 373/461/810 374/459/809 393/458/840 394/468/859
s 3
f 375/426/816 376/462/815 397/469/862 398/449/844
s 9
f 376/462/812 377/434/811 396/433/837 397/469/853
s 13
f 381/428/824 382/464/823 400/470/863 401/453/848
s 9
f 382/464/820 383/437/819 399/436/838 400/470/855
s 2
f 387/430/832 388/466/831 403/471/864 404/457/852
s 9
f 388/466/828 389/440/827 402/439/839 403/471/857
g default
v 11.386190 5.823530 -2.195441
v 11.353708 5.810077 -2.227921
v 11.340257 5.777598 -2.241374
v 11.597063 5.823530 -2.195441
v 11.597063 5.810077 -2.227921
v 11.597063 5.777598 -2.241374
v 11.340257 5.685714 -2.241374
v 11.353708 5.653235 -2.227921
v 11.386190 5.639781 -2.195441
v 11.597063 5.685714 -2.241374
v 11.597063 5.653235 -2.227921
v 11.597063 5.639781 -2.195441
v 11.386190 5.823530 -2.005936
v 11.353708 5.810077 -2.005936
v 11.340257 5.777598 -2.005936
v 11.340257 5.685714 -2.005936
v 11.353708 5.653235 -2.005936
v 11.386190 5.639781 -2.005936
v 11.853869 5.653235 -2.019390
v 11.853869 5.639781 -2.051869
v 11.853869 5.685714 -2.005936
v 11.551129 5.639781 -2.051869
v 11.583608 5.653235 -2.019390
v 11.597063 5.685714 -2.005936
v 11.853869 5.810077 -2.019390
v 11.853869 5.777598 -2.005936
v 11.853869 5.823530 -2.051869
v 11.597063 5.777598 -2.005936
v 11.583608 5.810077 -2.019390
v 11.551129 5.823530 -2.051869
v 11.853869 5.810077 -2.227921
v 11.853869 5.823530 -2.195441
v 11.853869 5.777598 -2.241374
v 11.853869 5.653235 -2.227921
v 11.853869 5.685714 -2.241374
v 11.853869 5.639781 -2.195441
v 11.357456 5.689135 -1.505937
v 11.345295 5.686716 -1.510974
v 11.340257 5.685714 -1.523136
v 11.340257 5.777598 -1.523136
v 11.345295 5.776595 -1.510974
v 11.357456 5.774177 -1.505937
v 11.386190 5.639781 -1.523136
v 11.387192 5.644819 -1.510974
v 11.389611 5.656980 -1.505937
v 11.547708 5.656980 -1.505937
v 11.550129 5.644819 -1.510974
v 11.551129 5.639781 -1.523136
v 11.597063 5.685714 -1.523136
v 11.592026 5.686716 -1.510974
v 11.579865 5.689136 -1.505937
v 11.579865 5.774177 -1.505937
v 11.592026 5.776595 -1.510974
v 11.597063 5.777598 -1.523136
v 11.551129 5.823530 -1.523136
v 11.550129 5.818493 -1.510974
v 11.547708 5.806332 -1.505937
v 11.389611 5.806332 -1.505937
v 11.387192 5.818493 -1.510974
v 11.386190 5.823530 -1.523136
v 11.366872 5.796913 -1.505937
v 11.357566 5.806221 -1.510974
v 11.353708 5.810077 -1.523136
v 11.366872 5.666398 -1.505937
v 11.357566 5.657091 -1.510974
v 11.353708 5.653235 -1.523136
v 11.570444 5.666398 -1.505937
v 11.579753 5.657091 -1.510974
v 11.583608 5.653235 -1.523136
v 11.570444 5.796913 -1.505937
v 11.579753 5.806221 -1.510974
v 11.583608 5.810077 -1.523136
vt 0.625000 0.562494
vt 0.625000 0.451226
vt 0.625000 0.798774
vt 0.625000 0.687506
vt 0.625000 0.062494
vt 0.625000 0.298773
vt 0.500001 0.562494
vt 0.375001 0.687506
vt 0.397358 0.798774
vt 0.500001 0.798774
vt 0.477643 0.951226
vt 0.125000 0.187506
vt 0.625000 0.187506
vt 0.500000 0.451226
vt 0.500000 0.687506
vt 0.625000 0.951226
vt 0.875000 0.062494
vt 0.875000 0.187506
vt 0.826226 0.250000
vt 0.673774 0.250000
vt 0.673774 0.000000
vt 0.826226 0.000000
vt 0.375001 0.562494
vt 0.397358 0.451226
vt 0.125000 0.062494
vt 0.397359 1.000000
vt 0.375000 0.500000
vt 0.125000 0.250000
vt 0.500000 0.500000
vt 0.375000 0.750000
vt 0.125000 0.000000
vt 0.500000 0.750000
vt 0.375000 1.000000
vt 0.625000 0.000000
vt 0.625000 1.000000
vt 0.500000 1.000000
vt 0.625000 0.250000
vt 0.625000 0.500000
vt 0.875000 0.250000
vt 0.625000 0.750000
vt 0.875000 0.000000
vt 0.383372 0.067148
vt 0.469007 0.000000
vt 0.397358 0.000000
vt 0.500000 0.187506
vt 0.500000 0.062494
vt 0.397359 0.250000
vt 0.477643 0.251537
vt 0.375000 0.062494
vt 0.375000 0.187506
vt 0.384960 0.027840
vt 0.395038 0.012260
vt 0.481226 0.008729
vt 0.490939 0.025328
vt 0.491629 0.067149
vt 0.491629 0.182851
vt 0.490040 0.222160
vt 0.479963 0.237740
vt 0.393775 0.241271
vt 0.375000 0.250000
vt 0.397359 0.250000
vt 0.375000 0.187506
vt 0.375000 0.250000
vt 0.375000 0.000000
vt 0.375000 0.062494
vt 0.397358 0.000000
vt 0.375000 0.000000
vt 0.500000 0.000000
vt 0.477371 0.000000
vt 0.500001 0.062494
vt 0.500000 0.000000
vt 0.500000 0.250000
vt 0.500000 0.187506
vt 0.477643 0.298773
vt 0.500000 0.250000
vt 0.384061 0.224672
vt 0.383372 0.182852
vt 0.375000 0.062494
vt 0.375000 0.187506
vt 0.397358 0.000000
vt 0.477643 0.000000
vt 0.500000 0.062494
vt 0.500000 0.187506
vt 0.477643 0.250000
vt 0.397358 0.250000
vt 0.375000 0.250000
vt 0.375000 0.000000
vt 0.500000 0.000000
vt 0.500000 0.250000
vn 0.000000 0.106519 -0.994311
vn 0.000000 0.382685 -0.923879
vn 0.000000 0.382685 -0.923879
vn 0.000000 0.107551 -0.994199
vn 0.000000 0.923881 -0.382681
vn 0.000000 0.997262 -0.073950
vn 0.000000 0.997473 -0.071042
vn 0.000000 0.923881 -0.382681
vn 0.000000 -0.997262 -0.073952
vn 0.000000 -0.923877 -0.382689
vn 0.000000 -0.923877 -0.382689
vn 0.000000 -0.997473 -0.071044
vn 0.000000 -0.382685 -0.923879
vn 0.000000 -0.106519 -0.994311
vn 0.000000 -0.107551 -0.994199
vn 0.000000 -0.382685 -0.923879
vn 0.000000 -0.996979 0.077675
vn 0.000000 -0.923877 0.382689
vn 0.000000 -0.923877 0.382689
vn 0.019519 -0.999658 0.017393
vn 0.000000 -0.382685 0.923879
vn 0.000000 -0.109594 0.993976
vn 0.000000 -0.118606 0.992941
vn 0.000000 -0.382685 0.923879
vn 0.000000 0.109594 0.993976
vn 0.000000 0.382685 0.923879
vn 0.000000 0.382685 0.923879
vn 0.000000 0.118606 0.992941
vn 0.000000 0.923881 0.382681
vn 0.000000 0.996979 0.077673
vn 0.019519 0.999658 0.017393
vn 0.000000 0.923881 0.382681
vn -0.061225 0.998124 0.000000
vn -0.084681 0.993334 -0.078211
vn 0.000000 0.096098 -0.995372
vn 0.000000 -0.096098 -0.995372
vn -0.084683 -0.993334 -0.078213
vn -0.061226 -0.998124 0.000000
vn -0.996006 -0.089282 0.000000
vn -0.994281 -0.106800 0.000000
vn -0.994281 0.106800 0.000000
vn -0.996006 0.089282 0.000000
vn 1.000000 -0.000000 0.000000
vn 1.000000 -0.000000 0.000000
vn 1.000000 -0.000000 0.000000
vn 1.000000 -0.000000 0.000000
vn 1.000000 -0.000000 0.000000
vn 1.000000 -0.000000 0.000000
vn 1.000000 -0.000000 0.000000
vn 1.000000 -0.000000 0.000000
vn 1.000000 -0.000000 0.000000
vn 1.000000 -0.000000 0.000000
vn 1.000000 -0.000000 0.000000
vn 1.000000 -0.000000 0.000000
vn -0.382653 0.923892 0.000000
vn -0.382652 0.923892 0.000000
vn -0.923898 0.382640 0.000000
vn -0.923898 0.382640 0.000000
vn 0.000000 0.382685 -0.923879
vn 0.000000 0.923881 -0.382681
vn -0.923898 -0.382640 0.000000
vn -0.923898 -0.382640 0.000000
vn -0.382661 -0.923889 0.000000
vn -0.382661 -0.923889 0.000000
vn 0.000000 -0.923877 -0.382689
vn 0.000000 -0.382685 -0.923879
vn -0.994140 -0.107655 0.009757
vn -0.917466 -0.089900 0.387522
vn -0.917466 0.089893 0.387525
vn -0.994140 0.107655 0.009757
vn -0.374466 -0.046053 0.926096
vn -0.010567 -0.000788 0.999944
vn -0.010567 0.000788 0.999944
vn -0.374466 0.046051 0.926096
vn -0.001450 -0.019969 0.999800
vn -0.015310 -0.380040 0.924843
vn 0.015310 -0.380038 0.924844
vn 0.001450 -0.019970 0.999800
vn -0.067942 -0.919751 0.386578
vn -0.065215 -0.997828 0.009273
vn 0.068482 -0.997610 0.009184
vn 0.067946 -0.919754 0.386570
vn 0.010568 -0.000788 0.999944
vn 0.374444 -0.046068 0.926104
vn 0.374446 0.046066 0.926104
vn 0.010567 0.000788 0.999944
vn 0.917508 -0.089921 0.387419
vn 0.994022 -0.108749 0.009719
vn 0.994022 0.108749 0.009719
vn 0.917507 0.089918 0.387421
vn 0.001450 0.019970 0.999800
vn 0.015311 0.380055 0.924837
vn -0.015311 0.380057 0.924836
vn -0.001450 0.019969 0.999800
vn 0.067943 0.919745 0.386592
vn 0.068481 0.997610 0.009184
vn -0.065213 0.997828 0.009274
vn -0.067940 0.919742 0.386600
vn 0.992367 -0.123320 0.000000
vn 0.992367 0.123320 0.000000
vn -0.004841 -0.003778 0.999981
vn 0.004841 -0.003778 0.999981
vn 0.004841 0.003778 0.999981
vn -0.004841 0.003778 0.999981
vn -0.382632 0.923842 0.010425
vn -0.923870 0.382629 0.007695
vn -0.923870 -0.382629 0.007695
vn -0.382641 -0.923838 0.010424
vn 0.382699 -0.923873 0.000000
vn 0.382680 -0.923829 0.009834
vn 0.923860 -0.382730 0.000000
vn 0.923834 -0.382719 0.007588
vn 0.923860 0.382730 0.000000
vn 0.923834 0.382719 0.007588
vn 0.382690 0.923877 0.000000
vn 0.382672 0.923832 0.009835
vn -0.206640 -0.297782 0.932001
vn -0.853532 -0.353510 0.382771
vn 0.206644 -0.297752 0.932010
vn 0.353575 -0.853555 0.382661
vn 0.206647 0.297758 0.932007
vn 0.853549 0.353597 0.382653
vn -0.206644 0.297786 0.931999
vn -0.353532 0.853543 0.382726
vn -0.853528 0.353506 0.382784
vn -0.353544 -0.853547 0.382706
vn 0.853553 -0.353598 0.382644
vn 0.353564 0.853550 0.382682
s 1
g group1 DoorHandle1
f 410/478/865 409/500/866 435/509/867 437/472/868
s 2
f 409/500/869 408/485/870 436/473/871 435/509/872
s 3
f 416/481/873 415/503/874 438/511/875 440/474/876
s 1
f 415/503/877 414/486/878 439/475/879 438/511/880
s 3
f 424/487/881 423/506/882 427/507/883 426/482/884
s 5
f 423/505/885 425/476/886 428/541/887 427/539/888
f 430/484/889 429/508/890 433/543/891 432/516/892
s 2
f 429/508/893 431/477/894 434/545/895 433/543/896
f 417/518/897 434/545/895 408/485/870 405/495/898
s 1
f 407/494/899 410/478/865 414/486/878 411/479/900
s 3
f 413/480/901 416/481/873 426/482/884 422/497/902
s 7
f 411/496/903 420/520/904 419/533/905 407/483/906
s 5
f 432/516/892 428/541/887 425/476/886 430/484/889
s 2
f 408/485/870 434/545/895 431/477/894 436/473/871
s 1
f 414/486/878 410/478/865 437/472/868 439/475/879
s 3
f 426/482/884 416/481/873 440/474/876 424/487/881
s off
f 438/512/907 439/488/908 437/489/909 435/510/910 436/490/911 431/491/912 429/508/913 430/484/914 425/476/915 423/505/916 424/492/917 440/493/918
s 2
f 405/495/898 406/498/919 418/531/920 417/518/897
s 7
f 406/499/921 407/483/906 419/533/905 418/531/922
s 1
f 407/494/899 406/498/923 409/500/866 410/478/865
s 2
f 406/498/924 405/495/898 408/485/870 409/500/869
s 7
f 411/496/903 412/502/925 421/535/926 420/520/904
s 3
f 412/501/927 413/480/901 422/497/902 421/504/928
f 413/480/901 412/501/929 415/503/874 416/481/873
s 1
f 412/501/930 411/479/900 414/486/878 415/503/877
s 7
f 443/536/931 442/549/932 445/550/933 444/521/934
s 9
f 442/549/935 441/513/936 446/548/937 445/550/938
f 449/523/939 448/551/940 451/552/941 450/524/942
s 3
f 448/551/943 447/515/944 452/540/945 451/552/946
s 9
f 455/526/947 454/553/948 457/554/949 456/527/950
s 13
f 454/553/951 453/517/952 458/544/953 457/554/954
s 9
f 461/529/955 460/555/956 463/556/957 462/530/958
s 2
f 460/555/959 459/519/960 464/532/961 463/556/962
s 3
f 422/537/902 426/514/884 452/540/945 447/515/944
s 13
f 428/541/963 432/516/964 458/544/953 453/517/952
s 2
f 434/545/895 417/518/897 464/532/961 459/519/960
s 7
f 419/533/905 420/520/904 443/536/931 444/521/934
s 9
f 446/548/937 441/513/936 468/522/965 449/523/939 450/524/942 471/525/966 455/526/947 456/527/950 474/528/967 461/529/955 462/530/958 465/547/968
s 2
f 417/518/897 418/531/920 467/534/969 464/532/961
s 7
f 418/531/922 419/533/905 444/521/934 467/534/970
f 420/520/904 421/535/926 470/538/971 443/536/931
s 3
f 421/535/928 422/537/902 447/515/944 470/538/972
f 426/514/884 427/539/973 473/542/974 452/540/945
s 13
f 427/539/975 428/541/963 453/517/952 473/542/976
f 432/516/964 433/543/977 476/546/978 458/544/953
s 2
f 433/543/979 434/545/895 459/519/960 476/546/980
s 9
f 441/513/936 442/549/935 469/558/981 468/522/965
s 7
f 442/549/932 443/536/931 470/538/971 469/558/982
s 9
f 450/524/942 451/552/941 472/559/983 471/525/966
s 3
f 451/552/946 452/540/945 473/542/974 472/559/984
s 9
f 456/527/950 457/554/949 475/560/985 474/528/967
s 13
f 457/554/954 458/544/953 476/546/978 475/560/986
s 9
f 462/530/958 463/556/957 466/557/987 465/547/968
s 2
f 463/556/962 464/532/961 467/534/969 466/557/988
s 7
f 444/521/934 445/550/933 466/557/989 467/534/970
s 9
f 445/550/938 446/548/937 465/547/968 466/557/987
s 3
f 447/515/944 448/551/943 469/558/990 470/538/972
s 9
f 448/551/940 449/523/939 468/522/965 469/558/981
s 13
f 453/517/952 454/553/951 472/559/991 473/542/976
s 9
f 454/553/948 455/526/947 471/525/966 472/559/983
s 2
f 459/519/960 460/555/959 475/560/992 476/546/980
s 9
f 460/555/956 461/529/955 474/528/967 475/560/985
g default
v 12.043046 1.066908 -2.348931
v 12.043046 4.432440 -2.348931
v 12.043046 6.892086 -2.348931
v 12.043046 11.163507 -2.348931
v 12.043046 11.724428 -2.348931
v 12.043047 1.066908 2.800219
v 12.043047 4.432440 2.800219
v 12.043047 6.892086 2.800219
v 12.043047 11.163507 2.800219
v 12.043047 11.724428 2.800219
v 12.043047 1.266908 -2.148931
v 12.043047 4.232441 -2.148931
v 12.043047 4.232441 2.600219
v 12.043047 1.266908 2.600219
v 12.043047 7.092087 -2.148931
v 12.043047 10.963506 -2.148932
v 12.043048 10.963506 2.600217
v 12.043048 7.092087 2.600217
v 11.979570 1.266908 -2.148933
v 11.979570 4.232441 -2.148933
v 11.979569 4.232441 2.600219
v 11.979569 1.266908 2.600219
v 11.979570 7.092087 -2.148931
v 11.979570 10.963506 -2.148931
v 11.979569 10.963506 2.600219
v 11.979569 7.092087 2.600219
v 11.979570 1.466908 -1.948931
v 11.979570 4.032441 -1.948931
v 11.979569 4.032441 2.400218
v 11.979569 1.466908 2.400218
v 11.979569 7.292086 -1.948931
v 11.979569 10.763507 -1.948931
v 11.979569 10.763507 2.400218
v 11.979569 7.292086 2.400218
v 11.925755 1.466908 -1.948931
v 11.925755 4.032441 -1.948931
v 11.925755 4.032441 2.400218
v 11.925755 1.466908 2.400218
v 11.925755 7.292086 -1.948931
v 11.925755 10.763507 -1.948931
v 11.925755 10.763507 2.400218
v 11.925755 7.292086 2.400218
v 12.043047 1.066908 2.923802
v 12.028803 1.066908 2.954694
v 12.043047 4.432440 2.923802
v 12.028803 4.432440 2.954694
v 12.043048 6.892086 2.923802
v 12.028804 6.892086 2.954693
v 12.043047 11.163507 2.923802
v 12.028803 11.163507 2.954694
v 12.043048 11.724428 2.923802
v 12.028804 11.724428 2.954693
v 12.043047 11.861815 2.923802
v 12.028803 11.892706 2.954693
v 12.043047 11.861815 2.800219
v 12.028803 11.892706 2.800218
v 12.043046 11.861815 -2.348931
v 12.028803 11.892706 -2.348931
v 12.043046 11.861815 -2.472513
v 12.028803 11.892706 -2.503406
v 12.043047 11.724428 -2.472515
v 12.028803 11.724428 -2.503407
v 12.043047 11.163507 -2.472515
v 12.028803 11.163507 -2.503407
v 12.043047 6.892086 -2.472515
v 12.028804 6.892086 -2.503407
v 12.043048 4.432440 -2.472516
v 12.028804 4.432440 -2.503407
v 12.043048 1.066908 -2.472516
v 12.028804 1.066908 -2.503407
v 12.043046 0.929523 -2.472513
v 12.028803 0.898631 -2.503406
v 12.043047 0.929523 2.923801
v 12.028803 0.898631 2.954692
v 12.043047 0.929523 -2.348932
v 12.028803 0.898631 -2.348931
v 12.043047 0.929523 2.800220
v 12.028803 0.898631 2.800219
v 11.692352 1.066908 -2.348930
v 11.692352 4.432440 -2.348930
v 11.692352 6.892086 -2.348930
v 11.692352 11.163507 -2.348930
v 11.692352 11.724428 -2.348931
v 11.692354 1.066908 2.800219
v 11.692354 4.432440 2.800219
v 11.692354 6.892086 2.800219
v 11.692354 11.163507 2.800219
v 11.692354 11.724428 2.800219
v 11.692353 1.266908 -2.148932
v 11.692353 4.232441 -2.148931
v 11.692352 4.232441 2.600219
v 11.692353 1.266908 2.600220
v 11.692353 7.092087 -2.148930
v 11.692353 10.963506 -2.148930
v 11.692353 10.963506 2.600217
v 11.692353 7.092087 2.600217
v 11.755835 1.266908 -2.148931
v 11.755835 4.232441 -2.148931
v 11.755835 4.232441 2.600219
v 11.755835 1.266908 2.600219
v 11.755835 7.092087 -2.148931
v 11.755835 10.963506 -2.148931
v 11.755835 10.963506 2.600219
v 11.755835 7.092087 2.600219
v 11.755837 1.466908 -1.948931
v 11.755837 4.032441 -1.948931
v 11.755837 4.032441 2.400219
v 11.755837 1.466908 2.400219
v 11.755837 7.292086 -1.948931
v 11.755837 10.763507 -1.948931
v 11.755837 10.763507 2.400219
v 11.755837 7.292086 2.400219
v 11.809645 1.466908 -1.948931
v 11.809645 4.032441 -1.948931
v 11.809645 4.032441 2.400219
v 11.809645 1.466908 2.400219
v 11.809645 7.292086 -1.948931
v 11.809645 10.763507 -1.948931
v 11.809645 10.763507 2.400219
v 11.809645 7.292086 2.400219
v 11.692352 1.066908 2.923802
v 11.706602 1.066908 2.954693
v 11.692352 4.432440 2.923802
v 11.706602 4.432440 2.954693
v 11.692352 6.892086 2.923802
v 11.706602 6.892086 2.954693
v 11.692352 11.163507 2.923802
v 11.706602 11.163507 2.954693
v 11.692352 11.724428 2.923802
v 11.706602 11.724428 2.954693
v 11.692352 11.861815 2.923802
v 11.706602 11.892706 2.954693
v 11.692353 11.861815 2.800219
v 11.706602 11.892706 2.800219
v 11.692350 11.861815 -2.348931
v 11.706602 11.892706 -2.348931
v 11.692350 11.861815 -2.472514
v 11.706602 11.892706 -2.503405
v 11.692350 11.724428 -2.472514
v 11.706602 11.724428 -2.503405
v 11.692350 11.163507 -2.472514
v 11.706602 11.163507 -2.503405
v 11.692350 6.892086 -2.472514
v 11.706602 6.892086 -2.503405
v 11.692350 4.432440 -2.472514
v 11.706602 4.432440 -2.503405
v 11.692350 1.066908 -2.472514
v 11.706602 1.066908 -2.503405
v 11.692350 0.929523 -2.472514
v 11.706602 0.898631 -2.503405
v 11.692352 0.929523 2.923802
v 11.706602 0.898631 2.954693
v 11.692350 0.929523 -2.348931
v 11.706602 0.898631 -2.348931
v 11.692353 0.929523 2.800219
v 11.706602 0.898631 2.800219
vt 0.474370 0.741690
vt 0.474370 0.691828
vt 0.525236 0.691828
vt 0.525236 0.741690
vt 0.474370 0.650277
vt 0.474370 0.592105
vt 0.525236 0.592105
vt 0.525236 0.650277
vt 0.474370 0.741690
vt 0.474370 0.691828
vt 0.525236 0.691828
vt 0.525236 0.741690
vt 0.474370 0.650277
vt 0.474370 0.592105
vt 0.525236 0.592105
vt 0.525236 0.650277
vt 0.474370 0.741690
vt 0.474370 0.691828
vt 0.525236 0.691828
vt 0.525236 0.741690
vt 0.474370 0.650277
vt 0.474370 0.592105
vt 0.525236 0.592105
vt 0.525236 0.650277
vt 0.474370 0.741690
vt 0.474370 0.691828
vt 0.525236 0.691828
vt 0.525236 0.741690
vt 0.474370 0.650277
vt 0.474370 0.592105
vt 0.525236 0.592105
vt 0.525236 0.650277
vt 0.526457 0.581759
vt 0.473149 0.581759
vt 0.473149 0.743725
vt 0.525236 0.691828
vt 0.526457 0.741690
vt 0.525236 0.650277
vt 0.526457 0.691828
vt 0.525236 0.592105
vt 0.526457 0.650277
vt 0.526457 0.592105
vt 0.526457 0.583795
vt 0.525236 0.583795
vt 0.525236 0.581759
vt 0.474370 0.581759
vt 0.474370 0.583795
vt 0.474370 0.592105
vt 0.473149 0.583795
vt 0.473149 0.592105
vt 0.474370 0.650277
vt 0.473149 0.650277
vt 0.474370 0.691828
vt 0.473149 0.691828
vt 0.474370 0.741690
vt 0.473149 0.741690
vt 0.525236 0.741690
vt 0.474370 0.743725
vt 0.526457 0.743725
vt 0.525236 0.743725
vt 0.526762 0.557973
vt 0.526762 0.606999
vt 0.526762 0.642018
vt 0.474370 0.548868
vt 0.525236 0.548868
vt 0.526762 0.548868
vt 0.526762 0.550969
vt 0.472844 0.548868
vt 0.526762 0.684040
vt 0.526762 0.686141
vt 0.525236 0.686141
vt 0.474370 0.686141
vt 0.472844 0.686141
vt 0.472844 0.684040
vt 0.472844 0.642018
vt 0.472844 0.606999
vt 0.472844 0.557973
vt 0.472844 0.550969
vt 0.474370 0.741690
vt 0.474370 0.691828
vt 0.525236 0.691828
vt 0.525236 0.741690
vt 0.474370 0.691828
vt 0.474370 0.650277
vt 0.525236 0.650277
vt 0.525236 0.691828
vt 0.474370 0.650277
vt 0.474370 0.592105
vt 0.525236 0.592105
vt 0.525236 0.650277
vt 0.474370 0.583795
vt 0.525236 0.583795
vt 0.525236 0.592105
vt 0.474370 0.592105
vt 0.474370 0.741690
vt 0.474370 0.691828
vt 0.474370 0.741690
vt 0.525236 0.691828
vt 0.525236 0.741690
vt 0.525236 0.741690
vt 0.474370 0.592105
vt 0.474370 0.650277
vt 0.525236 0.592105
vt 0.525236 0.650277
vt 0.474370 0.691828
vt 0.474370 0.741690
vt 0.525236 0.691828
vt 0.525236 0.741690
vt 0.525236 0.592105
vt 0.474370 0.592105
vt 0.525236 0.650277
vt 0.474370 0.650277
vt 0.474370 0.691828
vt 0.474370 0.741690
vt 0.525236 0.691828
vt 0.525236 0.741690
vt 0.474370 0.592105
vt 0.474370 0.650277
vt 0.525236 0.592105
vt 0.525236 0.650277
vt 0.526457 0.741690
vt 0.526762 0.684040
vt 0.526762 0.686141
vt 0.526457 0.743725
vt 0.526457 0.691828
vt 0.526762 0.642018
vt 0.526457 0.650277
vt 0.526762 0.606999
vt 0.526457 0.592105
vt 0.526762 0.557973
vt 0.526457 0.583795
vt 0.526762 0.550969
vt 0.526457 0.581759
vt 0.526762 0.548868
vt 0.525236 0.581759
vt 0.525236 0.548868
vt 0.474370 0.581759
vt 0.474370 0.548868
vt 0.473149 0.581759
vt 0.472844 0.548868
vt 0.473149 0.583795
vt 0.472844 0.550969
vt 0.473149 0.592105
vt 0.472844 0.557973
vt 0.473149 0.650277
vt 0.472844 0.606999
vt 0.473149 0.691828
vt 0.472844 0.642018
vt 0.473149 0.741690
vt 0.472844 0.684040
vt 0.473149 0.743725
vt 0.472844 0.686141
vt 0.474370 0.743725
vt 0.474370 0.686141
vt 0.525236 0.686141
vt 0.525236 0.743725
vn 1.000000 0.000000 -0.000000
vn 1.000000 0.000000 -0.000000
vn 1.000000 0.000000 -0.000000
vn 1.000000 0.000000 -0.000000
vn 1.000000 0.000000 0.000000
vn 1.000000 -0.000000 0.000000
vn 1.000000 -0.000000 -0.000000
vn 1.000000 0.000000 -0.000000
vn 1.000000 0.000000 0.000000
vn 1.000000 0.000000 0.000000
vn 1.000000 0.000000 0.000000
vn 1.000000 0.000000 0.000000
vn 1.000000 0.000000 0.000000
vn 1.000000 0.000000 -0.000000
vn 1.000000 0.000001 -0.000000
vn 1.000000 0.000001 0.000000
vn 1.000000 0.000000 0.000001
vn 1.000000 0.000002 -0.000002
vn 1.000000 -0.000002 -0.000002
vn 1.000000 0.000002 0.000001
vn 1.000000 0.000000 0.000000
vn 1.000000 -0.000002 0.000001
vn 1.000000 0.000003 -0.000002
vn 1.000000 -0.000002 -0.000002
vn 1.000000 0.000003 0.000002
vn 1.000000 -0.000002 0.000002
vn -0.000025 0.000000 1.000000
vn -0.000025 0.000000 1.000000
vn -0.000025 0.000000 1.000000
vn -0.000025 0.000000 1.000000
vn -0.000005 -1.000000 0.000000
vn -0.000005 -1.000000 0.000000
vn -0.000005 -1.000000 0.000000
vn -0.000005 -1.000000 0.000000
vn -0.000010 0.000000 -1.000000
vn -0.000010 0.000000 -1.000000
vn -0.000010 0.000000 -1.000000
vn -0.000010 0.000000 -1.000000
vn 0.000000 1.000000 0.000000
vn 0.000000 1.000000 0.000000
vn 0.000000 1.000000 0.000000
vn 0.000000 1.000000 0.000000
vn 0.000003 -1.000000 0.000000
vn 0.000003 -1.000000 0.000000
vn 0.000003 -1.000000 0.000000
vn 0.000003 -1.000000 0.000000
vn -0.000030 0.000000 -1.000000
vn -0.000030 0.000000 -1.000000
vn -0.000030 0.000000 -1.000000
vn -0.000030 0.000000 -1.000000
vn -0.000005 1.000000 0.000000
vn -0.000005 1.000000 0.000000
vn -0.000005 1.000000 0.000000
vn -0.000005 1.000000 0.000000
vn 1.000000 0.000000 0.000001
vn 1.000000 -0.000000 0.000001
vn 1.000000 -0.000000 0.000001
vn 1.000000 0.000000 0.000001
vn 1.000000 -0.000000 0.000000
vn 1.000000 -0.000000 0.000000
vn 1.000000 0.000000 0.000000
vn 1.000000 0.000000 0.000000
vn 1.000000 0.000000 0.000001
vn 1.000000 -0.000000 0.000001
vn 1.000000 -0.000000 0.000001
vn 1.000000 0.000000 0.000001
vn 1.000000 -0.000000 0.000000
vn 1.000000 -0.000000 0.000000
vn 1.000000 0.000000 0.000000
vn 1.000000 0.000000 0.000000
vn 0.000003 0.000000 1.000000
vn 0.000003 0.000000 1.000000
vn 0.000003 0.000000 1.000000
vn 0.000003 0.000000 1.000000
vn 0.000002 -1.000000 0.000000
vn 0.000002 -1.000000 0.000000
vn 0.000002 -1.000000 0.000000
vn 0.000002 -1.000000 0.000000
vn -0.000003 0.000000 -1.000000
vn -0.000003 0.000000 -1.000000
vn -0.000003 0.000000 -1.000000
vn -0.000003 0.000000 -1.000000
vn -0.000000 1.000000 0.000000
vn -0.000000 1.000000 0.000000
vn -0.000000 1.000000 0.000000
vn -0.000000 1.000000 0.000000
vn 0.000015 0.000000 1.000000
vn 0.000015 0.000000 1.000000
vn 0.000015 0.000000 1.000000
vn 0.000015 0.000000 1.000000
vn -0.000004 -1.000000 0.000000
vn -0.000004 -1.000000 0.000000
vn -0.000004 -1.000000 0.000000
vn -0.000004 -1.000000 0.000000
vn -0.000003 0.000000 -1.000000
vn -0.000003 0.000000 -1.000000
vn -0.000003 0.000000 -1.000000
vn -0.000003 0.000000 -1.000000
vn 0.000003 1.000000 0.000000
vn 0.000003 1.000000 0.000000
vn 0.000003 1.000000 0.000000
vn 0.000003 1.000000 0.000000
vn 0.908113 -0.000000 0.418726
vn 0.908113 -0.000000 0.418726
vn 0.908113 -0.000004 0.418725
vn 0.908113 -0.000004 0.418725
vn 0.908113 -0.000000 0.418725
vn 0.908113 -0.000000 0.418725
vn 0.908113 0.000000 0.418725
vn 0.908113 -0.000000 0.418725
vn 0.908113 -0.000000 0.418726
vn 0.908113 0.000000 0.418726
vn 0.908114 -0.000000 0.418724
vn 0.908114 -0.000000 0.418724
vn 0.908115 0.000007 0.418720
vn 0.908115 0.000007 0.418720
vn 0.908113 0.418724 -0.000001
vn 0.908113 0.418724 -0.000001
vn 0.908113 0.418724 -0.000000
vn 0.908113 0.418724 -0.000000
vn 0.908114 0.418724 -0.000000
vn 0.908113 0.418724 -0.000000
vn 0.908116 0.418718 -0.000001
vn 0.908116 0.418718 -0.000001
vn 0.908120 0.000006 -0.418711
vn 0.908120 0.000006 -0.418711
vn 0.908113 0.000001 -0.418726
vn 0.908113 0.000001 -0.418726
vn 0.908115 0.000000 -0.418722
vn 0.908115 0.000000 -0.418722
vn 0.908116 0.000000 -0.418719
vn 0.908116 0.000000 -0.418719
vn 0.908116 0.000000 -0.418719
vn 0.908116 0.000000 -0.418719
vn 0.908115 -0.000000 -0.418722
vn 0.908115 -0.000000 -0.418722
vn 0.908121 -0.000010 -0.418708
vn 0.908121 -0.000010 -0.418708
vn 0.908117 -0.418717 -0.000003
vn 0.908117 -0.418717 -0.000003
vn 0.908112 -0.418728 -0.000000
vn 0.908112 -0.418728 0.000000
vn 0.908114 -0.418723 -0.000003
vn 0.908114 -0.418723 -0.000003
vn 0.908112 -0.418728 -0.000000
vn 0.908112 -0.418728 -0.000000
vn 1.000000 -0.000000 -0.000003
vn 1.000000 0.000000 -0.000002
vn 1.000000 0.000000 -0.000005
vn 1.000000 0.000000 -0.000005
vn 1.000000 0.000000 -0.000005
vn 1.000000 0.000000 -0.000000
vn 1.000000 0.000005 -0.000006
vn 1.000000 0.000000 0.000000
vn 1.000000 0.000001 0.000007
vn 1.000000 0.000003 0.000003
vn 1.000000 0.000000 0.000007
vn 1.000000 0.000000 0.000008
vn 1.000000 0.000000 0.000009
vn 1.000000 -0.000000 0.000009
vn 1.000000 0.000004 0.000000
vn 1.000000 -0.000001 0.000001
vn 1.000000 0.000004 -0.000000
vn 1.000000 -0.000000 -0.000002
vn -1.000000 0.000000 0.000000
vn -1.000000 0.000000 0.000000
vn -1.000000 0.000000 0.000000
vn -1.000000 0.000000 0.000000
vn -1.000000 0.000000 0.000001
vn -1.000000 0.000000 -0.000000
vn -1.000000 0.000000 -0.000001
vn -1.000000 0.000000 0.000001
vn -1.000000 0.000000 0.000000
vn -1.000000 0.000000 0.000000
vn -1.000000 0.000000 0.000000
vn -1.000000 0.000000 0.000000
vn -1.000000 -0.000002 0.000001
vn -1.000000 0.000000 0.000003
vn -1.000000 0.000000 -0.000002
vn -1.000000 -0.000002 0.000000
vn -1.000000 0.000004 0.000004
vn -1.000000 0.000000 0.000002
vn -1.000000 0.000001 0.000002
vn -1.000000 0.000001 0.000003
vn -1.000000 0.000000 0.000003
vn -1.000000 0.000004 -0.000003
vn -1.000000 0.000001 0.000003
vn -1.000000 -0.000000 0.000003
vn -1.000000 -0.000000 0.000002
vn -1.000000 0.000001 0.000002
vn -0.000005 -0.000000 1.000000
vn -0.000005 -0.000000 1.000000
vn -0.000005 -0.000000 1.000000
vn -0.000005 -0.000000 1.000000
vn 0.000000 -1.000000 0.000000
vn 0.000000 -1.000000 0.000000
vn 0.000000 -1.000000 0.000000
vn 0.000000 -1.000000 0.000000
vn -0.000006 -0.000000 -1.000000
vn -0.000006 -0.000000 -1.000000
vn -0.000006 -0.000000 -1.000000
vn -0.000006 -0.000000 -1.000000
vn -0.000000 1.000000 0.000000
vn -0.000000 1.000000 0.000000
vn -0.000000 1.000000 0.000000
vn -0.000000 1.000000 0.000000
vn 0.000011 -1.000000 0.000000
vn 0.000011 -1.000000 0.000000
vn 0.000011 -1.000000 0.000000
vn 0.000011 -1.000000 0.000000
vn 0.000025 0.000000 -1.000000
vn 0.000025 0.000000 -1.000000
vn 0.000025 0.000000 -1.000000
vn 0.000025 0.000000 -1.000000
vn -0.000011 1.000000 0.000000
vn -0.000011 1.000000 0.000000
vn -0.000011 1.000000 0.000000
vn -0.000011 1.000000 0.000000
vn -1.000000 0.000004 0.000003
vn -1.000000 0.000004 0.000003
vn -1.000000 -0.000004 0.000003
vn -1.000000 -0.000004 0.000003
vn -1.000000 -0.000004 -0.000003
vn -1.000000 -0.000004 -0.000003
vn -1.000000 0.000004 -0.000003
vn -1.000000 0.000004 -0.000003
vn -1.000000 0.000004 0.000004
vn -1.000000 0.000004 0.000004
vn -1.000000 -0.000004 0.000004
vn -1.000000 -0.000004 0.000004
vn -1.000000 -0.000004 -0.000003
vn -1.000000 -0.000004 -0.000003
vn -1.000000 0.000004 -0.000003
vn -1.000000 0.000004 -0.000003
vn 0.000000 0.000000 1.000000
vn 0.000000 0.000000 1.000000
vn 0.000000 0.000000 1.000000
vn 0.000000 0.000000 1.000000
vn 0.000000 -1.000000 0.000000
vn 0.000000 -1.000000 0.000000
vn 0.000000 -1.000000 0.000000
vn 0.000000 -1.000000 0.000000
vn -0.000000 0.000000 -1.000000
vn -0.000000 0.000000 -1.000000
vn -0.000000 0.000000 -1.000000
vn -0.000000 0.000000 -1.000000
vn 0.000000 1.000000 0.000000
vn 0.000000 1.000000 0.000000
vn 0.000000 1.000000 0.000000
vn 0.000000 1.000000 0.000000
vn 0.000000 0.000000 1.000000
vn 0.000000 0.000000 1.000000
vn 0.000000 0.000000 1.000000
vn 0.000000 0.000000 1.000000
vn 0.000000 -1.000000 0.000000
vn 0.000000 -1.000000 0.000000
vn 0.000000 -1.000000 0.000000
vn 0.000000 -1.000000 0.000000
vn -0.000000 0.000000 -1.000000
vn -0.000000 0.000000 -1.000000
vn -0.000000 0.000000 -1.000000
vn -0.000000 0.000000 -1.000000
vn 0.000000 1.000000 0.000000
vn 0.000000 1.000000 0.000000
vn 0.000000 1.000000 0.000000
vn 0.000000 1.000000 0.000000
vn -0.908046 0.000000 0.418871
vn -0.908044 0.000000 0.418876
vn -0.908044 0.000000 0.418876
vn -0.908046 0.000000 0.418871
vn -0.908046 0.000000 0.418870
vn -0.908046 0.000000 0.418870
vn -0.908046 0.000000 0.418871
vn -0.908046 0.000000 0.418871
vn -0.908045 0.000000 0.418872
vn -0.908045 0.000000 0.418872
vn -0.908046 0.000000 0.418871
vn -0.908046 0.000000 0.418871
vn -0.908045 0.000000 0.418873
vn -0.908045 0.000000 0.418873
vn -0.908045 0.418873 -0.000003
vn -0.908036 0.418892 0.000000
vn -0.908036 0.418892 0.000000
vn -0.908045 0.418873 -0.000003
vn -0.908035 0.418893 0.000000
vn -0.908036 0.418893 0.000000
vn -0.908021 0.418925 0.000000
vn -0.908021 0.418925 0.000000
vn -0.908025 0.000000 -0.418915
vn -0.908026 0.000000 -0.418915
vn -0.908026 0.000000 -0.418915
vn -0.908025 0.000000 -0.418915
vn -0.908026 0.000000 -0.418913
vn -0.908026 0.000000 -0.418913
vn -0.908026 0.000000 -0.418913
vn -0.908026 0.000000 -0.418913
vn -0.908027 0.000000 -0.418912
vn -0.908027 0.000000 -0.418912
vn -0.908027 0.000000 -0.418911
vn -0.908027 0.000000 -0.418911
vn -0.908025 0.000000 -0.418916
vn -0.908025 0.000000 -0.418916
vn -0.908027 -0.418911 0.000000
vn -0.908042 -0.418879 0.000000
vn -0.908042 -0.418879 0.000000
vn -0.908027 -0.418911 0.000000
vn -0.908053 -0.418856 -0.000003
vn -0.908043 -0.418877 0.000000
vn -0.908043 -0.418877 0.000000
vn -0.908053 -0.418856 -0.000003
vn -1.000000 0.000000 -0.000018
vn -1.000000 0.000000 -0.000018
vn -1.000000 0.000000 -0.000018
vn -1.000000 0.000000 -0.000018
vn -1.000000 -0.000001 -0.000017
vn -1.000000 -0.000012 0.000000
vn -1.000000 -0.000005 -0.000013
vn -1.000000 -0.000013 0.000001
vn -1.000000 -0.000001 0.000015
vn -1.000000 -0.000008 0.000009
vn -1.000000 0.000000 0.000015
vn -1.000000 0.000000 0.000015
vn -1.000000 0.000000 0.000015
vn -1.000000 0.000000 0.000015
vn -1.000000 0.000007 0.000008
vn -1.000000 0.000011 0.000001
vn -1.000000 0.000011 0.000000
vn -1.000000 0.000005 -0.000013
vn 0.000001 -0.000007 1.000000
vn 0.000001 -0.000007 1.000000
vn 0.000001 -0.000007 1.000000
vn 0.000001 -0.000007 1.000000
vn -0.000001 0.000000 1.000000
vn -0.000001 0.000000 1.000000
vn -0.000001 0.000000 1.000000
vn -0.000001 0.000000 1.000000
vn -0.000001 0.000000 1.000000
vn -0.000001 0.000000 1.000000
vn -0.000001 0.000000 1.000000
vn -0.000001 0.000000 1.000000
vn -0.000001 0.000000 1.000000
vn -0.000001 0.000000 1.000000
vn -0.000001 0.000000 1.000000
vn -0.000001 0.000000 1.000000
vn -0.000001 0.000000 1.000000
vn -0.000001 0.000000 1.000000
vn -0.000001 0.000000 1.000000
vn -0.000001 0.000000 1.000000
vn -0.000000 0.000002 1.000000
vn -0.000000 0.000002 1.000000
vn -0.000000 0.000002 1.000000
vn -0.000000 0.000002 1.000000
vn 0.000001 1.000000 0.000000
vn 0.000001 1.000000 0.000000
vn 0.000001 1.000000 0.000000
vn 0.000001 1.000000 0.000000
vn 0.000004 1.000000 0.000000
vn 0.000004 1.000000 0.000000
vn 0.000004 1.000000 0.000000
vn 0.000004 1.000000 0.000000
vn 0.000000 1.000000 0.000000
vn 0.000000 1.000000 0.000000
vn 0.000000 1.000000 0.000000
vn 0.000000 1.000000 0.000000
vn -0.000002 0.000004 -1.000000
vn -0.000002 0.000004 -1.000000
vn -0.000002 0.000004 -1.000000
vn -0.000002 0.000004 -1.000000
vn -0.000004 0.000000 -1.000000
vn -0.000004 0.000000 -1.000000
vn -0.000004 0.000000 -1.000000
vn -0.000004 0.000000 -1.000000
vn -0.000005 0.000000 -1.000000
vn -0.000005 0.000000 -1.000000
vn -0.000005 0.000000 -1.000000
vn -0.000005 0.000000 -1.000000
vn -0.000006 0.000000 -1.000000
vn -0.000006 0.000000 -1.000000
vn -0.000006 0.000000 -1.000000
vn -0.000006 0.000000 -1.000000
vn -0.000006 0.000000 -1.000000
vn -0.000006 0.000000 -1.000000
vn -0.000006 0.000000 -1.000000
vn -0.000006 0.000000 -1.000000
vn -0.000003 -0.000006 -1.000000
vn -0.000003 -0.000006 -1.000000
vn -0.000003 -0.000006 -1.000000
vn -0.000003 -0.000006 -1.000000
vn 0.000000 -1.000000 0.000000
vn 0.000000 -1.000000 0.000000
vn 0.000000 -1.000000 0.000000
vn 0.000000 -1.000000 0.000000
vn 0.000000 -1.000000 0.000000
vn 0.000000 -1.000000 0.000000
vn 0.000000 -1.000000 0.000000
vn 0.000000 -1.000000 0.000000
vn 0.000000 -1.000000 0.000000
vn 0.000000 -1.000000 0.000000
vn 0.000000 -1.000000 0.000000
vn 0.000000 -1.000000 0.000000
s off
g group1 pasted__DoorReal
f 511/585/993 512/586/994 513/587/995 514/588/996
s 1
f 478/613/997 479/611/998 484/598/999 483/596/1000
s off
f 515/589/1001 516/590/1002 517/591/1003 518/592/1004
s 1
f 481/607/1005 486/604/1006 485/600/1007 480/608/1008
f 477/615/1009 478/613/997 488/562/1010 487/561/1011
f 478/613/997 483/596/1000 489/563/1012 488/562/1010
f 483/596/1000 482/617/1013 490/564/1014 489/563/1012
f 482/617/1013 477/615/1009 487/561/1011 490/564/1014
f 479/611/998 480/608/1008 492/566/1015 491/565/1016
f 480/608/1008 485/600/1007 493/567/1017 492/566/1015
f 485/600/1007 484/598/999 494/568/1018 493/567/1017
f 484/598/999 479/611/998 491/565/1016 494/568/1018
s off
f 487/561/1019 488/562/1020 496/570/1021 495/569/1022
f 488/562/1023 489/563/1024 497/571/1025 496/570/1026
f 489/563/1027 490/564/1028 498/572/1029 497/571/1030
f 490/564/1031 487/561/1032 495/569/1033 498/572/1034
f 492/566/1035 493/567/1036 501/575/1037 500/574/1038
f 493/567/1039 494/568/1040 502/576/1041 501/575/1042
f 494/568/1043 491/565/1044 499/573/1045 502/576/1046
s 5
f 495/569/1047 496/570/1048 504/578/1049 503/577/1050
f 496/570/1048 497/571/1051 505/579/1052 504/578/1049
f 497/571/1051 498/572/1053 506/580/1054 505/579/1052
f 498/572/1053 495/569/1047 503/577/1050 506/580/1054
s 6
f 499/573/1055 500/574/1056 508/582/1057 507/581/1058
f 500/574/1056 501/575/1059 509/583/1060 508/582/1057
f 501/575/1059 502/576/1061 510/584/1062 509/583/1060
f 502/576/1061 499/573/1055 507/581/1058 510/584/1062
s off
f 503/577/1063 504/578/1064 512/586/1065 511/585/1066
f 504/578/1067 505/579/1068 513/587/1069 512/586/1070
f 505/579/1071 506/580/1072 514/588/1073 513/587/1074
f 506/580/1075 503/577/1076 511/585/1077 514/588/1078
f 507/581/1079 508/582/1080 516/590/1081 515/589/1082
f 508/582/1083 509/583/1084 517/591/1085 516/590/1086
f 509/583/1087 510/584/1088 518/592/1089 517/591/1090
f 510/584/1091 507/581/1092 515/589/1093 518/592/1094
s 7
f 519/597/1095 520/629/1096 550/630/1097 549/619/1098
f 520/629/1096 519/597/1095 521/599/1099 522/623/1100
f 522/623/1100 521/599/1099 523/601/1101 524/622/1102
f 524/622/1102 523/601/1101 525/602/1103 526/621/1104
f 526/621/1104 525/602/1103 527/603/1105 528/627/1106
f 528/627/1106 527/603/1105 529/593/1107 530/626/1108
s 8
f 530/626/1109 529/593/1110 531/605/1111 532/625/1112
f 532/625/1112 531/605/1111 533/606/1113 534/624/1114
f 534/624/1114 533/606/1113 535/594/1115 536/628/1116
s 9
f 536/628/1117 535/594/1118 537/609/1119 538/638/1120
f 538/638/1120 537/609/1119 539/610/1121 540/637/1122
f 540/637/1122 539/610/1121 541/612/1123 542/636/1124
f 542/636/1124 541/612/1123 543/614/1125 544/635/1126
f 544/635/1126 543/614/1125 545/616/1127 546/634/1128
f 546/634/1128 545/616/1127 547/595/1129 548/633/1130
s 10
f 548/633/1131 547/595/1132 551/618/1133 552/632/1134
f 549/619/1135 550/630/1136 554/631/1137 553/620/1138
f 552/632/1134 551/618/1133 553/620/1138 554/631/1137
s 1
f 482/617/1013 483/596/1000 521/599/1139 519/597/1140
f 483/596/1000 484/598/999 523/601/1141 521/599/1139
f 484/598/999 485/600/1007 525/602/1142 523/601/1141
f 527/603/1143 525/602/1142 485/600/1007 486/604/1006
f 531/605/1144 529/593/1145 527/603/1143 486/604/1006
f 533/606/1146 531/605/1144 486/604/1006 481/607/1005
f 537/609/1147 535/594/1148 533/606/1146 481/607/1005
f 481/607/1005 480/608/1008 539/610/1149 537/609/1147
f 541/612/1150 539/610/1149 480/608/1008 479/611/998
f 543/614/1151 541/612/1150 479/611/998 478/613/997
f 545/616/1152 543/614/1151 478/613/997 477/615/1009
f 477/615/1009 551/618/1153 547/595/1154 545/616/1152
f 477/615/1009 482/617/1013 553/620/1155 551/618/1153
f 519/597/1140 549/619/1156 553/620/1155 482/617/1013
s off
f 589/639/1157 592/642/1158 591/641/1159 590/640/1160
s 11
f 556/643/1161 561/646/1162 562/645/1163 557/644/1164
s off
f 593/647/1165 596/650/1166 595/649/1167 594/648/1168
s 11
f 559/651/1169 558/654/1170 563/653/1171 564/652/1172
f 555/655/1173 565/657/1174 566/656/1175 556/643/1161
f 556/643/1161 566/656/1175 567/658/1176 561/646/1162
f 561/646/1162 567/658/1176 568/660/1177 560/659/1178
f 560/659/1178 568/660/1177 565/657/1174 555/655/1173
f 557/644/1164 569/662/1179 570/661/1180 558/654/1170
f 558/654/1170 570/661/1180 571/663/1181 563/653/1171
f 563/653/1171 571/663/1181 572/664/1182 562/645/1163
f 562/645/1163 572/664/1182 569/662/1179 557/644/1164
s off
f 565/657/1183 573/666/1184 574/665/1185 566/656/1186
f 566/656/1187 574/665/1188 575/667/1189 567/658/1190
f 567/658/1191 575/667/1192 576/668/1193 568/660/1194
f 568/660/1195 576/668/1196 573/666/1197 565/657/1198
f 570/661/1199 578/670/1200 579/669/1201 571/663/1202
f 571/663/1203 579/669/1204 580/671/1205 572/664/1206
f 572/664/1207 580/671/1208 577/672/1209 569/662/1210
s 14
f 573/666/1211 581/674/1212 582/673/1213 574/665/1214
f 574/665/1214 582/673/1213 583/675/1215 575/667/1216
f 575/667/1216 583/675/1215 584/676/1217 576/668/1218
f 576/668/1218 584/676/1217 581/674/1212 573/666/1211
s 15
f 577/672/1219 585/678/1220 586/677/1221 578/670/1222
f 578/670/1222 586/677/1221 587/679/1223 579/669/1224
f 579/669/1224 587/679/1223 588/680/1225 580/671/1226
f 580/671/1226 588/680/1225 585/678/1220 577/672/1219
s off
f 581/674/1227 589/639/1228 590/640/1229 582/673/1230
f 582/673/1231 590/640/1232 591/641/1233 583/675/1234
f 583/675/1235 591/641/1236 592/642/1237 584/676/1238
f 584/676/1239 592/642/1240 589/639/1241 581/674/1242
f 585/678/1243 593/647/1244 594/648/1245 586/677/1246
f 586/677/1247 594/648/1248 595/649/1249 587/679/1250
f 587/679/1251 595/649/1252 596/650/1253 588/680/1254
f 588/680/1255 596/650/1256 593/647/1257 585/678/1258
s 16
f 597/681/1259 627/684/1260 628/683/1261 598/682/1262
f 598/682/1262 600/686/1263 599/685/1264 597/681/1259
f 600/686/1263 602/688/1265 601/687/1266 599/685/1264
f 602/688/1265 604/690/1267 603/689/1268 601/687/1266
f 604/690/1267 606/692/1269 605/691/1270 603/689/1268
f 606/692/1269 608/694/1271 607/693/1272 605/691/1270
s 17
f 608/694/1273 610/696/1274 609/695/1275 607/693/1276
f 610/696/1274 612/698/1277 611/697/1278 609/695/1275
f 612/698/1277 614/700/1279 613/699/1280 611/697/1278
s 18
f 614/700/1281 616/702/1282 615/701/1283 613/699/1284
f 616/702/1282 618/704/1285 617/703/1286 615/701/1283
f 618/704/1285 620/706/1287 619/705/1288 617/703/1286
f 620/706/1287 622/708/1289 621/707/1290 619/705/1288
f 622/708/1289 624/710/1291 623/709/1292 621/707/1290
f 624/710/1291 626/712/1293 625/711/1294 623/709/1292
s 19
f 626/712/1295 630/714/1296 629/713/1297 625/711/1298
f 627/684/1299 631/716/1300 632/715/1301 628/683/1302
f 630/714/1296 632/715/1301 631/716/1300 629/713/1297
s 11
f 560/659/1178 597/681/1303 599/685/1304 561/646/1162
f 561/646/1162 599/685/1304 601/687/1305 562/645/1163
f 562/645/1163 601/687/1305 603/689/1306 563/653/1171
f 605/691/1307 564/652/1172 563/653/1171 603/689/1306
f 609/695/1308 564/652/1172 605/691/1307 607/693/1309
f 611/697/1310 559/651/1169 564/652/1172 609/695/1308
f 615/701/1311 559/651/1169 611/697/1310 613/699/1312
f 559/651/1169 615/701/1311 617/703/1313 558/654/1170
f 619/705/1314 557/644/1164 558/654/1170 617/703/1313
f 621/707/1315 556/643/1161 557/644/1164 619/705/1314
f 623/709/1316 555/655/1173 556/643/1161 621/707/1315
f 555/655/1173 623/709/1316 625/711/1317 629/713/1318
f 555/655/1173 629/713/1318 631/716/1319 560/659/1178
f 597/681/1303 560/659/1178 631/716/1319 627/684/1320
s off
f 550/630/1321 520/629/1322 598/682/1323 628/683/1324
f 520/629/1325 522/623/1326 600/686/1327 598/682/1328
f 522/623/1329 524/622/1330 602/688/1331 600/686/1332
f 524/622/1333 526/621/1334 604/690/1335 602/688/1336
f 526/621/1337 528/627/1338 606/692/1339 604/690/1340
f 528/627/1341 530/626/1342 608/694/1343 606/692/1344
f 530/626/1345 532/625/1346 610/696/1347 608/694/1348
f 532/625/1349 534/624/1350 612/698/1351 610/696/1352
f 534/624/1353 536/628/1354 614/700/1355 612/698/1356
f 536/628/1357 538/638/1358 616/702/1359 614/700/1360
f 538/638/1361 540/637/1362 618/704/1363 616/702/1364
f 540/637/1365 542/636/1366 620/706/1367 618/704/1368
f 542/636/1369 544/635/1370 622/708/1371 620/706/1372
f 544/635/1373 546/634/1374 624/710/1375 622/708/1376
f 546/634/1377 548/633/1378 626/712/1379 624/710/1380
f 548/633/1381 552/632/1382 630/714/1383 626/712/1384
f 552/632/1385 554/631/1386 632/715/1387 630/714/1388
f 554/631/1389 550/630/1390 628/683/1391 632/715/1392
g default
v 11.663059 0.505986 -2.885740
v 11.663059 0.505986 3.293239
v 11.663059 12.285350 3.293239
v 11.663059 12.285350 -2.885740
v 11.663059 0.505986 -2.525300
v 11.663059 12.285350 -2.525300
v 11.663059 11.892706 3.293239
v 11.663059 11.892706 -2.885740
v 11.663059 11.892706 -2.525299
v 11.663059 12.285350 2.932799
v 11.663059 11.892706 2.932799
v 11.663059 0.505986 2.932799
v 11.663059 0.898631 3.293239
v 11.663059 0.898631 2.932799
v 11.663059 0.898631 -2.525299
v 11.663059 0.898631 -2.885740
v 12.063059 12.285350 -2.885740
v 12.063059 11.892706 -2.885740
v 12.063059 11.892706 -2.525299
v 12.063059 12.285350 -2.525300
v 12.063059 0.898631 -2.525299
v 12.063059 0.898631 -2.885740
v 12.063059 0.505985 -2.885740
v 12.063059 0.505985 -2.525300
v 12.063059 0.898631 3.293239
v 12.063059 0.898631 2.932799
v 12.063059 0.505985 2.932799
v 12.063059 0.505986 3.293239
v 12.063059 12.285350 2.932799
v 12.063059 11.892706 2.932799
v 12.063059 11.892706 3.293239
v 12.063059 12.285350 3.293239
vt 0.530322 0.750000
vt 0.469284 0.750000
vt 0.469284 0.575485
vt 0.530322 0.575485
vt 0.526762 0.750000
vt 0.526762 0.575485
vt 0.469284 0.581302
vt 0.530322 0.581302
vt 0.472844 0.575485
vt 0.472844 0.750000
vt 0.469284 0.744183
vt 0.530322 0.744183
vt 0.472844 0.744183
vt 0.472844 0.581302
vt 0.526762 0.744183
vt 0.526762 0.581302
vt 0.530322 0.575485
vt 0.530322 0.581302
vt 0.526762 0.581302
vt 0.526762 0.575485
vt 0.526762 0.744183
vt 0.530322 0.744183
vt 0.530322 0.750000
vt 0.526762 0.750000
vt 0.469284 0.744183
vt 0.472844 0.744183
vt 0.472844 0.750000
vt 0.469284 0.750000
vt 0.472844 0.575485
vt 0.472844 0.581302
vt 0.469284 0.581302
vt 0.469284 0.575485
vt 0.530322 0.575485
vt 0.530322 0.581302
vt 0.526762 0.575485
vt 0.530322 0.744183
vt 0.530322 0.750000
vt 0.526762 0.750000
vt 0.472844 0.750000
vt 0.469284 0.750000
vt 0.469284 0.744183
vt 0.469284 0.581302
vt 0.469284 0.575485
vt 0.472844 0.575485
vt 0.472844 0.744183
vt 0.526762 0.744183
vt 0.526762 0.581302
vt 0.472844 0.581302
vn 1.000000 0.000000 0.000000
vn 1.000000 0.000000 0.000000
vn 1.000000 0.000000 0.000000
vn 1.000000 0.000000 0.000000
vn 1.000000 0.000000 -0.000000
vn 1.000000 0.000000 -0.000000
vn 1.000000 0.000000 -0.000000
vn 1.000000 0.000000 -0.000000
vn 1.000000 0.000000 0.000000
vn 1.000000 0.000000 0.000000
vn 1.000000 0.000000 0.000000
vn 1.000000 0.000000 0.000000
vn 1.000000 0.000000 0.000000
vn 1.000000 0.000000 0.000000
vn 1.000000 0.000000 0.000000
vn 1.000000 0.000000 0.000000
vn -1.000000 0.000000 -0.000000
vn -1.000000 0.000000 -0.000000
vn -1.000000 0.000000 -0.000000
vn -1.000000 0.000000 -0.000000
vn -1.000000 0.000000 -0.000000
vn -1.000000 0.000000 -0.000000
vn -1.000000 0.000000 -0.000000
vn -1.000000 0.000000 -0.000000
vn -1.000000 0.000000 -0.000000
vn -1.000000 0.000000 -0.000000
vn -1.000000 0.000000 -0.000000
vn -1.000000 0.000000 -0.000000
vn -1.000000 0.000000 -0.000000
vn -1.000000 0.000000 -0.000000
vn -1.000000 0.000000 -0.000000
vn -1.000000 0.000000 -0.000000
vn 0.000000 0.000000 -1.000000
vn 0.000000 0.000000 -1.000000
vn 0.000000 0.000000 -1.000000
vn 0.000000 0.000000 -1.000000
vn 0.000000 1.000000 0.000000
vn 0.000000 1.000000 0.000000
vn 0.000000 1.000000 0.000000
vn 0.000000 1.000000 0.000000
vn 0.000000 0.000000 -1.000000
vn 0.000000 0.000000 -1.000000
vn 0.000000 0.000000 -1.000000
vn 0.000000 0.000000 -1.000000
vn -0.000001 -1.000000 -0.000000
vn -0.000001 -1.000000 -0.000000
vn -0.000001 -1.000000 0.000000
vn -0.000001 -1.000000 0.000000
vn -0.000001 -1.000000 0.000000
vn -0.000001 -1.000000 0.000000
vn -0.000000 -1.000000 0.000000
vn -0.000000 -1.000000 0.000000
vn 0.000000 0.000000 1.000000
vn 0.000000 0.000000 1.000000
vn 0.000000 0.000000 1.000000
vn 0.000000 0.000000 1.000000
vn 0.000000 0.000000 1.000000
vn 0.000000 0.000000 1.000000
vn 0.000000 0.000000 1.000000
vn 0.000000 0.000000 1.000000
vn 0.000000 1.000000 0.000000
vn 0.000000 1.000000 0.000000
vn 0.000000 1.000000 0.000000
vn 0.000000 1.000000 0.000000
vn 0.000001 1.000000 0.000000
vn 0.000001 1.000000 0.000000
vn 0.000001 1.000000 0.000000
vn 0.000001 1.000000 0.000000
vn 0.000000 -1.000000 0.000000
vn 0.000000 -1.000000 0.000000
vn 0.000000 -1.000000 0.000000
vn 0.000000 -1.000000 0.000000
vn 0.000000 0.000000 1.000000
vn 0.000000 0.000000 1.000000
vn 0.000000 0.000000 1.000000
vn 0.000000 0.000000 1.000000
vn 0.000000 0.000000 -1.000000
vn 0.000000 0.000000 -1.000000
vn 0.000000 0.000000 -1.000000
vn 0.000000 0.000000 -1.000000
s 1
g group1 DoorReal
f 649/749/1393 652/751/1394 651/763/1395 650/750/1396
f 653/762/1397 656/754/1398 655/753/1399 654/752/1400
f 657/757/1401 660/756/1402 659/755/1403 658/761/1404
f 661/760/1405 664/759/1406 663/758/1407 662/764/1408
f 653/762/1397 658/761/1404 659/755/1403 656/754/1398
f 661/760/1405 662/764/1408 651/763/1395 652/751/1394
f 651/763/1395 653/762/1397 654/752/1400 650/750/1396
f 657/757/1401 658/761/1404 662/764/1408 663/758/1407
s 3
f 636/733/1409 640/734/1410 641/735/1411 638/736/1412
f 647/737/1413 648/738/1414 633/739/1415 637/740/1416
f 645/741/1417 646/742/1418 644/743/1419 634/744/1420
f 642/745/1421 643/746/1422 639/747/1423 635/748/1424
f 647/737/1413 637/740/1416 644/743/1419 646/742/1418
f 642/745/1421 638/736/1412 641/735/1411 643/746/1422
f 641/735/1411 640/734/1410 648/738/1414 647/737/1413
f 645/741/1417 639/747/1423 643/746/1422 646/742/1418
s 5
f 636/720/1425 649/749/1426 650/750/1427 640/724/1428
s 6
f 638/722/1429 652/751/1430 649/749/1431 636/720/1432
s 5
f 648/728/1433 654/752/1434 655/753/1435 633/717/1436
s 7
f 633/717/1437 655/753/1438 656/754/1439 637/721/1440
f 644/726/1441 659/755/1442 660/756/1443 634/718/1444
s 8
f 634/718/1445 660/756/1446 657/757/1447 645/727/1448
f 639/723/1449 663/758/1450 664/759/1451 635/719/1452
s 6
f 635/719/1453 664/759/1454 661/760/1455 642/725/1456
s 7
f 637/721/1440 656/754/1439 659/755/1442 644/726/1441
s off
f 646/729/1457 658/761/1458 653/762/1459 647/731/1460
s 6
f 642/725/1456 661/760/1455 652/751/1430 638/722/1429
s off
f 641/732/1461 651/763/1462 662/764/1463 643/730/1464
s 5
f 640/724/1428 650/750/1427 654/752/1434 648/728/1433
s off
f 647/731/1465 653/762/1466 651/763/1467 641/732/1468
s 8
f 645/727/1448 657/757/1447 663/758/1450 639/723/1449
s off
f 643/730/1469 662/764/1470 658/761/1471 646/729/1472
