# This file uses centimeters as units for non-parametric coordinates.

mtllib Lamp.mtl
g default
v 11.139231 1.350674 33.036885
v 11.139231 1.355490 33.034431
v 11.139231 1.359312 33.030609
v 11.139230 1.361765 33.025794
v 11.139230 1.362611 33.020455
v 11.139230 1.361765 33.015117
v 11.139231 1.359312 33.010301
v 11.139230 1.355490 33.006480
v 11.139230 1.350674 33.004026
v 11.139230 1.345336 33.003180
v 11.139230 1.339998 33.004026
v 11.139230 1.335182 33.006480
v 11.139231 1.331360 33.010301
v 11.139230 1.328906 33.015117
v 11.139230 1.328061 33.020455
v 11.139230 1.328906 33.025794
v 11.139231 1.331360 33.030609
v 11.139231 1.335182 33.034431
v 11.139231 1.339998 33.036885
v 11.139231 1.345336 33.037730
v 10.757793 1.350674 33.036885
v 10.757794 1.355490 33.034431
v 10.757793 1.359312 33.030609
v 10.757794 1.361765 33.025793
v 10.757795 1.362611 33.020455
v 10.757795 1.361765 33.015117
v 10.757795 1.359312 33.010301
v 10.757795 1.355490 33.006480
v 10.757795 1.350674 33.004026
v 10.757795 1.345336 33.003180
v 10.757795 1.339998 33.004026
v 10.757795 1.335182 33.006480
v 10.757795 1.331360 33.010301
v 10.757795 1.328906 33.015117
v 10.757795 1.328061 33.020455
v 10.757794 1.328906 33.025793
v 10.757793 1.331360 33.030609
v 10.757794 1.335182 33.034431
v 10.757793 1.339998 33.036885
v 10.757793 1.345336 33.037730
v 11.139230 1.345336 33.020455
v 10.757795 1.345336 33.020455
vt 0.648603 0.107966
vt 0.626409 0.064408
vt 0.591842 0.029841
vt 0.548284 0.007647
vt 0.500000 -0.000000
vt 0.451716 0.007647
vt 0.408159 0.029841
vt 0.373591 0.064409
vt 0.351397 0.107966
vt 0.343750 0.156250
vt 0.351397 0.204534
vt 0.373591 0.248091
vt 0.408159 0.282659
vt 0.451716 0.304853
vt 0.500000 0.312500
vt 0.548284 0.304853
vt 0.591841 0.282659
vt 0.626409 0.248091
vt 0.648603 0.204534
vt 0.656250 0.156250
vt 0.375000 0.312500
vt 0.387500 0.312500
vt 0.400000 0.312500
vt 0.412500 0.312500
vt 0.425000 0.312500
vt 0.437500 0.312500
vt 0.450000 0.312500
vt 0.462500 0.312500
vt 0.475000 0.312500
vt 0.487500 0.312500
vt 0.500000 0.312500
vt 0.512500 0.312500
vt 0.525000 0.312500
vt 0.537500 0.312500
vt 0.550000 0.312500
vt 0.562500 0.312500
vt 0.575000 0.312500
vt 0.587500 0.312500
vt 0.600000 0.312500
vt 0.612500 0.312500
vt 0.625000 0.312500
vt 0.375000 0.687500
vt 0.387500 0.687500
vt 0.400000 0.687500
vt 0.412500 0.687500
vt 0.425000 0.687500
vt 0.437500 0.687500
vt 0.450000 0.687500
vt 0.462500 0.687500
vt 0.475000 0.687500
vt 0.487500 0.687500
vt 0.500000 0.687500
vt 0.512500 0.687500
vt 0.525000 0.687500
vt 0.537500 0.687500
vt 0.550000 0.687500
vt 0.562500 0.687500
vt 0.575000 0.687500
vt 0.587500 0.687500
vt 0.600000 0.687500
vt 0.612500 0.687500
vt 0.625000 0.687500
vt 0.648603 0.795466
vt 0.626409 0.751908
vt 0.591842 0.717341
vt 0.548284 0.695147
vt 0.500000 0.687500
vt 0.451716 0.695147
vt 0.408159 0.717341
vt 0.373591 0.751909
vt 0.351397 0.795466
vt 0.343750 0.843750
vt 0.351397 0.892034
vt 0.373591 0.935591
vt 0.408159 0.970159
vt 0.451716 0.992353
vt 0.500000 1.000000
vt 0.548284 0.992353
vt 0.591841 0.970159
vt 0.626409 0.935591
vt 0.648603 0.892034
vt 0.656250 0.843750
vt 0.500000 0.156250
vt 0.500000 0.843750
vn 0.000000 0.309019 0.951056
vn -0.000000 0.587786 0.809016
vn -0.000000 0.587786 0.809016
vn 0.000000 0.309010 0.951059
vn -0.000000 0.809001 0.587808
vn -0.000000 0.809006 0.587800
vn -0.000000 0.951059 0.309010
vn -0.000000 0.951056 0.309019
vn -0.000000 1.000000 -0.000005
vn -0.000000 1.000000 0.000009
vn -0.000000 0.951061 -0.309004
vn -0.000000 0.951061 -0.309004
vn -0.000000 0.809005 -0.587802
vn -0.000000 0.809005 -0.587802
vn -0.000000 0.587786 -0.809016
vn -0.000000 0.587786 -0.809016
vn 0.000000 0.309015 -0.951057
vn 0.000000 0.309015 -0.951057
vn 0.000000 0.000000 -1.000000
vn 0.000000 0.000000 -1.000000
vn -0.000000 -0.309020 -0.951055
vn -0.000000 -0.309020 -0.951055
vn -0.000000 -0.587779 -0.809021
vn -0.000000 -0.587779 -0.809021
vn -0.000000 -0.809021 -0.587780
vn -0.000000 -0.809021 -0.587780
vn -0.000000 -0.951061 -0.309005
vn -0.000000 -0.951061 -0.309005
vn -0.000000 -1.000000 -0.000005
vn -0.000000 -1.000000 0.000010
vn -0.000000 -0.951059 0.309010
vn -0.000000 -0.951056 0.309019
vn -0.000000 -0.809016 0.587787
vn -0.000000 -0.809019 0.587783
vn -0.000000 -0.587789 0.809014
vn -0.000000 -0.587785 0.809017
vn -0.000000 -0.309024 0.951054
vn -0.000000 -0.309020 0.951056
vn 0.000000 0.000003 1.000000
vn 0.000000 -0.000001 1.000000
vn 1.000000 0.000045 -0.000023
vn 1.000000 -0.000045 -0.000055
vn 1.000000 0.000002 -0.000018
vn 1.000000 0.000045 -0.000110
vn 1.000000 0.000043 -0.000080
vn 1.000000 -0.000002 0.000047
vn 1.000000 0.000045 0.000045
vn 1.000000 -0.000089 0.000017
vn 1.000000 -0.000134 -0.000028
vn 1.000000 0.000089 0.000000
vn 1.000000 0.000089 0.000000
vn 1.000000 -0.000045 0.000000
vn 1.000000 0.000089 -0.000028
vn 1.000000 0.000067 0.000017
vn 1.000000 -0.000050 0.000045
vn 1.000000 -0.000006 0.000047
vn 1.000000 -0.000067 -0.000080
vn 1.000000 -0.000089 -0.000110
vn 1.000000 -0.000045 0.000004
vn 1.000000 0.000089 -0.000028
vn 1.000000 -0.000000 -0.000029
vn -1.000000 0.000089 -0.000139
vn -1.000000 -0.000089 -0.000047
vn -1.000000 0.000010 -0.000059
vn -1.000000 -0.000089 -0.000068
vn -1.000000 0.000000 -0.000197
vn -1.000000 0.000003 -0.000094
vn -1.000000 -0.000019 0.000045
vn -1.000000 -0.000067 0.000017
vn -1.000000 -0.000000 -0.000028
vn -1.000000 -0.000045 -0.000000
vn -1.000000 0.000000 -0.000000
vn -1.000000 0.000089 -0.000000
vn -1.000000 0.000089 -0.000028
vn -1.000000 0.000089 0.000017
vn -1.000000 -0.000022 0.000045
vn -1.000000 -0.000019 -0.000094
vn -1.000000 0.000003 -0.000197
vn -1.000000 0.000089 -0.000106
vn -1.000000 0.000045 -0.000070
vn -1.000000 -0.000045 -0.000125
vn -1.000000 0.000089 -0.000116
s 1
g Hallway_Masters:LampStick3 Hallway_Masters:LampMiddle
usemtl initialShadingGroup
f 1/21/1 2/22/2 22/43/3 21/42/4
f 2/22/2 3/23/5 23/44/6 22/43/3
f 3/23/5 4/24/7 24/45/8 23/44/6
f 4/24/7 5/25/9 25/46/10 24/45/8
f 5/25/9 6/26/11 26/47/12 25/46/10
f 6/26/11 7/27/13 27/48/14 26/47/12
f 7/27/13 8/28/15 28/49/16 27/48/14
f 8/28/15 9/29/17 29/50/18 28/49/16
f 9/29/17 10/30/19 30/51/20 29/50/18
f 10/30/19 11/31/21 31/52/22 30/51/20
f 11/31/21 12/32/23 32/53/24 31/52/22
f 12/32/23 13/33/25 33/54/26 32/53/24
f 13/33/25 14/34/27 34/55/28 33/54/26
f 14/34/27 15/35/29 35/56/30 34/55/28
f 15/35/29 16/36/31 36/57/32 35/56/30
f 16/36/31 17/37/33 37/58/34 36/57/32
f 17/37/33 18/38/35 38/59/36 37/58/34
f 18/38/35 19/39/37 39/60/38 38/59/36
f 19/39/37 20/40/39 40/61/40 39/60/38
f 20/40/39 1/41/1 21/62/4 40/61/40
s 2
f 2/2/41 1/1/42 41/83/43
f 3/3/44 2/2/41 41/83/43
f 4/4/45 3/3/44 41/83/43
f 5/5/46 4/4/45 41/83/43
f 6/6/47 5/5/46 41/83/43
f 7/7/48 6/6/47 41/83/43
f 8/8/49 7/7/48 41/83/43
f 9/9/50 8/8/49 41/83/43
f 10/10/51 9/9/50 41/83/43
f 11/11/52 10/10/51 41/83/43
f 12/12/53 11/11/52 41/83/43
f 13/13/54 12/12/53 41/83/43
f 14/14/55 13/13/54 41/83/43
f 15/15/56 14/14/55 41/83/43
f 16/16/57 15/15/56 41/83/43
f 17/17/58 16/16/57 41/83/43
f 18/18/59 17/17/58 41/83/43
f 19/19/60 18/18/59 41/83/43
f 20/20/61 19/19/60 41/83/43
f 1/1/42 20/20/61 41/83/43
s 3
f 21/81/62 22/80/63 42/84/64
f 22/80/63 23/79/65 42/84/64
f 23/79/65 24/78/66 42/84/64
f 24/78/66 25/77/67 42/84/64
f 25/77/67 26/76/68 42/84/64
f 26/76/68 27/75/69 42/84/64
f 27/75/69 28/74/70 42/84/64
f 28/74/70 29/73/71 42/84/64
f 29/73/71 30/72/72 42/84/64
f 30/72/72 31/71/73 42/84/64
f 31/71/73 32/70/74 42/84/64
f 32/70/74 33/69/75 42/84/64
f 33/69/75 34/68/76 42/84/64
f 34/68/76 35/67/77 42/84/64
f 35/67/77 36/66/78 42/84/64
f 36/66/78 37/65/79 42/84/64
f 37/65/79 38/64/80 42/84/64
f 38/64/80 39/63/81 42/84/64
f 39/63/81 40/82/82 42/84/64
f 40/82/82 21/81/62 42/84/64
g default
v 11.239585 1.354690 32.908601
v 11.242040 1.359506 32.908601
v 11.245861 1.363328 32.908601
v 11.250676 1.365782 32.908601
v 11.256015 1.366627 32.908601
v 11.261352 1.365782 32.908601
v 11.266168 1.363328 32.908601
v 11.269990 1.359506 32.908601
v 11.272443 1.354690 32.908601
v 11.273289 1.349352 32.908601
v 11.272443 1.344014 32.908601
v 11.269990 1.339198 32.908601
v 11.266168 1.335377 32.908601
v 11.261352 1.332923 32.908601
v 11.256015 1.332077 32.908601
v 11.250676 1.332923 32.908601
v 11.245861 1.335377 32.908601
v 11.242040 1.339198 32.908601
v 11.239585 1.344014 32.908601
v 11.238740 1.349352 32.908601
v 11.239584 1.354691 32.528855
v 11.242040 1.359506 32.528855
v 11.245860 1.363328 32.528855
v 11.250676 1.365782 32.528855
v 11.256014 1.366627 32.528855
v 11.261351 1.365782 32.528855
v 11.266166 1.363328 32.528856
v 11.269990 1.359506 32.528856
v 11.272442 1.354691 32.528856
v 11.273287 1.349352 32.528855
v 11.272442 1.344014 32.528856
v 11.269990 1.339198 32.528856
v 11.266167 1.335377 32.528856
v 11.261351 1.332923 32.528855
v 11.256014 1.332078 32.528855
v 11.250676 1.332923 32.528855
v 11.245860 1.335377 32.528855
v 11.242040 1.339198 32.528855
v 11.239584 1.344014 32.528855
v 11.238740 1.349352 32.528855
v 11.256015 1.349352 32.908601
v 11.256014 1.349352 32.528855
vt 0.648603 0.107966
vt 0.626409 0.064408
vt 0.591842 0.029841
vt 0.548284 0.007647
vt 0.500000 -0.000000
vt 0.451716 0.007647
vt 0.408159 0.029841
vt 0.373591 0.064409
vt 0.351397 0.107966
vt 0.343750 0.156250
vt 0.351397 0.204534
vt 0.373591 0.248091
vt 0.408159 0.282659
vt 0.451716 0.304853
vt 0.500000 0.312500
vt 0.548284 0.304853
vt 0.591841 0.282659
vt 0.626409 0.248091
vt 0.648603 0.204534
vt 0.656250 0.156250
vt 0.375000 0.312500
vt 0.387500 0.312500
vt 0.400000 0.312500
vt 0.412500 0.312500
vt 0.425000 0.312500
vt 0.437500 0.312500
vt 0.450000 0.312500
vt 0.462500 0.312500
vt 0.475000 0.312500
vt 0.487500 0.312500
vt 0.500000 0.312500
vt 0.512500 0.312500
vt 0.525000 0.312500
vt 0.537500 0.312500
vt 0.550000 0.312500
vt 0.562500 0.312500
vt 0.575000 0.312500
vt 0.587500 0.312500
vt 0.600000 0.312500
vt 0.612500 0.312500
vt 0.625000 0.312500
vt 0.375000 0.687500
vt 0.387500 0.687500
vt 0.400000 0.687500
vt 0.412500 0.687500
vt 0.425000 0.687500
vt 0.437500 0.687500
vt 0.450000 0.687500
vt 0.462500 0.687500
vt 0.475000 0.687500
vt 0.487500 0.687500
vt 0.500000 0.687500
vt 0.512500 0.687500
vt 0.525000 0.687500
vt 0.537500 0.687500
vt 0.550000 0.687500
vt 0.562500 0.687500
vt 0.575000 0.687500
vt 0.587500 0.687500
vt 0.600000 0.687500
vt 0.612500 0.687500
vt 0.625000 0.687500
vt 0.648603 0.795466
vt 0.626409 0.751908
vt 0.591842 0.717341
vt 0.548284 0.695147
vt 0.500000 0.687500
vt 0.451716 0.695147
vt 0.408159 0.717341
vt 0.373591 0.751909
vt 0.351397 0.795466
vt 0.343750 0.843750
vt 0.351397 0.892034
vt 0.373591 0.935591
vt 0.408159 0.970159
vt 0.451716 0.992353
vt 0.500000 1.000000
vt 0.548284 0.992353
vt 0.591841 0.970159
vt 0.626409 0.935591
vt 0.648603 0.892034
vt 0.656250 0.843750
vt 0.500000 0.156250
vt 0.500000 0.843750
vn -0.951038 0.309075 0.000002
vn -0.809002 0.587806 0.000001
vn -0.809003 0.587804 0.000001
vn -0.951038 0.309075 0.000002
vn -0.587829 0.808985 0.000001
vn -0.587831 0.808984 0.000001
vn -0.309015 0.951057 0.000000
vn -0.309016 0.951057 0.000000
vn -0.000001 1.000000 -0.000000
vn -0.000001 1.000000 -0.000000
vn 0.309042 0.951048 -0.000001
vn 0.309038 0.951050 -0.000001
vn 0.587738 0.809052 -0.000002
vn 0.587733 0.809055 -0.000002
vn 0.809002 0.587805 -0.000002
vn 0.809002 0.587807 -0.000002
vn 0.951094 0.308901 -0.000003
vn 0.951097 0.308891 -0.000003
vn 1.000000 -0.000033 -0.000003
vn 1.000000 -0.000033 -0.000003
vn 0.951082 -0.308937 -0.000003
vn 0.951086 -0.308928 -0.000003
vn 0.809018 -0.587784 -0.000002
vn 0.809017 -0.587785 -0.000002
vn 0.587761 -0.809035 -0.000002
vn 0.587757 -0.809038 -0.000002
vn 0.309042 -0.951048 -0.000001
vn 0.309039 -0.951049 -0.000001
vn -0.000013 -1.000000 -0.000000
vn -0.000012 -1.000000 -0.000000
vn -0.309020 -0.951055 0.000001
vn -0.309020 -0.951056 0.000001
vn -0.587860 -0.808963 0.000001
vn -0.587862 -0.808961 0.000001
vn -0.809000 -0.587809 0.000001
vn -0.809002 -0.587806 0.000001
vn -0.951026 -0.309111 0.000001
vn -0.951026 -0.309111 0.000001
vn -1.000000 -0.000000 0.000002
vn -1.000000 0.000001 0.000002
vn -0.000008 0.000002 1.000000
vn 0.000004 0.000013 1.000000
vn 0.000000 -0.000000 1.000000
vn -0.000017 -0.000014 1.000000
vn 0.000003 -0.000005 1.000000
vn 0.000013 -0.000001 1.000000
vn 0.000011 -0.000001 1.000000
vn 0.000000 0.000008 1.000000
vn -0.000006 0.000011 1.000000
vn 0.000001 -0.000006 1.000000
vn 0.000003 -0.000000 1.000000
vn 0.000001 0.000010 1.000000
vn -0.000013 -0.000013 1.000000
vn -0.000000 -0.000011 1.000000
vn 0.000014 0.000003 1.000000
vn 0.000013 0.000000 1.000000
vn 0.000004 0.000004 1.000000
vn -0.000017 0.000014 1.000000
vn -0.000008 -0.000001 1.000000
vn 0.000003 -0.000011 1.000000
vn -0.000000 0.000000 1.000000
vn 0.000025 0.000004 -1.000000
vn 0.000011 0.000020 -1.000000
vn 0.000016 -0.000001 -1.000000
vn 0.000000 -0.000008 -1.000000
vn 0.000017 0.000004 -1.000000
vn 0.000006 0.000000 -1.000000
vn 0.000045 -0.000012 -1.000000
vn 0.000061 -0.000003 -1.000000
vn 0.000034 0.000019 -1.000000
vn 0.000006 0.000099 -1.000000
vn -0.000025 0.000009 -1.000000
vn -0.000003 -0.000094 -1.000000
vn 0.000028 -0.000018 -1.000000
vn 0.000039 0.000004 -1.000000
vn 0.000034 0.000008 -1.000000
vn 0.000006 0.000000 -1.000000
vn -0.000000 -0.000003 -1.000000
vn 0.000000 -0.000001 -1.000000
vn 0.000011 -0.000028 -1.000000
vn 0.000020 -0.000008 -1.000000
vn 0.000006 -0.000006 -1.000000
s 1
g Hallway_Masters:LampMiddle Hallway_Masters:LampStick
usemtl initialShadingGroup
f 43/105/83 44/106/84 64/127/85 63/126/86
f 44/106/84 45/107/87 65/128/88 64/127/85
f 45/107/87 46/108/89 66/129/90 65/128/88
f 46/108/89 47/109/91 67/130/92 66/129/90
f 47/109/91 48/110/93 68/131/94 67/130/92
f 48/110/93 49/111/95 69/132/96 68/131/94
f 49/111/95 50/112/97 70/133/98 69/132/96
f 50/112/97 51/113/99 71/134/100 70/133/98
f 51/113/99 52/114/101 72/135/102 71/134/100
f 52/114/101 53/115/103 73/136/104 72/135/102
f 53/115/103 54/116/105 74/137/106 73/136/104
f 54/116/105 55/117/107 75/138/108 74/137/106
f 55/117/107 56/118/109 76/139/110 75/138/108
f 56/118/109 57/119/111 77/140/112 76/139/110
f 57/119/111 58/120/113 78/141/114 77/140/112
f 58/120/113 59/121/115 79/142/116 78/141/114
f 59/121/115 60/122/117 80/143/118 79/142/116
f 60/122/117 61/123/119 81/144/120 80/143/118
f 61/123/119 62/124/121 82/145/122 81/144/120
f 62/124/121 43/125/83 63/146/86 82/145/122
s 2
f 44/86/123 43/85/124 83/167/125
f 45/87/126 44/86/123 83/167/125
f 46/88/127 45/87/126 83/167/125
f 47/89/128 46/88/127 83/167/125
f 48/90/129 47/89/128 83/167/125
f 49/91/130 48/90/129 83/167/125
f 50/92/131 49/91/130 83/167/125
f 51/93/132 50/92/131 83/167/125
f 52/94/133 51/93/132 83/167/125
f 53/95/134 52/94/133 83/167/125
f 54/96/135 53/95/134 83/167/125
f 55/97/136 54/96/135 83/167/125
f 56/98/137 55/97/136 83/167/125
f 57/99/138 56/98/137 83/167/125
f 58/100/139 57/99/138 83/167/125
f 59/101/140 58/100/139 83/167/125
f 60/102/141 59/101/140 83/167/125
f 61/103/142 60/102/141 83/167/125
f 62/104/143 61/103/142 83/167/125
f 43/85/124 62/104/143 83/167/125
s 3
f 63/165/144 64/164/145 84/168/146
f 64/164/145 65/163/147 84/168/146
f 65/163/147 66/162/148 84/168/146
f 66/162/148 67/161/149 84/168/146
f 67/161/149 68/160/150 84/168/146
f 68/160/150 69/159/151 84/168/146
f 69/159/151 70/158/152 84/168/146
f 70/158/152 71/157/153 84/168/146
f 71/157/153 72/156/154 84/168/146
f 72/156/154 73/155/155 84/168/146
f 73/155/155 74/154/156 84/168/146
f 74/154/156 75/153/157 84/168/146
f 75/153/157 76/152/158 84/168/146
f 76/152/158 77/151/159 84/168/146
f 77/151/159 78/150/160 84/168/146
f 78/150/160 79/149/161 84/168/146
f 79/149/161 80/148/162 84/168/146
f 80/148/162 81/147/163 84/168/146
f 81/147/163 82/166/164 84/168/146
f 82/166/164 63/165/144 84/168/146
g default
v 11.239586 1.354690 33.519515
v 11.242041 1.359506 33.519515
v 11.245862 1.363328 33.519515
v 11.250678 1.365782 33.519515
v 11.256016 1.366627 33.519516
v 11.261353 1.365782 33.519515
v 11.266168 1.363328 33.519515
v 11.269990 1.359506 33.519516
v 11.272444 1.354690 33.519515
v 11.273290 1.349352 33.519515
v 11.272444 1.344014 33.519515
v 11.269990 1.339198 33.519515
v 11.266168 1.335377 33.519515
v 11.261353 1.332923 33.519515
v 11.256016 1.332077 33.519516
v 11.250677 1.332923 33.519515
v 11.245862 1.335377 33.519515
v 11.242041 1.339198 33.519515
v 11.239586 1.344014 33.519515
v 11.238742 1.349352 33.519516
v 11.239585 1.354691 33.139769
v 11.242040 1.359506 33.139769
v 11.245861 1.363328 33.139769
v 11.250676 1.365782 33.139769
v 11.256015 1.366627 33.139769
v 11.261352 1.365782 33.139769
v 11.266167 1.363328 33.139769
v 11.269990 1.359506 33.139769
v 11.272443 1.354691 33.139769
v 11.273289 1.349352 33.139769
v 11.272443 1.344014 33.139769
v 11.269990 1.339198 33.139769
v 11.266167 1.335377 33.139769
v 11.261352 1.332923 33.139769
v 11.256015 1.332078 33.139769
v 11.250676 1.332923 33.139769
v 11.245861 1.335377 33.139769
v 11.242040 1.339198 33.139769
v 11.239585 1.344014 33.139769
v 11.238740 1.349352 33.139769
v 11.256016 1.349352 33.519516
v 11.256015 1.349352 33.139769
vt 0.648603 0.107966
vt 0.626409 0.064408
vt 0.591842 0.029841
vt 0.548284 0.007647
vt 0.500000 -0.000000
vt 0.451716 0.007647
vt 0.408159 0.029841
vt 0.373591 0.064409
vt 0.351397 0.107966
vt 0.343750 0.156250
vt 0.351397 0.204534
vt 0.373591 0.248091
vt 0.408159 0.282659
vt 0.451716 0.304853
vt 0.500000 0.312500
vt 0.548284 0.304853
vt 0.591841 0.282659
vt 0.626409 0.248091
vt 0.648603 0.204534
vt 0.656250 0.156250
vt 0.375000 0.312500
vt 0.387500 0.312500
vt 0.400000 0.312500
vt 0.412500 0.312500
vt 0.425000 0.312500
vt 0.437500 0.312500
vt 0.450000 0.312500
vt 0.462500 0.312500
vt 0.475000 0.312500
vt 0.487500 0.312500
vt 0.500000 0.312500
vt 0.512500 0.312500
vt 0.525000 0.312500
vt 0.537500 0.312500
vt 0.550000 0.312500
vt 0.562500 0.312500
vt 0.575000 0.312500
vt 0.587500 0.312500
vt 0.600000 0.312500
vt 0.612500 0.312500
vt 0.625000 0.312500
vt 0.375000 0.687500
vt 0.387500 0.687500
vt 0.400000 0.687500
vt 0.412500 0.687500
vt 0.425000 0.687500
vt 0.437500 0.687500
vt 0.450000 0.687500
vt 0.462500 0.687500
vt 0.475000 0.687500
vt 0.487500 0.687500
vt 0.500000 0.687500
vt 0.512500 0.687500
vt 0.525000 0.687500
vt 0.537500 0.687500
vt 0.550000 0.687500
vt 0.562500 0.687500
vt 0.575000 0.687500
vt 0.587500 0.687500
vt 0.600000 0.687500
vt 0.612500 0.687500
vt 0.625000 0.687500
vt 0.648603 0.795466
vt 0.626409 0.751908
vt 0.591842 0.717341
vt 0.548284 0.695147
vt 0.500000 0.687500
vt 0.451716 0.695147
vt 0.408159 0.717341
vt 0.373591 0.751909
vt 0.351397 0.795466
vt 0.343750 0.843750
vt 0.351397 0.892034
vt 0.373591 0.935591
vt 0.408159 0.970159
vt 0.451716 0.992353
vt 0.500000 1.000000
vt 0.548284 0.992353
vt 0.591841 0.970159
vt 0.626409 0.935591
vt 0.648603 0.892034
vt 0.656250 0.843750
vt 0.500000 0.156250
vt 0.500000 0.843750
vn -0.951040 0.309069 0.000003
vn -0.809002 0.587806 0.000001
vn -0.809003 0.587805 0.000001
vn -0.951037 0.309077 0.000003
vn -0.587831 0.808984 0.000001
vn -0.587834 0.808982 0.000001
vn -0.309010 0.951059 0.000001
vn -0.309016 0.951057 0.000001
vn -0.000001 1.000000 0.000000
vn -0.000000 1.000000 0.000000
vn 0.309031 0.951052 -0.000001
vn 0.309034 0.951051 -0.000001
vn 0.587759 0.809036 -0.000001
vn 0.587756 0.809038 -0.000001
vn 0.809035 0.587760 -0.000001
vn 0.809035 0.587761 -0.000001
vn 0.951065 0.308990 -0.000001
vn 0.951066 0.308989 -0.000001
vn 1.000000 0.000001 -0.000002
vn 1.000000 0.000001 -0.000002
vn 0.951054 -0.309026 -0.000001
vn 0.951054 -0.309025 -0.000001
vn 0.809017 -0.587785 -0.000001
vn 0.809017 -0.587785 -0.000001
vn 0.587765 -0.809032 -0.000001
vn 0.587762 -0.809034 -0.000001
vn 0.309043 -0.951048 -0.000001
vn 0.309046 -0.951047 -0.000001
vn 0.000003 -1.000000 -0.000000
vn 0.000003 -1.000000 -0.000000
vn -0.309014 -0.951058 0.000001
vn -0.309020 -0.951056 0.000001
vn -0.587824 -0.808989 0.000002
vn -0.587825 -0.808988 0.000002
vn -0.808985 -0.587829 0.000002
vn -0.808987 -0.587826 0.000002
vn -0.951037 -0.309076 0.000003
vn -0.951036 -0.309081 0.000003
vn -1.000000 0.000034 0.000004
vn -1.000000 0.000033 0.000004
vn -0.000034 0.000026 1.000000
vn -0.000011 0.000096 1.000000
vn -0.000007 0.000000 1.000000
vn -0.000056 0.000008 1.000000
vn -0.000067 -0.000000 1.000000
vn -0.000000 0.000000 1.000000
vn 0.000039 0.000008 1.000000
vn 0.000006 0.000028 1.000000
vn 0.000003 0.000008 1.000000
vn 0.000020 -0.000011 1.000000
vn 0.000020 -0.000003 1.000000
vn 0.000025 0.000007 1.000000
vn 0.000011 -0.000009 1.000000
vn 0.000006 -0.000028 1.000000
vn 0.000045 -0.000005 1.000000
vn -0.000006 0.000004 1.000000
vn -0.000061 -0.000001 1.000000
vn -0.000028 -0.000017 1.000000
vn -0.000034 -0.000008 1.000000
vn -0.000022 -0.000084 1.000000
vn 0.000011 -0.000012 1.000000
vn 0.000008 0.000003 -1.000000
vn 0.000010 0.000015 -1.000000
vn 0.000001 -0.000000 -1.000000
vn -0.000001 0.000005 -1.000000
vn -0.000007 -0.000000 -1.000000
vn -0.000013 0.000000 -1.000000
vn -0.000003 -0.000004 -1.000000
vn 0.000013 -0.000009 -1.000000
vn 0.000003 0.000002 -1.000000
vn -0.000001 -0.000002 -1.000000
vn 0.000005 -0.000001 -1.000000
vn -0.000000 0.000001 -1.000000
vn 0.000001 -0.000003 -1.000000
vn 0.000014 0.000009 -1.000000
vn -0.000000 0.000006 -1.000000
vn -0.000010 0.000000 -1.000000
vn -0.000006 0.000002 -1.000000
vn -0.000008 0.000001 -1.000000
vn 0.000006 -0.000017 -1.000000
vn 0.000010 -0.000009 -1.000000
vn 0.000002 -0.000000 -1.000000
s 1
g Hallway_Masters:LampMiddle Hallway_Masters:LampStick1
usemtl initialShadingGroup
f 85/189/165 86/190/166 106/211/167 105/210/168
f 86/190/166 87/191/169 107/212/170 106/211/167
f 87/191/169 88/192/171 108/213/172 107/212/170
f 88/192/171 89/193/173 109/214/174 108/213/172
f 89/193/173 90/194/175 110/215/176 109/214/174
f 90/194/175 91/195/177 111/216/178 110/215/176
f 91/195/177 92/196/179 112/217/180 111/216/178
f 92/196/179 93/197/181 113/218/182 112/217/180
f 93/197/181 94/198/183 114/219/184 113/218/182
f 94/198/183 95/199/185 115/220/186 114/219/184
f 95/199/185 96/200/187 116/221/188 115/220/186
f 96/200/187 97/201/189 117/222/190 116/221/188
f 97/201/189 98/202/191 118/223/192 117/222/190
f 98/202/191 99/203/193 119/224/194 118/223/192
f 99/203/193 100/204/195 120/225/196 119/224/194
f 100/204/195 101/205/197 121/226/198 120/225/196
f 101/205/197 102/206/199 122/227/200 121/226/198
f 102/206/199 103/207/201 123/228/202 122/227/200
f 103/207/201 104/208/203 124/229/204 123/228/202
f 104/208/203 85/209/165 105/230/168 124/229/204
s 2
f 86/170/205 85/169/206 125/251/207
f 87/171/208 86/170/205 125/251/207
f 88/172/209 87/171/208 125/251/207
f 89/173/210 88/172/209 125/251/207
f 90/174/211 89/173/210 125/251/207
f 91/175/212 90/174/211 125/251/207
f 92/176/213 91/175/212 125/251/207
f 93/177/214 92/176/213 125/251/207
f 94/178/215 93/177/214 125/251/207
f 95/179/216 94/178/215 125/251/207
f 96/180/217 95/179/216 125/251/207
f 97/181/218 96/180/217 125/251/207
f 98/182/219 97/181/218 125/251/207
f 99/183/220 98/182/219 125/251/207
f 100/184/221 99/183/220 125/251/207
f 101/185/222 100/184/221 125/251/207
f 102/186/223 101/185/222 125/251/207
f 103/187/224 102/186/223 125/251/207
f 104/188/225 103/187/224 125/251/207
f 85/169/206 104/188/225 125/251/207
s 3
f 105/249/226 106/248/227 126/252/228
f 106/248/227 107/247/229 126/252/228
f 107/247/229 108/246/230 126/252/228
f 108/246/230 109/245/231 126/252/228
f 109/245/231 110/244/232 126/252/228
f 110/244/232 111/243/233 126/252/228
f 111/243/233 112/242/234 126/252/228
f 112/242/234 113/241/235 126/252/228
f 113/241/235 114/240/236 126/252/228
f 114/240/236 115/239/237 126/252/228
f 115/239/237 116/238/238 126/252/228
f 116/238/238 117/237/239 126/252/228
f 117/237/239 118/236/240 126/252/228
f 118/236/240 119/235/241 126/252/228
f 119/235/241 120/234/242 126/252/228
f 120/234/242 121/233/243 126/252/228
f 121/233/243 122/232/244 126/252/228
f 122/232/244 123/231/245 126/252/228
f 123/231/245 124/250/246 126/252/228
f 124/250/246 105/249/226 126/252/228
g default
v 10.969848 -0.034510 33.105438
v 11.012464 -0.034510 33.189004
v 11.078753 -0.034510 33.255322
v 11.162307 -0.034510 33.297901
v 11.254956 -0.034510 33.312573
v 11.347606 -0.034510 33.297901
v 11.431159 -0.034510 33.255322
v 11.497448 -0.034510 33.189004
v 11.540063 -0.034510 33.105438
v 11.554733 -0.034510 33.012805
v 11.540063 -0.034510 32.920171
v 11.497448 -0.034510 32.836605
v 11.431159 -0.034510 32.770286
v 11.347606 -0.034510 32.727707
v 11.254956 -0.034510 32.713036
v 11.162307 -0.034510 32.727707
v 11.078754 -0.034510 32.770286
v 11.012464 -0.034510 32.836605
v 10.969848 -0.034510 32.920171
v 10.955178 -0.034510 33.012805
v 11.254956 -0.011773 33.012804
v 10.969824 0.010755 33.105451
v 11.012397 0.010755 33.189028
v 11.078719 0.010755 33.255355
v 11.162309 0.010755 33.297940
v 11.254956 0.010755 33.312614
v 11.347604 0.010755 33.297940
v 11.431161 0.010755 33.255355
v 11.497510 0.010755 33.189028
v 11.540087 0.010755 33.105451
v 11.554767 0.010755 33.012805
v 11.540087 0.010755 32.920158
v 11.497510 0.010755 32.836581
v 11.431161 0.010755 32.770253
v 11.347604 0.010755 32.727669
v 11.254956 0.010755 32.712995
v 11.162309 0.010755 32.727669
v 11.078719 0.010755 32.770253
v 11.012397 0.010755 32.836581
v 10.969824 0.010755 32.920158
v 10.955148 0.010755 33.012805
v 11.149215 0.130837 33.047161
v 11.165008 0.130837 33.078156
v 11.189605 0.130837 33.102753
v 11.220597 0.130837 33.118545
v 11.254956 0.130837 33.123987
v 11.289315 0.130837 33.118545
v 11.320308 0.130837 33.102753
v 11.344905 0.130837 33.078156
v 11.360696 0.130837 33.047161
v 11.366140 0.130837 33.012804
v 11.360696 0.130837 32.978447
v 11.344905 0.130837 32.947453
v 11.320308 0.130837 32.922856
v 11.289315 0.130837 32.907063
v 11.254956 0.130837 32.901622
v 11.220597 0.130837 32.907063
v 11.189605 0.130837 32.922856
v 11.165008 0.130837 32.947453
v 11.149215 0.130837 32.978447
v 11.143774 0.130837 33.012804
v 11.119643 0.155290 33.056770
v 11.139854 0.155290 33.096432
v 11.171328 0.155290 33.127908
v 11.210992 0.155290 33.148117
v 11.254956 0.155290 33.155080
v 11.298922 0.155290 33.148117
v 11.338584 0.155290 33.127908
v 11.370059 0.155290 33.096432
v 11.390269 0.155290 33.056770
v 11.397233 0.155290 33.012804
v 11.390269 0.155290 32.968839
v 11.370059 0.155290 32.929177
v 11.338584 0.155290 32.897701
v 11.298922 0.155290 32.877492
v 11.254956 0.155290 32.870528
v 11.210992 0.155290 32.877492
v 11.171328 0.155290 32.897701
v 11.139854 0.155290 32.929177
v 11.119643 0.155290 32.968839
v 11.112681 0.155290 33.012804
v 11.113500 0.273420 33.058767
v 11.134624 0.273420 33.100230
v 11.167531 0.273420 33.133135
v 11.208993 0.273420 33.154262
v 11.254956 0.273420 33.161541
v 11.300920 0.273420 33.154262
v 11.342381 0.273420 33.133135
v 11.375288 0.273420 33.100230
v 11.396413 0.273420 33.058767
v 11.403693 0.273420 33.012804
v 11.396413 0.273420 32.966842
v 11.375288 0.273420 32.925379
v 11.342381 0.273420 32.892473
v 11.300920 0.273420 32.871347
v 11.254956 0.273420 32.864067
v 11.208995 0.273420 32.871347
v 11.167531 0.273420 32.892473
v 11.134625 0.273420 32.925379
v 11.113500 0.273420 32.966842
v 11.106219 0.273420 33.012804
v 11.100329 0.291816 33.063046
v 11.123422 0.291816 33.108370
v 11.159391 0.291816 33.144339
v 11.204714 0.291816 33.167433
v 11.254956 0.291816 33.175390
v 11.305199 0.291816 33.167433
v 11.350522 0.291816 33.144339
v 11.386491 0.291816 33.108370
v 11.409585 0.291816 33.063046
v 11.417543 0.291816 33.012804
v 11.409585 0.291816 32.962563
v 11.386491 0.291816 32.917239
v 11.350522 0.291816 32.881269
v 11.305199 0.291816 32.858176
v 11.254956 0.291816 32.850218
v 11.204714 0.291816 32.858176
v 11.159391 0.291816 32.881269
v 11.123422 0.291816 32.917239
v 11.100330 0.291816 32.962562
v 11.092370 0.291816 33.012804
v 11.117808 0.326308 33.057367
v 11.138292 0.326308 33.097567
v 11.170194 0.326308 33.129470
v 11.210394 0.326308 33.149953
v 11.254956 0.326308 33.157011
v 11.299518 0.326308 33.149953
v 11.339720 0.326308 33.129470
v 11.371623 0.326308 33.097567
v 11.392104 0.326308 33.057367
v 11.399163 0.326308 33.012804
v 11.392104 0.326308 32.968242
v 11.371623 0.326308 32.928042
v 11.339720 0.326308 32.896139
v 11.299518 0.326308 32.875655
v 11.254956 0.326308 32.868598
v 11.210394 0.326308 32.875655
v 11.170194 0.326308 32.896139
v 11.138292 0.326308 32.928042
v 11.117808 0.326308 32.968242
v 11.110749 0.326308 33.012804
v 11.081247 0.385004 33.069246
v 11.107190 0.385004 33.120163
v 11.147598 0.385004 33.160571
v 11.198514 0.385004 33.186515
v 11.254956 0.385004 33.195454
v 11.311396 0.385004 33.186515
v 11.362316 0.385004 33.160571
v 11.402724 0.385004 33.120163
v 11.428669 0.385004 33.069246
v 11.437605 0.385004 33.012804
v 11.428669 0.385004 32.956362
v 11.402724 0.385004 32.905445
v 11.362316 0.385004 32.865037
v 11.311396 0.385004 32.839094
v 11.254956 0.385004 32.830154
v 11.198514 0.385004 32.839094
v 11.147598 0.385004 32.865037
v 11.107190 0.385004 32.905445
v 11.081247 0.385004 32.956362
v 11.072305 0.385004 33.012804
v 11.081247 0.409777 33.069246
v 11.107190 0.409777 33.120163
v 11.147598 0.409777 33.160571
v 11.198514 0.409777 33.186515
v 11.254956 0.409777 33.195454
v 11.311396 0.409777 33.186515
v 11.362316 0.409777 33.160571
v 11.402724 0.409777 33.120163
v 11.428669 0.409777 33.069246
v 11.437605 0.409777 33.012804
v 11.428669 0.409777 32.956362
v 11.402724 0.409777 32.905445
v 11.362316 0.409777 32.865037
v 11.311396 0.409777 32.839094
v 11.254956 0.409777 32.830154
v 11.198514 0.409777 32.839094
v 11.147598 0.409777 32.865037
v 11.107190 0.409777 32.905445
v 11.081247 0.409777 32.956362
v 11.072305 0.409777 33.012804
v 11.117808 0.468473 33.057367
v 11.138292 0.468473 33.097567
v 11.170194 0.468473 33.129470
v 11.210394 0.468473 33.149953
v 11.254956 0.468473 33.157011
v 11.299518 0.468473 33.149953
v 11.339720 0.468473 33.129470
v 11.371623 0.468473 33.097567
v 11.392104 0.468473 33.057367
v 11.399163 0.468473 33.012804
v 11.392104 0.468473 32.968242
v 11.371623 0.468473 32.928042
v 11.339720 0.468473 32.896139
v 11.299518 0.468473 32.875655
v 11.254956 0.468473 32.868598
v 11.210394 0.468473 32.875655
v 11.170194 0.468473 32.896139
v 11.138292 0.468473 32.928042
v 11.117808 0.468473 32.968242
v 11.110749 0.468473 33.012805
v 11.117808 0.497592 33.057367
v 11.138292 0.497592 33.097567
v 11.170194 0.497592 33.129470
v 11.210394 0.497592 33.149953
v 11.254956 0.497592 33.157011
v 11.299518 0.497592 33.149953
v 11.339720 0.497592 33.129470
v 11.371623 0.497592 33.097567
v 11.392104 0.497592 33.057367
v 11.399163 0.497592 33.012804
v 11.392104 0.497592 32.968242
v 11.371623 0.497592 32.928042
v 11.339720 0.497592 32.896139
v 11.299518 0.497592 32.875655
v 11.254956 0.497592 32.868598
v 11.210394 0.497592 32.875655
v 11.170194 0.497592 32.896139
v 11.138292 0.497592 32.928042
v 11.117808 0.497592 32.968242
v 11.110749 0.497592 33.012805
v 11.320487 0.641328 32.991513
v 11.310701 0.641328 32.972305
v 11.295457 0.641328 32.957061
v 11.276249 0.641328 32.947274
v 11.254955 0.641328 32.943901
v 11.233663 0.641328 32.947274
v 11.214457 0.641328 32.957061
v 11.199213 0.641328 32.972304
v 11.189426 0.641328 32.991512
v 11.186053 0.641328 33.012804
v 11.189426 0.641328 33.034096
v 11.199213 0.641328 33.053304
v 11.214457 0.641328 33.068548
v 11.233664 0.641328 33.078335
v 11.254956 0.641328 33.081707
v 11.276249 0.641328 33.078335
v 11.295458 0.641328 33.068548
v 11.310701 0.641328 33.053304
v 11.320487 0.641328 33.034096
v 11.323859 0.641328 33.012805
v 11.320487 0.662712 32.991513
v 11.310701 0.662712 32.972305
v 11.295457 0.662712 32.957061
v 11.276249 0.662712 32.947274
v 11.254955 0.662712 32.943901
v 11.233663 0.662712 32.947274
v 11.214457 0.662712 32.957061
v 11.199213 0.662712 32.972304
v 11.189426 0.662712 32.991512
v 11.186053 0.662712 33.012804
v 11.189426 0.662712 33.034096
v 11.199213 0.662712 33.053304
v 11.214457 0.662712 33.068548
v 11.233664 0.662712 33.078335
v 11.254956 0.662712 33.081707
v 11.276249 0.662712 33.078335
v 11.295458 0.662712 33.068548
v 11.310701 0.662712 33.053304
v 11.320487 0.662712 33.034096
v 11.323859 0.662712 33.012804
v 11.351600 0.687561 32.981404
v 11.337168 0.687561 32.953076
v 11.314685 0.687562 32.930595
v 11.286357 0.687562 32.916161
v 11.254955 0.687561 32.911187
v 11.223553 0.687561 32.916161
v 11.195228 0.687561 32.930594
v 11.172745 0.687561 32.953075
v 11.158312 0.687561 32.981403
v 11.153340 0.687561 33.012804
v 11.158312 0.687561 33.044205
v 11.172745 0.687562 33.072533
v 11.195228 0.687561 33.095015
v 11.223555 0.687561 33.109448
v 11.254956 0.687561 33.114422
v 11.286359 0.687561 33.109448
v 11.314685 0.687561 33.095014
v 11.337168 0.687561 33.072533
v 11.351599 0.687561 33.044205
v 11.356574 0.687561 33.012804
v 11.373451 0.711255 32.974304
v 11.355754 0.711255 32.939573
v 11.328189 0.711256 32.912009
v 11.293456 0.711256 32.894311
v 11.254955 0.711255 32.888213
v 11.216454 0.711255 32.894311
v 11.181724 0.711255 32.912008
v 11.154160 0.711255 32.939571
v 11.136464 0.711255 32.974304
v 11.130366 0.711255 33.012804
v 11.136464 0.711255 33.051305
v 11.154160 0.711256 33.086037
v 11.181724 0.711255 33.113601
v 11.216456 0.711255 33.131298
v 11.254956 0.711255 33.137396
v 11.293458 0.711255 33.131297
v 11.328189 0.711255 33.113601
v 11.355754 0.711255 33.086037
v 11.373451 0.711255 33.051305
v 11.379548 0.711255 33.012804
v 11.395301 0.768122 32.967205
v 11.374340 0.768122 32.926069
v 11.341694 0.768122 32.893422
v 11.300557 0.768122 32.872461
v 11.254954 0.768122 32.865239
v 11.209355 0.768122 32.872461
v 11.168219 0.768122 32.893421
v 11.135572 0.768122 32.926068
v 11.114613 0.768122 32.967205
v 11.107390 0.768122 33.012804
v 11.114613 0.768122 33.058404
v 11.135572 0.768122 33.099541
v 11.168221 0.768122 33.132188
v 11.209357 0.768122 33.153148
v 11.254956 0.768122 33.160370
v 11.300558 0.768122 33.153147
v 11.341694 0.768122 33.132187
v 11.374340 0.768122 33.099541
v 11.395299 0.768122 33.058404
v 11.402522 0.768122 33.012804
v 11.374135 0.519776 32.974081
v 11.375127 0.497643 32.973758
v 11.356335 0.519776 32.939148
v 11.357181 0.497643 32.938534
v 11.328612 0.519776 32.911425
v 11.329226 0.497644 32.910580
v 11.293679 0.519776 32.893626
v 11.294002 0.497643 32.892632
v 11.254956 0.519776 32.887493
v 11.254956 0.497643 32.886448
v 11.216234 0.519776 32.893626
v 11.215910 0.497643 32.892632
v 11.181300 0.519776 32.911425
v 11.180686 0.497643 32.910580
v 11.153576 0.519776 32.939148
v 11.152732 0.497643 32.938534
v 11.135779 0.519776 32.974081
v 11.134786 0.497643 32.973758
v 11.129646 0.519776 33.012804
v 11.128600 0.497643 33.012805
v 11.135779 0.519776 33.051528
v 11.134786 0.497643 33.051851
v 11.153575 0.519776 33.086461
v 11.152732 0.497643 33.087075
v 11.181300 0.519776 33.114184
v 11.180686 0.497643 33.115029
v 11.216234 0.519776 33.131983
v 11.215910 0.497643 33.132976
v 11.254956 0.519776 33.138116
v 11.254956 0.497643 33.139161
v 11.293681 0.519776 33.131983
v 11.294002 0.497643 33.132976
v 11.328612 0.519776 33.114184
v 11.329226 0.497643 33.115029
v 11.356335 0.519776 33.086460
v 11.357181 0.497643 33.087075
v 11.374135 0.519776 33.051527
v 11.375127 0.497643 33.051850
v 11.380267 0.519776 33.012805
v 11.381312 0.497643 33.012805
v 11.372813 0.873856 32.974512
v 11.355213 0.873857 32.939968
v 11.327796 0.873857 32.912551
v 11.293248 0.873857 32.894948
v 11.254954 0.873856 32.888883
v 11.216662 0.873857 32.894948
v 11.182118 0.873857 32.912550
v 11.154702 0.873856 32.939966
v 11.137099 0.873857 32.974511
v 11.131036 0.873856 33.012804
v 11.137099 0.873857 33.051096
v 11.154702 0.873857 33.085643
v 11.182120 0.873857 33.113059
v 11.216663 0.873856 33.130661
v 11.254956 0.873857 33.136726
v 11.293250 0.873857 33.130660
v 11.327796 0.873856 33.113059
v 11.355213 0.873857 33.085644
v 11.372813 0.873857 33.051097
v 11.378879 0.873857 33.012804
v 11.307264 0.934687 32.995810
v 11.299453 0.934687 32.980480
v 11.287284 0.934687 32.968311
v 11.271949 0.934687 32.960498
v 11.254954 0.934687 32.957806
v 11.237962 0.934687 32.960498
v 11.222629 0.934687 32.968310
v 11.210462 0.934687 32.980477
v 11.202649 0.934687 32.995810
v 11.199958 0.934687 33.012804
v 11.202649 0.934687 33.029797
v 11.210462 0.934687 33.045130
v 11.222631 0.934687 33.057299
v 11.237962 0.934687 33.065111
v 11.254955 0.934687 33.067803
v 11.271953 0.934687 33.065111
v 11.287284 0.934687 33.057299
v 11.299451 0.934687 33.045131
v 11.307264 0.934687 33.029799
v 11.309956 0.934687 33.012804
v 11.176164 1.013308 33.038410
v 11.187932 1.013307 33.061505
v 11.206257 1.013308 33.079830
v 11.229350 1.013308 33.091596
v 11.254954 1.013308 33.095652
v 11.280560 1.013308 33.091596
v 11.303652 1.013308 33.079830
v 11.321983 1.013308 33.061501
v 11.333747 1.013308 33.038407
v 11.337804 1.013308 33.012805
v 11.333747 1.013308 32.987199
v 11.321981 1.013308 32.964105
v 11.303654 1.013308 32.945780
v 11.280560 1.013308 32.934012
v 11.254954 1.013308 32.929957
v 11.229356 1.013308 32.934012
v 11.206259 1.013308 32.945779
v 11.187932 1.013308 32.964109
v 11.176163 1.013308 32.987202
v 11.172109 1.013308 33.012803
v 11.154314 1.276383 33.045513
v 11.169345 1.276382 33.075010
v 11.192750 1.276383 33.098415
v 11.222250 1.276383 33.113446
v 11.254955 1.276383 33.118628
v 11.287659 1.276383 33.113446
v 11.317156 1.276382 33.098419
v 11.340566 1.276383 33.075009
v 11.355598 1.276383 33.045505
v 11.360780 1.276383 33.012801
v 11.355600 1.276383 32.980100
v 11.340570 1.276383 32.950601
v 11.317158 1.276383 32.927193
v 11.287658 1.276383 32.912161
v 11.254954 1.276383 32.906981
v 11.222256 1.276382 32.912159
v 11.192757 1.276383 32.927191
v 11.169343 1.276383 32.950607
v 11.154312 1.276382 32.980102
v 11.149135 1.276383 33.012803
v 11.132464 1.276382 33.052612
v 11.150758 1.276382 33.088514
v 11.179246 1.276382 33.117002
v 11.215151 1.276383 33.135295
v 11.254955 1.276383 33.141602
v 11.294759 1.276383 33.135296
v 11.330661 1.276382 33.117005
v 11.359153 1.276383 33.088513
v 11.377446 1.276383 33.052605
v 11.383754 1.276383 33.012802
v 11.377448 1.276383 32.973000
v 11.359155 1.276383 32.937097
v 11.330663 1.276383 32.908606
v 11.294756 1.276383 32.890311
v 11.254954 1.276382 32.884007
v 11.215157 1.276382 32.890310
v 11.179254 1.276383 32.908605
v 11.150756 1.276383 32.937103
v 11.132462 1.276382 32.973003
v 11.126161 1.276383 33.012803
v 11.132464 1.300077 33.052612
v 11.150758 1.300076 33.088514
v 11.179246 1.300077 33.117001
v 11.215150 1.300077 33.135295
v 11.254955 1.300077 33.141602
v 11.294760 1.300077 33.135296
v 11.330661 1.300076 33.117006
v 11.359151 1.300077 33.088513
v 11.377446 1.300078 33.052604
v 11.383754 1.300077 33.012801
v 11.377448 1.300077 32.973000
v 11.359155 1.300077 32.937097
v 11.330663 1.300077 32.908606
v 11.294756 1.300077 32.890310
v 11.254954 1.300077 32.884007
v 11.215157 1.300076 32.890309
v 11.179255 1.300077 32.908605
v 11.150756 1.300077 32.937103
v 11.132462 1.300077 32.973003
v 11.126161 1.300077 33.012803
v 11.154314 1.300077 33.045513
v 11.169345 1.300076 33.075010
v 11.192748 1.300077 33.098415
v 11.222250 1.300077 33.113446
v 11.254955 1.300077 33.118628
v 11.287659 1.300077 33.113446
v 11.317156 1.300077 33.098419
v 11.340566 1.300077 33.075010
v 11.355598 1.300078 33.045504
v 11.360780 1.300077 33.012801
v 11.355600 1.300077 32.980100
v 11.340570 1.300077 32.950601
v 11.317158 1.300077 32.927193
v 11.287658 1.300077 32.912160
v 11.254954 1.300077 32.906981
v 11.222256 1.300077 32.912159
v 11.192757 1.300077 32.927191
v 11.169343 1.300077 32.950607
v 11.154312 1.300077 32.980102
v 11.149135 1.300077 33.012802
v 11.154314 1.323771 33.045514
v 11.169345 1.323771 33.075010
v 11.192748 1.323771 33.098415
v 11.222250 1.323771 33.113446
v 11.254956 1.323771 33.118628
v 11.287661 1.323771 33.113446
v 11.317156 1.323771 33.098419
v 11.340564 1.323771 33.075010
v 11.355598 1.323772 33.045504
v 11.360780 1.323771 33.012801
v 11.355600 1.323771 32.980100
v 11.340570 1.323771 32.950601
v 11.317158 1.323771 32.927193
v 11.287658 1.323771 32.912160
v 11.254954 1.323771 32.906981
v 11.222256 1.323771 32.912159
v 11.192757 1.323771 32.927191
v 11.169343 1.323771 32.950607
v 11.154312 1.323771 32.980102
v 11.149135 1.323771 33.012802
v 11.132464 1.323771 33.052613
v 11.150758 1.323770 33.088514
v 11.179246 1.323771 33.117001
v 11.215150 1.323771 33.135295
v 11.254955 1.323771 33.141602
v 11.294760 1.323771 33.135296
v 11.330661 1.323771 33.117006
v 11.359151 1.323771 33.088514
v 11.377446 1.323772 33.052604
v 11.383754 1.323771 33.012801
v 11.377448 1.323771 32.973000
v 11.359155 1.323771 32.937097
v 11.330663 1.323771 32.908606
v 11.294756 1.323771 32.890310
v 11.254954 1.323771 32.884006
v 11.215157 1.323771 32.890309
v 11.179255 1.323771 32.908604
v 11.150756 1.323771 32.937103
v 11.132462 1.323771 32.973003
v 11.126161 1.323771 33.012803
v 11.132464 1.368213 33.052613
v 11.150758 1.368212 33.088515
v 11.254955 1.368214 33.012805
v 11.179244 1.368213 33.117001
v 11.215150 1.368214 33.135295
v 11.254955 1.368213 33.141602
v 11.294760 1.368213 33.135296
v 11.330661 1.368212 33.117006
v 11.359151 1.368214 33.088514
v 11.377446 1.368214 33.052604
v 11.383754 1.368213 33.012801
v 11.377448 1.368214 32.973001
v 11.359155 1.368214 32.937097
v 11.330663 1.368214 32.908606
v 11.294756 1.368213 32.890310
v 11.254954 1.368213 32.884006
v 11.215157 1.368212 32.890309
v 11.179255 1.368214 32.908604
v 11.150755 1.368214 32.937103
v 11.132462 1.368213 32.973003
v 11.126161 1.368214 33.012803
v 11.132466 0.995156 33.052609
v 11.137583 1.007991 33.050946
v 11.149942 1.013308 33.046930
v 11.150760 0.995156 33.088513
v 11.155116 1.007990 33.085349
v 11.165627 1.013307 33.077711
v 11.179250 0.995156 33.117003
v 11.182413 1.007991 33.112648
v 11.190051 1.013307 33.102135
v 11.215152 0.995157 33.135295
v 11.216815 1.007992 33.130176
v 11.220830 1.013308 33.117817
v 11.254954 0.995156 33.141600
v 11.254954 1.007991 33.136218
v 11.254954 1.013308 33.123223
v 11.294758 0.995156 33.135295
v 11.293094 1.007991 33.130176
v 11.289081 1.013308 33.117818
v 11.330661 0.995156 33.117002
v 11.327498 1.007991 33.112648
v 11.319859 1.013308 33.102135
v 11.359155 0.995157 33.088508
v 11.354800 1.007992 33.085345
v 11.344286 1.013308 33.077707
v 11.377446 0.995157 33.052607
v 11.372329 1.007992 33.050943
v 11.359969 1.013308 33.046927
v 11.383752 0.995156 33.012805
v 11.378369 1.007991 33.012805
v 11.365374 1.013308 33.012805
v 11.377446 0.995156 32.973000
v 11.372329 1.007991 32.974664
v 11.359969 1.013308 32.978679
v 11.359155 0.995156 32.937097
v 11.354800 1.007991 32.940261
v 11.344286 1.013308 32.947899
v 11.330663 0.995157 32.908607
v 11.327499 1.007992 32.912962
v 11.319860 1.013308 32.923475
v 11.294756 0.995156 32.890313
v 11.293093 1.007991 32.895431
v 11.289079 1.013308 32.907790
v 11.254954 0.995156 32.884009
v 11.254954 1.007991 32.889391
v 11.254954 1.013308 32.902386
v 11.215155 0.995156 32.890312
v 11.216819 1.007991 32.895431
v 11.220837 1.013308 32.907790
v 11.179252 0.995156 32.908606
v 11.182416 1.007991 32.912961
v 11.190054 1.013308 32.923474
v 11.150758 0.995157 32.937101
v 11.155112 1.007992 32.940265
v 11.165625 1.013308 32.947903
v 11.132464 0.995156 32.973003
v 11.137583 1.007991 32.974666
v 11.149942 1.013308 32.978682
v 11.126161 0.995157 33.012803
v 11.131544 1.007992 33.012803
v 11.144538 1.013308 33.012803
v 11.149932 0.934685 33.046932
v 11.137580 0.939998 33.050945
v 11.132466 0.952825 33.052608
v 11.165620 0.934685 33.077717
v 11.155112 0.939998 33.085351
v 11.150762 0.952824 33.088513
v 11.190048 0.934685 33.102145
v 11.182413 0.939998 33.112651
v 11.179252 0.952824 33.117003
v 11.220827 0.934686 33.117829
v 11.216814 0.939999 33.130179
v 11.215152 0.952825 33.135295
v 11.254954 0.934685 33.123234
v 11.254954 0.939998 33.136221
v 11.254954 0.952825 33.141600
v 11.289083 0.934685 33.117829
v 11.293095 0.939998 33.130179
v 11.294757 0.952825 33.135295
v 11.319865 0.934685 33.102144
v 11.327499 0.939998 33.112650
v 11.330661 0.952825 33.117002
v 11.344296 0.934686 33.077713
v 11.354802 0.939999 33.085346
v 11.359155 0.952825 33.088508
v 11.359981 0.934686 33.046931
v 11.372330 0.939999 33.050944
v 11.377446 0.952825 33.052607
v 11.365385 0.934685 33.012805
v 11.378373 0.939998 33.012805
v 11.383752 0.952825 33.012805
v 11.359981 0.934686 32.978676
v 11.372330 0.939999 32.974663
v 11.377446 0.952825 32.973000
v 11.344294 0.934685 32.947893
v 11.354802 0.939998 32.940259
v 11.359153 0.952825 32.937098
v 11.319867 0.934686 32.923466
v 11.327500 0.939999 32.912959
v 11.330663 0.952825 32.908607
v 11.289085 0.934685 32.907780
v 11.293095 0.939998 32.895429
v 11.294757 0.952825 32.890313
v 11.254954 0.934685 32.902374
v 11.254954 0.939998 32.889388
v 11.254954 0.952825 32.884009
v 11.220832 0.934685 32.907779
v 11.216817 0.939998 32.895429
v 11.215155 0.952825 32.890313
v 11.190049 0.934686 32.923464
v 11.182414 0.939999 32.912958
v 11.179252 0.952825 32.908606
v 11.165616 0.934686 32.947896
v 11.155110 0.939999 32.940262
v 11.150758 0.952825 32.937101
v 11.149932 0.934685 32.978678
v 11.137580 0.939998 32.974665
v 11.132464 0.952825 32.973003
v 11.144526 0.934686 33.012803
v 11.131541 0.939999 33.012803
v 11.126161 0.952825 33.012803
v 11.135285 0.079118 33.051688
v 11.153541 0.079118 33.045756
v 11.153157 0.079118 33.086766
v 11.168687 0.079118 33.075482
v 11.180995 0.079118 33.114603
v 11.192279 0.079118 33.099073
v 11.216071 0.079118 33.132477
v 11.222005 0.079118 33.114219
v 11.254956 0.079118 33.138635
v 11.254956 0.079118 33.119438
v 11.293842 0.079118 33.132476
v 11.287909 0.079118 33.114219
v 11.328918 0.079118 33.114603
v 11.317635 0.079118 33.099073
v 11.356753 0.079118 33.086766
v 11.341226 0.079118 33.075482
v 11.374629 0.079118 33.051688
v 11.356372 0.079118 33.045756
v 11.380787 0.079118 33.012804
v 11.361591 0.079118 33.012804
v 11.374629 0.079118 32.973920
v 11.356372 0.079118 32.979852
v 11.356753 0.079118 32.938843
v 11.341226 0.079118 32.950126
v 11.328918 0.079118 32.911005
v 11.317635 0.079118 32.926535
v 11.293842 0.079118 32.893132
v 11.287909 0.079118 32.911389
v 11.254956 0.079118 32.886973
v 11.254956 0.079118 32.906170
v 11.216071 0.079118 32.893132
v 11.222005 0.079118 32.911389
v 11.180995 0.079118 32.911005
v 11.192279 0.079118 32.926535
v 11.153157 0.079118 32.938843
v 11.168687 0.079118 32.950126
v 11.135285 0.079118 32.973920
v 11.153541 0.079118 32.979852
v 11.129125 0.079118 33.012804
v 11.148322 0.079118 33.012804
v 11.057155 0.044936 33.156511
v 11.022436 0.044937 33.088356
v 11.010467 0.044936 33.012805
v 11.022436 0.044936 32.937253
v 11.057155 0.044936 32.869097
v 11.111242 0.044936 32.815009
v 11.179404 0.044936 32.780281
v 11.254956 0.044936 32.768315
v 11.330508 0.044936 32.780281
v 11.398653 0.044936 32.815009
v 11.452753 0.044936 32.869097
v 11.487477 0.044936 32.937253
v 11.499444 0.044936 33.012805
v 11.487477 0.044936 33.088356
v 11.452753 0.044936 33.156511
v 11.398653 0.044936 33.210600
v 11.330508 0.044936 33.245327
v 11.254956 0.044936 33.257293
v 11.179404 0.044936 33.245327
v 11.111242 0.044936 33.210600
v 11.389974 0.829979 32.968936
v 11.369809 0.829979 32.929362
v 11.338401 0.829979 32.897954
v 11.298823 0.829979 32.877788
v 11.254954 0.829979 32.870839
v 11.211085 0.829979 32.877788
v 11.171512 0.829979 32.897953
v 11.140103 0.829979 32.929360
v 11.119940 0.829979 32.968936
v 11.112990 0.829979 33.012805
v 11.119940 0.829979 33.056672
v 11.140103 0.829979 33.096248
v 11.171514 0.829979 33.127657
v 11.211087 0.829979 33.147821
v 11.254956 0.829979 33.154769
v 11.298825 0.829979 33.147820
v 11.338401 0.829979 33.127656
v 11.369809 0.829979 33.096249
v 11.389974 0.829979 33.056673
v 11.396920 0.829979 33.012804
v 11.358203 0.893143 32.979259
v 11.325967 0.922850 32.989733
v 11.342785 0.893144 32.948997
v 11.315362 0.922851 32.968921
v 11.318767 0.893144 32.924978
v 11.298844 0.922851 32.952401
v 11.288499 0.893144 32.909557
v 11.278026 0.922851 32.941794
v 11.254954 0.893143 32.904243
v 11.254954 0.922850 32.938140
v 11.221408 0.893144 32.909557
v 11.231885 0.922850 32.941794
v 11.191144 0.893143 32.924977
v 11.211068 0.922850 32.952400
v 11.167127 0.893143 32.948994
v 11.194551 0.922850 32.968918
v 11.151708 0.893144 32.979258
v 11.183946 0.922850 32.989733
v 11.146396 0.893143 33.012804
v 11.180291 0.922851 33.012804
v 11.151708 0.893144 33.046349
v 11.183946 0.922850 33.035874
v 11.167127 0.893143 33.076614
v 11.194551 0.922850 33.056690
v 11.191148 0.893144 33.100633
v 11.211072 0.922850 33.073210
v 11.221408 0.893143 33.116052
v 11.231885 0.922850 33.083815
v 11.254955 0.893143 33.121365
v 11.254955 0.922850 33.087469
v 11.288503 0.893143 33.116052
v 11.278030 0.922850 33.083814
v 11.318767 0.893143 33.100632
v 11.298844 0.922850 33.073209
v 11.342785 0.893144 33.076615
v 11.315362 0.922850 33.056691
v 11.358203 0.893143 33.046351
v 11.325967 0.922850 33.035876
v 11.363518 0.893144 33.012804
v 11.329619 0.922851 33.012804
vt 0.648603 0.107966
vt 0.626409 0.064408
vt 0.591842 0.029841
vt 0.548284 0.007647
vt 0.500000 -0.000000
vt 0.451716 0.007647
vt 0.408159 0.029841
vt 0.373591 0.064409
vt 0.351397 0.107966
vt 0.343750 0.156250
vt 0.351397 0.204534
vt 0.373591 0.248091
vt 0.408159 0.282659
vt 0.451716 0.304853
vt 0.500000 0.312500
vt 0.548284 0.304853
vt 0.591841 0.282659
vt 0.626409 0.248091
vt 0.648603 0.204534
vt 0.656250 0.156250
vt 0.375000 0.312500
vt 0.387500 0.312500
vt 0.400000 0.312500
vt 0.412500 0.312500
vt 0.425000 0.312500
vt 0.437500 0.312500
vt 0.450000 0.312500
vt 0.462500 0.312500
vt 0.475000 0.312500
vt 0.487500 0.312500
vt 0.500000 0.312500
vt 0.512500 0.312500
vt 0.525000 0.312500
vt 0.537500 0.312500
vt 0.550000 0.312500
vt 0.562500 0.312500
vt 0.575000 0.312500
vt 0.587500 0.312500
vt 0.600000 0.312500
vt 0.612500 0.312500
vt 0.625000 0.312500
vt 0.500000 0.156250
vt 0.500000 0.843750
vt 0.648603 0.892034
vt 0.626409 0.935591
vt 0.591841 0.970159
vt 0.548284 0.992353
vt 0.500000 1.000000
vt 0.451716 0.992353
vt 0.408159 0.970159
vt 0.373591 0.935591
vt 0.351397 0.892034
vt 0.343750 0.843750
vt 0.351397 0.795466
vt 0.373591 0.751909
vt 0.408159 0.717341
vt 0.451716 0.695147
vt 0.500000 0.687500
vt 0.548284 0.695147
vt 0.591842 0.717341
vt 0.626409 0.751908
vt 0.648603 0.795466
vt 0.656250 0.843750
vt 0.648603 0.892034
vt 0.626409 0.935591
vt 0.591841 0.970159
vt 0.548284 0.992353
vt 0.500000 1.000000
vt 0.451716 0.992353
vt 0.408159 0.970159
vt 0.373591 0.935591
vt 0.351397 0.892034
vt 0.343750 0.843750
vt 0.351397 0.795466
vt 0.373591 0.751909
vt 0.408159 0.717341
vt 0.451716 0.695147
vt 0.500000 0.687500
vt 0.548284 0.695147
vt 0.591842 0.717341
vt 0.626409 0.751908
vt 0.648603 0.795466
vt 0.656250 0.843750
vt 0.648603 0.892034
vt 0.626409 0.935591
vt 0.591841 0.970159
vt 0.548284 0.992353
vt 0.500000 1.000000
vt 0.451716 0.992353
vt 0.408159 0.970159
vt 0.373591 0.935591
vt 0.351397 0.892034
vt 0.343750 0.843750
vt 0.351397 0.795466
vt 0.373591 0.751909
vt 0.408159 0.717341
vt 0.451716 0.695147
vt 0.500000 0.687500
vt 0.548284 0.695147
vt 0.591842 0.717341
vt 0.626409 0.751908
vt 0.648603 0.795466
vt 0.656250 0.843750
vt 0.648603 0.892034
vt 0.626409 0.935591
vt 0.591841 0.970159
vt 0.548284 0.992353
vt 0.500000 1.000000
vt 0.451716 0.992353
vt 0.408159 0.970159
vt 0.373591 0.935591
vt 0.351397 0.892034
vt 0.343750 0.843750
vt 0.351397 0.795466
vt 0.373591 0.751909
vt 0.408159 0.717341
vt 0.451716 0.695147
vt 0.500000 0.687500
vt 0.548284 0.695147
vt 0.591842 0.717341
vt 0.626409 0.751908
vt 0.648603 0.795466
vt 0.656250 0.843750
vt 0.648603 0.892034
vt 0.626409 0.935591
vt 0.591841 0.970159
vt 0.548284 0.992353
vt 0.500000 1.000000
vt 0.451716 0.992353
vt 0.408159 0.970159
vt 0.373591 0.935591
vt 0.351397 0.892034
vt 0.343750 0.843750
vt 0.351397 0.795466
vt 0.373591 0.751909
vt 0.408159 0.717341
vt 0.451716 0.695147
vt 0.500000 0.687500
vt 0.548284 0.695147
vt 0.591842 0.717341
vt 0.626409 0.751908
vt 0.648603 0.795466
vt 0.656250 0.843750
vt 0.648603 0.892034
vt 0.626409 0.935591
vt 0.591841 0.970159
vt 0.548284 0.992353
vt 0.500000 1.000000
vt 0.451716 0.992353
vt 0.408159 0.970159
vt 0.373591 0.935591
vt 0.351397 0.892034
vt 0.343750 0.843750
vt 0.351397 0.795466
vt 0.373591 0.751909
vt 0.408159 0.717341
vt 0.451716 0.695147
vt 0.500000 0.687500
vt 0.548284 0.695147
vt 0.591842 0.717341
vt 0.626409 0.751908
vt 0.648603 0.795466
vt 0.656250 0.843750
vt 0.648603 0.892034
vt 0.626409 0.935591
vt 0.591841 0.970159
vt 0.548284 0.992353
vt 0.500000 1.000000
vt 0.451716 0.992353
vt 0.408159 0.970159
vt 0.373591 0.935591
vt 0.351397 0.892034
vt 0.343750 0.843750
vt 0.351397 0.795466
vt 0.373591 0.751909
vt 0.408159 0.717341
vt 0.451716 0.695147
vt 0.500000 0.687500
vt 0.548284 0.695147
vt 0.591842 0.717341
vt 0.626409 0.751908
vt 0.648603 0.795466
vt 0.656250 0.843750
vt 0.648603 0.892034
vt 0.626409 0.935591
vt 0.591841 0.970159
vt 0.548284 0.992353
vt 0.500000 1.000000
vt 0.451716 0.992353
vt 0.408159 0.970159
vt 0.373591 0.935591
vt 0.351397 0.892034
vt 0.343750 0.843750
vt 0.351397 0.795466
vt 0.373591 0.751909
vt 0.408159 0.717341
vt 0.451716 0.695147
vt 0.500000 0.687500
vt 0.548284 0.695147
vt 0.591842 0.717341
vt 0.626409 0.751908
vt 0.648603 0.795466
vt 0.656250 0.843750
vt 0.648603 0.892034
vt 0.626409 0.935591
vt 0.591841 0.970159
vt 0.548284 0.992353
vt 0.500000 1.000000
vt 0.451716 0.992353
vt 0.408159 0.970159
vt 0.373591 0.935591
vt 0.351397 0.892034
vt 0.343750 0.843750
vt 0.351397 0.795466
vt 0.373591 0.751909
vt 0.408159 0.717341
vt 0.451716 0.695147
vt 0.500000 0.687500
vt 0.548284 0.695147
vt 0.591842 0.717341
vt 0.626409 0.751908
vt 0.648603 0.795466
vt 0.656250 0.843750
vt 0.648603 0.892034
vt 0.626409 0.935591
vt 0.591841 0.970159
vt 0.548284 0.992353
vt 0.500000 1.000000
vt 0.451716 0.992353
vt 0.408159 0.970159
vt 0.373591 0.935591
vt 0.351397 0.892034
vt 0.343750 0.843750
vt 0.351397 0.795466
vt 0.373591 0.751909
vt 0.408159 0.717341
vt 0.451716 0.695147
vt 0.500000 0.687500
vt 0.548284 0.695147
vt 0.591842 0.717341
vt 0.626409 0.751908
vt 0.648603 0.795466
vt 0.656250 0.843750
vt 0.648603 0.892034
vt 0.626409 0.935591
vt 0.591841 0.970159
vt 0.548284 0.992353
vt 0.500000 1.000000
vt 0.451716 0.992353
vt 0.408159 0.970159
vt 0.373591 0.935591
vt 0.351397 0.892034
vt 0.343750 0.843750
vt 0.351397 0.795466
vt 0.373591 0.751909
vt 0.408159 0.717341
vt 0.451716 0.695147
vt 0.500000 0.687500
vt 0.548284 0.695147
vt 0.591842 0.717341
vt 0.626409 0.751908
vt 0.648603 0.795466
vt 0.656250 0.843750
vt 0.626409 0.935591
vt 0.591841 0.970159
vt 0.548284 0.992353
vt 0.500000 1.000000
vt 0.451716 0.992353
vt 0.408159 0.970159
vt 0.373591 0.935592
vt 0.351397 0.892034
vt 0.343750 0.843750
vt 0.351397 0.795466
vt 0.373591 0.751909
vt 0.408159 0.717341
vt 0.451716 0.695147
vt 0.500000 0.687500
vt 0.548284 0.695147
vt 0.591842 0.717341
vt 0.626409 0.751908
vt 0.648603 0.795466
vt 0.656250 0.843750
vt 0.648603 0.892034
vt 0.591841 0.970159
vt 0.499986 0.843740
vt 0.548284 0.992353
vt 0.499990 0.843736
vt 0.500000 1.000000
vt 0.499995 0.843734
vt 0.451716 0.992353
vt 0.500000 0.843734
vt 0.408159 0.970159
vt 0.500005 0.843734
vt 0.373591 0.935591
vt 0.500009 0.843737
vt 0.351397 0.892034
vt 0.500013 0.843741
vt 0.343750 0.843750
vt 0.500015 0.843745
vt 0.351397 0.795466
vt 0.500016 0.843750
vt 0.373591 0.751909
vt 0.500015 0.843755
vt 0.408159 0.717341
vt 0.500014 0.843760
vt 0.451716 0.695147
vt 0.500011 0.843765
vt 0.500000 0.687500
vt 0.500005 0.843767
vt 0.548284 0.695147
vt 0.500000 0.843766
vt 0.591842 0.717341
vt 0.499995 0.843765
vt 0.626409 0.751908
vt 0.499990 0.843764
vt 0.648603 0.795466
vt 0.499986 0.843760
vt 0.656250 0.843750
vt 0.499985 0.843755
vt 0.648603 0.892034
vt 0.499984 0.843750
vt 0.626409 0.935591
vt 0.499984 0.843745
vt 0.648603 0.892034
vt 0.626409 0.935591
vt 0.591841 0.970159
vt 0.548284 0.992353
vt 0.500000 1.000000
vt 0.451716 0.992353
vt 0.408159 0.970159
vt 0.373591 0.935591
vt 0.351397 0.892034
vt 0.343750 0.843750
vt 0.351397 0.795466
vt 0.373591 0.751909
vt 0.408159 0.717341
vt 0.451716 0.695147
vt 0.500000 0.687500
vt 0.548284 0.695147
vt 0.591842 0.717341
vt 0.626409 0.751908
vt 0.648603 0.795466
vt 0.656250 0.843750
vt 0.648603 0.892034
vt 0.626409 0.935591
vt 0.591841 0.970159
vt 0.548284 0.992353
vt 0.500000 1.000000
vt 0.451716 0.992353
vt 0.408159 0.970159
vt 0.373591 0.935591
vt 0.351397 0.892034
vt 0.343750 0.843750
vt 0.351397 0.795466
vt 0.373591 0.751909
vt 0.408159 0.717341
vt 0.451716 0.695147
vt 0.500000 0.687500
vt 0.548284 0.695147
vt 0.591842 0.717341
vt 0.626409 0.751908
vt 0.648603 0.795466
vt 0.656250 0.843750
vt 0.648603 0.892034
vt 0.626409 0.935591
vt 0.591841 0.970159
vt 0.548284 0.992353
vt 0.500000 1.000000
vt 0.451716 0.992353
vt 0.408159 0.970159
vt 0.373591 0.935591
vt 0.351397 0.892034
vt 0.343750 0.843750
vt 0.351397 0.795466
vt 0.373591 0.751909
vt 0.408159 0.717341
vt 0.451716 0.695147
vt 0.500000 0.687500
vt 0.548284 0.695147
vt 0.591842 0.717341
vt 0.626409 0.751908
vt 0.648603 0.795466
vt 0.656250 0.843750
vt 0.648603 0.892034
vt 0.626409 0.935591
vt 0.591841 0.970159
vt 0.548284 0.992353
vt 0.500000 1.000000
vt 0.451716 0.992353
vt 0.408159 0.970159
vt 0.373591 0.935591
vt 0.351397 0.892034
vt 0.343750 0.843750
vt 0.351397 0.795466
vt 0.373591 0.751909
vt 0.408159 0.717341
vt 0.451716 0.695147
vt 0.500000 0.687500
vt 0.548284 0.695147
vt 0.591842 0.717341
vt 0.626409 0.751908
vt 0.648603 0.795466
vt 0.656250 0.843750
vt 0.648603 0.892034
vt 0.626409 0.935591
vt 0.591841 0.970159
vt 0.548284 0.992353
vt 0.500000 1.000000
vt 0.451716 0.992353
vt 0.408159 0.970159
vt 0.373591 0.935591
vt 0.351397 0.892034
vt 0.343750 0.843750
vt 0.351397 0.795466
vt 0.373591 0.751909
vt 0.408159 0.717341
vt 0.451716 0.695147
vt 0.500000 0.687500
vt 0.548284 0.695147
vt 0.591842 0.717341
vt 0.626409 0.751908
vt 0.648603 0.795466
vt 0.656250 0.843750
vt 0.648603 0.892034
vt 0.626409 0.935591
vt 0.591841 0.970159
vt 0.548284 0.992353
vt 0.500000 1.000000
vt 0.451716 0.992353
vt 0.408159 0.970159
vt 0.373591 0.935591
vt 0.351397 0.892034
vt 0.343750 0.843750
vt 0.351397 0.795466
vt 0.373591 0.751909
vt 0.408159 0.717341
vt 0.451716 0.695147
vt 0.500000 0.687500
vt 0.548284 0.695147
vt 0.591842 0.717341
vt 0.626409 0.751908
vt 0.648603 0.795466
vt 0.656250 0.843750
vt 0.648603 0.892034
vt 0.626409 0.935591
vt 0.591841 0.970159
vt 0.548284 0.992353
vt 0.500000 1.000000
vt 0.451716 0.992353
vt 0.408159 0.970159
vt 0.373591 0.935591
vt 0.351397 0.892034
vt 0.343750 0.843750
vt 0.351397 0.795466
vt 0.373591 0.751909
vt 0.408159 0.717341
vt 0.451716 0.695147
vt 0.500000 0.687500
vt 0.548284 0.695147
vt 0.591842 0.717341
vt 0.626409 0.751908
vt 0.648603 0.795466
vt 0.656250 0.843750
vt 0.626409 0.935592
vt 0.648603 0.892034
vt 0.591841 0.970159
vt 0.626409 0.935591
vt 0.548284 0.992353
vt 0.591841 0.970159
vt 0.500000 1.000000
vt 0.548284 0.992353
vt 0.451716 0.992353
vt 0.500000 1.000000
vt 0.408158 0.970159
vt 0.451716 0.992353
vt 0.373591 0.935592
vt 0.408159 0.970159
vt 0.351397 0.892034
vt 0.373591 0.935591
vt 0.343750 0.843750
vt 0.351397 0.892034
vt 0.351397 0.795466
vt 0.343750 0.843750
vt 0.373591 0.751909
vt 0.351397 0.795466
vt 0.408158 0.717341
vt 0.373591 0.751909
vt 0.451717 0.695147
vt 0.408159 0.717341
vt 0.500000 0.687500
vt 0.451716 0.695147
vt 0.548284 0.695147
vt 0.500000 0.687500
vt 0.591842 0.717341
vt 0.548284 0.695147
vt 0.626409 0.751908
vt 0.591842 0.717341
vt 0.648603 0.795466
vt 0.626409 0.751908
vt 0.656250 0.843750
vt 0.648603 0.795466
vt 0.648603 0.892034
vt 0.656250 0.843750
vt 0.648603 0.892034
vt 0.626409 0.935591
vt 0.591841 0.970159
vt 0.548284 0.992353
vt 0.500000 1.000000
vt 0.451716 0.992353
vt 0.408159 0.970159
vt 0.373591 0.935591
vt 0.351397 0.892034
vt 0.343750 0.843750
vt 0.351397 0.795466
vt 0.373591 0.751909
vt 0.408159 0.717341
vt 0.451716 0.695147
vt 0.500000 0.687500
vt 0.548284 0.695147
vt 0.591842 0.717341
vt 0.626409 0.751908
vt 0.648603 0.795466
vt 0.656250 0.843750
vt 0.645438 0.898245
vt 0.621479 0.940521
vt 0.591841 0.970159
vt 0.541399 0.993443
vt 0.493115 0.998910
vt 0.451716 0.992353
vt 0.403229 0.965230
vt 0.370426 0.929380
vt 0.350307 0.885149
vt 0.343750 0.843750
vt 0.351397 0.795466
vt 0.373591 0.751909
vt 0.408159 0.717341
vt 0.451716 0.695147
vt 0.500000 0.687500
vt 0.548284 0.695147
vt 0.596771 0.722270
vt 0.626409 0.751909
vt 0.648603 0.795466
vt 0.655160 0.850635
vt 0.626409 0.935591
vt 0.648603 0.892034
vt 0.591841 0.970159
vt 0.626409 0.935591
vt 0.548284 0.992353
vt 0.591841 0.970159
vt 0.500000 1.000000
vt 0.548284 0.992353
vt 0.451716 0.992353
vt 0.500000 1.000000
vt 0.408159 0.970159
vt 0.451716 0.992353
vt 0.373591 0.935592
vt 0.408159 0.970159
vt 0.351397 0.892034
vt 0.373591 0.935592
vt 0.343750 0.843750
vt 0.351397 0.892034
vt 0.351397 0.795466
vt 0.343750 0.843750
vt 0.373591 0.751909
vt 0.351397 0.795466
vt 0.408158 0.717341
vt 0.373591 0.751909
vt 0.451716 0.695147
vt 0.408159 0.717341
vt 0.500000 0.687500
vt 0.451716 0.695147
vt 0.548284 0.695147
vt 0.500000 0.687500
vt 0.591842 0.717341
vt 0.548284 0.695147
vt 0.626409 0.751908
vt 0.591842 0.717341
vt 0.648603 0.795466
vt 0.626409 0.751908
vt 0.656250 0.843750
vt 0.648603 0.795466
vt 0.648603 0.892034
vt 0.656250 0.843750
vt 0.648603 0.892034
vt 0.626409 0.935591
vt 0.591841 0.970159
vt 0.548284 0.992353
vt 0.500000 1.000000
vt 0.451716 0.992353
vt 0.408159 0.970159
vt 0.373591 0.935591
vt 0.351397 0.892034
vt 0.343750 0.843750
vt 0.351397 0.795466
vt 0.373591 0.751909
vt 0.408159 0.717341
vt 0.451716 0.695147
vt 0.500000 0.687500
vt 0.548284 0.695147
vt 0.591842 0.717341
vt 0.626409 0.751908
vt 0.648603 0.795466
vt 0.656250 0.843750
vt 0.626409 0.935591
vt 0.648603 0.892034
vt 0.591842 0.970159
vt 0.626409 0.935591
vt 0.548284 0.992353
vt 0.591842 0.970159
vt 0.500001 1.000000
vt 0.548285 0.992352
vt 0.451716 0.992353
vt 0.500000 1.000000
vt 0.408159 0.970159
vt 0.451716 0.992353
vt 0.373592 0.935592
vt 0.408159 0.970159
vt 0.351398 0.892034
vt 0.373591 0.935592
vt 0.343750 0.843750
vt 0.351397 0.892034
vt 0.351397 0.795466
vt 0.343750 0.843750
vt 0.373591 0.751909
vt 0.351397 0.795466
vt 0.408158 0.717341
vt 0.373591 0.751908
vt 0.451716 0.695147
vt 0.408159 0.717341
vt 0.500000 0.687500
vt 0.451716 0.695147
vt 0.548284 0.695147
vt 0.500000 0.687500
vt 0.591842 0.717341
vt 0.548285 0.695148
vt 0.626409 0.751908
vt 0.591842 0.717341
vt 0.648603 0.795466
vt 0.626409 0.751909
vt 0.656250 0.843750
vt 0.648603 0.795466
vt 0.648603 0.892034
vt 0.656250 0.843750
vt 0.626409 0.935591
vt 0.648603 0.892034
vt 0.591841 0.970159
vt 0.626409 0.935591
vt 0.548284 0.992353
vt 0.591841 0.970159
vt 0.500001 1.000000
vt 0.548284 0.992353
vt 0.451716 0.992353
vt 0.500000 1.000000
vt 0.408159 0.970159
vt 0.451716 0.992352
vt 0.373591 0.935592
vt 0.408158 0.970159
vt 0.351397 0.892034
vt 0.373591 0.935591
vt 0.343750 0.843750
vt 0.351397 0.892034
vt 0.351397 0.795466
vt 0.343750 0.843750
vt 0.373591 0.751908
vt 0.351397 0.795466
vt 0.408159 0.717341
vt 0.373591 0.751908
vt 0.451716 0.695147
vt 0.408159 0.717341
vt 0.500001 0.687500
vt 0.451716 0.695147
vt 0.548284 0.695147
vt 0.500001 0.687500
vt 0.591842 0.717341
vt 0.548285 0.695148
vt 0.626409 0.751908
vt 0.591842 0.717341
vt 0.648603 0.795466
vt 0.626409 0.751909
vt 0.656250 0.843750
vt 0.648603 0.795466
vt 0.648603 0.892034
vt 0.656250 0.843750
vt 0.626409 0.935591
vt 0.648603 0.892034
vt 0.656250 0.843750
vt 0.648603 0.795466
vt 0.626409 0.751909
vt 0.591842 0.717341
vt 0.548284 0.695148
vt 0.500000 0.687500
vt 0.451716 0.695147
vt 0.408159 0.717341
vt 0.373591 0.751909
vt 0.351397 0.795466
vt 0.343750 0.843750
vt 0.351397 0.892034
vt 0.373591 0.935592
vt 0.408159 0.970159
vt 0.451716 0.992353
vt 0.500000 1.000000
vt 0.548284 0.992352
vt 0.591842 0.970159
vt 0.626409 0.935591
vt 0.591842 0.970159
vt 0.548284 0.992353
vt 0.500000 1.000000
vt 0.451716 0.992353
vt 0.408159 0.970159
vt 0.373591 0.935591
vt 0.351397 0.892034
vt 0.343750 0.843750
vt 0.351397 0.795466
vt 0.373591 0.751909
vt 0.408159 0.717341
vt 0.451716 0.695147
vt 0.500000 0.687500
vt 0.548284 0.695147
vt 0.591842 0.717341
vt 0.626409 0.751908
vt 0.648602 0.795466
vt 0.656250 0.843750
vt 0.648603 0.892034
vt 0.626409 0.935591
vt 0.591841 0.970159
vt 0.548284 0.992353
vt 0.500000 1.000000
vt 0.451716 0.992353
vt 0.408158 0.970159
vt 0.373591 0.935591
vt 0.351397 0.892034
vt 0.343750 0.843750
vt 0.351397 0.795466
vt 0.373591 0.751909
vt 0.408158 0.717342
vt 0.451716 0.695147
vt 0.500000 0.687500
vt 0.548284 0.695147
vt 0.591842 0.717341
vt 0.626409 0.751908
vt 0.648603 0.795466
vt 0.656250 0.843750
vt 0.648603 0.892034
vt 0.626409 0.935591
vt 0.648603 0.892034
vt 0.591841 0.970159
vt 0.626409 0.935591
vt 0.548284 0.992353
vt 0.591841 0.970159
vt 0.500000 1.000000
vt 0.548283 0.992353
vt 0.451716 0.992353
vt 0.500000 1.000000
vt 0.408159 0.970159
vt 0.451716 0.992353
vt 0.373591 0.935591
vt 0.408159 0.970159
vt 0.351397 0.892034
vt 0.373591 0.935591
vt 0.343750 0.843750
vt 0.351397 0.892034
vt 0.351397 0.795466
vt 0.343750 0.843750
vt 0.373591 0.751909
vt 0.351397 0.795466
vt 0.408159 0.717341
vt 0.373591 0.751909
vt 0.451716 0.695147
vt 0.408159 0.717341
vt 0.500000 0.687500
vt 0.451715 0.695148
vt 0.548284 0.695147
vt 0.499999 0.687500
vt 0.591842 0.717341
vt 0.548284 0.695147
vt 0.626409 0.751908
vt 0.591842 0.717341
vt 0.648603 0.795466
vt 0.626409 0.751908
vt 0.656250 0.843750
vt 0.648603 0.795466
vt 0.648603 0.892034
vt 0.656250 0.843750
vt 0.626409 0.935591
vt 0.648603 0.892034
vt 0.591843 0.970158
vt 0.626409 0.935591
vt 0.548284 0.992353
vt 0.591841 0.970159
vt 0.500000 1.000000
vt 0.548284 0.992353
vt 0.451716 0.992353
vt 0.500000 1.000000
vt 0.408159 0.970159
vt 0.451716 0.992353
vt 0.373591 0.935591
vt 0.408159 0.970159
vt 0.351398 0.892034
vt 0.373591 0.935591
vt 0.343750 0.843750
vt 0.351397 0.892034
vt 0.351397 0.795466
vt 0.343750 0.843750
vt 0.373591 0.751910
vt 0.351397 0.795466
vt 0.408160 0.717340
vt 0.373591 0.751909
vt 0.451716 0.695147
vt 0.408159 0.717341
vt 0.500000 0.687500
vt 0.451716 0.695147
vt 0.548284 0.695147
vt 0.500000 0.687500
vt 0.591842 0.717341
vt 0.548284 0.695147
vt 0.626409 0.751908
vt 0.591842 0.717341
vt 0.648602 0.795465
vt 0.626409 0.751908
vt 0.656250 0.843750
vt 0.648603 0.795466
vt 0.648602 0.892034
vt 0.656250 0.843750
vn 0.061189 -0.997136 -0.044459
vn 0.071922 -0.997136 -0.023382
vn 0.000000 -1.000000 0.000000
vn 0.044461 -0.997136 -0.061180
vn 0.023370 -0.997136 -0.071927
vn -0.000000 -0.997136 -0.075630
vn -0.023370 -0.997136 -0.071927
vn -0.044461 -0.997136 -0.061180
vn -0.061189 -0.997136 -0.044459
vn -0.071922 -0.997136 -0.023382
vn -0.075628 -0.997136 -0.000000
vn -0.071922 -0.997136 0.023382
vn -0.061189 -0.997136 0.044459
vn -0.044461 -0.997136 0.061180
vn -0.023370 -0.997136 0.071927
vn -0.000000 -0.997136 0.075630
vn 0.023370 -0.997136 0.071927
vn 0.044461 -0.997136 0.061180
vn 0.061188 -0.997136 0.044459
vn 0.071922 -0.997136 0.023382
vn 0.075628 -0.997136 -0.000000
vn 0.000002 1.000000 0.000019
vn -0.000009 1.000000 0.000006
vn -0.000002 1.000000 0.000000
vn -0.000018 1.000000 -0.000008
vn -0.000003 1.000000 -0.000002
vn 0.000005 1.000000 0.000001
vn 0.000013 1.000000 -0.000002
vn 0.000002 1.000000 0.000011
vn -0.000013 1.000000 0.000018
vn -0.000001 1.000000 -0.000010
vn 0.000003 1.000000 -0.000006
vn 0.000001 1.000000 0.000003
vn -0.000000 1.000000 -0.000003
vn -0.000002 1.000000 -0.000003
vn -0.000004 1.000000 -0.000005
vn -0.000011 1.000000 -0.000003
vn 0.000003 1.000000 -0.000011
vn 0.000013 1.000000 -0.000007
vn -0.000008 1.000000 0.000011
vn -0.000008 1.000000 0.000000
vn 0.000000 1.000000 -0.000003
vn -0.809003 -0.001180 0.587803
vn -0.809055 -0.001180 0.587731
vn -0.951034 -0.000861 0.309086
vn -0.951040 -0.000861 0.309067
vn -0.587813 -0.001073 0.808996
vn -0.587842 -0.001073 0.808975
vn -0.309033 -0.000887 0.951051
vn -0.308975 -0.000887 0.951070
vn 0.000000 -0.000886 1.000000
vn -0.000000 -0.000886 1.000000
vn 0.309057 -0.000807 0.951043
vn 0.308998 -0.000807 0.951062
vn 0.587869 -0.000845 0.808956
vn 0.587805 -0.000845 0.809002
vn 0.808969 -0.001005 0.587851
vn 0.809013 -0.001005 0.587790
vn 0.951033 -0.000853 0.309089
vn 0.951026 -0.000853 0.309108
vn 1.000000 -0.000664 0.000000
vn 1.000000 -0.000664 0.000000
vn 0.951033 -0.000857 -0.309088
vn 0.951027 -0.000857 -0.309108
vn 0.808969 -0.001003 -0.587851
vn 0.809013 -0.001003 -0.587790
vn 0.587869 -0.000836 -0.808955
vn 0.587806 -0.000836 -0.809002
vn 0.309056 -0.000796 -0.951043
vn 0.308998 -0.000796 -0.951062
vn -0.000000 -0.000880 -1.000000
vn -0.000000 -0.000880 -1.000000
vn -0.309033 -0.000880 -0.951051
vn -0.308975 -0.000880 -0.951070
vn -0.587812 -0.001069 -0.808996
vn -0.587844 -0.001070 -0.808973
vn -0.809002 -0.001180 -0.587805
vn -0.809054 -0.001180 -0.587733
vn -0.951040 -0.000861 -0.309066
vn -0.951034 -0.000861 -0.309086
vn -1.000000 -0.000621 -0.000000
vn -1.000000 -0.000621 -0.000000
vn -0.839933 -0.469077 0.272911
vn -0.714487 -0.469072 0.519114
vn -0.788900 -0.221612 0.573170
vn -0.927413 -0.221602 0.301328
vn -0.519112 -0.469075 0.714487
vn -0.573171 -0.221605 0.788902
vn -0.272917 -0.469080 0.839929
vn -0.301334 -0.221607 0.927409
vn 0.000000 -0.469072 0.883160
vn 0.000000 -0.221607 0.975136
vn 0.272909 -0.469075 0.839934
vn 0.301334 -0.221605 0.927410
vn 0.519116 -0.469068 0.714488
vn 0.573175 -0.221605 0.788899
vn 0.714496 -0.469073 0.519101
vn 0.788899 -0.221610 0.573173
vn 0.839934 -0.469070 0.272917
vn 0.927409 -0.221604 0.301337
vn 0.883150 -0.469090 -0.000000
vn 0.975137 -0.221601 -0.000000
vn 0.839935 -0.469068 -0.272917
vn 0.927409 -0.221604 -0.301336
vn 0.714497 -0.469072 -0.519101
vn 0.788901 -0.221608 -0.573171
vn 0.519116 -0.469068 -0.714489
vn 0.573172 -0.221604 -0.788901
vn 0.272910 -0.469072 -0.839935
vn 0.301332 -0.221604 -0.927411
vn -0.000000 -0.469069 -0.883161
vn 0.000000 -0.221606 -0.975136
vn -0.272918 -0.469077 -0.839930
vn -0.301333 -0.221604 -0.927410
vn -0.519112 -0.469074 -0.714488
vn -0.573168 -0.221600 -0.788905
vn -0.714488 -0.469071 -0.519114
vn -0.788902 -0.221607 -0.573169
vn -0.839932 -0.469077 -0.272910
vn -0.927412 -0.221599 -0.301332
vn -0.883161 -0.469070 -0.000000
vn -0.975137 -0.221601 0.000000
vn -0.798864 -0.157951 0.580403
vn -0.939120 -0.157947 0.305132
vn -0.580405 -0.157952 0.798862
vn -0.305143 -0.157955 0.939116
vn 0.000000 -0.157955 0.987446
vn 0.305140 -0.157955 0.939117
vn 0.580410 -0.157953 0.798858
vn 0.798861 -0.157953 0.580407
vn 0.939117 -0.157948 0.305141
vn 0.987447 -0.157950 0.000000
vn 0.939118 -0.157949 -0.305140
vn 0.798862 -0.157953 -0.580405
vn 0.580407 -0.157951 -0.798861
vn 0.305137 -0.157952 -0.939118
vn -0.000000 -0.157954 -0.987446
vn -0.305138 -0.157953 -0.939117
vn -0.580401 -0.157952 -0.798865
vn -0.798865 -0.157948 -0.580403
vn -0.939119 -0.157946 -0.305137
vn -0.987447 -0.157951 -0.000001
vn -0.646351 -0.601420 0.469600
vn -0.759825 -0.601428 0.246880
vn -0.469600 -0.601430 0.646341
vn -0.246882 -0.601441 0.759814
vn 0.000000 -0.601442 0.798917
vn 0.246879 -0.601441 0.759816
vn 0.469600 -0.601430 0.646342
vn 0.646349 -0.601421 0.469601
vn 0.759816 -0.601442 0.246876
vn 0.798901 -0.601462 0.000000
vn 0.759816 -0.601442 -0.246876
vn 0.646348 -0.601425 -0.469598
vn 0.469599 -0.601426 -0.646346
vn 0.246879 -0.601434 -0.759821
vn 0.000000 -0.601440 -0.798918
vn -0.246886 -0.601445 -0.759810
vn -0.469591 -0.601441 -0.646338
vn -0.646349 -0.601428 -0.469592
vn -0.759823 -0.601429 -0.246886
vn -0.798914 -0.601445 -0.000003
vn -0.839330 0.470263 0.272725
vn -0.713979 0.470268 0.518731
vn -0.713978 0.470268 0.518732
vn -0.839329 0.470263 0.272725
vn -0.518739 0.470272 0.713971
vn -0.518737 0.470271 0.713972
vn -0.272721 0.470270 0.839326
vn -0.272717 0.470270 0.839328
vn 0.000000 0.470267 0.882524
vn 0.000000 0.470267 0.882524
vn 0.272717 0.470264 0.839332
vn 0.272712 0.470264 0.839333
vn 0.518740 0.470247 0.713986
vn 0.518744 0.470247 0.713983
vn 0.713990 0.470245 0.518737
vn 0.713992 0.470245 0.518734
vn 0.839333 0.470262 0.272716
vn 0.839332 0.470262 0.272717
vn 0.882522 0.470271 -0.000000
vn 0.882522 0.470271 -0.000000
vn 0.839333 0.470262 -0.272716
vn 0.839333 0.470262 -0.272717
vn 0.713990 0.470246 -0.518736
vn 0.713993 0.470246 -0.518732
vn 0.518738 0.470246 -0.713988
vn 0.518742 0.470246 -0.713985
vn 0.272717 0.470257 -0.839335
vn 0.272711 0.470257 -0.839337
vn 0.000000 0.470261 -0.882528
vn 0.000000 0.470261 -0.882528
vn -0.272721 0.470263 -0.839331
vn -0.272715 0.470263 -0.839333
vn -0.518740 0.470264 -0.713975
vn -0.518739 0.470264 -0.713976
vn -0.713984 0.470260 -0.518731
vn -0.713984 0.470260 -0.518731
vn -0.839334 0.470253 -0.272727
vn -0.839334 0.470253 -0.272727
vn -0.882529 0.470258 -0.000004
vn -0.882529 0.470258 -0.000005
vn -0.795597 -0.547899 0.258519
vn -0.676779 -0.547901 0.491705
vn -0.741339 -0.400393 0.538610
vn -0.871490 -0.400392 0.283180
vn -0.491709 -0.547905 0.676773
vn -0.538616 -0.400396 0.741334
vn -0.258507 -0.547902 0.795599
vn -0.283167 -0.400394 0.871494
vn 0.000000 -0.547898 0.836545
vn 0.000000 -0.400390 0.916345
vn 0.258505 -0.547895 0.795604
vn 0.283161 -0.400388 0.871498
vn 0.491702 -0.547897 0.676785
vn 0.538605 -0.400389 0.741346
vn 0.676777 -0.547905 0.491703
vn 0.741337 -0.400396 0.538612
vn 0.795598 -0.547909 0.258496
vn 0.871496 -0.400399 0.283153
vn 0.836539 -0.547907 0.000000
vn 0.916340 -0.400400 -0.000000
vn 0.795597 -0.547910 -0.258495
vn 0.871495 -0.400400 -0.283154
vn 0.676778 -0.547905 -0.491703
vn 0.741336 -0.400396 -0.538612
vn 0.491702 -0.547898 -0.676784
vn 0.538605 -0.400389 -0.741345
vn 0.258504 -0.547896 -0.795604
vn 0.283161 -0.400389 -0.871498
vn 0.000000 -0.547898 -0.836545
vn 0.000000 -0.400390 -0.916345
vn -0.258508 -0.547901 -0.795600
vn -0.283168 -0.400392 -0.871494
vn -0.491712 -0.547901 -0.676775
vn -0.538618 -0.400393 -0.741334
vn -0.676780 -0.547899 -0.491706
vn -0.741339 -0.400393 -0.538611
vn -0.795596 -0.547900 -0.258519
vn -0.871490 -0.400393 -0.283179
vn -0.836541 -0.547905 0.000000
vn -0.916343 -0.400393 0.000000
vn -0.741340 0.400392 0.538611
vn -0.871490 0.400392 0.283180
vn -0.538616 0.400394 0.741335
vn -0.283168 0.400391 0.871495
vn 0.000000 0.400388 0.916346
vn 0.283161 0.400388 0.871498
vn 0.538605 0.400390 0.741345
vn 0.741337 0.400396 0.538612
vn 0.871496 0.400399 0.283153
vn 0.916340 0.400400 -0.000000
vn 0.871495 0.400400 -0.283154
vn 0.741336 0.400395 -0.538613
vn 0.538605 0.400388 -0.741346
vn 0.283161 0.400388 -0.871498
vn -0.000000 0.400389 -0.916345
vn -0.283168 0.400391 -0.871495
vn -0.538618 0.400392 -0.741334
vn -0.741340 0.400391 -0.538612
vn -0.871490 0.400392 -0.283180
vn -0.916343 0.400395 0.000000
vn -0.734190 0.420035 0.533418
vn -0.863087 0.420035 0.280449
vn -0.533422 0.420037 0.734186
vn -0.280438 0.420036 0.863090
vn 0.000000 0.420030 0.907510
vn 0.280433 0.420030 0.863095
vn 0.533413 0.420035 0.734194
vn 0.734191 0.420043 0.533411
vn 0.863091 0.420043 0.280425
vn 0.907504 0.420042 -0.000000
vn 0.863090 0.420044 -0.280425
vn 0.734192 0.420041 -0.533411
vn 0.533413 0.420033 -0.734196
vn 0.280432 0.420030 -0.863095
vn -0.000000 0.420031 -0.907510
vn -0.280438 0.420035 -0.863091
vn -0.533424 0.420036 -0.734186
vn -0.734190 0.420035 -0.533418
vn -0.863087 0.420035 -0.280448
vn -0.907505 0.420040 0.000001
vn -0.809017 -0.000000 0.587785
vn -0.951053 -0.000000 0.309028
vn -0.587788 0.000000 0.809015
vn -0.309023 0.000000 0.951055
vn 0.000000 0.000000 1.000000
vn 0.309013 0.000000 0.951058
vn 0.587779 0.000000 0.809021
vn 0.809027 0.000000 0.587771
vn 0.951059 0.000000 0.309008
vn 1.000000 0.000000 -0.000000
vn 0.951059 0.000000 -0.309008
vn 0.809029 0.000000 -0.587768
vn 0.587779 0.000000 -0.809021
vn 0.309011 0.000000 -0.951059
vn 0.000000 0.000000 -1.000000
vn -0.309020 0.000000 -0.951055
vn -0.587789 0.000000 -0.809014
vn -0.809018 0.000000 -0.587784
vn -0.951053 0.000000 -0.309028
vn -1.000000 0.000000 0.000000
vn 0.733849 0.420948 -0.533168
vn 0.862691 0.420949 -0.280297
vn 0.862691 0.420949 -0.280297
vn 0.733848 0.420948 -0.533170
vn 0.533177 0.420948 -0.733843
vn 0.533176 0.420948 -0.733844
vn 0.280306 0.420949 -0.862688
vn 0.280304 0.420949 -0.862688
vn -0.000001 0.420950 -0.907084
vn 0.000000 0.420950 -0.907084
vn -0.280314 0.420949 -0.862685
vn -0.280311 0.420949 -0.862686
vn -0.533172 0.420952 -0.733844
vn -0.533172 0.420952 -0.733844
vn -0.733843 0.420957 -0.533169
vn -0.733844 0.420957 -0.533169
vn -0.862690 0.420950 -0.280299
vn -0.862689 0.420950 -0.280300
vn -0.907086 0.420946 0.000000
vn -0.907086 0.420945 0.000000
vn -0.862691 0.420950 0.280293
vn -0.862691 0.420950 0.280295
vn -0.733842 0.420956 0.533171
vn -0.733844 0.420956 0.533170
vn -0.533169 0.420953 0.733846
vn -0.533169 0.420953 0.733846
vn -0.280311 0.420952 0.862685
vn -0.280309 0.420952 0.862686
vn 0.000004 0.420948 0.907085
vn 0.000004 0.420948 0.907085
vn 0.280300 0.420951 0.862689
vn 0.280301 0.420951 0.862688
vn 0.533176 0.420952 0.733841
vn 0.533175 0.420952 0.733842
vn 0.733853 0.420946 0.533165
vn 0.733852 0.420946 0.533166
vn 0.862691 0.420948 0.280298
vn 0.862691 0.420948 0.280298
vn 0.907085 0.420948 -0.000000
vn 0.907085 0.420948 0.000000
vn 0.951061 -0.000005 -0.309004
vn 0.809021 0.000003 -0.587780
vn 0.809022 0.000003 -0.587779
vn 0.951061 -0.000005 -0.309005
vn 0.587797 0.000004 -0.809009
vn 0.587797 0.000004 -0.809008
vn 0.309018 0.000001 -0.951056
vn 0.309019 0.000001 -0.951056
vn -0.000000 0.000000 -1.000000
vn -0.000000 0.000000 -1.000000
vn -0.309034 0.000000 -0.951051
vn -0.309035 0.000000 -0.951051
vn -0.587806 0.000000 -0.809002
vn -0.587806 0.000000 -0.809002
vn -0.809009 0.000000 -0.587796
vn -0.809009 0.000000 -0.587796
vn -0.951050 0.000000 -0.309037
vn -0.951050 0.000000 -0.309037
vn -1.000000 0.000000 0.000000
vn -1.000000 0.000000 -0.000000
vn -0.951050 0.000000 0.309036
vn -0.951050 0.000000 0.309037
vn -0.809009 -0.000001 0.587796
vn -0.809010 -0.000001 0.587795
vn -0.587802 -0.000001 0.809004
vn -0.587803 -0.000001 0.809004
vn -0.309029 0.000000 0.951052
vn -0.309030 0.000000 0.951052
vn 0.000005 0.000000 1.000000
vn 0.000005 0.000000 1.000000
vn 0.309008 0.000000 0.951059
vn 0.309009 0.000000 0.951059
vn 0.587780 0.000005 0.809021
vn 0.587780 0.000005 0.809021
vn 0.809032 0.000015 0.587765
vn 0.809033 0.000015 0.587763
vn 0.951061 0.000024 0.309002
vn 0.951062 0.000024 0.309000
vn 1.000000 0.000008 0.000001
vn 1.000000 0.000008 -0.000000
vn 0.575265 -0.796326 -0.186910
vn 0.489343 -0.796327 -0.355538
vn 0.541473 -0.742988 -0.393415
vn 0.636548 -0.742989 -0.206820
vn 0.355538 -0.796318 -0.489357
vn 0.393404 -0.742986 -0.541484
vn 0.186926 -0.796319 -0.575270
vn 0.206834 -0.742986 -0.636546
vn 0.000005 -0.796320 -0.604875
vn 0.000004 -0.742987 -0.669306
vn -0.186926 -0.796325 -0.575261
vn -0.206838 -0.742987 -0.636544
vn -0.355543 -0.796325 -0.489342
vn -0.393418 -0.742985 -0.541476
vn -0.489339 -0.796329 -0.355539
vn -0.541481 -0.742983 -0.393413
vn -0.575260 -0.796328 -0.186915
vn -0.636556 -0.742980 -0.206825
vn -0.604872 -0.796323 -0.000000
vn -0.669316 -0.742978 -0.000001
vn -0.575263 -0.796325 0.186921
vn -0.636555 -0.742980 0.206828
vn -0.489343 -0.796326 0.355539
vn -0.541482 -0.742983 0.393412
vn -0.355544 -0.796321 0.489347
vn -0.393413 -0.742984 0.541480
vn -0.186925 -0.796321 0.575267
vn -0.206832 -0.742984 0.636549
vn 0.000003 -0.796323 0.604871
vn 0.000004 -0.742984 0.669309
vn 0.186912 -0.796323 0.575269
vn 0.206829 -0.742985 0.636550
vn 0.355533 -0.796324 0.489352
vn 0.393406 -0.742986 0.541483
vn 0.489354 -0.796327 0.355521
vn 0.541483 -0.742988 0.393403
vn 0.575271 -0.796323 0.186904
vn 0.636549 -0.742989 0.206816
vn 0.604868 -0.796326 0.000009
vn 0.669303 -0.742990 0.000007
vn 0.712427 -0.473831 -0.517622
vn 0.837518 -0.473830 -0.272118
vn 0.517610 -0.473835 -0.712433
vn 0.272128 -0.473832 -0.837514
vn 0.000004 -0.473832 -0.880616
vn -0.272135 -0.473831 -0.837512
vn -0.517619 -0.473830 -0.712430
vn -0.712434 -0.473833 -0.517609
vn -0.837515 -0.473834 -0.272122
vn -0.880613 -0.473836 -0.000000
vn -0.837513 -0.473836 0.272123
vn -0.712432 -0.473833 0.517613
vn -0.517615 -0.473829 0.712433
vn -0.272129 -0.473831 0.837514
vn 0.000005 -0.473830 0.880617
vn 0.272125 -0.473830 0.837516
vn 0.517610 -0.473833 0.712434
vn 0.712436 -0.473829 0.517611
vn 0.837524 -0.473823 0.272114
vn 0.880617 -0.473829 0.000010
vn 0.801723 -0.133922 -0.582499
vn 0.942492 -0.133923 -0.306224
vn 0.582492 -0.133919 -0.801729
vn 0.306240 -0.133923 -0.942487
vn 0.000001 -0.133930 -0.990991
vn -0.306244 -0.133927 -0.942485
vn -0.582493 -0.133927 -0.801726
vn -0.801733 -0.133931 -0.582483
vn -0.942488 -0.133935 -0.306231
vn -0.990990 -0.133937 -0.000000
vn -0.942487 -0.133936 0.306233
vn -0.801728 -0.133926 0.582491
vn -0.582487 -0.133926 0.801731
vn -0.306237 -0.133929 0.942487
vn 0.000007 -0.133928 0.990991
vn 0.306233 -0.133924 0.942489
vn 0.582488 -0.133923 0.801731
vn 0.801730 -0.133926 0.582488
vn 0.942493 -0.133926 0.306220
vn 0.990991 -0.133926 0.000011
vn 0.950003 0.047131 -0.308664
vn 0.950000 0.047131 -0.308672
vn 0.808120 0.047150 -0.587127
vn 0.808120 0.047150 -0.587127
vn 0.998889 0.047131 0.000001
vn 0.998889 0.047131 -0.000001
vn 0.587132 0.047160 -0.808116
vn 0.587133 0.047160 -0.808116
vn 0.308677 0.047150 -0.949998
vn 0.308675 0.047150 -0.949998
vn 0.000001 0.047152 -0.998888
vn 0.000001 0.047152 -0.998888
vn -0.308682 0.047156 -0.949996
vn -0.308673 0.047156 -0.949998
vn -0.587128 0.047150 -0.808120
vn -0.587129 0.047150 -0.808119
vn -0.808122 0.047126 -0.587127
vn -0.808123 0.047126 -0.587125
vn -0.950003 0.047131 -0.308663
vn -0.950004 0.047131 -0.308660
vn -0.998888 0.047150 0.000001
vn -0.998888 0.047150 -0.000001
vn -0.950005 0.047131 0.308657
vn -0.950005 0.047131 0.308657
vn -0.808119 0.047117 0.587131
vn -0.808125 0.047117 0.587124
vn -0.587128 0.047135 0.808120
vn -0.587128 0.047135 0.808121
vn -0.308683 0.047149 0.949996
vn -0.308673 0.047149 0.949999
vn 0.000003 0.047144 0.998888
vn 0.000003 0.047144 0.998888
vn 0.308667 0.047131 0.950002
vn 0.308681 0.047131 0.949997
vn 0.587136 0.047145 0.808114
vn 0.587137 0.047145 0.808113
vn 0.808120 0.047150 0.587128
vn 0.808120 0.047150 0.587128
vn 0.950000 0.047131 0.308673
vn 0.950002 0.047131 0.308667
vn -0.002330 0.999996 0.001692
vn -0.001693 0.999996 0.002328
vn -0.001693 0.999996 0.002328
vn -0.002330 0.999996 0.001692
vn -0.000889 0.999996 0.002735
vn -0.000889 0.999996 0.002735
vn 0.000000 0.999996 0.002873
vn 0.000000 0.999996 0.002873
vn 0.000888 0.999996 0.002736
vn 0.000888 0.999996 0.002736
vn 0.001691 0.999996 0.002330
vn 0.001691 0.999996 0.002330
vn 0.002328 0.999996 0.001692
vn 0.002328 0.999996 0.001692
vn 0.002736 0.999996 0.000888
vn 0.002736 0.999996 0.000888
vn 0.002874 0.999996 0.000001
vn 0.002874 0.999996 0.000001
vn 0.002735 0.999996 -0.000887
vn 0.002735 0.999996 -0.000887
vn 0.002335 0.999996 -0.001695
vn 0.002335 0.999996 -0.001695
vn 0.001702 0.999996 -0.002341
vn 0.001701 0.999996 -0.002341
vn 0.000892 0.999996 -0.002752
vn 0.000892 0.999996 -0.002752
vn -0.000001 0.999996 -0.002884
vn -0.000001 0.999996 -0.002884
vn -0.000890 0.999996 -0.002739
vn -0.000890 0.999996 -0.002739
vn -0.001693 0.999996 -0.002330
vn -0.001693 0.999996 -0.002330
vn -0.002330 0.999996 -0.001694
vn -0.002330 0.999996 -0.001694
vn -0.002737 0.999996 -0.000888
vn -0.002737 0.999996 -0.000888
vn -0.002875 0.999996 -0.000001
vn -0.002875 0.999996 -0.000001
vn -0.002737 0.999996 0.000887
vn -0.002737 0.999996 0.000887
vn -0.805945 -0.087004 0.585561
vn -0.805946 -0.087004 0.585561
vn -0.947460 -0.087003 0.307815
vn -0.947460 -0.087003 0.307815
vn -0.585540 -0.087001 0.805961
vn -0.585540 -0.087001 0.805961
vn -0.307854 -0.086999 0.947448
vn -0.307853 -0.086999 0.947448
vn -0.000006 -0.087001 0.996208
vn -0.000006 -0.087001 0.996208
vn 0.307827 -0.087003 0.947456
vn 0.307826 -0.087003 0.947456
vn 0.585543 -0.087003 0.805959
vn 0.585543 -0.087003 0.805959
vn 0.805963 -0.087000 0.585538
vn 0.805962 -0.087000 0.585540
vn 0.947449 -0.086998 0.307851
vn 0.947449 -0.086998 0.307850
vn 0.996208 -0.087005 0.000018
vn 0.996208 -0.087005 0.000017
vn 0.947448 -0.087007 -0.307849
vn 0.947449 -0.087007 -0.307848
vn 0.805941 -0.087006 -0.585568
vn 0.805941 -0.087006 -0.585567
vn 0.585543 -0.087002 -0.805959
vn 0.585543 -0.087002 -0.805959
vn 0.307842 -0.087003 -0.947451
vn 0.307841 -0.087003 -0.947452
vn 0.000013 -0.087006 -0.996208
vn 0.000014 -0.087006 -0.996208
vn -0.307858 -0.087005 -0.947446
vn -0.307857 -0.087005 -0.947446
vn -0.585581 -0.087002 -0.805932
vn -0.585580 -0.087002 -0.805932
vn -0.805933 -0.087001 -0.585579
vn -0.805934 -0.087001 -0.585578
vn -0.947449 -0.087004 -0.307849
vn -0.947449 -0.087004 -0.307848
vn -0.996208 -0.087000 0.000026
vn -0.996208 -0.087000 0.000026
vn 0.000002 -1.000000 -0.000010
vn 0.000005 -1.000000 -0.000001
vn 0.000005 -1.000000 -0.000001
vn 0.000002 -1.000000 -0.000010
vn 0.000010 -1.000000 0.000006
vn 0.000010 -1.000000 0.000006
vn 0.000005 -1.000000 -0.000004
vn 0.000005 -1.000000 -0.000004
vn -0.000002 -1.000000 -0.000011
vn -0.000002 -1.000000 -0.000011
vn -0.000006 -1.000000 -0.000009
vn -0.000006 -1.000000 -0.000009
vn -0.000003 -1.000000 -0.000009
vn -0.000003 -1.000000 -0.000009
vn 0.000004 -1.000000 -0.000010
vn 0.000004 -1.000000 -0.000010
vn -0.000001 -1.000000 0.000002
vn -0.000001 -1.000000 0.000002
vn -0.000005 -1.000000 0.000005
vn -0.000005 -1.000000 0.000005
vn -0.000003 -1.000000 -0.000000
vn -0.000003 -1.000000 0.000000
vn -0.000002 -1.000000 0.000006
vn -0.000002 -1.000000 0.000006
vn 0.000000 -1.000000 0.000004
vn 0.000000 -1.000000 0.000004
vn 0.000002 -1.000000 0.000007
vn 0.000002 -1.000000 0.000007
vn 0.000003 -1.000000 0.000009
vn 0.000003 -1.000000 0.000009
vn -0.000002 -1.000000 0.000008
vn -0.000002 -1.000000 0.000008
vn -0.000005 -1.000000 0.000006
vn -0.000005 -1.000000 0.000006
vn 0.000004 -1.000000 -0.000002
vn 0.000004 -1.000000 -0.000002
vn 0.000004 -1.000000 0.000002
vn 0.000004 -1.000000 0.000002
vn 0.000001 -1.000000 -0.000000
vn 0.000001 -1.000000 0.000000
vn -0.951069 -0.000004 0.308979
vn -0.809021 -0.000004 0.587780
vn -0.809020 -0.000004 0.587782
vn -0.951068 -0.000004 0.308981
vn -0.587761 -0.000004 0.809035
vn -0.587760 -0.000004 0.809035
vn -0.309024 -0.000008 0.951054
vn -0.309031 -0.000008 0.951052
vn -0.000011 -0.000012 1.000000
vn -0.000011 -0.000012 1.000000
vn 0.308989 -0.000019 0.951066
vn 0.308995 -0.000019 0.951064
vn 0.587783 0.000004 0.809019
vn 0.587782 0.000004 0.809019
vn 0.809050 0.000030 0.587740
vn 0.809045 0.000030 0.587747
vn 0.951050 0.000015 0.309038
vn 0.951050 0.000015 0.309037
vn 1.000000 -0.000000 0.000027
vn 1.000000 -0.000000 0.000027
vn 0.951052 -0.000001 -0.309031
vn 0.951052 -0.000001 -0.309031
vn 0.809014 0.000000 -0.587789
vn 0.809014 0.000000 -0.587789
vn 0.587768 -0.000004 -0.809030
vn 0.587768 -0.000004 -0.809029
vn 0.309017 -0.000010 -0.951057
vn 0.309017 -0.000010 -0.951057
vn 0.000011 -0.000013 -1.000000
vn 0.000011 -0.000013 -1.000000
vn -0.309038 -0.000008 -0.951050
vn -0.309037 -0.000008 -0.951050
vn -0.587809 0.000009 -0.808999
vn -0.587804 0.000009 -0.809003
vn -0.808992 0.000005 -0.587819
vn -0.808993 0.000005 -0.587819
vn -0.951062 -0.000004 -0.309000
vn -0.951062 -0.000004 -0.309000
vn -1.000000 0.000000 0.000026
vn -1.000000 0.000000 0.000026
vn 0.000001 1.000000 0.000010
vn -0.000003 1.000000 0.000007
vn -0.000003 1.000000 0.000007
vn 0.000001 1.000000 0.000010
vn -0.000008 1.000000 0.000001
vn -0.000008 1.000000 0.000001
vn -0.000004 1.000000 -0.000002
vn -0.000004 1.000000 -0.000002
vn 0.000001 1.000000 -0.000001
vn 0.000001 1.000000 -0.000001
vn 0.000006 1.000000 -0.000001
vn 0.000006 1.000000 -0.000001
vn 0.000003 1.000000 0.000006
vn 0.000003 1.000000 0.000006
vn -0.000008 1.000000 0.000024
vn -0.000008 1.000000 0.000024
vn -0.000001 1.000000 -0.000004
vn -0.000001 1.000000 -0.000004
vn 0.000006 1.000000 -0.000015
vn 0.000006 1.000000 -0.000015
vn 0.000002 1.000000 0.000002
vn 0.000002 1.000000 0.000002
vn 0.000000 1.000000 -0.000002
vn 0.000000 1.000000 -0.000002
vn -0.000002 1.000000 -0.000006
vn -0.000002 1.000000 -0.000006
vn -0.000002 1.000000 -0.000006
vn -0.000002 1.000000 -0.000006
vn -0.000003 1.000000 -0.000004
vn -0.000003 1.000000 -0.000004
vn 0.000002 1.000000 -0.000009
vn 0.000002 1.000000 -0.000009
vn 0.000004 1.000000 -0.000004
vn 0.000004 1.000000 -0.000004
vn -0.000005 1.000000 0.000001
vn -0.000005 1.000000 0.000001
vn -0.000005 1.000000 -0.000004
vn -0.000005 1.000000 -0.000004
vn -0.000000 1.000000 0.000000
vn -0.000000 1.000000 -0.000000
vn -0.951067 -0.000004 0.308985
vn -0.809021 -0.000004 0.587779
vn -0.809021 -0.000004 0.587779
vn -0.951067 -0.000004 0.308986
vn -0.587757 0.000000 0.809037
vn -0.587756 0.000000 0.809039
vn -0.309025 -0.000001 0.951054
vn -0.309024 -0.000001 0.951054
vn -0.000016 -0.000009 1.000000
vn -0.000008 -0.000009 1.000000
vn 0.308983 -0.000021 0.951067
vn 0.308998 -0.000021 0.951063
vn 0.587774 -0.000007 0.809025
vn 0.587774 -0.000007 0.809025
vn 0.809046 0.000025 0.587745
vn 0.809041 0.000025 0.587752
vn 0.951046 0.000018 0.309049
vn 0.951046 0.000018 0.309048
vn 1.000000 0.000002 0.000030
vn 1.000000 0.000002 0.000032
vn 0.951055 0.000003 -0.309021
vn 0.951055 0.000003 -0.309022
vn 0.809005 0.000000 -0.587802
vn 0.809005 0.000000 -0.587802
vn 0.587770 -0.000003 -0.809028
vn 0.587770 -0.000003 -0.809028
vn 0.309017 -0.000005 -0.951057
vn 0.309017 -0.000005 -0.951057
vn 0.000015 -0.000004 -1.000000
vn 0.000015 -0.000004 -1.000000
vn -0.309029 -0.000008 -0.951053
vn -0.309029 -0.000008 -0.951052
vn -0.587823 -0.000010 -0.808990
vn -0.587822 -0.000010 -0.808990
vn -0.808994 -0.000000 -0.587817
vn -0.808994 -0.000000 -0.587817
vn -0.951057 0.000003 -0.309014
vn -0.951057 0.000003 -0.309014
vn -1.000000 0.000000 0.000031
vn -1.000000 0.000000 0.000031
vn -0.000000 -1.000000 -0.000010
vn 0.000003 -1.000000 -0.000006
vn 0.000003 -1.000000 -0.000006
vn -0.000000 -1.000000 -0.000010
vn 0.000010 -1.000000 0.000001
vn 0.000010 -1.000000 0.000001
vn 0.000000 -1.000000 0.000003
vn 0.000000 -1.000000 0.000003
vn -0.000006 -1.000000 -0.000002
vn -0.000006 -1.000000 -0.000002
vn -0.000005 -1.000000 -0.000004
vn -0.000005 -1.000000 -0.000004
vn 0.000001 -1.000000 -0.000012
vn 0.000001 -1.000000 -0.000012
vn 0.000012 -1.000000 -0.000024
vn 0.000012 -1.000000 -0.000024
vn 0.000003 -1.000000 0.000006
vn 0.000003 -1.000000 0.000006
vn -0.000004 -1.000000 0.000015
vn -0.000004 -1.000000 0.000015
vn 0.000000 -1.000000 -0.000002
vn 0.000000 -1.000000 -0.000002
vn -0.000001 -1.000000 0.000005
vn -0.000001 -1.000000 0.000005
vn 0.000000 -1.000000 0.000006
vn 0.000000 -1.000000 0.000006
vn 0.000002 -1.000000 0.000004
vn 0.000002 -1.000000 0.000004
vn 0.000003 -1.000000 0.000003
vn 0.000003 -1.000000 0.000003
vn -0.000002 -1.000000 0.000008
vn -0.000002 -1.000000 0.000008
vn -0.000004 -1.000000 0.000011
vn -0.000004 -1.000000 0.000011
vn 0.000006 -1.000000 0.000002
vn 0.000006 -1.000000 0.000002
vn 0.000007 -1.000000 0.000002
vn 0.000007 -1.000000 0.000002
vn 0.000003 -1.000000 -0.000000
vn 0.000003 -1.000000 -0.000000
vn -0.951069 0.000002 0.308979
vn -0.809019 -0.000012 0.587782
vn -0.809019 -0.000012 0.587783
vn -0.951069 0.000002 0.308978
vn -0.587757 -0.000014 0.809038
vn -0.587760 -0.000014 0.809035
vn -0.309027 -0.000006 0.951053
vn -0.309027 -0.000006 0.951053
vn -0.000012 -0.000003 1.000000
vn -0.000013 -0.000003 1.000000
vn 0.308988 -0.000004 0.951066
vn 0.308987 -0.000004 0.951066
vn 0.587783 -0.000007 0.809018
vn 0.587783 -0.000007 0.809018
vn 0.809049 -0.000009 0.587742
vn 0.809050 -0.000009 0.587740
vn 0.951048 -0.000004 0.309044
vn 0.951048 -0.000004 0.309044
vn 1.000000 -0.000000 0.000023
vn 1.000000 -0.000000 0.000024
vn 0.951052 0.000004 -0.309031
vn 0.951052 0.000004 -0.309031
vn 0.809017 0.000001 -0.587785
vn 0.809017 0.000001 -0.587785
vn 0.587772 -0.000008 -0.809026
vn 0.587772 -0.000008 -0.809027
vn 0.309020 -0.000007 -0.951055
vn 0.309020 -0.000007 -0.951055
vn 0.000014 -0.000007 -1.000000
vn 0.000016 -0.000007 -1.000000
vn -0.309039 -0.000009 -0.951049
vn -0.309039 -0.000009 -0.951049
vn -0.587812 -0.000009 -0.808997
vn -0.587814 -0.000009 -0.808996
vn -0.808991 -0.000009 -0.587821
vn -0.808991 -0.000009 -0.587821
vn -0.951063 -0.000006 -0.308997
vn -0.951063 -0.000006 -0.308998
vn -1.000000 0.000004 0.000025
vn -1.000000 0.000004 0.000026
vn -0.156987 0.986282 0.051021
vn -0.133542 0.986282 0.097028
vn -0.000004 1.000000 0.000010
vn 0.000001 1.000000 0.000013
vn -0.097035 0.986283 0.133532
vn -0.000020 1.000000 -0.000000
vn -0.051014 0.986284 0.156975
vn -0.000011 1.000000 0.000006
vn 0.000002 0.986284 0.165057
vn 0.000003 1.000000 0.000006
vn 0.051011 0.986284 0.156979
vn 0.000004 1.000000 -0.000001
vn 0.097022 0.986283 0.133538
vn 0.000001 1.000000 0.000001
vn 0.133521 0.986285 0.097027
vn -0.000008 1.000000 0.000013
vn 0.156974 0.986285 0.050999
vn -0.000000 1.000000 0.000000
vn 0.165063 0.986283 -0.000008
vn 0.000007 1.000000 -0.000008
vn 0.156979 0.986284 -0.050997
vn 0.000003 1.000000 0.000003
vn 0.133531 0.986284 -0.097018
vn 0.000000 1.000000 0.000000
vn 0.097012 0.986284 -0.133535
vn 0.000000 1.000000 0.000000
vn 0.051002 0.986284 -0.156982
vn -0.000002 1.000000 -0.000003
vn -0.000004 0.986283 -0.165066
vn -0.000004 1.000000 -0.000006
vn -0.051003 0.986283 -0.156986
vn 0.000001 1.000000 -0.000003
vn -0.097014 0.986284 -0.133538
vn 0.000004 1.000000 -0.000001
vn -0.133532 0.986285 -0.097010
vn -0.000002 1.000000 0.000005
vn -0.156982 0.986283 -0.051003
vn -0.000001 1.000000 -0.000000
vn -0.165057 0.986284 -0.000002
vn -0.000001 1.000000 -0.000003
vn -0.946959 0.092704 0.307691
vn -0.877057 0.386737 0.284966
vn -0.922190 0.386737 0.000012
vn -0.995692 0.092721 0.000023
vn -0.360140 0.925529 0.117028
vn -0.378668 0.925532 0.000001
vn -0.306358 0.925526 0.222589
vn -0.805542 0.092695 0.585243
vn -0.746060 0.386764 0.542040
vn -0.222578 0.925538 0.306332
vn -0.585252 0.092704 0.805534
vn -0.542050 0.386755 0.746058
vn -0.117012 0.925541 0.360113
vn -0.307686 0.092715 0.946960
vn -0.284974 0.386737 0.877054
vn 0.000001 0.925539 0.378651
vn -0.000000 0.092714 0.995693
vn 0.000000 0.386734 0.922191
vn 0.117010 0.925535 0.360130
vn 0.307681 0.092710 0.946962
vn 0.284960 0.386730 0.877062
vn 0.222570 0.925539 0.306335
vn 0.585252 0.092706 0.805534
vn 0.542055 0.386721 0.746072
vn 0.306310 0.925549 0.222561
vn 0.805537 0.092705 0.585249
vn 0.746081 0.386694 0.542061
vn 0.360104 0.925547 0.116993
vn 0.946963 0.092706 0.307680
vn 0.877079 0.386688 0.284965
vn 0.378650 0.925540 -0.000008
vn 0.995694 0.092701 -0.000001
vn 0.922211 0.386686 -0.000004
vn 0.360107 0.925546 -0.116991
vn 0.946966 0.092697 -0.307674
vn 0.877084 0.386686 -0.284953
vn 0.306319 0.925547 -0.222555
vn 0.805538 0.092699 -0.585248
vn 0.746072 0.386721 -0.542055
vn 0.222554 0.925543 -0.306331
vn 0.585231 0.092711 -0.805549
vn 0.542025 0.386727 -0.746091
vn 0.116997 0.925540 -0.360122
vn 0.307675 0.092714 -0.946964
vn 0.284964 0.386723 -0.877063
vn -0.000004 0.925533 -0.378666
vn 0.000005 0.092712 -0.995693
vn 0.000002 0.386739 -0.922189
vn -0.117016 0.925535 -0.360128
vn -0.307692 0.092715 -0.946958
vn -0.284971 0.386747 -0.877051
vn -0.222558 0.925540 -0.306340
vn -0.585261 0.092719 -0.805526
vn -0.542052 0.386745 -0.746062
vn -0.306334 0.925541 -0.222559
vn -0.805529 0.092724 -0.585256
vn -0.746062 0.386748 -0.542049
vn -0.360128 0.925536 -0.117007
vn -0.946960 0.092725 -0.307684
vn -0.877047 0.386762 -0.284962
vn 0.000003 -1.000000 -0.000012
vn 0.000006 -1.000000 0.000000
vn -0.094246 -0.993191 0.068481
vn -0.110783 -0.993193 0.035985
vn 0.000022 -1.000000 0.000003
vn -0.068477 -0.993188 0.094283
vn 0.000004 -1.000000 0.000000
vn -0.036002 -0.993189 0.110817
vn -0.000011 -1.000000 -0.000006
vn -0.000009 -0.993192 0.116485
vn 0.000001 -1.000000 -0.000006
vn 0.036000 -0.993191 0.110794
vn 0.000001 -1.000000 -0.000006
vn 0.068483 -0.993190 0.094250
vn 0.000006 -1.000000 -0.000020
vn 0.094263 -0.993190 0.068463
vn -0.000003 -1.000000 0.000000
vn 0.110802 -0.993190 0.036004
vn -0.000011 -1.000000 0.000012
vn 0.116479 -0.993193 0.000010
vn -0.000003 -1.000000 -0.000000
vn 0.110797 -0.993191 -0.036000
vn -0.000008 -1.000000 0.000006
vn 0.094261 -0.993189 -0.068486
vn 0.000002 -1.000000 0.000009
vn 0.068489 -0.993189 -0.094259
vn 0.000014 -1.000000 0.000010
vn 0.036013 -0.993192 -0.110784
vn 0.000004 -1.000000 0.000006
vn 0.000004 -0.993191 -0.116500
vn -0.000014 -1.000000 0.000013
vn -0.036017 -0.993189 -0.110803
vn -0.000013 -1.000000 0.000006
vn -0.068485 -0.993191 -0.094245
vn 0.000010 -1.000000 -0.000003
vn -0.094247 -0.993190 -0.068486
vn 0.000009 -1.000000 0.000006
vn -0.110796 -0.993191 -0.035997
vn 0.000002 -1.000000 -0.000006
vn -0.116495 -0.993191 -0.000004
vn -0.946963 -0.092677 0.307688
vn -0.805537 -0.092688 0.585252
vn -0.585249 -0.092683 0.805539
vn -0.307687 -0.092677 0.946963
vn -0.000000 -0.092680 0.995696
vn 0.307677 -0.092683 0.946966
vn 0.585254 -0.092687 0.805535
vn 0.805539 -0.092683 0.585249
vn 0.946965 -0.092674 0.307684
vn 0.995697 -0.092673 0.000001
vn 0.946966 -0.092677 -0.307680
vn 0.805537 -0.092684 -0.585252
vn 0.585238 -0.092682 -0.805548
vn 0.307680 -0.092678 -0.946966
vn 0.000005 -0.092681 -0.995696
vn -0.307692 -0.092681 -0.946961
vn -0.585265 -0.092676 -0.805529
vn -0.805533 -0.092673 -0.585259
vn -0.946963 -0.092681 -0.307687
vn -0.995696 -0.092675 0.000022
vn -0.360097 -0.925550 0.116992
vn -0.378648 -0.925541 0.000000
vn -0.877072 -0.386701 0.284968
vn -0.922181 -0.386758 0.000010
vn -0.746087 -0.386687 0.542058
vn -0.306304 -0.925555 0.222545
vn -0.542058 -0.386718 0.746071
vn -0.222544 -0.925548 0.306325
vn -0.284971 -0.386744 0.877052
vn -0.116999 -0.925542 0.360115
vn 0.000000 -0.386753 0.922183
vn -0.000003 -0.925541 0.378646
vn 0.284965 -0.386749 0.877052
vn 0.117002 -0.925542 0.360116
vn 0.542043 -0.386760 0.746060
vn 0.222562 -0.925547 0.306314
vn 0.746057 -0.386771 0.542040
vn 0.306331 -0.925545 0.222547
vn 0.877053 -0.386741 0.284973
vn 0.360109 -0.925543 0.117014
vn 0.922191 -0.386735 0.000000
vn 0.378635 -0.925546 0.000004
vn 0.877061 -0.386723 -0.284972
vn 0.360109 -0.925544 -0.117007
vn 0.746076 -0.386727 -0.542045
vn 0.306322 -0.925547 -0.222554
vn 0.542027 -0.386759 -0.746073
vn 0.222561 -0.925542 -0.306330
vn 0.284965 -0.386760 -0.877047
vn 0.117009 -0.925540 -0.360118
vn 0.000003 -0.386749 -0.922185
vn 0.000005 -0.925539 -0.378652
vn -0.284978 -0.386746 -0.877049
vn -0.117019 -0.925544 -0.360104
vn -0.542055 -0.386746 -0.746059
vn -0.222560 -0.925549 -0.306312
vn -0.746056 -0.386750 -0.542056
vn -0.306308 -0.925550 -0.222560
vn -0.877041 -0.386774 -0.284966
vn -0.360101 -0.925547 -0.117000
vn -0.244388 0.966421 0.079402
vn -0.899327 0.325305 0.292210
vn -0.945605 0.325317 -0.000000
vn -0.256964 0.966421 -0.000001
vn -0.207887 0.966423 0.151028
vn -0.765008 0.325316 0.555817
vn -0.151032 0.966423 0.207884
vn -0.555818 0.325320 0.765006
vn -0.079404 0.966421 0.244386
vn -0.292207 0.325325 0.899321
vn 0.000001 0.966421 0.256963
vn -0.000000 0.325318 0.945605
vn 0.079409 0.966421 0.244386
vn 0.292201 0.325320 0.899325
vn 0.151047 0.966419 0.207891
vn 0.555821 0.325304 0.765010
vn 0.207884 0.966421 0.151047
vn 0.765019 0.325310 0.555805
vn 0.244390 0.966420 0.079407
vn 0.899320 0.325330 0.292205
vn 0.256967 0.966420 -0.000000
vn 0.945603 0.325322 -0.000000
vn 0.244390 0.966420 -0.079407
vn 0.899320 0.325330 -0.292204
vn 0.207884 0.966421 -0.151047
vn 0.765018 0.325312 -0.555805
vn 0.151048 0.966419 -0.207892
vn 0.555820 0.325306 -0.765010
vn 0.079410 0.966421 -0.244386
vn 0.292202 0.325320 -0.899324
vn -0.000000 0.966421 -0.256963
vn -0.000000 0.325317 -0.945605
vn -0.079404 0.966421 -0.244387
vn -0.292209 0.325318 -0.899323
vn -0.151032 0.966423 -0.207883
vn -0.555818 0.325319 -0.765006
vn -0.207886 0.966423 -0.151027
vn -0.765008 0.325317 -0.555817
vn -0.244388 0.966421 -0.079402
vn -0.899329 0.325302 -0.292209
vn -0.499921 0.850706 0.162413
vn -0.425252 0.850722 0.308924
vn -0.323904 0.916362 0.235303
vn -0.380770 0.916358 0.123705
vn -0.308943 0.850723 0.425235
vn -0.235315 0.916361 0.323897
vn -0.162420 0.850714 0.499905
vn -0.123712 0.916358 0.380767
vn 0.000000 0.850713 0.525630
vn 0.000000 0.916357 0.400362
vn 0.162441 0.850710 0.499905
vn 0.123727 0.916356 0.380767
vn 0.308965 0.850700 0.425265
vn 0.235333 0.916354 0.323906
vn 0.425232 0.850711 0.308979
vn 0.323896 0.916353 0.235347
vn 0.499911 0.850709 0.162427
vn 0.380769 0.916356 0.123716
vn 0.525630 0.850713 0.000000
vn 0.400366 0.916355 0.000000
vn 0.499911 0.850710 -0.162426
vn 0.380769 0.916356 -0.123716
vn 0.425233 0.850710 -0.308980
vn 0.323897 0.916353 -0.235347
vn 0.308966 0.850699 -0.425266
vn 0.235333 0.916353 -0.323906
vn 0.162442 0.850709 -0.499907
vn 0.123728 0.916355 -0.380768
vn 0.000000 0.850711 -0.525633
vn 0.000000 0.916357 -0.400363
vn -0.162422 0.850713 -0.499907
vn -0.123713 0.916357 -0.380768
vn -0.308944 0.850722 -0.425237
vn -0.235315 0.916361 -0.323897
vn -0.425253 0.850720 -0.308925
vn -0.323905 0.916361 -0.235303
vn -0.499920 0.850707 -0.162413
vn -0.380770 0.916358 -0.123705
vn -0.525642 0.850706 -0.000000
vn -0.400369 0.916354 -0.000000
vn 0.930114 0.208716 -0.302202
vn 0.977978 0.208709 0.000006
vn 0.791193 0.208720 -0.574847
vn 0.574837 0.208721 -0.791200
vn 0.302215 0.208716 -0.930110
vn 0.000001 0.208710 -0.977978
vn -0.302227 0.208714 -0.930106
vn -0.574843 0.208719 -0.791197
vn -0.791201 0.208719 -0.574837
vn -0.930111 0.208717 -0.302209
vn -0.977977 0.208715 0.000001
vn -0.930111 0.208717 0.302210
vn -0.791195 0.208719 0.574845
vn -0.574839 0.208715 0.791200
vn -0.302218 0.208709 0.930110
vn 0.000007 0.208711 0.977977
vn 0.302209 0.208715 0.930112
vn 0.574831 0.208716 0.791206
vn 0.791201 0.208711 0.574840
vn 0.930118 0.208705 0.302196
vn 0.720546 0.454699 -0.523509
vn 0.847055 0.454699 -0.275222
vn 0.523504 0.454695 -0.720552
vn 0.275234 0.454691 -0.847055
vn 0.000002 0.454687 -0.890651
vn -0.275240 0.454687 -0.847055
vn -0.523515 0.454687 -0.720550
vn -0.720550 0.454685 -0.523517
vn -0.847063 0.454685 -0.275219
vn -0.890648 0.454694 -0.000001
vn -0.847061 0.454688 0.275220
vn -0.720542 0.454688 0.523524
vn -0.523516 0.454687 0.720548
vn -0.275232 0.454684 0.847060
vn 0.000008 0.454687 0.890651
vn 0.275225 0.454689 0.847059
vn 0.523500 0.454688 0.720559
vn 0.720551 0.454693 0.523508
vn 0.847058 0.454698 0.275213
vn 0.890647 0.454695 -0.000001
vn 0.681459 0.697557 -0.221423
vn 0.596541 0.778826 -0.193828
vn 0.627232 0.778832 -0.000001
vn 0.716526 0.697560 -0.000001
vn 0.579689 0.697558 -0.421157
vn 0.507448 0.778832 -0.368669
vn 0.421160 0.697558 -0.579687
vn 0.368677 0.778834 -0.507440
vn 0.221422 0.697554 -0.681462
vn 0.193831 0.778836 -0.596527
vn 0.000002 0.697550 -0.716536
vn 0.000002 0.778836 -0.627227
vn -0.221436 0.697550 -0.681462
vn -0.193831 0.778839 -0.596523
vn -0.421178 0.697543 -0.579692
vn -0.368672 0.778840 -0.507434
vn -0.579700 0.697541 -0.421170
vn -0.507440 0.778838 -0.368668
vn -0.681475 0.697546 -0.221410
vn -0.596533 0.778835 -0.193816
vn -0.716541 0.697545 -0.000001
vn -0.627236 0.778830 0.000001
vn -0.681471 0.697549 0.221411
vn -0.596531 0.778836 0.193820
vn -0.579683 0.697550 0.421178
vn -0.507427 0.778839 0.368684
vn -0.421177 0.697551 0.579683
vn -0.368680 0.778838 0.507432
vn -0.221432 0.697552 0.681461
vn -0.193831 0.778838 0.596524
vn 0.000004 0.697552 0.716534
vn 0.000006 0.778836 0.627228
vn 0.221416 0.697550 0.681468
vn 0.193822 0.778834 0.596533
vn 0.421160 0.697549 0.579697
vn 0.368675 0.778832 0.507444
vn 0.579692 0.697554 0.421159
vn 0.507446 0.778835 0.368667
vn 0.681466 0.697553 0.221412
vn 0.596540 0.778830 0.193815
vn 0.417197 0.856783 -0.303101
vn 0.490451 0.856775 -0.159356
vn 0.303098 0.856789 -0.417185
vn 0.159350 0.856792 -0.490423
vn 0.000002 0.856792 -0.515662
vn -0.159359 0.856792 -0.490421
vn -0.303093 0.856796 -0.417176
vn -0.417182 0.856793 -0.303092
vn -0.490426 0.856790 -0.159356
vn -0.515665 0.856790 0.000003
vn -0.490425 0.856789 0.159362
vn -0.417179 0.856788 0.303112
vn -0.303112 0.856785 0.417183
vn -0.159364 0.856787 0.490427
vn 0.000007 0.856789 0.515667
vn 0.159343 0.856794 0.490421
vn 0.303097 0.856797 0.417171
vn 0.417180 0.856794 0.303092
vn 0.490435 0.856786 0.159348
vn 0.515692 0.856774 -0.000003
s 1
g Hallway_Masters:LampMiddle
usemtl initialShadingGroup
f 128/254/247 127/253/248 147/294/249
f 129/255/250 128/254/247 147/294/249
f 130/256/251 129/255/250 147/294/249
f 131/257/252 130/256/251 147/294/249
f 132/258/253 131/257/252 147/294/249
f 133/259/254 132/258/253 147/294/249
f 134/260/255 133/259/254 147/294/249
f 135/261/256 134/260/255 147/294/249
f 136/262/257 135/261/256 147/294/249
f 137/263/258 136/262/257 147/294/249
f 138/264/259 137/263/258 147/294/249
f 139/265/260 138/264/259 147/294/249
f 140/266/261 139/265/260 147/294/249
f 141/267/262 140/266/261 147/294/249
f 142/268/263 141/267/262 147/294/249
f 143/269/264 142/268/263 147/294/249
f 144/270/265 143/269/264 147/294/249
f 145/271/266 144/270/265 147/294/249
f 146/272/267 145/271/266 147/294/249
f 127/253/248 146/272/267 147/294/249
s 2
f 668/696/268 669/697/269 670/295/270
f 669/697/269 671/698/271 670/295/270
f 671/698/271 672/699/272 670/295/270
f 672/699/272 673/700/273 670/295/270
f 673/700/273 674/701/274 670/295/270
f 674/701/274 675/702/275 670/295/270
f 675/702/275 676/703/276 670/295/270
f 676/703/276 677/704/277 670/295/270
f 677/704/277 678/705/278 670/295/270
f 678/705/278 679/706/279 670/295/270
f 679/706/279 680/707/280 670/295/270
f 680/707/280 681/708/281 670/295/270
f 681/708/281 682/709/282 670/295/270
f 682/709/282 683/710/283 670/295/270
f 683/710/283 684/711/284 670/295/270
f 684/711/284 685/712/285 670/295/270
f 685/712/285 686/713/286 670/295/270
f 686/713/286 687/714/287 670/295/270
f 687/714/287 688/715/288 670/295/270
f 688/715/288 668/696/268 670/295/270
s 3
f 128/274/289 149/856/290 148/894/291 127/273/292
f 129/275/293 150/858/294 149/856/290 128/274/289
f 130/276/295 151/860/296 150/858/294 129/275/293
f 131/277/297 152/862/298 151/860/296 130/276/295
f 132/278/299 153/864/300 152/862/298 131/277/297
f 133/279/301 154/866/302 153/864/300 132/278/299
f 134/280/303 155/868/304 154/866/302 133/279/301
f 135/281/305 156/870/306 155/868/304 134/280/303
f 136/282/307 157/872/308 156/870/306 135/281/305
f 137/283/309 158/874/310 157/872/308 136/282/307
f 138/284/311 159/876/312 158/874/310 137/283/309
f 139/285/313 160/878/314 159/876/312 138/284/311
f 140/286/315 161/880/316 160/878/314 139/285/313
f 141/287/317 162/882/318 161/880/316 140/286/315
f 142/288/319 163/884/320 162/882/318 141/287/317
f 143/289/321 164/886/322 163/884/320 142/288/319
f 144/290/323 165/888/324 164/886/322 143/289/321
f 145/291/325 166/890/326 165/888/324 144/290/323
f 146/292/327 167/892/328 166/890/326 145/291/325
f 127/293/292 148/894/291 167/892/328 146/292/327
s 4
f 168/897/329 169/899/330 189/297/331 188/296/332
f 169/899/330 170/901/333 190/298/334 189/297/331
f 170/901/333 171/903/335 191/299/336 190/298/334
f 171/903/335 172/905/337 192/300/338 191/299/336
f 172/905/337 173/907/339 193/301/340 192/300/338
f 173/907/339 174/909/341 194/302/342 193/301/340
f 174/909/341 175/911/343 195/303/344 194/302/342
f 175/911/343 176/913/345 196/304/346 195/303/344
f 176/913/345 177/915/347 197/305/348 196/304/346
f 177/915/347 178/917/349 198/306/350 197/305/348
f 178/917/349 179/919/351 199/307/352 198/306/350
f 179/919/351 180/921/353 200/308/354 199/307/352
f 180/921/353 181/923/355 201/309/356 200/308/354
f 181/923/355 182/925/357 202/310/358 201/309/356
f 182/925/357 183/927/359 203/311/360 202/310/358
f 183/927/359 184/929/361 204/312/362 203/311/360
f 184/929/361 185/931/363 205/313/364 204/312/362
f 185/931/363 186/933/365 206/314/366 205/313/364
f 186/933/365 187/935/367 207/315/368 206/314/366
f 187/935/367 168/897/329 188/296/332 207/315/368
f 188/296/332 189/297/331 209/317/369 208/316/370
f 189/297/331 190/298/334 210/318/371 209/317/369
f 190/298/334 191/299/336 211/319/372 210/318/371
f 191/299/336 192/300/338 212/320/373 211/319/372
f 192/300/338 193/301/340 213/321/374 212/320/373
f 193/301/340 194/302/342 214/322/375 213/321/374
f 194/302/342 195/303/344 215/323/376 214/322/375
f 195/303/344 196/304/346 216/324/377 215/323/376
f 196/304/346 197/305/348 217/325/378 216/324/377
f 197/305/348 198/306/350 218/326/379 217/325/378
f 198/306/350 199/307/352 219/327/380 218/326/379
f 199/307/352 200/308/354 220/328/381 219/327/380
f 200/308/354 201/309/356 221/329/382 220/328/381
f 201/309/356 202/310/358 222/330/383 221/329/382
f 202/310/358 203/311/360 223/331/384 222/330/383
f 203/311/360 204/312/362 224/332/385 223/331/384
f 204/312/362 205/313/364 225/333/386 224/332/385
f 205/313/364 206/314/366 226/334/387 225/333/386
f 206/314/366 207/315/368 227/335/388 226/334/387
f 207/315/368 188/296/332 208/316/370 227/335/388
f 208/316/370 209/317/369 229/337/389 228/336/390
f 209/317/369 210/318/371 230/338/391 229/337/389
f 210/318/371 211/319/372 231/339/392 230/338/391
f 211/319/372 212/320/373 232/340/393 231/339/392
f 212/320/373 213/321/374 233/341/394 232/340/393
f 213/321/374 214/322/375 234/342/395 233/341/394
f 214/322/375 215/323/376 235/343/396 234/342/395
f 215/323/376 216/324/377 236/344/397 235/343/396
f 216/324/377 217/325/378 237/345/398 236/344/397
f 217/325/378 218/326/379 238/346/399 237/345/398
f 218/326/379 219/327/380 239/347/400 238/346/399
f 219/327/380 220/328/381 240/348/401 239/347/400
f 220/328/381 221/329/382 241/349/402 240/348/401
f 221/329/382 222/330/383 242/350/403 241/349/402
f 222/330/383 223/331/384 243/351/404 242/350/403
f 223/331/384 224/332/385 244/352/405 243/351/404
f 224/332/385 225/333/386 245/353/406 244/352/405
f 225/333/386 226/334/387 246/354/407 245/353/406
f 226/334/387 227/335/388 247/355/408 246/354/407
f 227/335/388 208/316/370 228/336/390 247/355/408
s 5
f 228/336/409 229/337/410 249/357/411 248/356/412
f 229/337/410 230/338/413 250/358/414 249/357/411
f 230/338/413 231/339/415 251/359/416 250/358/414
f 231/339/415 232/340/417 252/360/418 251/359/416
f 232/340/417 233/341/419 253/361/420 252/360/418
f 233/341/419 234/342/421 254/362/422 253/361/420
f 234/342/421 235/343/423 255/363/424 254/362/422
f 235/343/423 236/344/425 256/364/426 255/363/424
f 236/344/425 237/345/427 257/365/428 256/364/426
f 237/345/427 238/346/429 258/366/430 257/365/428
f 238/346/429 239/347/431 259/367/432 258/366/430
f 239/347/431 240/348/433 260/368/434 259/367/432
f 240/348/433 241/349/435 261/369/436 260/368/434
f 241/349/435 242/350/437 262/370/438 261/369/436
f 242/350/437 243/351/439 263/371/440 262/370/438
f 243/351/439 244/352/441 264/372/442 263/371/440
f 244/352/441 245/353/443 265/373/444 264/372/442
f 245/353/443 246/354/445 266/374/446 265/373/444
f 246/354/445 247/355/447 267/375/448 266/374/446
f 247/355/447 228/336/409 248/356/412 267/375/448
s 6
f 248/356/449 249/357/450 269/377/451 268/376/452
f 249/357/450 250/358/453 270/378/454 269/377/451
f 250/358/453 251/359/455 271/379/456 270/378/454
f 251/359/455 252/360/457 272/380/458 271/379/456
f 252/360/457 253/361/459 273/381/460 272/380/458
f 253/361/459 254/362/461 274/382/462 273/381/460
f 254/362/461 255/363/463 275/383/464 274/382/462
f 255/363/463 256/364/465 276/384/466 275/383/464
f 256/364/465 257/365/467 277/385/468 276/384/466
f 257/365/467 258/366/469 278/386/470 277/385/468
f 258/366/469 259/367/471 279/387/472 278/386/470
f 259/367/471 260/368/473 280/388/474 279/387/472
f 260/368/473 261/369/475 281/389/476 280/388/474
f 261/369/475 262/370/477 282/390/478 281/389/476
f 262/370/477 263/371/479 283/391/480 282/390/478
f 263/371/479 264/372/481 284/392/482 283/391/480
f 264/372/481 265/373/483 285/393/484 284/392/482
f 265/373/483 266/374/485 286/394/486 285/393/484
f 266/374/485 267/375/487 287/395/488 286/394/486
f 267/375/487 248/356/449 268/376/452 287/395/488
f 268/376/452 269/377/451 289/397/489 288/396/490
f 269/377/451 270/378/454 290/398/491 289/397/489
f 270/378/454 271/379/456 291/399/492 290/398/491
f 271/379/456 272/380/458 292/400/493 291/399/492
f 272/380/458 273/381/460 293/401/494 292/400/493
f 273/381/460 274/382/462 294/402/495 293/401/494
f 274/382/462 275/383/464 295/403/496 294/402/495
f 275/383/464 276/384/466 296/404/497 295/403/496
f 276/384/466 277/385/468 297/405/498 296/404/497
f 277/385/468 278/386/470 298/406/499 297/405/498
f 278/386/470 279/387/472 299/407/500 298/406/499
f 279/387/472 280/388/474 300/408/501 299/407/500
f 280/388/474 281/389/476 301/409/502 300/408/501
f 281/389/476 282/390/478 302/410/503 301/409/502
f 282/390/478 283/391/480 303/411/504 302/410/503
f 283/391/480 284/392/482 304/412/505 303/411/504
f 284/392/482 285/393/484 305/413/506 304/412/505
f 285/393/484 286/394/486 306/414/507 305/413/506
f 286/394/486 287/395/488 307/415/508 306/414/507
f 287/395/488 268/376/452 288/396/490 307/415/508
f 288/396/490 289/397/489 309/417/509 308/416/510
f 289/397/489 290/398/491 310/418/511 309/417/509
f 290/398/491 291/399/492 311/419/512 310/418/511
f 291/399/492 292/400/493 312/420/513 311/419/512
f 292/400/493 293/401/494 313/421/514 312/420/513
f 293/401/494 294/402/495 314/422/515 313/421/514
f 294/402/495 295/403/496 315/423/516 314/422/515
f 295/403/496 296/404/497 316/424/517 315/423/516
f 296/404/497 297/405/498 317/425/518 316/424/517
f 297/405/498 298/406/499 318/426/519 317/425/518
f 298/406/499 299/407/500 319/427/520 318/426/519
f 299/407/500 300/408/501 320/428/521 319/427/520
f 300/408/501 301/409/502 321/429/522 320/428/521
f 301/409/502 302/410/503 322/430/523 321/429/522
f 302/410/503 303/411/504 323/431/524 322/430/523
f 303/411/504 304/412/505 324/432/525 323/431/524
f 304/412/505 305/413/506 325/433/526 324/432/525
f 305/413/506 306/414/507 326/434/527 325/433/526
f 306/414/507 307/415/508 327/435/528 326/434/527
f 307/415/508 288/396/490 308/416/510 327/435/528
f 308/416/510 309/417/509 329/574/529 328/572/530
f 309/417/509 310/418/511 330/536/531 329/574/529
f 310/418/511 311/419/512 331/538/532 330/536/531
f 311/419/512 312/420/513 332/540/533 331/538/532
f 312/420/513 313/421/514 333/542/534 332/540/533
f 313/421/514 314/422/515 334/544/535 333/542/534
f 314/422/515 315/423/516 335/546/536 334/544/535
f 315/423/516 316/424/517 336/548/537 335/546/536
f 316/424/517 317/425/518 337/550/538 336/548/537
f 317/425/518 318/426/519 338/552/539 337/550/538
f 318/426/519 319/427/520 339/554/540 338/552/539
f 319/427/520 320/428/521 340/556/541 339/554/540
f 320/428/521 321/429/522 341/558/542 340/556/541
f 321/429/522 322/430/523 342/560/543 341/558/542
f 322/430/523 323/431/524 343/562/544 342/560/543
f 323/431/524 324/432/525 344/564/545 343/562/544
f 324/432/525 325/433/526 345/566/546 344/564/545
f 325/433/526 326/434/527 346/568/547 345/566/546
f 326/434/527 327/435/528 347/570/548 346/568/547
f 327/435/528 308/416/510 328/572/530 347/570/548
s 7
f 349/437/549 348/436/550 448/535/551 450/516/552
f 350/438/553 349/437/549 450/516/552 452/517/554
f 351/439/555 350/438/553 452/517/554 454/518/556
f 352/440/557 351/439/555 454/518/556 456/519/558
f 353/441/559 352/440/557 456/519/558 458/520/560
f 354/442/561 353/441/559 458/520/560 460/521/562
f 355/443/563 354/442/561 460/521/562 462/522/564
f 356/444/565 355/443/563 462/522/564 464/523/566
f 357/445/567 356/444/565 464/523/566 466/524/568
f 358/446/569 357/445/567 466/524/568 468/525/570
f 359/447/571 358/446/569 468/525/570 470/526/572
f 360/448/573 359/447/571 470/526/572 472/527/574
f 361/449/575 360/448/573 472/527/574 474/528/576
f 362/450/577 361/449/575 474/528/576 476/529/578
f 363/451/579 362/450/577 476/529/578 478/530/580
f 364/452/581 363/451/579 478/530/580 480/531/582
f 365/453/583 364/452/581 480/531/582 482/532/584
f 366/454/585 365/453/583 482/532/584 484/533/586
f 367/455/587 366/454/585 484/533/586 486/534/588
f 348/436/550 367/455/587 486/534/588 448/535/551
s 8
f 348/436/589 349/437/590 369/457/591 368/456/592
f 349/437/590 350/438/593 370/458/594 369/457/591
f 350/438/593 351/439/595 371/459/596 370/458/594
f 351/439/595 352/440/597 372/460/598 371/459/596
f 352/440/597 353/441/599 373/461/600 372/460/598
f 353/441/599 354/442/601 374/462/602 373/461/600
f 354/442/601 355/443/603 375/463/604 374/462/602
f 355/443/603 356/444/605 376/464/606 375/463/604
f 356/444/605 357/445/607 377/465/608 376/464/606
f 357/445/607 358/446/609 378/466/610 377/465/608
f 358/446/609 359/447/611 379/467/612 378/466/610
f 359/447/611 360/448/613 380/468/614 379/467/612
f 360/448/613 361/449/615 381/469/616 380/468/614
f 361/449/615 362/450/617 382/470/618 381/469/616
f 362/450/617 363/451/619 383/471/620 382/470/618
f 363/451/619 364/452/621 384/472/622 383/471/620
f 364/452/621 365/453/623 385/473/624 384/472/622
f 365/453/623 366/454/625 386/474/626 385/473/624
f 366/454/625 367/455/627 387/475/628 386/474/626
f 367/455/627 348/436/589 368/456/592 387/475/628
s 9
f 368/456/629 369/457/630 389/477/631 388/476/632
f 369/457/630 370/458/633 390/478/634 389/477/631
f 370/458/633 371/459/635 391/479/636 390/478/634
f 371/459/635 372/460/637 392/480/638 391/479/636
f 372/460/637 373/461/639 393/481/640 392/480/638
f 373/461/639 374/462/641 394/482/642 393/481/640
f 374/462/641 375/463/643 395/483/644 394/482/642
f 375/463/643 376/464/645 396/484/646 395/483/644
f 376/464/645 377/465/647 397/485/648 396/484/646
f 377/465/647 378/466/649 398/486/650 397/485/648
f 378/466/649 379/467/651 399/487/652 398/486/650
f 379/467/651 380/468/653 400/488/654 399/487/652
f 380/468/653 381/469/655 401/489/656 400/488/654
f 381/469/655 382/470/657 402/490/658 401/489/656
f 382/470/657 383/471/659 403/491/660 402/490/658
f 383/471/659 384/472/661 404/492/662 403/491/660
f 384/472/661 385/473/663 405/493/664 404/492/662
f 385/473/663 386/474/665 406/494/666 405/493/664
f 386/474/665 387/475/667 407/495/668 406/494/666
f 387/475/667 368/456/629 388/476/632 407/495/668
f 388/476/632 389/477/631 409/497/669 408/496/670
f 389/477/631 390/478/634 410/498/671 409/497/669
f 390/478/634 391/479/636 411/499/672 410/498/671
f 391/479/636 392/480/638 412/500/673 411/499/672
f 392/480/638 393/481/640 413/501/674 412/500/673
f 393/481/640 394/482/642 414/502/675 413/501/674
f 394/482/642 395/483/644 415/503/676 414/502/675
f 395/483/644 396/484/646 416/504/677 415/503/676
f 396/484/646 397/485/648 417/505/678 416/504/677
f 397/485/648 398/486/650 418/506/679 417/505/678
f 398/486/650 399/487/652 419/507/680 418/506/679
f 399/487/652 400/488/654 420/508/681 419/507/680
f 400/488/654 401/489/656 421/509/682 420/508/681
f 401/489/656 402/490/658 422/510/683 421/509/682
f 402/490/658 403/491/660 423/511/684 422/510/683
f 403/491/660 404/492/662 424/512/685 423/511/684
f 404/492/662 405/493/664 425/513/686 424/512/685
f 405/493/664 406/494/666 426/514/687 425/513/686
f 406/494/666 407/495/668 427/515/688 426/514/687
f 407/495/668 388/476/632 408/496/670 427/515/688
f 408/496/670 409/497/669 429/956/689 428/975/690
f 409/497/669 410/498/671 430/957/691 429/956/689
f 410/498/671 411/499/672 431/958/692 430/957/691
f 411/499/672 412/500/673 432/959/693 431/958/692
f 412/500/673 413/501/674 433/960/694 432/959/693
f 413/501/674 414/502/675 434/961/695 433/960/694
f 414/502/675 415/503/676 435/962/696 434/961/695
f 415/503/676 416/504/677 436/963/697 435/962/696
f 416/504/677 417/505/678 437/964/698 436/963/697
f 417/505/678 418/506/679 438/965/699 437/964/698
f 418/506/679 419/507/680 439/966/700 438/965/699
f 419/507/680 420/508/681 440/967/701 439/966/700
f 420/508/681 421/509/682 441/968/702 440/967/701
f 421/509/682 422/510/683 442/969/703 441/968/702
f 422/510/683 423/511/684 443/970/704 442/969/703
f 423/511/684 424/512/685 444/971/705 443/970/704
f 424/512/685 425/513/686 445/972/706 444/971/705
f 425/513/686 426/514/687 446/973/707 445/972/706
f 426/514/687 427/515/688 447/974/708 446/973/707
f 427/515/688 408/496/670 428/975/690 447/974/708
s 10
f 448/535/709 449/555/710 451/557/711 450/516/712
f 449/555/710 448/535/709 486/534/713 487/553/714
f 450/516/712 451/557/711 453/559/715 452/517/716
f 452/517/716 453/559/715 455/561/717 454/518/718
f 454/518/718 455/561/717 457/563/719 456/519/720
f 456/519/720 457/563/719 459/565/721 458/520/722
f 458/520/722 459/565/721 461/567/723 460/521/724
f 460/521/724 461/567/723 463/569/725 462/522/726
f 462/522/726 463/569/725 465/571/727 464/523/728
f 464/523/728 465/571/727 467/573/729 466/524/730
f 466/524/730 467/573/729 469/575/731 468/525/732
f 468/525/732 469/575/731 471/537/733 470/526/734
f 470/526/734 471/537/733 473/539/735 472/527/736
f 472/527/736 473/539/735 475/541/737 474/528/738
f 474/528/738 475/541/737 477/543/739 476/529/740
f 476/529/740 477/543/739 479/545/741 478/530/742
f 478/530/742 479/545/741 481/547/743 480/531/744
f 480/531/744 481/547/743 483/549/745 482/532/746
f 482/532/746 483/549/745 485/551/747 484/533/748
f 484/533/748 485/551/747 487/553/714 486/534/713
s 11
f 329/574/749 330/536/750 473/539/751 471/537/752
f 330/536/750 331/538/753 475/541/754 473/539/751
f 331/538/753 332/540/755 477/543/756 475/541/754
f 332/540/755 333/542/757 479/545/758 477/543/756
f 333/542/757 334/544/759 481/547/760 479/545/758
f 334/544/759 335/546/761 483/549/762 481/547/760
f 335/546/761 336/548/763 485/551/764 483/549/762
f 336/548/763 337/550/765 487/553/766 485/551/764
f 337/550/765 338/552/767 449/555/768 487/553/766
f 338/552/767 339/554/769 451/557/770 449/555/768
f 339/554/769 340/556/771 453/559/772 451/557/770
f 340/556/771 341/558/773 455/561/774 453/559/772
f 341/558/773 342/560/775 457/563/776 455/561/774
f 342/560/775 343/562/777 459/565/778 457/563/776
f 343/562/777 344/564/779 461/567/780 459/565/778
f 344/564/779 345/566/781 463/569/782 461/567/780
f 345/566/781 346/568/783 465/571/784 463/569/782
f 346/568/783 347/570/785 467/573/786 465/571/784
f 347/570/785 328/572/787 469/575/788 467/573/786
f 328/572/787 329/574/749 471/537/752 469/575/788
s 12
f 529/719/789 549/577/790 548/576/791 528/717/792
f 530/721/793 550/578/794 549/577/790 529/719/789
f 531/723/795 551/579/796 550/578/794 530/721/793
f 532/725/797 552/580/798 551/579/796 531/723/795
f 533/727/799 553/581/800 552/580/798 532/725/797
f 534/729/801 554/582/802 553/581/800 533/727/799
f 535/731/803 555/583/804 554/582/802 534/729/801
f 536/733/805 556/584/806 555/583/804 535/731/803
f 537/735/807 557/585/808 556/584/806 536/733/805
f 538/737/809 558/586/810 557/585/808 537/735/807
f 539/739/811 559/587/812 558/586/810 538/737/809
f 540/741/813 560/588/814 559/587/812 539/739/811
f 541/743/815 561/589/816 560/588/814 540/741/813
f 542/745/817 562/590/818 561/589/816 541/743/815
f 543/747/819 563/591/820 562/590/818 542/745/817
f 544/749/821 564/592/822 563/591/820 543/747/819
f 545/751/823 565/593/824 564/592/822 544/749/821
f 546/753/825 566/594/826 565/593/824 545/751/823
f 547/755/827 567/595/828 566/594/826 546/753/825
f 528/717/792 548/576/791 567/595/828 547/755/827
s 13
f 548/576/829 549/577/830 569/597/831 568/596/832
f 549/577/830 550/578/833 570/598/834 569/597/831
f 550/578/833 551/579/835 571/599/836 570/598/834
f 551/579/835 552/580/837 572/600/838 571/599/836
f 552/580/837 553/581/839 573/601/840 572/600/838
f 553/581/839 554/582/841 574/602/842 573/601/840
f 554/582/841 555/583/843 575/603/844 574/602/842
f 555/583/843 556/584/845 576/604/846 575/603/844
f 556/584/845 557/585/847 577/605/848 576/604/846
f 557/585/847 558/586/849 578/606/850 577/605/848
f 558/586/849 559/587/851 579/607/852 578/606/850
f 559/587/851 560/588/853 580/608/854 579/607/852
f 560/588/853 561/589/855 581/609/856 580/608/854
f 561/589/855 562/590/857 582/610/858 581/609/856
f 562/590/857 563/591/859 583/611/860 582/610/858
f 563/591/859 564/592/861 584/612/862 583/611/860
f 564/592/861 565/593/863 585/613/864 584/612/862
f 565/593/863 566/594/865 586/614/866 585/613/864
f 566/594/865 567/595/867 587/615/868 586/614/866
f 567/595/867 548/576/829 568/596/832 587/615/868
s 14
f 568/596/869 569/597/870 589/617/871 588/616/872
f 569/597/870 570/598/873 590/618/874 589/617/871
f 570/598/873 571/599/875 591/619/876 590/618/874
f 571/599/875 572/600/877 592/620/878 591/619/876
f 572/600/877 573/601/879 593/621/880 592/620/878
f 573/601/879 574/602/881 594/622/882 593/621/880
f 574/602/881 575/603/883 595/623/884 594/622/882
f 575/603/883 576/604/885 596/624/886 595/623/884
f 576/604/885 577/605/887 597/625/888 596/624/886
f 577/605/887 578/606/889 598/626/890 597/625/888
f 578/606/889 579/607/891 599/627/892 598/626/890
f 579/607/891 580/608/893 600/628/894 599/627/892
f 580/608/893 581/609/895 601/629/896 600/628/894
f 581/609/895 582/610/897 602/630/898 601/629/896
f 582/610/897 583/611/899 603/631/900 602/630/898
f 583/611/899 584/612/901 604/632/902 603/631/900
f 584/612/901 585/613/903 605/633/904 604/632/902
f 585/613/903 586/614/905 606/634/906 605/633/904
f 586/614/905 587/615/907 607/635/908 606/634/906
f 587/615/907 568/596/869 588/616/872 607/635/908
s 15
f 588/616/909 589/617/910 609/637/911 608/636/912
f 589/617/910 590/618/913 610/638/914 609/637/911
f 590/618/913 591/619/915 611/639/916 610/638/914
f 591/619/915 592/620/917 612/640/918 611/639/916
f 592/620/917 593/621/919 613/641/920 612/640/918
f 593/621/919 594/622/921 614/642/922 613/641/920
f 594/622/921 595/623/923 615/643/924 614/642/922
f 595/623/923 596/624/925 616/644/926 615/643/924
f 596/624/925 597/625/927 617/645/928 616/644/926
f 597/625/927 598/626/929 618/646/930 617/645/928
f 598/626/929 599/627/931 619/647/932 618/646/930
f 599/627/931 600/628/933 620/648/934 619/647/932
f 600/628/933 601/629/935 621/649/936 620/648/934
f 601/629/935 602/630/937 622/650/938 621/649/936
f 602/630/937 603/631/939 623/651/940 622/650/938
f 603/631/939 604/632/941 624/652/942 623/651/940
f 604/632/941 605/633/943 625/653/944 624/652/942
f 605/633/943 606/634/945 626/654/946 625/653/944
f 606/634/945 607/635/947 627/655/948 626/654/946
f 607/635/947 588/616/909 608/636/912 627/655/948
s 16
f 608/636/949 609/637/950 629/657/951 628/656/952
f 609/637/950 610/638/953 630/658/954 629/657/951
f 610/638/953 611/639/955 631/659/956 630/658/954
f 611/639/955 612/640/957 632/660/958 631/659/956
f 612/640/957 613/641/959 633/661/960 632/660/958
f 613/641/959 614/642/961 634/662/962 633/661/960
f 614/642/961 615/643/963 635/663/964 634/662/962
f 615/643/963 616/644/965 636/664/966 635/663/964
f 616/644/965 617/645/967 637/665/968 636/664/966
f 617/645/967 618/646/969 638/666/970 637/665/968
f 618/646/969 619/647/971 639/667/972 638/666/970
f 619/647/971 620/648/973 640/668/974 639/667/972
f 620/648/973 621/649/975 641/669/976 640/668/974
f 621/649/975 622/650/977 642/670/978 641/669/976
f 622/650/977 623/651/979 643/671/980 642/670/978
f 623/651/979 624/652/981 644/672/982 643/671/980
f 624/652/981 625/653/983 645/673/984 644/672/982
f 625/653/983 626/654/985 646/674/986 645/673/984
f 626/654/985 627/655/987 647/675/988 646/674/986
f 627/655/987 608/636/949 628/656/952 647/675/988
s 17
f 628/656/989 629/657/990 649/677/991 648/676/992
f 629/657/990 630/658/993 650/678/994 649/677/991
f 630/658/993 631/659/995 651/679/996 650/678/994
f 631/659/995 632/660/997 652/680/998 651/679/996
f 632/660/997 633/661/999 653/681/1000 652/680/998
f 633/661/999 634/662/1001 654/682/1002 653/681/1000
f 634/662/1001 635/663/1003 655/683/1004 654/682/1002
f 635/663/1003 636/664/1005 656/684/1006 655/683/1004
f 636/664/1005 637/665/1007 657/685/1008 656/684/1006
f 637/665/1007 638/666/1009 658/686/1010 657/685/1008
f 638/666/1009 639/667/1011 659/687/1012 658/686/1010
f 639/667/1011 640/668/1013 660/688/1014 659/687/1012
f 640/668/1013 641/669/1015 661/689/1016 660/688/1014
f 641/669/1015 642/670/1017 662/690/1018 661/689/1016
f 642/670/1017 643/671/1019 663/691/1020 662/690/1018
f 643/671/1019 644/672/1021 664/692/1022 663/691/1020
f 644/672/1021 645/673/1023 665/693/1024 664/692/1022
f 645/673/1023 646/674/1025 666/694/1026 665/693/1024
f 646/674/1025 647/675/1027 667/695/1028 666/694/1026
f 647/675/1027 628/656/989 648/676/992 667/695/1028
s 18
f 648/676/1029 649/677/1030 669/697/1031 668/696/1032
f 649/677/1030 650/678/1033 671/698/1034 669/697/1031
f 650/678/1033 651/679/1035 672/699/1036 671/698/1034
f 651/679/1035 652/680/1037 673/700/1038 672/699/1036
f 652/680/1037 653/681/1039 674/701/1040 673/700/1038
f 653/681/1039 654/682/1041 675/702/1042 674/701/1040
f 654/682/1041 655/683/1043 676/703/1044 675/702/1042
f 655/683/1043 656/684/1045 677/704/1046 676/703/1044
f 656/684/1045 657/685/1047 678/705/1048 677/704/1046
f 657/685/1047 658/686/1049 679/706/1050 678/705/1048
f 658/686/1049 659/687/1051 680/707/1052 679/706/1050
f 659/687/1051 660/688/1053 681/708/1054 680/707/1052
f 660/688/1053 661/689/1055 682/709/1056 681/708/1054
f 661/689/1055 662/690/1057 683/710/1058 682/709/1056
f 662/690/1057 663/691/1059 684/711/1060 683/710/1058
f 663/691/1059 664/692/1061 685/712/1062 684/711/1060
f 664/692/1061 665/693/1063 686/713/1064 685/712/1062
f 665/693/1063 666/694/1065 687/714/1066 686/713/1064
f 666/694/1065 667/695/1067 688/715/1068 687/714/1066
f 667/695/1067 648/676/1029 668/696/1032 688/715/1068
s 19
f 691/754/1069 694/716/1070 529/719/1071 528/717/1072
f 694/716/1070 697/718/1073 530/721/1074 529/719/1071
f 697/718/1073 700/720/1075 531/723/1076 530/721/1074
f 700/720/1075 703/722/1077 532/725/1078 531/723/1076
f 703/722/1077 706/724/1079 533/727/1080 532/725/1078
f 706/724/1079 709/726/1081 534/729/1082 533/727/1080
f 709/726/1081 712/728/1083 535/731/1084 534/729/1082
f 712/728/1083 715/730/1085 536/733/1086 535/731/1084
f 715/730/1085 718/732/1087 537/735/1088 536/733/1086
f 718/732/1087 721/734/1089 538/737/1090 537/735/1088
f 721/734/1089 724/736/1091 539/739/1092 538/737/1090
f 724/736/1091 727/738/1093 540/741/1094 539/739/1092
f 727/738/1093 730/740/1095 541/743/1096 540/741/1094
f 730/740/1095 733/742/1097 542/745/1098 541/743/1096
f 733/742/1097 736/744/1099 543/747/1100 542/745/1098
f 736/744/1099 739/746/1101 544/749/1102 543/747/1100
f 739/746/1101 742/748/1103 545/751/1104 544/749/1102
f 742/748/1103 745/750/1105 546/753/1106 545/751/1104
f 745/750/1105 748/752/1107 547/755/1108 546/753/1106
f 748/752/1107 691/754/1069 528/717/1072 547/755/1108
s 20
f 689/797/1109 690/756/1110 747/775/1111 746/835/1112
s 19
f 690/756/1113 691/754/1069 748/752/1107 747/775/1114
f 691/754/1069 690/756/1113 693/757/1115 694/716/1070
s 20
f 690/756/1110 689/797/1109 692/799/1116 693/757/1117
s 19
f 694/716/1070 693/757/1115 696/758/1118 697/718/1073
s 20
f 693/757/1117 692/799/1116 695/801/1119 696/758/1120
s 19
f 697/718/1073 696/758/1118 699/759/1121 700/720/1075
s 20
f 696/758/1120 695/801/1119 698/803/1122 699/759/1123
s 19
f 700/720/1075 699/759/1121 702/760/1124 703/722/1077
s 20
f 699/759/1123 698/803/1122 701/805/1125 702/760/1126
s 19
f 703/722/1077 702/760/1124 705/761/1127 706/724/1079
s 20
f 702/760/1126 701/805/1125 704/807/1128 705/761/1129
s 19
f 706/724/1079 705/761/1127 708/762/1130 709/726/1081
s 20
f 705/761/1129 704/807/1128 707/809/1131 708/762/1132
s 19
f 709/726/1081 708/762/1130 711/763/1133 712/728/1083
s 20
f 708/762/1132 707/809/1131 710/811/1134 711/763/1135
s 19
f 712/728/1083 711/763/1133 714/764/1136 715/730/1085
s 20
f 711/763/1135 710/811/1134 713/813/1137 714/764/1138
s 19
f 715/730/1085 714/764/1136 717/765/1139 718/732/1087
s 20
f 714/764/1138 713/813/1137 716/815/1140 717/765/1141
s 19
f 718/732/1087 717/765/1139 720/766/1142 721/734/1089
s 20
f 717/765/1141 716/815/1140 719/817/1143 720/766/1144
s 19
f 721/734/1089 720/766/1142 723/767/1145 724/736/1091
s 20
f 720/766/1144 719/817/1143 722/819/1146 723/767/1147
s 19
f 724/736/1091 723/767/1145 726/768/1148 727/738/1093
s 20
f 723/767/1147 722/819/1146 725/821/1149 726/768/1150
s 19
f 727/738/1093 726/768/1148 729/769/1151 730/740/1095
s 20
f 726/768/1150 725/821/1149 728/823/1152 729/769/1153
s 19
f 730/740/1095 729/769/1151 732/770/1154 733/742/1097
s 20
f 729/769/1153 728/823/1152 731/825/1155 732/770/1156
s 19
f 733/742/1097 732/770/1154 735/771/1157 736/744/1099
s 20
f 732/770/1156 731/825/1155 734/827/1158 735/771/1159
s 19
f 736/744/1099 735/771/1157 738/772/1160 739/746/1101
s 20
f 735/771/1159 734/827/1158 737/829/1161 738/772/1162
s 19
f 739/746/1101 738/772/1160 741/773/1163 742/748/1103
s 20
f 738/772/1162 737/829/1161 740/831/1164 741/773/1165
s 19
f 742/748/1103 741/773/1163 744/774/1166 745/750/1105
s 20
f 741/773/1165 740/831/1164 743/833/1167 744/774/1168
s 19
f 745/750/1105 744/774/1166 747/775/1114 748/752/1107
s 20
f 744/774/1168 743/833/1167 746/835/1112 747/775/1111
s 21
f 508/1037/1169 509/1039/1170 752/777/1171 749/776/1172
f 509/1039/1170 510/1041/1173 755/778/1174 752/777/1171
f 510/1041/1173 511/1043/1175 758/779/1176 755/778/1174
f 511/1043/1175 512/1045/1177 761/780/1178 758/779/1176
f 512/1045/1177 513/1047/1179 764/781/1180 761/780/1178
f 513/1047/1179 514/1049/1181 767/782/1182 764/781/1180
f 514/1049/1181 515/1051/1183 770/783/1184 767/782/1182
f 515/1051/1183 516/1053/1185 773/784/1186 770/783/1184
f 516/1053/1185 517/1055/1187 776/785/1188 773/784/1186
f 517/1055/1187 518/1057/1189 779/786/1190 776/785/1188
f 518/1057/1189 519/1059/1191 782/787/1192 779/786/1190
f 519/1059/1191 520/1061/1193 785/788/1194 782/787/1192
f 520/1061/1193 521/1063/1195 788/789/1196 785/788/1194
f 521/1063/1195 522/1065/1197 791/790/1198 788/789/1196
f 522/1065/1197 523/1067/1199 794/791/1200 791/790/1198
f 523/1067/1199 524/1069/1201 797/792/1202 794/791/1200
f 524/1069/1201 525/1071/1203 800/793/1204 797/792/1202
f 525/1071/1203 526/1073/1205 803/794/1206 800/793/1204
f 526/1073/1205 527/1075/1207 806/795/1208 803/794/1206
f 527/1075/1207 508/1037/1169 749/776/1172 806/795/1208
s 20
f 751/834/1209 754/796/1210 692/799/1116 689/797/1109
f 754/796/1210 757/798/1211 695/801/1119 692/799/1116
f 757/798/1211 760/800/1212 698/803/1122 695/801/1119
f 760/800/1212 763/802/1213 701/805/1125 698/803/1122
f 763/802/1213 766/804/1214 704/807/1128 701/805/1125
f 766/804/1214 769/806/1215 707/809/1131 704/807/1128
f 769/806/1215 772/808/1216 710/811/1134 707/809/1131
f 772/808/1216 775/810/1217 713/813/1137 710/811/1134
f 775/810/1217 778/812/1218 716/815/1140 713/813/1137
f 778/812/1218 781/814/1219 719/817/1143 716/815/1140
f 781/814/1219 784/816/1220 722/819/1146 719/817/1143
f 784/816/1220 787/818/1221 725/821/1149 722/819/1146
f 787/818/1221 790/820/1222 728/823/1152 725/821/1149
f 790/820/1222 793/822/1223 731/825/1155 728/823/1152
f 793/822/1223 796/824/1224 734/827/1158 731/825/1155
f 796/824/1224 799/826/1225 737/829/1161 734/827/1158
f 799/826/1225 802/828/1226 740/831/1164 737/829/1161
f 802/828/1226 805/830/1227 743/833/1167 740/831/1164
f 805/830/1227 808/832/1228 746/835/1112 743/833/1167
f 808/832/1228 751/834/1209 689/797/1109 746/835/1112
s 21
f 749/776/1172 750/836/1229 807/855/1230 806/795/1208
s 20
f 750/836/1231 751/834/1209 808/832/1228 807/855/1232
f 751/834/1209 750/836/1231 753/837/1233 754/796/1210
s 21
f 750/836/1229 749/776/1172 752/777/1171 753/837/1234
s 20
f 754/796/1210 753/837/1233 756/838/1235 757/798/1211
s 21
f 753/837/1234 752/777/1171 755/778/1174 756/838/1236
s 20
f 757/798/1211 756/838/1235 759/839/1237 760/800/1212
s 21
f 756/838/1236 755/778/1174 758/779/1176 759/839/1238
s 20
f 760/800/1212 759/839/1237 762/840/1239 763/802/1213
s 21
f 759/839/1238 758/779/1176 761/780/1178 762/840/1240
s 20
f 763/802/1213 762/840/1239 765/841/1241 766/804/1214
s 21
f 762/840/1240 761/780/1178 764/781/1180 765/841/1242
s 20
f 766/804/1214 765/841/1241 768/842/1243 769/806/1215
s 21
f 765/841/1242 764/781/1180 767/782/1182 768/842/1244
s 20
f 769/806/1215 768/842/1243 771/843/1245 772/808/1216
s 21
f 768/842/1244 767/782/1182 770/783/1184 771/843/1246
s 20
f 772/808/1216 771/843/1245 774/844/1247 775/810/1217
s 21
f 771/843/1246 770/783/1184 773/784/1186 774/844/1248
s 20
f 775/810/1217 774/844/1247 777/845/1249 778/812/1218
s 21
f 774/844/1248 773/784/1186 776/785/1188 777/845/1250
s 20
f 778/812/1218 777/845/1249 780/846/1251 781/814/1219
s 21
f 777/845/1250 776/785/1188 779/786/1190 780/846/1252
s 20
f 781/814/1219 780/846/1251 783/847/1253 784/816/1220
s 21
f 780/846/1252 779/786/1190 782/787/1192 783/847/1254
s 20
f 784/816/1220 783/847/1253 786/848/1255 787/818/1221
s 21
f 783/847/1254 782/787/1192 785/788/1194 786/848/1256
s 20
f 787/818/1221 786/848/1255 789/849/1257 790/820/1222
s 21
f 786/848/1256 785/788/1194 788/789/1196 789/849/1258
s 20
f 790/820/1222 789/849/1257 792/850/1259 793/822/1223
s 21
f 789/849/1258 788/789/1196 791/790/1198 792/850/1260
s 20
f 793/822/1223 792/850/1259 795/851/1261 796/824/1224
s 21
f 792/850/1260 791/790/1198 794/791/1200 795/851/1262
s 20
f 796/824/1224 795/851/1261 798/852/1263 799/826/1225
s 21
f 795/851/1262 794/791/1200 797/792/1202 798/852/1264
s 20
f 799/826/1225 798/852/1263 801/853/1265 802/828/1226
s 21
f 798/852/1264 797/792/1202 800/793/1204 801/853/1266
s 20
f 802/828/1226 801/853/1265 804/854/1267 805/830/1227
s 21
f 801/853/1266 800/793/1204 803/794/1206 804/854/1268
s 20
f 805/830/1227 804/854/1267 807/855/1232 808/832/1228
s 21
f 804/854/1268 803/794/1206 806/795/1208 807/855/1230
s 4
f 809/857/1269 810/934/1270 848/932/1271 847/895/1272
f 810/934/1270 809/857/1269 811/859/1273 812/896/1274
f 812/896/1274 811/859/1273 813/861/1275 814/898/1276
f 814/898/1276 813/861/1275 815/863/1277 816/900/1278
f 816/900/1278 815/863/1277 817/865/1279 818/902/1280
f 818/902/1280 817/865/1279 819/867/1281 820/904/1282
f 820/904/1282 819/867/1281 821/869/1283 822/906/1284
f 822/906/1284 821/869/1283 823/871/1285 824/908/1286
f 824/908/1286 823/871/1285 825/873/1287 826/910/1288
f 826/910/1288 825/873/1287 827/875/1289 828/912/1290
f 828/912/1290 827/875/1289 829/877/1291 830/914/1292
f 830/914/1292 829/877/1291 831/879/1293 832/916/1294
f 832/916/1294 831/879/1293 833/881/1295 834/918/1296
f 834/918/1296 833/881/1295 835/883/1297 836/920/1298
f 836/920/1298 835/883/1297 837/885/1299 838/922/1300
f 838/922/1300 837/885/1299 839/887/1301 840/924/1302
f 840/924/1302 839/887/1301 841/889/1303 842/926/1304
f 842/926/1304 841/889/1303 843/891/1305 844/928/1306
f 844/928/1306 843/891/1305 845/893/1307 846/930/1308
f 846/930/1308 845/893/1307 847/895/1272 848/932/1271
f 148/894/1309 149/856/1310 849/936/1311 850/937/1312
f 149/856/1310 150/858/1313 868/955/1314 849/936/1311
f 150/858/1313 151/860/1315 867/954/1316 868/955/1314
f 151/860/1315 152/862/1317 866/953/1318 867/954/1316
f 152/862/1317 153/864/1319 865/952/1320 866/953/1318
f 153/864/1319 154/866/1321 864/951/1322 865/952/1320
f 154/866/1321 155/868/1323 863/950/1324 864/951/1322
f 155/868/1323 156/870/1325 862/949/1326 863/950/1324
f 156/870/1325 157/872/1327 861/948/1328 862/949/1326
f 157/872/1327 158/874/1329 860/947/1330 861/948/1328
f 158/874/1329 159/876/1331 859/946/1332 860/947/1330
f 159/876/1331 160/878/1333 858/945/1334 859/946/1332
f 160/878/1333 161/880/1335 857/944/1336 858/945/1334
f 161/880/1335 162/882/1337 856/943/1338 857/944/1336
f 162/882/1337 163/884/1339 855/942/1340 856/943/1338
f 163/884/1339 164/886/1341 854/941/1342 855/942/1340
f 164/886/1341 165/888/1343 853/940/1344 854/941/1342
f 165/888/1343 166/890/1345 852/939/1346 853/940/1344
f 166/890/1345 167/892/1347 851/938/1348 852/939/1346
f 167/892/1347 148/894/1309 850/937/1312 851/938/1348
f 810/934/1270 812/896/1274 169/899/330 168/897/329
f 812/896/1274 814/898/1276 170/901/333 169/899/330
f 814/898/1276 816/900/1278 171/903/335 170/901/333
f 816/900/1278 818/902/1280 172/905/337 171/903/335
f 818/902/1280 820/904/1282 173/907/339 172/905/337
f 820/904/1282 822/906/1284 174/909/341 173/907/339
f 822/906/1284 824/908/1286 175/911/343 174/909/341
f 824/908/1286 826/910/1288 176/913/345 175/911/343
f 826/910/1288 828/912/1290 177/915/347 176/913/345
f 828/912/1290 830/914/1292 178/917/349 177/915/347
f 830/914/1292 832/916/1294 179/919/351 178/917/349
f 832/916/1294 834/918/1296 180/921/353 179/919/351
f 834/918/1296 836/920/1298 181/923/355 180/921/353
f 836/920/1298 838/922/1300 182/925/357 181/923/355
f 838/922/1300 840/924/1302 183/927/359 182/925/357
f 840/924/1302 842/926/1304 184/929/361 183/927/359
f 842/926/1304 844/928/1306 185/931/363 184/929/361
f 844/928/1306 846/930/1308 186/933/365 185/931/363
f 846/930/1308 848/932/1271 187/935/367 186/933/365
f 848/932/1271 810/934/1270 168/897/329 187/935/367
f 850/937/1312 849/936/1311 811/859/1273 809/857/1269
f 851/938/1348 850/937/1312 809/857/1269 847/895/1272
f 852/939/1346 851/938/1348 847/895/1272 845/893/1307
f 853/940/1344 852/939/1346 845/893/1307 843/891/1305
f 854/941/1342 853/940/1344 843/891/1305 841/889/1303
f 855/942/1340 854/941/1342 841/889/1303 839/887/1301
f 856/943/1338 855/942/1340 839/887/1301 837/885/1299
f 857/944/1336 856/943/1338 837/885/1299 835/883/1297
f 858/945/1334 857/944/1336 835/883/1297 833/881/1295
f 859/946/1332 858/945/1334 833/881/1295 831/879/1293
f 860/947/1330 859/946/1332 831/879/1293 829/877/1291
f 861/948/1328 860/947/1330 829/877/1291 827/875/1289
f 862/949/1326 861/948/1328 827/875/1289 825/873/1287
f 863/950/1324 862/949/1326 825/873/1287 823/871/1285
f 864/951/1322 863/950/1324 823/871/1285 821/869/1283
f 865/952/1320 864/951/1322 821/869/1283 819/867/1281
f 866/953/1318 865/952/1320 819/867/1281 817/865/1279
f 867/954/1316 866/953/1318 817/865/1279 815/863/1277
f 868/955/1314 867/954/1316 815/863/1277 813/861/1275
f 849/936/1311 868/955/1314 813/861/1275 811/859/1273
s 9
f 428/975/690 869/995/1349 888/994/1350 447/974/708
f 429/956/689 870/976/1351 869/995/1349 428/975/690
f 430/957/691 871/977/1352 870/976/1351 429/956/689
f 431/958/692 872/978/1353 871/977/1352 430/957/691
f 432/959/693 873/979/1354 872/978/1353 431/958/692
f 433/960/694 874/980/1355 873/979/1354 432/959/693
f 434/961/695 875/981/1356 874/980/1355 433/960/694
f 435/962/696 876/982/1357 875/981/1356 434/961/695
f 436/963/697 877/983/1358 876/982/1357 435/962/696
f 437/964/698 878/984/1359 877/983/1358 436/963/697
f 438/965/699 879/985/1360 878/984/1359 437/964/698
f 439/966/700 880/986/1361 879/985/1360 438/965/699
f 440/967/701 881/987/1362 880/986/1361 439/966/700
f 441/968/702 882/988/1363 881/987/1362 440/967/701
f 442/969/703 883/989/1364 882/988/1363 441/968/702
f 443/970/704 884/990/1365 883/989/1364 442/969/703
f 444/971/705 885/991/1366 884/990/1365 443/970/704
f 445/972/706 886/992/1367 885/991/1366 444/971/705
f 446/973/707 887/993/1368 886/992/1367 445/972/706
f 447/974/708 888/994/1350 887/993/1368 446/973/707
f 869/995/1349 870/976/1351 489/996/1369 488/1034/1370
f 870/976/1351 871/977/1352 490/998/1371 489/996/1369
f 871/977/1352 872/978/1353 491/1000/1372 490/998/1371
f 872/978/1353 873/979/1354 492/1002/1373 491/1000/1372
f 873/979/1354 874/980/1355 493/1004/1374 492/1002/1373
f 874/980/1355 875/981/1356 494/1006/1375 493/1004/1374
f 875/981/1356 876/982/1357 495/1008/1376 494/1006/1375
f 876/982/1357 877/983/1358 496/1010/1377 495/1008/1376
f 877/983/1358 878/984/1359 497/1012/1378 496/1010/1377
f 878/984/1359 879/985/1360 498/1014/1379 497/1012/1378
f 879/985/1360 880/986/1361 499/1016/1380 498/1014/1379
f 880/986/1361 881/987/1362 500/1018/1381 499/1016/1380
f 881/987/1362 882/988/1363 501/1020/1382 500/1018/1381
f 882/988/1363 883/989/1364 502/1022/1383 501/1020/1382
f 883/989/1364 884/990/1365 503/1024/1384 502/1022/1383
f 884/990/1365 885/991/1366 504/1026/1385 503/1024/1384
f 885/991/1366 886/992/1367 505/1028/1386 504/1026/1385
f 886/992/1367 887/993/1368 506/1030/1387 505/1028/1386
f 887/993/1368 888/994/1350 507/1032/1388 506/1030/1387
f 888/994/1350 869/995/1349 488/1034/1370 507/1032/1388
f 889/997/1389 890/1074/1390 928/1072/1391 927/1035/1392
f 890/1074/1390 889/997/1389 891/999/1393 892/1036/1394
f 892/1036/1394 891/999/1393 893/1001/1395 894/1038/1396
f 894/1038/1396 893/1001/1395 895/1003/1397 896/1040/1398
f 896/1040/1398 895/1003/1397 897/1005/1399 898/1042/1400
f 898/1042/1400 897/1005/1399 899/1007/1401 900/1044/1402
f 900/1044/1402 899/1007/1401 901/1009/1403 902/1046/1404
f 902/1046/1404 901/1009/1403 903/1011/1405 904/1048/1406
f 904/1048/1406 903/1011/1405 905/1013/1407 906/1050/1408
f 906/1050/1408 905/1013/1407 907/1015/1409 908/1052/1410
f 908/1052/1410 907/1015/1409 909/1017/1411 910/1054/1412
f 910/1054/1412 909/1017/1411 911/1019/1413 912/1056/1414
f 912/1056/1414 911/1019/1413 913/1021/1415 914/1058/1416
f 914/1058/1416 913/1021/1415 915/1023/1417 916/1060/1418
f 916/1060/1418 915/1023/1417 917/1025/1419 918/1062/1420
f 918/1062/1420 917/1025/1419 919/1027/1421 920/1064/1422
f 920/1064/1422 919/1027/1421 921/1029/1423 922/1066/1424
f 922/1066/1424 921/1029/1423 923/1031/1425 924/1068/1426
f 924/1068/1426 923/1031/1425 925/1033/1427 926/1070/1428
f 926/1070/1428 925/1033/1427 927/1035/1392 928/1072/1391
f 488/1034/1370 489/996/1369 891/999/1393 889/997/1389
f 489/996/1369 490/998/1371 893/1001/1395 891/999/1393
f 490/998/1371 491/1000/1372 895/1003/1397 893/1001/1395
f 491/1000/1372 492/1002/1373 897/1005/1399 895/1003/1397
f 492/1002/1373 493/1004/1374 899/1007/1401 897/1005/1399
f 493/1004/1374 494/1006/1375 901/1009/1403 899/1007/1401
f 494/1006/1375 495/1008/1376 903/1011/1405 901/1009/1403
f 495/1008/1376 496/1010/1377 905/1013/1407 903/1011/1405
f 496/1010/1377 497/1012/1378 907/1015/1409 905/1013/1407
f 497/1012/1378 498/1014/1379 909/1017/1411 907/1015/1409
f 498/1014/1379 499/1016/1380 911/1019/1413 909/1017/1411
f 499/1016/1380 500/1018/1381 913/1021/1415 911/1019/1413
f 500/1018/1381 501/1020/1382 915/1023/1417 913/1021/1415
f 501/1020/1382 502/1022/1383 917/1025/1419 915/1023/1417
f 502/1022/1383 503/1024/1384 919/1027/1421 917/1025/1419
f 503/1024/1384 504/1026/1385 921/1029/1423 919/1027/1421
f 504/1026/1385 505/1028/1386 923/1031/1425 921/1029/1423
f 505/1028/1386 506/1030/1387 925/1033/1427 923/1031/1425
f 506/1030/1387 507/1032/1388 927/1035/1392 925/1033/1427
f 507/1032/1388 488/1034/1370 889/997/1389 927/1035/1392
f 890/1074/1390 892/1036/1394 509/1039/1429 508/1037/1430
f 892/1036/1394 894/1038/1396 510/1041/1431 509/1039/1429
f 894/1038/1396 896/1040/1398 511/1043/1432 510/1041/1431
f 896/1040/1398 898/1042/1400 512/1045/1433 511/1043/1432
f 898/1042/1400 900/1044/1402 513/1047/1434 512/1045/1433
f 900/1044/1402 902/1046/1404 514/1049/1435 513/1047/1434
f 902/1046/1404 904/1048/1406 515/1051/1436 514/1049/1435
f 904/1048/1406 906/1050/1408 516/1053/1437 515/1051/1436
f 906/1050/1408 908/1052/1410 517/1055/1438 516/1053/1437
f 908/1052/1410 910/1054/1412 518/1057/1439 517/1055/1438
f 910/1054/1412 912/1056/1414 519/1059/1440 518/1057/1439
f 912/1056/1414 914/1058/1416 520/1061/1441 519/1059/1440
f 914/1058/1416 916/1060/1418 521/1063/1442 520/1061/1441
f 916/1060/1418 918/1062/1420 522/1065/1443 521/1063/1442
f 918/1062/1420 920/1064/1422 523/1067/1444 522/1065/1443
f 920/1064/1422 922/1066/1424 524/1069/1445 523/1067/1444
f 922/1066/1424 924/1068/1426 525/1071/1446 524/1069/1445
f 924/1068/1426 926/1070/1428 526/1073/1447 525/1071/1446
f 926/1070/1428 928/1072/1391 527/1075/1448 526/1073/1447
f 928/1072/1391 890/1074/1390 508/1037/1430 527/1075/1448
g default
v 11.757252 1.350674 33.036885
v 11.757253 1.355489 33.034431
v 11.757252 1.359312 33.030609
v 11.757253 1.361765 33.025794
v 11.757253 1.362611 33.020455
v 11.757253 1.361765 33.015117
v 11.757253 1.359312 33.010301
v 11.757253 1.355489 33.006480
v 11.757253 1.350674 33.004026
v 11.757253 1.345336 33.003180
v 11.757253 1.339998 33.004026
v 11.757253 1.335182 33.006480
v 11.757253 1.331360 33.010301
v 11.757253 1.328906 33.015117
v 11.757253 1.328061 33.020455
v 11.757252 1.328906 33.025794
v 11.757253 1.331360 33.030609
v 11.757252 1.335182 33.034431
v 11.757252 1.339998 33.036885
v 11.757252 1.345336 33.037730
v 11.375816 1.350674 33.036885
v 11.375816 1.355490 33.034431
v 11.375816 1.359311 33.030609
v 11.375816 1.361765 33.025793
v 11.375816 1.362611 33.020455
v 11.375816 1.361765 33.015117
v 11.375815 1.359311 33.010301
v 11.375815 1.355490 33.006480
v 11.375815 1.350674 33.004026
v 11.375815 1.345336 33.003180
v 11.375815 1.339997 33.004026
v 11.375815 1.335182 33.006480
v 11.375815 1.331360 33.010301
v 11.375816 1.328906 33.015117
v 11.375816 1.328061 33.020455
v 11.375816 1.328906 33.025793
v 11.375816 1.331360 33.030609
v 11.375816 1.335182 33.034431
v 11.375816 1.339997 33.036885
v 11.375816 1.345336 33.037730
v 11.757253 1.345336 33.020455
v 11.375816 1.345336 33.020455
vt 0.648603 0.107966
vt 0.626409 0.064408
vt 0.591842 0.029841
vt 0.548284 0.007647
vt 0.500000 -0.000000
vt 0.451716 0.007647
vt 0.408159 0.029841
vt 0.373591 0.064409
vt 0.351397 0.107966
vt 0.343750 0.156250
vt 0.351397 0.204534
vt 0.373591 0.248091
vt 0.408159 0.282659
vt 0.451716 0.304853
vt 0.500000 0.312500
vt 0.548284 0.304853
vt 0.591841 0.282659
vt 0.626409 0.248091
vt 0.648603 0.204534
vt 0.656250 0.156250
vt 0.375000 0.312500
vt 0.387500 0.312500
vt 0.400000 0.312500
vt 0.412500 0.312500
vt 0.425000 0.312500
vt 0.437500 0.312500
vt 0.450000 0.312500
vt 0.462500 0.312500
vt 0.475000 0.312500
vt 0.487500 0.312500
vt 0.500000 0.312500
vt 0.512500 0.312500
vt 0.525000 0.312500
vt 0.537500 0.312500
vt 0.550000 0.312500
vt 0.562500 0.312500
vt 0.575000 0.312500
vt 0.587500 0.312500
vt 0.600000 0.312500
vt 0.612500 0.312500
vt 0.625000 0.312500
vt 0.375000 0.687500
vt 0.387500 0.687500
vt 0.400000 0.687500
vt 0.412500 0.687500
vt 0.425000 0.687500
vt 0.437500 0.687500
vt 0.450000 0.687500
vt 0.462500 0.687500
vt 0.475000 0.687500
vt 0.487500 0.687500
vt 0.500000 0.687500
vt 0.512500 0.687500
vt 0.525000 0.687500
vt 0.537500 0.687500
vt 0.550000 0.687500
vt 0.562500 0.687500
vt 0.575000 0.687500
vt 0.587500 0.687500
vt 0.600000 0.687500
vt 0.612500 0.687500
vt 0.625000 0.687500
vt 0.648603 0.795466
vt 0.626409 0.751908
vt 0.591842 0.717341
vt 0.548284 0.695147
vt 0.500000 0.687500
vt 0.451716 0.695147
vt 0.408159 0.717341
vt 0.373591 0.751909
vt 0.351397 0.795466
vt 0.343750 0.843750
vt 0.351397 0.892034
vt 0.373591 0.935591
vt 0.408159 0.970159
vt 0.451716 0.992353
vt 0.500000 1.000000
vt 0.548284 0.992353
vt 0.591841 0.970159
vt 0.626409 0.935591
vt 0.648603 0.892034
vt 0.656250 0.843750
vt 0.500000 0.156250
vt 0.500000 0.843750
vn 0.000000 0.309022 0.951055
vn 0.000000 0.587787 0.809016
vn 0.000000 0.587785 0.809017
vn 0.000000 0.309017 0.951056
vn -0.000000 0.809013 0.587791
vn -0.000000 0.809014 0.587789
vn -0.000000 0.951063 0.308998
vn -0.000000 0.951062 0.309000
vn -0.000000 1.000000 0.000016
vn -0.000000 1.000000 0.000018
vn -0.000000 0.951062 -0.309001
vn -0.000000 0.951060 -0.309006
vn -0.000000 0.809005 -0.587802
vn -0.000000 0.809001 -0.587808
vn 0.000000 0.587784 -0.809018
vn 0.000000 0.587786 -0.809016
vn 0.000000 0.309019 -0.951056
vn 0.000000 0.309017 -0.951056
vn 0.000000 0.000003 -1.000000
vn 0.000000 0.000003 -1.000000
vn 0.000000 -0.309031 -0.951052
vn 0.000000 -0.309029 -0.951052
vn 0.000000 -0.587785 -0.809017
vn 0.000000 -0.587787 -0.809016
vn -0.000000 -0.809005 -0.587802
vn -0.000000 -0.809001 -0.587808
vn -0.000000 -0.951057 -0.309016
vn -0.000000 -0.951055 -0.309020
vn -0.000000 -1.000000 -0.000003
vn -0.000000 -1.000000 0.000002
vn -0.000000 -0.951053 0.309029
vn -0.000000 -0.951052 0.309031
vn -0.000000 -0.809005 0.587802
vn -0.000000 -0.809005 0.587802
vn -0.000000 -0.587788 0.809015
vn -0.000000 -0.587788 0.809015
vn 0.000000 -0.309029 0.951053
vn 0.000000 -0.309029 0.951053
vn 0.000000 -0.000002 1.000000
vn 0.000000 -0.000000 1.000000
vn 1.000000 0.000000 -0.000000
vn 1.000000 -0.000089 0.000021
vn 1.000000 -0.000011 0.000014
vn 1.000000 0.000022 0.000009
vn 1.000000 -0.000024 0.000022
vn 1.000000 -0.000024 0.000000
vn 1.000000 -0.000022 0.000022
vn 1.000000 -0.000045 0.000028
vn 1.000000 -0.000045 0.000012
vn 1.000000 0.000045 0.000007
vn 1.000000 0.000000 0.000000
vn 1.000000 -0.000089 0.000007
vn 1.000000 -0.000045 0.000012
vn 1.000000 0.000022 0.000028
vn 1.000000 0.000024 0.000022
vn 1.000000 0.000002 0.000023
vn 1.000000 0.000000 0.000004
vn 1.000000 -0.000045 -0.000000
vn 1.000000 -0.000045 0.000026
vn 1.000000 0.000089 0.000014
vn 1.000000 0.000045 0.000015
vn -1.000000 0.000000 -0.000021
vn -1.000000 0.000089 -0.000002
vn -1.000000 -0.000006 0.000020
vn -1.000000 0.000000 0.000019
vn -1.000000 -0.000022 -0.000000
vn -1.000000 -0.000007 -0.000023
vn -1.000000 0.000016 0.000063
vn -1.000000 -0.000045 0.000102
vn -1.000000 -0.000045 0.000021
vn -1.000000 -0.000045 0.000028
vn -1.000000 -0.000045 0.000044
vn -1.000000 0.000000 0.000028
vn -1.000000 0.000045 0.000021
vn -1.000000 0.000000 0.000102
vn -1.000000 -0.000067 0.000063
vn -1.000000 -0.000007 -0.000023
vn -1.000000 -0.000029 -0.000022
vn -1.000000 0.000000 -0.000009
vn -1.000000 0.000089 0.000014
vn -1.000000 0.000045 -0.000000
vn -1.000000 -0.000089 -0.000000
s 1
g Hallway_Masters:LampMiddle Hallway_Masters:LampStick2
usemtl initialShadingGroup
f 929/1096/1449 930/1097/1450 950/1118/1451 949/1117/1452
f 930/1097/1450 931/1098/1453 951/1119/1454 950/1118/1451
f 931/1098/1453 932/1099/1455 952/1120/1456 951/1119/1454
f 932/1099/1455 933/1100/1457 953/1121/1458 952/1120/1456
f 933/1100/1457 934/1101/1459 954/1122/1460 953/1121/1458
f 934/1101/1459 935/1102/1461 955/1123/1462 954/1122/1460
f 935/1102/1461 936/1103/1463 956/1124/1464 955/1123/1462
f 936/1103/1463 937/1104/1465 957/1125/1466 956/1124/1464
f 937/1104/1465 938/1105/1467 958/1126/1468 957/1125/1466
f 938/1105/1467 939/1106/1469 959/1127/1470 958/1126/1468
f 939/1106/1469 940/1107/1471 960/1128/1472 959/1127/1470
f 940/1107/1471 941/1108/1473 961/1129/1474 960/1128/1472
f 941/1108/1473 942/1109/1475 962/1130/1476 961/1129/1474
f 942/1109/1475 943/1110/1477 963/1131/1478 962/1130/1476
f 943/1110/1477 944/1111/1479 964/1132/1480 963/1131/1478
f 944/1111/1479 945/1112/1481 965/1133/1482 964/1132/1480
f 945/1112/1481 946/1113/1483 966/1134/1484 965/1133/1482
f 946/1113/1483 947/1114/1485 967/1135/1486 966/1134/1484
f 947/1114/1485 948/1115/1487 968/1136/1488 967/1135/1486
f 948/1115/1487 929/1116/1449 949/1137/1452 968/1136/1488
s 2
f 930/1077/1489 929/1076/1490 969/1158/1491
f 931/1078/1492 930/1077/1489 969/1158/1491
f 932/1079/1493 931/1078/1492 969/1158/1491
f 933/1080/1494 932/1079/1493 969/1158/1491
f 934/1081/1495 933/1080/1494 969/1158/1491
f 935/1082/1496 934/1081/1495 969/1158/1491
f 936/1083/1497 935/1082/1496 969/1158/1491
f 937/1084/1498 936/1083/1497 969/1158/1491
f 938/1085/1499 937/1084/1498 969/1158/1491
f 939/1086/1500 938/1085/1499 969/1158/1491
f 940/1087/1501 939/1086/1500 969/1158/1491
f 941/1088/1502 940/1087/1501 969/1158/1491
f 942/1089/1503 941/1088/1502 969/1158/1491
f 943/1090/1504 942/1089/1503 969/1158/1491
f 944/1091/1505 943/1090/1504 969/1158/1491
f 945/1092/1506 944/1091/1505 969/1158/1491
f 946/1093/1507 945/1092/1506 969/1158/1491
f 947/1094/1508 946/1093/1507 969/1158/1491
f 948/1095/1509 947/1094/1508 969/1158/1491
f 929/1076/1490 948/1095/1509 969/1158/1491
s 3
f 949/1156/1510 950/1155/1511 970/1159/1512
f 950/1155/1511 951/1154/1513 970/1159/1512
f 951/1154/1513 952/1153/1514 970/1159/1512
f 952/1153/1514 953/1152/1515 970/1159/1512
f 953/1152/1515 954/1151/1516 970/1159/1512
f 954/1151/1516 955/1150/1517 970/1159/1512
f 955/1150/1517 956/1149/1518 970/1159/1512
f 956/1149/1518 957/1148/1519 970/1159/1512
f 957/1148/1519 958/1147/1520 970/1159/1512
f 958/1147/1520 959/1146/1521 970/1159/1512
f 959/1146/1521 960/1145/1522 970/1159/1512
f 960/1145/1522 961/1144/1523 970/1159/1512
f 961/1144/1523 962/1143/1524 970/1159/1512
f 962/1143/1524 963/1142/1525 970/1159/1512
f 963/1142/1525 964/1141/1526 970/1159/1512
f 964/1141/1526 965/1140/1527 970/1159/1512
f 965/1140/1527 966/1139/1528 970/1159/1512
f 966/1139/1528 967/1138/1529 970/1159/1512
f 967/1138/1529 968/1157/1530 970/1159/1512
f 968/1157/1530 949/1156/1510 970/1159/1512
g default
v 10.730897 1.120045 33.198432
v 10.809184 1.120045 33.352077
v 10.931117 1.120045 33.474012
v 11.084763 1.120045 33.552298
v 11.255082 1.120045 33.579274
v 11.425399 1.120045 33.552298
v 11.579045 1.120045 33.474012
v 11.700979 1.120045 33.352077
v 11.779266 1.120045 33.198431
v 11.806241 1.120045 33.028113
v 11.779266 1.120045 32.857795
v 11.700979 1.120045 32.704149
v 11.579045 1.120045 32.582215
v 11.425399 1.120045 32.503929
v 11.255082 1.120045 32.476953
v 11.084763 1.120045 32.503929
v 10.931117 1.120045 32.582215
v 10.809184 1.120045 32.704149
v 10.730898 1.120045 32.857795
v 10.703921 1.120045 33.028113
v 10.959884 1.982191 33.124029
v 11.003972 1.982191 33.210556
v 11.072640 1.982191 33.279224
v 11.159165 1.982191 33.323312
v 11.255082 1.982191 33.338503
v 11.350996 1.982191 33.323311
v 11.437524 1.982191 33.279224
v 11.506191 1.982191 33.210556
v 11.550280 1.982191 33.124029
v 11.565472 1.982191 33.028113
v 11.550280 1.982191 32.932198
v 11.506191 1.982191 32.845671
v 11.437524 1.982191 32.777003
v 11.350996 1.982191 32.732916
v 11.255082 1.982191 32.717724
v 11.159165 1.982191 32.732916
v 11.072640 1.982191 32.777003
v 11.003972 1.982191 32.845671
v 10.959884 1.982191 32.932198
v 10.944692 1.982191 33.028113
v 10.707731 1.120045 33.205959
v 10.789477 1.120045 33.366395
v 10.984264 1.982191 33.224873
v 10.936717 1.982191 33.131556
v 10.916799 1.120045 33.493718
v 11.058322 1.982191 33.298930
v 11.077236 1.120045 33.575464
v 11.151638 1.982191 33.346478
v 11.255082 1.120045 33.603632
v 11.255082 1.982191 33.362861
v 11.432926 1.120045 33.575464
v 11.358524 1.982191 33.346478
v 11.593364 1.120045 33.493718
v 11.451841 1.982191 33.298930
v 11.720687 1.120045 33.366395
v 11.525899 1.982191 33.224873
v 11.802432 1.120045 33.205958
v 11.573446 1.982191 33.131556
v 11.830600 1.120045 33.028113
v 11.589830 1.982191 33.028113
v 11.802432 1.120045 32.850268
v 11.573446 1.982191 32.924671
v 11.720687 1.120045 32.689832
v 11.525899 1.982191 32.831354
v 11.593364 1.120045 32.562509
v 11.451841 1.982191 32.757297
v 11.432926 1.120045 32.480763
v 11.358523 1.982191 32.709749
v 11.255082 1.120045 32.452595
v 11.255082 1.982191 32.693366
v 11.077236 1.120045 32.480763
v 11.151638 1.982191 32.709749
v 10.916800 1.120045 32.562509
v 11.058322 1.982191 32.757297
v 10.789477 1.120045 32.689832
v 10.984264 1.982191 32.831354
v 10.707731 1.120045 32.850268
v 10.936717 1.982191 32.924671
v 10.679562 1.120045 33.028113
v 10.920333 1.982191 33.028113
vt 0.375000 0.312500
vt 0.387500 0.312500
vt 0.400000 0.312500
vt 0.412500 0.312500
vt 0.425000 0.312500
vt 0.437500 0.312500
vt 0.450000 0.312500
vt 0.462500 0.312500
vt 0.475000 0.312500
vt 0.487500 0.312500
vt 0.500000 0.312500
vt 0.512500 0.312500
vt 0.525000 0.312500
vt 0.537500 0.312500
vt 0.550000 0.312500
vt 0.562500 0.312500
vt 0.575000 0.312500
vt 0.587500 0.312500
vt 0.600000 0.312500
vt 0.612500 0.312500
vt 0.625000 0.312500
vt 0.375000 0.687500
vt 0.387500 0.687500
vt 0.400000 0.687500
vt 0.412500 0.687500
vt 0.425000 0.687500
vt 0.437500 0.687500
vt 0.450000 0.687500
vt 0.462500 0.687500
vt 0.475000 0.687500
vt 0.487500 0.687500
vt 0.500000 0.687500
vt 0.512500 0.687500
vt 0.525000 0.687500
vt 0.537500 0.687500
vt 0.550000 0.687500
vt 0.562500 0.687500
vt 0.575000 0.687500
vt 0.587500 0.687500
vt 0.600000 0.687500
vt 0.612500 0.687500
vt 0.625000 0.687500
vt 0.375000 0.312500
vt 0.387500 0.312500
vt 0.387500 0.687500
vt 0.375000 0.687500
vt 0.400000 0.312500
vt 0.400000 0.687500
vt 0.412500 0.312500
vt 0.412500 0.687500
vt 0.425000 0.312500
vt 0.425000 0.687500
vt 0.437500 0.312500
vt 0.437500 0.687500
vt 0.450000 0.312500
vt 0.450000 0.687500
vt 0.462500 0.312500
vt 0.462500 0.687500
vt 0.475000 0.312500
vt 0.475000 0.687500
vt 0.487500 0.312500
vt 0.487500 0.687500
vt 0.500000 0.312500
vt 0.500000 0.687500
vt 0.512500 0.312500
vt 0.512500 0.687500
vt 0.525000 0.312500
vt 0.525000 0.687500
vt 0.537500 0.312500
vt 0.537500 0.687500
vt 0.550000 0.312500
vt 0.550000 0.687500
vt 0.562500 0.312500
vt 0.562500 0.687500
vt 0.575000 0.312500
vt 0.575000 0.687500
vt 0.587500 0.312500
vt 0.587500 0.687500
vt 0.600000 0.312500
vt 0.600000 0.687500
vt 0.612500 0.312500
vt 0.612500 0.687500
vt 0.625000 0.312500
vt 0.625000 0.687500
vt 0.375000 0.312500
vt 0.387500 0.312500
vt 0.387500 0.687500
vt 0.375000 0.687500
vt 0.400000 0.312500
vt 0.400000 0.687500
vt 0.412500 0.312500
vt 0.412500 0.687500
vt 0.425000 0.312500
vt 0.425000 0.687500
vt 0.437500 0.312500
vt 0.437500 0.687500
vt 0.450000 0.312500
vt 0.450000 0.687500
vt 0.462500 0.312500
vt 0.462500 0.687500
vt 0.475000 0.312500
vt 0.475000 0.687500
vt 0.487500 0.312500
vt 0.487500 0.687500
vt 0.500000 0.312500
vt 0.500000 0.687500
vt 0.512500 0.312500
vt 0.512500 0.687500
vt 0.525000 0.312500
vt 0.525000 0.687500
vt 0.537500 0.312500
vt 0.537500 0.687500
vt 0.550000 0.312500
vt 0.550000 0.687500
vt 0.562500 0.312500
vt 0.562500 0.687500
vt 0.575000 0.312500
vt 0.575000 0.687500
vt 0.587500 0.312500
vt 0.587500 0.687500
vt 0.600000 0.312500
vt 0.600000 0.687500
vt 0.612500 0.312500
vt 0.612500 0.687500
vt 0.625000 0.312500
vt 0.625000 0.687500
vn -0.916007 0.268977 0.297629
vn -0.779202 0.268977 0.566123
vn -0.779202 0.268977 0.566123
vn -0.916007 0.268977 0.297629
vn -0.566123 0.268977 0.779202
vn -0.566123 0.268977 0.779202
vn -0.297628 0.268977 0.916007
vn -0.297628 0.268977 0.916007
vn 0.000000 0.268977 0.963147
vn 0.000000 0.268977 0.963147
vn 0.297628 0.268977 0.916007
vn 0.297628 0.268977 0.916007
vn 0.566121 0.268977 0.779203
vn 0.566121 0.268977 0.779203
vn 0.779202 0.268977 0.566123
vn 0.779202 0.268977 0.566123
vn 0.916008 0.268976 0.297627
vn 0.916008 0.268976 0.297627
vn 0.963147 0.268976 -0.000000
vn 0.963147 0.268976 0.000000
vn 0.916008 0.268977 -0.297627
vn 0.916008 0.268977 -0.297627
vn 0.779202 0.268977 -0.566123
vn 0.779202 0.268977 -0.566123
vn 0.566121 0.268978 -0.779204
vn 0.566120 0.268978 -0.779204
vn 0.297628 0.268977 -0.916007
vn 0.297628 0.268977 -0.916007
vn -0.000000 0.268977 -0.963147
vn -0.000000 0.268977 -0.963147
vn -0.297628 0.268977 -0.916007
vn -0.297628 0.268977 -0.916007
vn -0.566123 0.268977 -0.779202
vn -0.566123 0.268977 -0.779202
vn -0.779202 0.268977 -0.566123
vn -0.779202 0.268977 -0.566123
vn -0.916007 0.268977 -0.297629
vn -0.916007 0.268977 -0.297629
vn -0.963147 0.268977 -0.000001
vn -0.963147 0.268977 -0.000001
vn 0.916006 -0.268977 -0.297631
vn 0.916006 -0.268977 -0.297631
vn 0.779203 -0.268977 -0.566122
vn 0.779203 -0.268977 -0.566122
vn 0.566126 -0.268977 -0.779200
vn 0.566126 -0.268977 -0.779200
vn 0.297628 -0.268977 -0.916007
vn 0.297628 -0.268977 -0.916007
vn -0.000000 -0.268977 -0.963147
vn -0.000000 -0.268977 -0.963147
vn -0.297629 -0.268977 -0.916007
vn -0.297629 -0.268977 -0.916007
vn -0.566123 -0.268977 -0.779202
vn -0.566123 -0.268977 -0.779202
vn -0.779202 -0.268977 -0.566123
vn -0.779202 -0.268977 -0.566123
vn -0.916007 -0.268976 -0.297630
vn -0.916007 -0.268976 -0.297630
vn -0.963147 -0.268975 -0.000000
vn -0.963147 -0.268975 0.000000
vn -0.916006 -0.268977 0.297630
vn -0.916006 -0.268977 0.297630
vn -0.779202 -0.268977 0.566123
vn -0.779202 -0.268977 0.566123
vn -0.566122 -0.268977 0.779203
vn -0.566123 -0.268977 0.779203
vn -0.297628 -0.268977 0.916007
vn -0.297628 -0.268977 0.916007
vn 0.000000 -0.268977 0.963147
vn 0.000000 -0.268977 0.963147
vn 0.297628 -0.268977 0.916007
vn 0.297628 -0.268977 0.916007
vn 0.566125 -0.268977 0.779200
vn 0.566125 -0.268977 0.779200
vn 0.779203 -0.268977 0.566122
vn 0.779203 -0.268977 0.566122
vn 0.916006 -0.268976 0.297631
vn 0.916006 -0.268976 0.297631
vn 0.963147 -0.268977 0.000001
vn 0.963147 -0.268977 0.000001
vn 0.000000 -1.000000 -0.000000
vn 0.000000 -1.000000 -0.000002
vn 0.000000 -1.000000 -0.000002
vn 0.000000 -1.000000 -0.000000
vn 0.000000 1.000000 -0.000001
vn 0.000000 1.000000 -0.000002
vn 0.000000 1.000000 -0.000002
vn 0.000000 1.000000 -0.000001
vn 0.000000 -1.000000 -0.000001
vn 0.000000 -1.000000 -0.000001
vn -0.000000 1.000000 0.000004
vn -0.000000 1.000000 0.000004
vn 0.000000 -1.000000 -0.000000
vn 0.000000 -1.000000 -0.000000
vn -0.000000 1.000000 0.000003
vn -0.000000 1.000000 0.000003
vn 0.000000 -1.000000 -0.000000
vn 0.000000 -1.000000 -0.000000
vn -0.000000 1.000000 0.000002
vn -0.000000 1.000000 0.000002
vn 0.000000 -1.000000 -0.000002
vn 0.000000 -1.000000 -0.000002
vn -0.000000 1.000000 0.000000
vn -0.000000 1.000000 0.000000
vn 0.000000 -1.000000 -0.000003
vn 0.000000 -1.000000 -0.000003
vn 0.000000 1.000000 -0.000001
vn 0.000000 1.000000 -0.000001
vn 0.000000 -1.000000 -0.000001
vn 0.000000 -1.000000 -0.000001
vn -0.000000 1.000000 0.000001
vn -0.000000 1.000000 0.000001
vn 0.000000 -1.000000 -0.000001
vn 0.000000 -1.000000 -0.000001
vn 0.000000 1.000000 0.000000
vn 0.000000 1.000000 0.000000
vn 0.000000 -1.000000 -0.000000
vn 0.000000 -1.000000 -0.000000
vn 0.000000 1.000000 -0.000001
vn 0.000000 1.000000 -0.000001
vn 0.000000 -1.000000 -0.000000
vn 0.000000 -1.000000 -0.000000
vn 0.000000 1.000000 -0.000002
vn 0.000000 1.000000 -0.000002
vn -0.000000 -1.000000 0.000002
vn -0.000000 -1.000000 0.000002
vn 0.000000 1.000000 -0.000003
vn 0.000000 1.000000 -0.000003
vn -0.000000 -1.000000 0.000003
vn -0.000000 -1.000000 0.000003
vn 0.000000 1.000000 -0.000005
vn 0.000000 1.000000 -0.000005
vn -0.000000 -1.000000 0.000000
vn 0.000000 -1.000000 -0.000000
vn 0.000000 1.000000 -0.000003
vn 0.000000 1.000000 -0.000003
vn 0.000000 -1.000000 -0.000001
vn 0.000000 -1.000000 -0.000001
vn 0.000000 1.000000 -0.000000
vn 0.000000 1.000000 -0.000000
vn 0.000000 -1.000000 -0.000000
vn 0.000000 -1.000000 -0.000000
vn 0.000000 1.000000 -0.000002
vn 0.000000 1.000000 -0.000002
vn -0.000000 -1.000000 0.000002
vn -0.000000 -1.000000 0.000002
vn 0.000000 1.000000 -0.000003
vn 0.000000 1.000000 -0.000003
vn -0.000000 -1.000000 0.000001
vn -0.000000 -1.000000 0.000001
vn 0.000000 1.000000 -0.000001
vn 0.000000 1.000000 -0.000001
vn 0.000000 -1.000000 -0.000000
vn 0.000000 -1.000000 -0.000000
vn -0.000000 1.000000 0.000001
vn -0.000000 1.000000 0.000001
vn 0.000000 -1.000000 -0.000000
vn 0.000000 -1.000000 -0.000000
vn 0.000000 1.000000 0.000000
vn 0.000000 1.000000 0.000000
s 1
g Hallway_Masters:LampMiddle Hallway_Masters:LampCover
usemtl initialShadingGroup
f 1011/1244/1531 1012/1245/1532 1013/1246/1533 1014/1247/1534
f 1012/1245/1532 1015/1248/1535 1016/1249/1536 1013/1246/1533
f 1015/1248/1535 1017/1250/1537 1018/1251/1538 1016/1249/1536
f 1017/1250/1537 1019/1252/1539 1020/1253/1540 1018/1251/1538
f 1019/1252/1539 1021/1254/1541 1022/1255/1542 1020/1253/1540
f 1021/1254/1541 1023/1256/1543 1024/1257/1544 1022/1255/1542
f 1023/1256/1543 1025/1258/1545 1026/1259/1546 1024/1257/1544
f 1025/1258/1545 1027/1260/1547 1028/1261/1548 1026/1259/1546
f 1027/1260/1547 1029/1262/1549 1030/1263/1550 1028/1261/1548
f 1029/1262/1549 1031/1264/1551 1032/1265/1552 1030/1263/1550
f 1031/1264/1551 1033/1266/1553 1034/1267/1554 1032/1265/1552
f 1033/1266/1553 1035/1268/1555 1036/1269/1556 1034/1267/1554
f 1035/1268/1555 1037/1270/1557 1038/1271/1558 1036/1269/1556
f 1037/1270/1557 1039/1272/1559 1040/1273/1560 1038/1271/1558
f 1039/1272/1559 1041/1274/1561 1042/1275/1562 1040/1273/1560
f 1041/1274/1561 1043/1276/1563 1044/1277/1564 1042/1275/1562
f 1043/1276/1563 1045/1278/1565 1046/1279/1566 1044/1277/1564
f 1045/1278/1565 1047/1280/1567 1048/1281/1568 1046/1279/1566
f 1047/1280/1567 1049/1282/1569 1050/1283/1570 1048/1281/1568
f 1049/1282/1569 1011/1284/1531 1014/1285/1534 1050/1283/1570
s 2
f 971/1202/1571 991/1205/1572 992/1204/1573 972/1203/1574
f 972/1203/1574 992/1204/1573 993/1207/1575 973/1206/1576
f 973/1206/1576 993/1207/1575 994/1209/1577 974/1208/1578
f 974/1208/1578 994/1209/1577 995/1211/1579 975/1210/1580
f 975/1210/1580 995/1211/1579 996/1213/1581 976/1212/1582
f 976/1212/1582 996/1213/1581 997/1215/1583 977/1214/1584
f 977/1214/1584 997/1215/1583 998/1217/1585 978/1216/1586
f 978/1216/1586 998/1217/1585 999/1219/1587 979/1218/1588
f 979/1218/1588 999/1219/1587 1000/1221/1589 980/1220/1590
f 980/1220/1590 1000/1221/1589 1001/1223/1591 981/1222/1592
f 981/1222/1592 1001/1223/1591 1002/1225/1593 982/1224/1594
f 982/1224/1594 1002/1225/1593 1003/1227/1595 983/1226/1596
f 983/1226/1596 1003/1227/1595 1004/1229/1597 984/1228/1598
f 984/1228/1598 1004/1229/1597 1005/1231/1599 985/1230/1600
f 985/1230/1600 1005/1231/1599 1006/1233/1601 986/1232/1602
f 986/1232/1602 1006/1233/1601 1007/1235/1603 987/1234/1604
f 987/1234/1604 1007/1235/1603 1008/1237/1605 988/1236/1606
f 988/1236/1606 1008/1237/1605 1009/1239/1607 989/1238/1608
f 989/1238/1608 1009/1239/1607 1010/1241/1609 990/1240/1610
f 990/1240/1610 1010/1241/1609 991/1243/1572 971/1242/1571
s 3
f 971/1160/1611 972/1161/1612 1012/1245/1613 1011/1244/1614
s 4
f 992/1182/1615 991/1181/1616 1014/1247/1617 1013/1246/1618
s 3
f 972/1161/1612 973/1162/1619 1015/1248/1620 1012/1245/1613
s 4
f 993/1183/1621 992/1182/1615 1013/1246/1618 1016/1249/1622
s 3
f 973/1162/1619 974/1163/1623 1017/1250/1624 1015/1248/1620
s 4
f 994/1184/1625 993/1183/1621 1016/1249/1622 1018/1251/1626
s 3
f 974/1163/1623 975/1164/1627 1019/1252/1628 1017/1250/1624
s 4
f 995/1185/1629 994/1184/1625 1018/1251/1626 1020/1253/1630
s 3
f 975/1164/1627 976/1165/1631 1021/1254/1632 1019/1252/1628
s 4
f 996/1186/1633 995/1185/1629 1020/1253/1630 1022/1255/1634
s 3
f 976/1165/1631 977/1166/1635 1023/1256/1636 1021/1254/1632
s 4
f 997/1187/1637 996/1186/1633 1022/1255/1634 1024/1257/1638
s 3
f 977/1166/1635 978/1167/1639 1025/1258/1640 1023/1256/1636
s 4
f 998/1188/1641 997/1187/1637 1024/1257/1638 1026/1259/1642
s 3
f 978/1167/1639 979/1168/1643 1027/1260/1644 1025/1258/1640
s 4
f 999/1189/1645 998/1188/1641 1026/1259/1642 1028/1261/1646
s 3
f 979/1168/1643 980/1169/1647 1029/1262/1648 1027/1260/1644
s 4
f 1000/1190/1649 999/1189/1645 1028/1261/1646 1030/1263/1650
s 3
f 980/1169/1647 981/1170/1651 1031/1264/1652 1029/1262/1648
s 4
f 1001/1191/1653 1000/1190/1649 1030/1263/1650 1032/1265/1654
s 3
f 981/1170/1651 982/1171/1655 1033/1266/1656 1031/1264/1652
s 4
f 1002/1192/1657 1001/1191/1653 1032/1265/1654 1034/1267/1658
s 3
f 982/1171/1655 983/1172/1659 1035/1268/1660 1033/1266/1656
s 4
f 1003/1193/1661 1002/1192/1657 1034/1267/1658 1036/1269/1662
s 3
f 983/1172/1659 984/1173/1663 1037/1270/1664 1035/1268/1660
s 4
f 1004/1194/1665 1003/1193/1661 1036/1269/1662 1038/1271/1666
s 3
f 984/1173/1663 985/1174/1667 1039/1272/1668 1037/1270/1664
s 4
f 1005/1195/1669 1004/1194/1665 1038/1271/1666 1040/1273/1670
s 3
f 985/1174/1667 986/1175/1671 1041/1274/1672 1039/1272/1668
s 4
f 1006/1196/1673 1005/1195/1669 1040/1273/1670 1042/1275/1674
s 3
f 986/1175/1671 987/1176/1675 1043/1276/1676 1041/1274/1672
s 4
f 1007/1197/1677 1006/1196/1673 1042/1275/1674 1044/1277/1678
s 3
f 987/1176/1675 988/1177/1679 1045/1278/1680 1043/1276/1676
s 4
f 1008/1198/1681 1007/1197/1677 1044/1277/1678 1046/1279/1682
s 3
f 988/1177/1679 989/1178/1683 1047/1280/1684 1045/1278/1680
s 4
f 1009/1199/1685 1008/1198/1681 1046/1279/1682 1048/1281/1686
s 3
f 989/1178/1683 990/1179/1687 1049/1282/1688 1047/1280/1684
s 4
f 1010/1200/1689 1009/1199/1685 1048/1281/1686 1050/1283/1690
s 3
f 990/1179/1687 971/1180/1611 1011/1284/1614 1049/1282/1688
s 4
f 991/1201/1616 1010/1200/1689 1050/1283/1690 1014/1285/1617
