# This file uses centimeters as units for non-parametric coordinates.

mtllib Shelves.mtl
g default
v -15.690777 1.844775 5.380368
v -15.690742 1.867946 5.390802
v -15.690716 1.886333 5.407054
v -15.690691 1.898142 5.427531
v -15.690683 1.902209 5.450234
v -15.690691 1.898142 5.472932
v -15.690716 1.886334 5.493411
v -15.690742 1.867946 5.509662
v -15.690777 1.844774 5.520096
v -15.690818 1.819088 5.523690
v -15.690858 1.793402 5.520096
v -15.690895 1.770231 5.509662
v -15.690929 1.751843 5.493411
v -15.690944 1.740036 5.472932
v -15.690953 1.735968 5.450234
v -15.690944 1.740036 5.427531
v -15.690929 1.751843 5.407054
v -15.690895 1.770231 5.390802
v -15.690858 1.793402 5.380368
v -15.690818 1.819089 5.376773
v -15.543859 1.844473 5.380368
v -15.543823 1.867644 5.390802
v -15.543797 1.886032 5.407054
v -15.543774 1.897840 5.427531
v -15.543765 1.901908 5.450234
v -15.543774 1.897840 5.472932
v -15.543797 1.886032 5.493411
v -15.543823 1.867644 5.509662
v -15.543859 1.844472 5.520096
v -15.543899 1.818787 5.523690
v -15.543940 1.793101 5.520096
v -15.543977 1.769931 5.509662
v -15.544011 1.751541 5.493411
v -15.544027 1.739735 5.472932
v -15.544035 1.735667 5.450234
v -15.544027 1.739735 5.427531
v -15.544011 1.751541 5.407054
v -15.543977 1.769931 5.390802
v -15.543940 1.793101 5.380368
v -15.543900 1.818787 5.376773
v -15.690818 1.819089 5.450232
v -15.690777 1.844775 4.428952
v -15.690742 1.867946 4.439387
v -15.690716 1.886333 4.455639
v -15.690691 1.898142 4.476116
v -15.690683 1.902209 4.498816
v -15.690691 1.898142 4.521517
v -15.690716 1.886334 4.541996
v -15.690742 1.867946 4.558246
v -15.690777 1.844774 4.568681
v -15.690818 1.819088 4.572275
v -15.690858 1.793402 4.568681
v -15.690895 1.770231 4.558246
v -15.690929 1.751843 4.541996
v -15.690944 1.740036 4.521517
v -15.690953 1.735968 4.498816
v -15.690944 1.740036 4.476116
v -15.690929 1.751843 4.455639
v -15.690895 1.770231 4.439387
v -15.690858 1.793402 4.428952
v -15.690818 1.819089 4.425358
v -15.543859 1.844473 4.428952
v -15.543823 1.867644 4.439387
v -15.543797 1.886032 4.455639
v -15.543774 1.897840 4.476116
v -15.543765 1.901908 4.498816
v -15.543774 1.897840 4.521517
v -15.543797 1.886032 4.541996
v -15.543823 1.867644 4.558246
v -15.543859 1.844472 4.568681
v -15.543899 1.818787 4.572275
v -15.543940 1.793101 4.568681
v -15.543977 1.769931 4.558246
v -15.544011 1.751541 4.541996
v -15.544027 1.739735 4.521517
v -15.544035 1.735667 4.498816
v -15.544027 1.739735 4.476116
v -15.544011 1.751541 4.455639
v -15.543977 1.769931 4.439387
v -15.543940 1.793101 4.428952
v -15.543900 1.818787 4.425358
v -15.690818 1.819089 4.498816
v -15.409214 1.867367 5.377136
v -15.406537 1.885751 5.392949
v -15.403171 1.897551 5.412872
v -15.399463 1.901611 5.434960
v -15.395770 1.897535 5.457046
v -15.392450 1.885722 5.476972
v -15.389826 1.867328 5.492785
v -15.388156 1.844153 5.502936
v -15.387611 1.818466 5.506436
v -15.388240 1.792782 5.502936
v -15.389980 1.769614 5.492785
v -15.392667 1.751231 5.476972
v -15.396024 1.739431 5.457046
v -15.399733 1.735371 5.434960
v -15.403425 1.739447 5.412872
v -15.406747 1.751260 5.392949
v -15.409368 1.769654 5.377136
v -15.411037 1.792829 5.366983
v -15.411583 1.818516 5.363483
v -15.410956 1.844201 5.366983
v -15.317717 1.867180 5.308585
v -15.307109 1.885547 5.320387
v -15.293758 1.897327 5.335260
v -15.278969 1.901364 5.351747
v -15.264200 1.897266 5.368232
v -15.250884 1.885432 5.383105
v -15.240328 1.867021 5.394909
v -15.233569 1.843835 5.402485
v -15.231274 1.818145 5.405099
v -15.233651 1.792465 5.402485
v -15.240482 1.769307 5.394909
v -15.251102 1.750940 5.383105
v -15.264453 1.739161 5.368232
v -15.279234 1.735123 5.351747
v -15.294013 1.739222 5.335260
v -15.307326 1.751056 5.320387
v -15.317880 1.769466 5.308585
v -15.324630 1.792651 5.301007
v -15.326936 1.818342 5.298393
v -15.324548 1.844022 5.301007
v -15.255276 1.867051 5.169330
v -15.240065 1.885408 5.174543
v -15.220918 1.897177 5.181113
v -15.199707 1.901201 5.188394
v -15.178508 1.897090 5.195678
v -15.159393 1.885244 5.202248
v -15.144234 1.866824 5.207463
v -15.134533 1.843632 5.210807
v -15.131208 1.817940 5.211961
v -15.134615 1.792261 5.210807
v -15.144400 1.769110 5.207463
v -15.159610 1.750753 5.202248
v -15.178761 1.738985 5.195678
v -15.199966 1.734961 5.188394
v -15.221171 1.739073 5.181113
v -15.240282 1.750918 5.174543
v -15.255439 1.769339 5.169330
v -15.265143 1.792529 5.165983
v -15.268469 1.818222 5.164827
v -15.265060 1.843901 5.165983
v -15.231120 1.867002 4.974524
v -15.214974 1.885357 4.974524
v -15.194643 1.897123 4.974522
v -15.172122 1.901144 4.974524
v -15.149618 1.897031 4.974524
v -15.129321 1.885182 4.974524
v -15.113236 1.866760 4.974524
v -15.102920 1.843568 4.974524
v -15.099397 1.817874 4.974524
v -15.103004 1.792196 4.974524
v -15.113390 1.769047 4.974524
v -15.129539 1.750691 4.974524
v -15.149873 1.738927 4.974524
v -15.172392 1.734904 4.974524
v -15.194896 1.739019 4.974522
v -15.215185 1.750866 4.974524
v -15.231276 1.769289 4.974524
v -15.241583 1.792481 4.974524
v -15.245115 1.818173 4.974524
v -15.241501 1.843852 4.974524
v -15.255276 1.867051 4.779719
v -15.240065 1.885409 4.774505
v -15.220918 1.897177 4.767933
v -15.199708 1.901201 4.760652
v -15.178508 1.897090 4.753371
v -15.159394 1.885243 4.746800
v -15.144235 1.866824 4.741587
v -15.134533 1.843633 4.738239
v -15.131208 1.817941 4.737085
v -15.134614 1.792261 4.738239
v -15.144400 1.769110 4.741587
v -15.159611 1.750753 4.746800
v -15.178761 1.738986 4.753371
v -15.199968 1.734961 4.760652
v -15.221171 1.739072 4.767933
v -15.240282 1.750918 4.774505
v -15.255439 1.769338 4.779719
v -15.265143 1.792529 4.783065
v -15.268469 1.818221 4.784219
v -15.265061 1.843900 4.783065
v -15.317717 1.867180 4.640463
v -15.307110 1.885547 4.628662
v -15.293760 1.897326 4.613788
v -15.278969 1.901364 4.597301
v -15.264200 1.897266 4.580817
v -15.250885 1.885431 4.565943
v -15.240328 1.867021 4.554140
v -15.233570 1.843836 4.546563
v -15.231275 1.818146 4.543950
v -15.233652 1.792465 4.546563
v -15.240482 1.769307 4.554140
v -15.251103 1.750940 4.565943
v -15.264453 1.739162 4.580817
v -15.279236 1.735123 4.597301
v -15.294014 1.739222 4.613788
v -15.307327 1.751056 4.628662
v -15.317880 1.769466 4.640463
v -15.324631 1.792651 4.648042
v -15.326936 1.818342 4.650655
v -15.324549 1.844022 4.648042
v -15.409214 1.867367 4.571915
v -15.406537 1.885751 4.556101
v -15.403171 1.897551 4.536176
v -15.399465 1.901611 4.514086
v -15.395770 1.897535 4.492002
v -15.392450 1.885721 4.472076
v -15.389826 1.867327 4.456263
v -15.388157 1.844154 4.446113
v -15.387612 1.818467 4.442613
v -15.388240 1.792782 4.446113
v -15.389980 1.769614 4.456263
v -15.392667 1.751231 4.472076
v -15.396024 1.739431 4.492002
v -15.399734 1.735371 4.514086
v -15.403425 1.739446 4.536176
v -15.406747 1.751260 4.556101
v -15.409368 1.769654 4.571915
v -15.411037 1.792829 4.582065
v -15.411583 1.818515 4.585565
v -15.410956 1.844200 4.582065
vt 0.648603 0.107966
vt 0.626409 0.064408
vt 0.591842 0.029841
vt 0.548284 0.007647
vt 0.500000 -0.000000
vt 0.451716 0.007647
vt 0.408159 0.029841
vt 0.373591 0.064409
vt 0.351397 0.107966
vt 0.343750 0.156250
vt 0.351397 0.204534
vt 0.373591 0.248091
vt 0.408159 0.282659
vt 0.451716 0.304853
vt 0.500000 0.312500
vt 0.548284 0.304853
vt 0.591841 0.282659
vt 0.626409 0.248091
vt 0.648603 0.204534
vt 0.656250 0.156250
vt 0.375000 0.312500
vt 0.387500 0.312500
vt 0.400000 0.312500
vt 0.412500 0.312500
vt 0.425000 0.312500
vt 0.437500 0.312500
vt 0.450000 0.312500
vt 0.462500 0.312500
vt 0.475000 0.312500
vt 0.487500 0.312500
vt 0.500000 0.312500
vt 0.512500 0.312500
vt 0.525000 0.312500
vt 0.537500 0.312500
vt 0.550000 0.312500
vt 0.562500 0.312500
vt 0.575000 0.312500
vt 0.587500 0.312500
vt 0.600000 0.312500
vt 0.612500 0.312500
vt 0.625000 0.312500
vt 0.375000 0.687500
vt 0.387500 0.687500
vt 0.400000 0.687500
vt 0.412500 0.687500
vt 0.425000 0.687500
vt 0.437500 0.687500
vt 0.450000 0.687500
vt 0.462500 0.687500
vt 0.475000 0.687500
vt 0.487500 0.687500
vt 0.500000 0.687500
vt 0.512500 0.687500
vt 0.525000 0.687500
vt 0.537500 0.687500
vt 0.550000 0.687500
vt 0.562500 0.687500
vt 0.575000 0.687500
vt 0.587500 0.687500
vt 0.600000 0.687500
vt 0.612500 0.687500
vt 0.625000 0.687500
vt 0.500000 0.156250
vt 0.375000 0.312500
vt 0.387500 0.312500
vt 0.387500 0.687500
vt 0.375000 0.687500
vt 0.400000 0.312500
vt 0.400000 0.687500
vt 0.412500 0.312500
vt 0.412500 0.687500
vt 0.425000 0.312500
vt 0.425000 0.687500
vt 0.437500 0.312500
vt 0.437500 0.687500
vt 0.450000 0.312500
vt 0.450000 0.687500
vt 0.462500 0.312500
vt 0.462500 0.687500
vt 0.475000 0.312500
vt 0.475000 0.687500
vt 0.487500 0.312500
vt 0.487500 0.687500
vt 0.500000 0.312500
vt 0.500000 0.687500
vt 0.512500 0.312500
vt 0.512500 0.687500
vt 0.525000 0.312500
vt 0.525000 0.687500
vt 0.537500 0.312500
vt 0.537500 0.687500
vt 0.550000 0.312500
vt 0.550000 0.687500
vt 0.562500 0.312500
vt 0.562500 0.687500
vt 0.575000 0.312500
vt 0.575000 0.687500
vt 0.587500 0.312500
vt 0.587500 0.687500
vt 0.600000 0.312500
vt 0.600000 0.687500
vt 0.612500 0.312500
vt 0.612500 0.687500
vt 0.625000 0.312500
vt 0.625000 0.687500
vt 0.626409 0.064408
vt 0.648603 0.107966
vt 0.500000 0.156250
vt 0.591842 0.029841
vt 0.548284 0.007647
vt 0.500000 -0.000000
vt 0.451716 0.007647
vt 0.408159 0.029841
vt 0.373591 0.064409
vt 0.351397 0.107966
vt 0.343750 0.156250
vt 0.351397 0.204534
vt 0.373591 0.248091
vt 0.408159 0.282659
vt 0.451716 0.304853
vt 0.500000 0.312500
vt 0.548284 0.304853
vt 0.591841 0.282659
vt 0.626409 0.248091
vt 0.648603 0.204534
vt 0.656250 0.156250
vt 0.396875 0.687500
vt 0.406250 0.687500
vt 0.415625 0.687500
vt 0.425000 0.687500
vt 0.434375 0.687500
vt 0.443750 0.687500
vt 0.453125 0.687500
vt 0.462500 0.687500
vt 0.493750 0.687500
vt 0.503125 0.687500
vt 0.512500 0.687500
vt 0.521875 0.687500
vt 0.531250 0.687500
vt 0.540625 0.687500
vt 0.550000 0.687500
vt 0.559375 0.687500
vt 0.568750 0.687500
vt 0.578125 0.687500
vt 0.587500 0.687500
vt 0.596875 0.687500
vt 0.606250 0.687500
vt 0.387500 0.687500
vt 0.406250 0.687500
vt 0.412500 0.687500
vt 0.418750 0.687500
vt 0.425000 0.687500
vt 0.431250 0.687500
vt 0.437500 0.687500
vt 0.443750 0.687500
vt 0.450000 0.687500
vt 0.512500 0.687500
vt 0.518750 0.687500
vt 0.525000 0.687500
vt 0.531250 0.687500
vt 0.537500 0.687500
vt 0.543750 0.687500
vt 0.550000 0.687500
vt 0.556250 0.687500
vt 0.562500 0.687500
vt 0.568750 0.687500
vt 0.575000 0.687500
vt 0.581250 0.687500
vt 0.587500 0.687500
vt 0.400000 0.687500
vt 0.415625 0.687500
vt 0.418750 0.687500
vt 0.421875 0.687500
vt 0.425000 0.687500
vt 0.428125 0.687500
vt 0.431250 0.687500
vt 0.434375 0.687500
vt 0.437500 0.687500
vt 0.531250 0.687500
vt 0.534375 0.687500
vt 0.537500 0.687500
vt 0.540625 0.687500
vt 0.543750 0.687500
vt 0.546875 0.687500
vt 0.550000 0.687500
vt 0.553125 0.687500
vt 0.556250 0.687500
vt 0.559375 0.687500
vt 0.562500 0.687500
vt 0.565625 0.687500
vt 0.568750 0.687500
vt 0.412500 0.687500
vt 0.425000 0.687500
vt 0.425000 0.687500
vt 0.425000 0.687500
vt 0.425000 0.687500
vt 0.425000 0.687500
vt 0.425000 0.687500
vt 0.425000 0.687500
vt 0.425000 0.687500
vt 0.550000 0.687500
vt 0.550000 0.687500
vt 0.550000 0.687500
vt 0.550000 0.687500
vt 0.550000 0.687500
vt 0.550000 0.687500
vt 0.550000 0.687500
vt 0.550000 0.687500
vt 0.550000 0.687500
vt 0.550000 0.687500
vt 0.550000 0.687500
vt 0.550000 0.687500
vt 0.550000 0.687500
vt 0.425000 0.687500
vt 0.434375 0.687500
vt 0.431250 0.687500
vt 0.428125 0.687500
vt 0.425000 0.687500
vt 0.421875 0.687500
vt 0.418750 0.687500
vt 0.415625 0.687500
vt 0.412500 0.687500
vt 0.568750 0.687500
vt 0.565625 0.687500
vt 0.562500 0.687500
vt 0.559375 0.687500
vt 0.556250 0.687500
vt 0.553125 0.687500
vt 0.550000 0.687500
vt 0.546875 0.687500
vt 0.543750 0.687500
vt 0.540625 0.687500
vt 0.537500 0.687500
vt 0.534375 0.687500
vt 0.531250 0.687500
vt 0.437500 0.687500
vt 0.443750 0.687500
vt 0.437500 0.687500
vt 0.431250 0.687500
vt 0.425000 0.687500
vt 0.418750 0.687500
vt 0.412500 0.687500
vt 0.406250 0.687500
vt 0.400000 0.687500
vt 0.587500 0.687500
vt 0.581250 0.687500
vt 0.575000 0.687500
vt 0.568750 0.687500
vt 0.562500 0.687500
vt 0.556250 0.687500
vt 0.550000 0.687500
vt 0.543750 0.687500
vt 0.537500 0.687500
vt 0.531250 0.687500
vt 0.525000 0.687500
vt 0.518750 0.687500
vt 0.512500 0.687500
vt 0.450000 0.687500
vt 0.453125 0.687500
vt 0.443750 0.687500
vt 0.434375 0.687500
vt 0.425000 0.687500
vt 0.415625 0.687500
vt 0.406250 0.687500
vt 0.396875 0.687500
vt 0.387500 0.687500
vt 0.606250 0.687500
vt 0.596875 0.687500
vt 0.587500 0.687500
vt 0.578125 0.687500
vt 0.568750 0.687500
vt 0.559375 0.687500
vt 0.550000 0.687500
vt 0.540625 0.687500
vt 0.531250 0.687500
vt 0.521875 0.687500
vt 0.512500 0.687500
vt 0.503125 0.687500
vt 0.493750 0.687500
vt 0.462500 0.687500
vn 0.000567 0.276039 -0.961146
vn 0.001109 0.540366 -0.841429
vn 0.001109 0.540289 -0.841479
vn 0.000567 0.275957 -0.961170
vn 0.001586 0.772470 -0.635049
vn 0.001586 0.772439 -0.635087
vn 0.001926 0.938571 -0.345081
vn 0.001926 0.938571 -0.345081
vn 0.002052 0.999998 0.000004
vn 0.002052 0.999998 0.000004
vn 0.001926 0.938570 0.345083
vn 0.001926 0.938570 0.345083
vn 0.001586 0.772484 0.635032
vn 0.001586 0.772452 0.635071
vn 0.001110 0.540326 0.841455
vn 0.001109 0.540249 0.841505
vn 0.000567 0.275970 0.961166
vn 0.000567 0.275886 0.961190
vn 0.000000 -0.000026 1.000000
vn 0.000000 -0.000109 1.000000
vn -0.000565 -0.275958 0.961169
vn -0.000565 -0.276034 0.961148
vn -0.001107 -0.540268 0.841492
vn -0.001107 -0.540316 0.841462
vn -0.001584 -0.772442 0.635084
vn -0.001584 -0.772477 0.635041
vn -0.001923 -0.938563 0.345102
vn -0.001923 -0.938577 0.345066
vn -0.002047 -0.999998 -0.000017
vn -0.002047 -0.999998 -0.000017
vn -0.001922 -0.938578 -0.345061
vn -0.001923 -0.938592 -0.345025
vn -0.001584 -0.772447 -0.635077
vn -0.001584 -0.772482 -0.635034
vn -0.001107 -0.540292 -0.841477
vn -0.001108 -0.540340 -0.841446
vn -0.000565 -0.275955 -0.961170
vn -0.000565 -0.276032 -0.961148
vn 0.000000 0.000075 -1.000000
vn 0.000000 -0.000008 -1.000000
vn -0.999999 0.001496 -0.000043
vn -0.999999 0.001554 -0.000013
vn -0.999999 0.001595 0.000001
vn -0.999999 0.001580 0.000100
vn -0.999999 0.001642 0.000147
vn -0.999999 0.001617 -0.000000
vn -0.999999 0.001642 -0.000147
vn -0.999999 0.001580 -0.000100
vn -0.999999 0.001496 0.000043
vn -0.999999 0.001554 0.000013
vn -0.999999 0.001591 0.000002
vn -0.999999 0.001592 0.000002
vn -0.999999 0.001664 0.000064
vn -0.999999 0.001634 -0.000028
vn -0.999999 0.001595 -0.000019
vn -0.999999 0.001629 0.000000
vn -0.999999 0.001595 0.000019
vn -0.999999 0.001634 0.000032
vn -0.999999 0.001664 -0.000059
vn -0.999999 0.001592 -0.000000
vn -0.999999 0.001591 -0.000000
vn 0.000567 0.276038 -0.961147
vn 0.001109 0.540390 -0.841414
vn 0.001109 0.540313 -0.841463
vn 0.000567 0.275956 -0.961170
vn 0.001586 0.772469 -0.635050
vn 0.001586 0.772438 -0.635088
vn 0.001926 0.938564 -0.345101
vn 0.001926 0.938563 -0.345102
vn 0.002052 0.999998 0.000002
vn 0.002052 0.999998 0.000002
vn 0.001927 0.938569 0.345087
vn 0.001927 0.938569 0.345087
vn 0.001586 0.772473 0.635046
vn 0.001586 0.772441 0.635085
vn 0.001110 0.540323 0.841457
vn 0.001109 0.540246 0.841507
vn 0.000567 0.275971 0.961166
vn 0.000567 0.275887 0.961190
vn 0.000000 -0.000026 1.000000
vn 0.000000 -0.000109 1.000000
vn -0.000565 -0.275959 0.961169
vn -0.000565 -0.276035 0.961147
vn -0.001107 -0.540268 0.841492
vn -0.001107 -0.540316 0.841462
vn -0.001584 -0.772441 0.635084
vn -0.001584 -0.772476 0.635042
vn -0.001923 -0.938568 0.345089
vn -0.001923 -0.938581 0.345053
vn -0.002047 -0.999998 -0.000015
vn -0.002047 -0.999998 -0.000015
vn -0.001923 -0.938573 -0.345074
vn -0.001923 -0.938587 -0.345038
vn -0.001584 -0.772462 -0.635059
vn -0.001584 -0.772497 -0.635016
vn -0.001107 -0.540291 -0.841478
vn -0.001108 -0.540338 -0.841447
vn -0.000565 -0.275925 -0.961179
vn -0.000565 -0.276002 -0.961157
vn 0.000000 0.000041 -1.000000
vn 0.000000 -0.000041 -1.000000
vn -0.999999 0.001496 -0.000043
vn -0.999999 0.001554 -0.000013
vn -0.999999 0.001595 0.000001
vn -0.999999 0.001580 0.000100
vn -0.999999 0.001642 0.000147
vn -0.999999 0.001617 -0.000000
vn -0.999999 0.001642 -0.000147
vn -0.999999 0.001580 -0.000100
vn -0.999999 0.001496 0.000043
vn -0.999999 0.001554 0.000013
vn -0.999999 0.001591 0.000002
vn -0.999999 0.001592 0.000002
vn -0.999999 0.001664 0.000064
vn -0.999999 0.001634 -0.000028
vn -0.999999 0.001595 -0.000019
vn -0.999999 0.001629 0.000000
vn -0.999999 0.001595 0.000019
vn -0.999999 0.001634 0.000032
vn -0.999999 0.001664 -0.000059
vn -0.999999 0.001592 -0.000000
vn -0.999999 0.001591 -0.000000
vn -0.271007 0.659862 0.700812
vn -0.238244 0.661528 0.711070
vn -0.075153 0.658446 0.748866
vn -0.075153 0.658446 0.748866
vn -0.183798 0.864546 0.467738
vn -0.155716 0.865843 0.475467
vn -0.050058 0.864190 0.500670
vn -0.050058 0.864190 0.500670
vn -0.064501 0.984081 0.165603
vn -0.053510 0.984283 0.168298
vn -0.016588 0.984038 0.177182
vn -0.016588 0.984038 0.177182
vn 0.068806 0.983749 -0.165841
vn 0.058368 0.983997 -0.168354
vn 0.020912 0.983952 -0.177202
vn 0.020912 0.983952 -0.177202
vn 0.189517 0.862689 -0.468882
vn 0.165330 0.864129 -0.475338
vn 0.055825 0.863901 -0.500558
vn 0.055825 0.863901 -0.500558
vn 0.278929 0.656104 -0.701231
vn 0.253267 0.657931 -0.709212
vn 0.082993 0.658155 -0.748294
vn 0.082993 0.658155 -0.748294
vn 0.332919 0.404882 -0.851607
vn 0.314751 0.405904 -0.858006
vn 0.100622 0.406814 -0.907952
vn 0.100622 0.406814 -0.907952
vn 0.354630 0.136170 -0.925038
vn 0.348227 0.136313 -0.927446
vn 0.108885 0.137170 -0.984545
vn 0.108885 0.137170 -0.984545
vn 0.347572 -0.137396 -0.927532
vn 0.354189 -0.137271 -0.925044
vn 0.108325 -0.137421 -0.984572
vn 0.108325 -0.137421 -0.984572
vn 0.312991 -0.406963 -0.858148
vn 0.331412 -0.405989 -0.851668
vn 0.098955 -0.407154 -0.907983
vn 0.098955 -0.407154 -0.907983
vn 0.250557 -0.658835 -0.709336
vn 0.276334 -0.657090 -0.701337
vn 0.080294 -0.658464 -0.748316
vn 0.080294 -0.658464 -0.748316
vn 0.161730 -0.864819 -0.475322
vn 0.185999 -0.863473 -0.468848
vn 0.052272 -0.864146 -0.500518
vn 0.052272 -0.864147 -0.500518
vn 0.054337 -0.984223 -0.168382
vn 0.064782 -0.984017 -0.165871
vn 0.016867 -0.984027 -0.177219
vn 0.016867 -0.984027 -0.177219
vn -0.057556 -0.984055 0.168293
vn -0.068544 -0.983808 0.165602
vn -0.020633 -0.983965 0.177166
vn -0.020633 -0.983965 0.177166
vn -0.159288 -0.865202 0.475451
vn -0.187324 -0.863799 0.467718
vn -0.053606 -0.863954 0.500709
vn -0.053606 -0.863954 0.500709
vn -0.241014 -0.660700 0.710906
vn -0.273587 -0.658932 0.700684
vn -0.077848 -0.658179 0.748825
vn -0.077848 -0.658179 0.748825
vn -0.298928 -0.409229 0.862075
vn -0.323636 -0.408241 0.853580
vn -0.092736 -0.406906 0.908750
vn -0.092736 -0.406906 0.908750
vn -0.332421 -0.137762 0.933015
vn -0.341477 -0.137626 0.929759
vn -0.099406 -0.137034 0.985566
vn -0.099406 -0.137034 0.985566
vn -0.341056 0.138763 0.929745
vn -0.331727 0.138874 0.933098
vn -0.098844 0.137402 0.985571
vn -0.098844 0.137402 0.985571
vn -0.322094 0.409389 0.853613
vn -0.297126 0.410302 0.862188
vn -0.091065 0.407269 0.908757
vn -0.091065 0.407269 0.908757
vn -0.075141 0.658506 -0.748814
vn -0.075141 0.658506 -0.748814
vn -0.238234 0.661589 -0.711017
vn -0.270997 0.659923 -0.700759
vn -0.050071 0.864115 -0.500797
vn -0.050071 0.864115 -0.500797
vn -0.155750 0.865785 -0.475562
vn -0.183831 0.864492 -0.467825
vn -0.016590 0.984041 -0.177169
vn -0.016590 0.984041 -0.177169
vn -0.053511 0.984284 -0.168290
vn -0.064496 0.984082 -0.165598
vn 0.020915 0.983952 0.177202
vn 0.020915 0.983952 0.177202
vn 0.058364 0.983997 0.168353
vn 0.068807 0.983750 0.165837
vn 0.055825 0.863917 0.500531
vn 0.055825 0.863917 0.500531
vn 0.165314 0.864155 0.475298
vn 0.189498 0.862717 0.468838
vn 0.082999 0.658138 0.748308
vn 0.082999 0.658138 0.748308
vn 0.253287 0.657895 0.709239
vn 0.278951 0.656065 0.701260
vn 0.100622 0.406801 0.907959
vn 0.100622 0.406801 0.907959
vn 0.314749 0.405941 0.857989
vn 0.332906 0.404925 0.851592
vn 0.108884 0.137169 0.984545
vn 0.108884 0.137169 0.984545
vn 0.348229 0.136284 0.927450
vn 0.354632 0.136140 0.925042
vn 0.108324 -0.137487 0.984563
vn 0.108324 -0.137487 0.984562
vn 0.354183 -0.137304 0.925041
vn 0.347575 -0.137430 0.927526
vn 0.098958 -0.407101 0.908007
vn 0.098958 -0.407101 0.908007
vn 0.331419 -0.405938 0.851690
vn 0.312998 -0.406912 0.858170
vn 0.080299 -0.658464 0.748317
vn 0.080299 -0.658464 0.748317
vn 0.276322 -0.657128 0.701305
vn 0.250548 -0.658868 0.709309
vn 0.052277 -0.864138 0.500532
vn 0.052277 -0.864138 0.500532
vn 0.186013 -0.863452 0.468882
vn 0.161742 -0.864800 0.475352
vn 0.016869 -0.984030 0.177201
vn 0.016869 -0.984030 0.177201
vn 0.064777 -0.984020 0.165856
vn 0.054328 -0.984226 0.168368
vn -0.020638 -0.983959 -0.177198
vn -0.020638 -0.983959 -0.177198
vn -0.068552 -0.983802 -0.165632
vn -0.057569 -0.984049 -0.168322
vn -0.053606 -0.863948 -0.500720
vn -0.053606 -0.863948 -0.500720
vn -0.187324 -0.863797 -0.467722
vn -0.159290 -0.865199 -0.475455
vn -0.077843 -0.658180 -0.748825
vn -0.077843 -0.658180 -0.748825
vn -0.273583 -0.658945 -0.700674
vn -0.241010 -0.660711 -0.710897
vn -0.092723 -0.407031 -0.908696
vn -0.092723 -0.407031 -0.908696
vn -0.323625 -0.408325 -0.853544
vn -0.298909 -0.409319 -0.862039
vn -0.099405 -0.137101 -0.985557
vn -0.099405 -0.137101 -0.985557
vn -0.341472 -0.137704 -0.929750
vn -0.332417 -0.137840 -0.933005
vn -0.098842 0.137473 -0.985561
vn -0.098842 0.137473 -0.985561
vn -0.331720 0.138915 -0.933094
vn -0.341050 0.138803 -0.929741
vn -0.091058 0.407284 -0.908751
vn -0.091058 0.407284 -0.908751
vn -0.297119 0.410313 -0.862185
vn -0.322097 0.409399 -0.853608
vn -0.599167 0.649132 -0.468644
vn -0.614573 0.649062 -0.448351
vn -0.396319 0.859216 -0.323542
vn -0.409660 0.859187 -0.306555
vn -0.137389 0.983548 -0.117288
vn -0.142571 0.983554 -0.110884
vn 0.139808 0.983036 0.118717
vn 0.144679 0.983024 0.112837
vn 0.386611 0.858928 0.335820
vn 0.397731 0.858901 0.322644
vn 0.571660 0.650343 0.500258
vn 0.583343 0.650323 0.486613
vn 0.689449 0.399683 0.604081
vn 0.697686 0.399664 0.594561
vn 0.746505 0.133623 0.651824
vn 0.749430 0.133620 0.648460
vn 0.749003 -0.136084 0.648441
vn 0.745948 -0.136078 0.651954
vn 0.696280 -0.401992 0.594640
vn 0.687918 -0.401977 0.604304
vn 0.580877 -0.652445 0.486722
vn 0.569130 -0.652429 0.500428
vn 0.394363 -0.860420 0.322731
vn 0.383186 -0.860406 0.335961
vn 0.140693 -0.983598 0.112872
vn 0.135813 -0.983591 0.118759
vn -0.146615 -0.982957 -0.110900
vn -0.141443 -0.982972 -0.117299
vn -0.412992 -0.857632 -0.306441
vn -0.399702 -0.857709 -0.323379
vn -0.616941 -0.646924 -0.448189
vn -0.601637 -0.647045 -0.468364
vn -0.746289 -0.395684 -0.535244
vn -0.734749 -0.395774 -0.550915
vn -0.805354 -0.132124 -0.577882
vn -0.801198 -0.132137 -0.583628
vn -0.800677 0.134685 -0.583760
vn -0.804936 0.134686 -0.577873
vn -0.733233 0.398353 -0.551076
vn -0.744836 0.398307 -0.535323
vn -0.732564 0.651958 -0.195708
vn -0.733672 0.652247 -0.190523
vn -0.490753 0.860679 -0.135622
vn -0.491569 0.860878 -0.131337
vn -0.172446 0.983772 -0.049548
vn -0.172732 0.983800 -0.047972
vn 0.175926 0.983096 0.050716
vn 0.176197 0.983119 0.049312
vn 0.489899 0.859579 0.145336
vn 0.490580 0.859699 0.142299
vn 0.726430 0.651358 0.219164
vn 0.727222 0.651490 0.216123
vn 0.876504 0.400447 0.267174
vn 0.877098 0.400514 0.265121
vn 0.947609 0.133821 0.290051
vn 0.947816 0.133829 0.289370
vn 0.947373 -0.136920 0.289373
vn 0.947150 -0.136911 0.290108
vn 0.875698 -0.403526 0.265178
vn 0.875097 -0.403456 0.267261
vn 0.724879 -0.654071 0.216200
vn 0.724074 -0.653934 0.219288
vn 0.487261 -0.861575 0.142353
vn 0.486577 -0.861451 0.145411
vn 0.172234 -0.983820 0.049326
vn 0.171962 -0.983796 0.050736
vn -0.176762 -0.983084 -0.047973
vn -0.176478 -0.983057 -0.049544
vn -0.494861 -0.858998 -0.131286
vn -0.494046 -0.858804 -0.135551
vn -0.735951 -0.649695 -0.190454
vn -0.734851 -0.649412 -0.195597
vn -0.888956 -0.398351 -0.225996
vn -0.888004 -0.398177 -0.230009
vn -0.960912 -0.133129 -0.242746
vn -0.960540 -0.133106 -0.244225
vn -0.960096 0.136193 -0.244270
vn -0.960478 0.136218 -0.242749
vn -0.886593 0.401270 -0.230076
vn -0.887552 0.401447 -0.226034
vn -0.753741 0.657171 0.000002
vn -0.753741 0.657171 0.000002
vn -0.504176 0.863601 0.000004
vn -0.504176 0.863601 -0.000003
vn -0.177244 0.984167 -0.000001
vn -0.177244 0.984167 0.000002
vn 0.181210 0.983444 -0.000000
vn 0.181210 0.983445 -0.000000
vn 0.507115 0.861878 -0.000002
vn 0.507115 0.861878 -0.000002
vn 0.755646 0.654980 -0.000001
vn 0.755646 0.654980 -0.000001
vn 0.914911 0.403656 0.000001
vn 0.914911 0.403656 0.000001
vn 0.990841 0.135032 0.000000
vn 0.990841 0.135032 -0.000000
vn 0.990396 -0.138257 0.000000
vn 0.990396 -0.138257 -0.000000
vn 0.913520 -0.406793 0.000001
vn 0.913520 -0.406793 0.000001
vn 0.753310 -0.657665 -0.000000
vn 0.753311 -0.657665 -0.000000
vn 0.503774 -0.863836 -0.000000
vn 0.503774 -0.863836 -0.000000
vn 0.177255 -0.984165 -0.000002
vn 0.177255 -0.984165 -0.000002
vn -0.181275 -0.983432 0.000001
vn -0.181275 -0.983432 -0.000001
vn -0.507502 -0.861651 -0.000002
vn -0.507502 -0.861651 0.000005
vn -0.756021 -0.654548 -0.000001
vn -0.756021 -0.654548 -0.000001
vn -0.915204 -0.402992 0.000000
vn -0.915203 -0.402992 0.000000
vn -0.990848 -0.134980 -0.000001
vn -0.990848 -0.134980 -0.000001
vn -0.990410 0.138158 0.000001
vn -0.990410 0.138158 0.000001
vn -0.913812 0.406137 0.000002
vn -0.913812 0.406137 0.000002
vn -0.732585 0.651932 0.195715
vn -0.733692 0.652223 0.190529
vn -0.490734 0.860690 0.135623
vn -0.491553 0.860888 0.131331
vn -0.172442 0.983773 0.049549
vn -0.172728 0.983801 0.047973
vn 0.175926 0.983096 -0.050713
vn 0.176197 0.983119 -0.049313
vn 0.489936 0.859556 -0.145352
vn 0.490616 0.859676 -0.142313
vn 0.726435 0.651354 -0.219158
vn 0.727224 0.651485 -0.216130
vn 0.876482 0.400491 -0.267182
vn 0.877083 0.400558 -0.265101
vn 0.947609 0.133820 -0.290051
vn 0.947816 0.133828 -0.289371
vn 0.947377 -0.136885 -0.289376
vn 0.947153 -0.136876 -0.290114
vn 0.875680 -0.403578 -0.265159
vn 0.875071 -0.403508 -0.267268
vn 0.724878 -0.654068 -0.216208
vn 0.724078 -0.653932 -0.219282
vn 0.487252 -0.861581 -0.142350
vn 0.486567 -0.861458 -0.145409
vn 0.172252 -0.983817 -0.049336
vn 0.171981 -0.983793 -0.050742
vn -0.176747 -0.983087 0.047970
vn -0.176462 -0.983060 0.049541
vn -0.494873 -0.858990 0.131291
vn -0.494057 -0.858796 0.135564
vn -0.735954 -0.649691 0.190456
vn -0.734855 -0.649407 0.195599
vn -0.888955 -0.398350 0.225998
vn -0.888003 -0.398177 0.230012
vn -0.960913 -0.133111 0.242753
vn -0.960544 -0.133087 0.244219
vn -0.960101 0.136160 0.244268
vn -0.960480 0.136186 0.242759
vn -0.886587 0.401284 0.230073
vn -0.887546 0.401460 0.226033
vn -0.599203 0.649076 0.468675
vn -0.614613 0.649006 0.448376
vn -0.396283 0.859242 0.323517
vn -0.409627 0.859212 0.306530
vn -0.137388 0.983549 0.117287
vn -0.142567 0.983554 0.110885
vn 0.139809 0.983036 -0.118720
vn 0.144680 0.983023 -0.112840
vn 0.386657 0.858890 -0.335862
vn 0.397782 0.858864 -0.322680
vn 0.571652 0.650365 -0.500240
vn 0.583332 0.650341 -0.486601
vn 0.689445 0.399681 -0.604087
vn 0.697686 0.399666 -0.594560
vn 0.746501 0.133649 -0.651824
vn 0.749426 0.133644 -0.648460
vn 0.749002 -0.136055 -0.648448
vn 0.745947 -0.136050 -0.651961
vn 0.696266 -0.402047 -0.594620
vn 0.687898 -0.402032 -0.604290
vn 0.580898 -0.652406 -0.486748
vn 0.569157 -0.652387 -0.500452
vn 0.394339 -0.860440 -0.322707
vn 0.383158 -0.860427 -0.335940
vn 0.140712 -0.983594 -0.112886
vn 0.135833 -0.983587 -0.118769
vn -0.146591 -0.982963 0.110883
vn -0.141418 -0.982978 0.117282
vn -0.413001 -0.857623 0.306451
vn -0.399709 -0.857701 0.323390
vn -0.616953 -0.646904 0.448201
vn -0.601647 -0.647026 0.468379
vn -0.746292 -0.395669 0.535251
vn -0.734757 -0.395757 0.550916
vn -0.805362 -0.132060 0.577886
vn -0.801202 -0.132073 0.583637
vn -0.800677 0.134655 0.583767
vn -0.804940 0.134655 0.577874
vn -0.733227 0.398372 0.551069
vn -0.744826 0.398328 0.535322
s 1
g DrawHandle1 Draw Cabnet
usemtl initialShadingGroup
f 1/21/1 2/22/2 22/43/3 21/42/4
f 2/22/2 3/23/5 23/44/6 22/43/3
f 3/23/5 4/24/7 24/45/8 23/44/6
f 4/24/7 5/25/9 25/46/10 24/45/8
f 5/25/9 6/26/11 26/47/12 25/46/10
f 6/26/11 7/27/13 27/48/14 26/47/12
f 7/27/13 8/28/15 28/49/16 27/48/14
f 8/28/15 9/29/17 29/50/18 28/49/16
f 9/29/17 10/30/19 30/51/20 29/50/18
f 10/30/19 11/31/21 31/52/22 30/51/20
f 11/31/21 12/32/23 32/53/24 31/52/22
f 12/32/23 13/33/25 33/54/26 32/53/24
f 13/33/25 14/34/27 34/55/28 33/54/26
f 14/34/27 15/35/29 35/56/30 34/55/28
f 15/35/29 16/36/31 36/57/32 35/56/30
f 16/36/31 17/37/33 37/58/34 36/57/32
f 17/37/33 18/38/35 38/59/36 37/58/34
f 18/38/35 19/39/37 39/60/38 38/59/36
f 19/39/37 20/40/39 40/61/40 39/60/38
f 20/40/39 1/41/1 21/62/4 40/61/40
s 2
f 2/2/41 1/1/42 41/63/43
f 3/3/44 2/2/41 41/63/43
f 4/4/45 3/3/44 41/63/43
f 5/5/46 4/4/45 41/63/43
f 6/6/47 5/5/46 41/63/43
f 7/7/48 6/6/47 41/63/43
f 8/8/49 7/7/48 41/63/43
f 9/9/50 8/8/49 41/63/43
f 10/10/51 9/9/50 41/63/43
f 11/11/52 10/10/51 41/63/43
f 12/12/53 11/11/52 41/63/43
f 13/13/54 12/12/53 41/63/43
f 14/14/55 13/13/54 41/63/43
f 15/15/56 14/14/55 41/63/43
f 16/16/57 15/15/56 41/63/43
f 17/17/58 16/16/57 41/63/43
f 18/18/59 17/17/58 41/63/43
f 19/19/60 18/18/59 41/63/43
f 20/20/61 19/19/60 41/63/43
f 1/1/42 20/20/61 41/63/43
s 3
f 42/64/62 43/65/63 63/66/64 62/67/65
f 43/65/63 44/68/66 64/69/67 63/66/64
f 44/68/66 45/70/68 65/71/69 64/69/67
f 45/70/68 46/72/70 66/73/71 65/71/69
f 46/72/70 47/74/72 67/75/73 66/73/71
f 47/74/72 48/76/74 68/77/75 67/75/73
f 48/76/74 49/78/76 69/79/77 68/77/75
f 49/78/76 50/80/78 70/81/79 69/79/77
f 50/80/78 51/82/80 71/83/81 70/81/79
f 51/82/80 52/84/82 72/85/83 71/83/81
f 52/84/82 53/86/84 73/87/85 72/85/83
f 53/86/84 54/88/86 74/89/87 73/87/85
f 54/88/86 55/90/88 75/91/89 74/89/87
f 55/90/88 56/92/90 76/93/91 75/91/89
f 56/92/90 57/94/92 77/95/93 76/93/91
f 57/94/92 58/96/94 78/97/95 77/95/93
f 58/96/94 59/98/96 79/99/97 78/97/95
f 59/98/96 60/100/98 80/101/99 79/99/97
f 60/100/98 61/102/100 81/103/101 80/101/99
f 61/102/100 42/104/62 62/105/65 81/103/101
s 4
f 43/106/102 42/107/103 82/108/104
f 44/109/105 43/106/102 82/108/104
f 45/110/106 44/109/105 82/108/104
f 46/111/107 45/110/106 82/108/104
f 47/112/108 46/111/107 82/108/104
f 48/113/109 47/112/108 82/108/104
f 49/114/110 48/113/109 82/108/104
f 50/115/111 49/114/110 82/108/104
f 51/116/112 50/115/111 82/108/104
f 52/117/113 51/116/112 82/108/104
f 53/118/114 52/117/113 82/108/104
f 54/119/115 53/118/114 82/108/104
f 55/120/116 54/119/115 82/108/104
f 56/121/117 55/120/116 82/108/104
f 57/122/118 56/121/117 82/108/104
f 58/123/119 57/122/118 82/108/104
f 59/124/120 58/123/119 82/108/104
f 60/125/121 59/124/120 82/108/104
f 61/126/122 60/125/121 82/108/104
f 42/107/103 61/126/122 82/108/104
s 5
f 203/259/123 204/260/124 68/77/125 69/79/126
s 6
f 204/260/127 205/261/128 67/75/129 68/77/130
s 7
f 205/261/131 206/262/132 66/73/133 67/75/134
s 8
f 206/262/135 207/263/136 65/71/137 66/73/138
s 9
f 207/263/139 208/264/140 64/69/141 65/71/142
s 10
f 208/264/143 209/265/144 63/66/145 64/69/146
s 11
f 209/265/147 210/266/148 62/67/149 63/66/150
s 12
f 210/267/151 211/268/152 81/103/153 62/105/154
s 13
f 211/268/155 212/269/156 80/101/157 81/103/158
s 14
f 212/269/159 213/270/160 79/99/161 80/101/162
s 15
f 213/270/163 214/271/164 78/97/165 79/99/166
s 16
f 214/271/167 215/272/168 77/95/169 78/97/170
s 17
f 215/272/171 216/273/172 76/93/173 77/95/174
s 18
f 216/273/175 217/274/176 75/91/177 76/93/178
s 19
f 217/274/179 218/275/180 74/89/181 75/91/182
s 20
f 218/275/183 219/276/184 73/87/185 74/89/186
s 21
f 219/276/187 220/277/188 72/85/189 73/87/190
s 22
f 220/277/191 221/278/192 71/83/193 72/85/194
s 23
f 221/278/195 222/279/196 70/81/197 71/83/198
s 24
f 222/280/199 203/259/200 69/79/201 70/81/202
s 5
f 22/43/203 23/44/204 84/128/205 83/127/206
s 6
f 23/44/207 24/45/208 85/129/209 84/128/210
s 7
f 24/45/211 25/46/212 86/130/213 85/129/214
s 8
f 25/46/215 26/47/216 87/131/217 86/130/218
s 9
f 26/47/219 27/48/220 88/132/221 87/131/222
s 10
f 27/48/223 28/49/224 89/133/225 88/132/226
s 11
f 28/49/227 29/50/228 90/134/229 89/133/230
s 12
f 29/50/231 30/51/232 91/136/233 90/135/234
s 13
f 30/51/235 31/52/236 92/137/237 91/136/238
s 14
f 31/52/239 32/53/240 93/138/241 92/137/242
s 15
f 32/53/243 33/54/244 94/139/245 93/138/246
s 16
f 33/54/247 34/55/248 95/140/249 94/139/250
s 17
f 34/55/251 35/56/252 96/141/253 95/140/254
s 18
f 35/56/255 36/57/256 97/142/257 96/141/258
s 19
f 36/57/259 37/58/260 98/143/261 97/142/262
s 20
f 37/58/263 38/59/264 99/144/265 98/143/266
s 21
f 38/59/267 39/60/268 100/145/269 99/144/270
s 22
f 39/60/271 40/61/272 101/146/273 100/145/274
s 23
f 40/61/275 21/62/276 102/147/277 101/146/278
s 24
f 21/42/279 22/43/280 83/127/281 102/148/282
s 5
f 83/127/206 84/128/205 104/150/283 103/149/284
s 6
f 84/128/210 85/129/209 105/151/285 104/150/286
s 7
f 85/129/214 86/130/213 106/152/287 105/151/288
s 8
f 86/130/218 87/131/217 107/153/289 106/152/290
s 9
f 87/131/222 88/132/221 108/154/291 107/153/292
s 10
f 88/132/226 89/133/225 109/155/293 108/154/294
s 11
f 89/133/230 90/134/229 110/156/295 109/155/296
s 12
f 90/135/234 91/136/233 111/158/297 110/157/298
s 13
f 91/136/238 92/137/237 112/159/299 111/158/300
s 14
f 92/137/242 93/138/241 113/160/301 112/159/302
s 15
f 93/138/246 94/139/245 114/161/303 113/160/304
s 16
f 94/139/250 95/140/249 115/162/305 114/161/306
s 17
f 95/140/254 96/141/253 116/163/307 115/162/308
s 18
f 96/141/258 97/142/257 117/164/309 116/163/310
s 19
f 97/142/262 98/143/261 118/165/311 117/164/312
s 20
f 98/143/266 99/144/265 119/166/313 118/165/314
s 21
f 99/144/270 100/145/269 120/167/315 119/166/316
s 22
f 100/145/274 101/146/273 121/168/317 120/167/318
s 23
f 101/146/278 102/147/277 122/169/319 121/168/320
s 24
f 102/148/282 83/127/281 103/149/321 122/170/322
s 5
f 103/149/284 104/150/283 124/172/323 123/171/324
s 6
f 104/150/286 105/151/285 125/173/325 124/172/326
s 7
f 105/151/288 106/152/287 126/174/327 125/173/328
s 8
f 106/152/290 107/153/289 127/175/329 126/174/330
s 9
f 107/153/292 108/154/291 128/176/331 127/175/332
s 10
f 108/154/294 109/155/293 129/177/333 128/176/334
s 11
f 109/155/296 110/156/295 130/178/335 129/177/336
s 12
f 110/157/298 111/158/297 131/180/337 130/179/338
s 13
f 111/158/300 112/159/299 132/181/339 131/180/340
s 14
f 112/159/302 113/160/301 133/182/341 132/181/342
s 15
f 113/160/304 114/161/303 134/183/343 133/182/344
s 16
f 114/161/306 115/162/305 135/184/345 134/183/346
s 17
f 115/162/308 116/163/307 136/185/347 135/184/348
s 18
f 116/163/310 117/164/309 137/186/349 136/185/350
s 19
f 117/164/312 118/165/311 138/187/351 137/186/352
s 20
f 118/165/314 119/166/313 139/188/353 138/187/354
s 21
f 119/166/316 120/167/315 140/189/355 139/188/356
s 22
f 120/167/318 121/168/317 141/190/357 140/189/358
s 23
f 121/168/320 122/169/319 142/191/359 141/190/360
s 24
f 122/170/322 103/149/321 123/171/361 142/192/362
s 5
f 123/171/324 124/172/323 144/194/363 143/193/364
s 6
f 124/172/326 125/173/325 145/195/365 144/194/366
s 7
f 125/173/328 126/174/327 146/196/367 145/195/368
s 8
f 126/174/330 127/175/329 147/197/369 146/196/370
s 9
f 127/175/332 128/176/331 148/198/371 147/197/372
s 10
f 128/176/334 129/177/333 149/199/373 148/198/374
s 11
f 129/177/336 130/178/335 150/200/375 149/199/376
s 12
f 130/179/338 131/180/337 151/202/377 150/201/378
s 13
f 131/180/340 132/181/339 152/203/379 151/202/380
s 14
f 132/181/342 133/182/341 153/204/381 152/203/382
s 15
f 133/182/344 134/183/343 154/205/383 153/204/384
s 16
f 134/183/346 135/184/345 155/206/385 154/205/386
s 17
f 135/184/348 136/185/347 156/207/387 155/206/388
s 18
f 136/185/350 137/186/349 157/208/389 156/207/390
s 19
f 137/186/352 138/187/351 158/209/391 157/208/392
s 20
f 138/187/354 139/188/353 159/210/393 158/209/394
s 21
f 139/188/356 140/189/355 160/211/395 159/210/396
s 22
f 140/189/358 141/190/357 161/212/397 160/211/398
s 23
f 141/190/360 142/191/359 162/213/399 161/212/400
s 24
f 142/192/362 123/171/361 143/193/401 162/214/402
s 5
f 143/193/364 144/194/363 164/216/403 163/215/404
s 6
f 144/194/366 145/195/365 165/217/405 164/216/406
s 7
f 145/195/368 146/196/367 166/218/407 165/217/408
s 8
f 146/196/370 147/197/369 167/219/409 166/218/410
s 9
f 147/197/372 148/198/371 168/220/411 167/219/412
s 10
f 148/198/374 149/199/373 169/221/413 168/220/414
s 11
f 149/199/376 150/200/375 170/222/415 169/221/416
s 12
f 150/201/378 151/202/377 171/224/417 170/223/418
s 13
f 151/202/380 152/203/379 172/225/419 171/224/420
s 14
f 152/203/382 153/204/381 173/226/421 172/225/422
s 15
f 153/204/384 154/205/383 174/227/423 173/226/424
s 16
f 154/205/386 155/206/385 175/228/425 174/227/426
s 17
f 155/206/388 156/207/387 176/229/427 175/228/428
s 18
f 156/207/390 157/208/389 177/230/429 176/229/430
s 19
f 157/208/392 158/209/391 178/231/431 177/230/432
s 20
f 158/209/394 159/210/393 179/232/433 178/231/434
s 21
f 159/210/396 160/211/395 180/233/435 179/232/436
s 22
f 160/211/398 161/212/397 181/234/437 180/233/438
s 23
f 161/212/400 162/213/399 182/235/439 181/234/440
s 24
f 162/214/402 143/193/401 163/215/441 182/236/442
s 5
f 163/215/404 164/216/403 184/238/443 183/237/444
s 6
f 164/216/406 165/217/405 185/239/445 184/238/446
s 7
f 165/217/408 166/218/407 186/240/447 185/239/448
s 8
f 166/218/410 167/219/409 187/241/449 186/240/450
s 9
f 167/219/412 168/220/411 188/242/451 187/241/452
s 10
f 168/220/414 169/221/413 189/243/453 188/242/454
s 11
f 169/221/416 170/222/415 190/244/455 189/243/456
s 12
f 170/223/418 171/224/417 191/246/457 190/245/458
s 13
f 171/224/420 172/225/419 192/247/459 191/246/460
s 14
f 172/225/422 173/226/421 193/248/461 192/247/462
s 15
f 173/226/424 174/227/423 194/249/463 193/248/464
s 16
f 174/227/426 175/228/425 195/250/465 194/249/466
s 17
f 175/228/428 176/229/427 196/251/467 195/250/468
s 18
f 176/229/430 177/230/429 197/252/469 196/251/470
s 19
f 177/230/432 178/231/431 198/253/471 197/252/472
s 20
f 178/231/434 179/232/433 199/254/473 198/253/474
s 21
f 179/232/436 180/233/435 200/255/475 199/254/476
s 22
f 180/233/438 181/234/437 201/256/477 200/255/478
s 23
f 181/234/440 182/235/439 202/257/479 201/256/480
s 24
f 182/236/442 163/215/441 183/237/481 202/258/482
s 5
f 183/237/444 184/238/443 204/260/124 203/259/123
s 6
f 184/238/446 185/239/445 205/261/128 204/260/127
s 7
f 185/239/448 186/240/447 206/262/132 205/261/131
s 8
f 186/240/450 187/241/449 207/263/136 206/262/135
s 9
f 187/241/452 188/242/451 208/264/140 207/263/139
s 10
f 188/242/454 189/243/453 209/265/144 208/264/143
s 11
f 189/243/456 190/244/455 210/266/148 209/265/147
s 12
f 190/245/458 191/246/457 211/268/152 210/267/151
s 13
f 191/246/460 192/247/459 212/269/156 211/268/155
s 14
f 192/247/462 193/248/461 213/270/160 212/269/159
s 15
f 193/248/464 194/249/463 214/271/164 213/270/163
s 16
f 194/249/466 195/250/465 215/272/168 214/271/167
s 17
f 195/250/468 196/251/467 216/273/172 215/272/171
s 18
f 196/251/470 197/252/469 217/274/176 216/273/175
s 19
f 197/252/472 198/253/471 218/275/180 217/274/179
s 20
f 198/253/474 199/254/473 219/276/184 218/275/183
s 21
f 199/254/476 200/255/475 220/277/188 219/276/187
s 22
f 200/255/478 201/256/477 221/278/192 220/277/191
s 23
f 201/256/480 202/257/479 222/279/196 221/278/195
s 24
f 202/258/482 183/237/481 203/259/200 222/280/199
g default
v -15.627886 11.956541 6.960492
v -15.627886 11.956541 -0.481993
v -19.040429 11.956541 6.960492
v -19.040429 11.956541 -0.481993
v -15.627886 2.866107 6.960492
v -19.040429 2.866107 6.960492
v -19.040429 2.866107 -0.481993
v -15.627886 2.866107 -0.481993
v -19.040429 11.688694 6.960492
v -15.627886 11.688694 6.960492
v -15.627886 11.688694 -0.481993
v -19.040429 11.688694 -0.481993
v -15.627886 2.866107 -0.109868
v -19.040429 2.866107 -0.109868
v -19.040429 11.688694 -0.109868
v -19.040429 11.956541 -0.109868
v -15.627886 11.956541 -0.109868
v -15.627886 11.688694 -0.109868
v -15.627886 2.866107 6.588368
v -15.627886 11.688694 6.588368
v -15.627886 11.956541 6.588368
v -19.040429 11.956541 6.588368
v -19.040429 11.688694 6.588368
v -19.040429 2.866107 6.588368
v -15.627886 7.387673 6.960492
v -15.627886 7.167130 6.960492
v -19.040429 7.167130 6.960492
v -19.040429 7.387673 6.960492
v -19.040429 7.387673 6.588368
v -19.040429 7.167130 6.588368
v -19.040429 7.387673 -0.481993
v -19.040429 7.167130 -0.481993
v -15.627886 7.387673 -0.481993
v -15.627886 7.167130 -0.481993
v -15.627886 7.167130 -0.109868
v -15.627886 7.387673 -0.109868
v -15.627886 7.167130 6.588368
v -15.627886 7.387673 6.588368
v -19.040429 7.167130 -0.109868
v -19.040429 7.387673 -0.109868
v -19.040429 4.961483 6.960492
v -19.040429 5.182026 6.960492
v -15.627886 5.182026 6.960492
v -15.627886 4.961483 6.960492
v -15.627886 4.961483 6.588368
v -15.627886 5.182026 6.588368
v -15.627886 5.182026 -0.109868
v -15.627886 4.961483 -0.109868
v -15.627886 4.961483 -0.481993
v -15.627886 5.182026 -0.481993
v -19.040429 5.182026 -0.481993
v -19.040429 4.961483 -0.481993
v -19.040429 4.961483 -0.109868
v -19.040429 5.182026 -0.109868
v -19.040429 5.182026 6.588368
v -19.040429 4.961483 6.588368
v -15.627886 9.593321 6.960492
v -15.627886 9.372778 6.960492
v -19.040429 9.372778 6.960492
v -19.040429 9.593321 6.960492
v -19.040429 9.593321 6.588368
v -19.040429 9.372778 6.588368
v -19.040429 9.372778 -0.109868
v -19.040429 9.593321 -0.109868
v -19.040429 9.593321 -0.481993
v -19.040429 9.372778 -0.481993
v -15.627886 9.372778 -0.481993
v -15.627886 9.593321 -0.481993
v -15.627886 9.593321 -0.109868
v -15.627886 9.372778 -0.109868
v -15.627886 9.372778 6.588368
v -15.627886 9.593321 6.588368
v -18.437312 5.182026 -0.109868
v -18.437312 7.167130 -0.109868
v -18.437312 5.182026 6.588368
v -18.437312 7.167130 6.588368
v -18.437312 4.961483 -0.109868
v -18.437312 2.866107 -0.109868
v -18.437312 2.866107 6.588368
v -18.437312 4.961483 6.588368
v -18.437312 11.688694 -0.109868
v -18.437312 9.593321 -0.109868
v -18.437312 9.593321 6.588368
v -18.437312 11.688694 6.588368
v -18.437312 9.372778 -0.109868
v -18.437312 7.387673 -0.109868
v -18.437312 7.387673 6.588368
v -18.437312 9.372778 6.588368
v -15.627886 2.866107 1.564693
v -18.437312 2.866107 1.564693
v -18.437312 4.961483 1.564693
v -15.627886 4.961483 1.564693
v -15.627886 5.182026 1.564693
v -18.437312 5.182026 1.564693
v -18.437312 7.167130 1.564693
v -15.627886 7.167130 1.564693
v -15.627886 7.387673 1.564693
v -18.437312 7.387673 1.564693
v -18.437312 9.372778 1.564693
v -15.627886 9.372778 1.564693
v -15.627886 9.593321 1.564693
v -18.437312 9.593321 1.564693
v -18.437312 11.688694 1.564693
v -15.627886 11.688694 1.564693
v -15.627886 11.956541 1.564693
v -19.040429 11.956541 1.564693
v -19.040429 11.688694 1.564693
v -19.040429 9.593321 1.564693
v -19.040429 9.372778 1.564693
v -19.040429 7.387673 1.564693
v -19.040429 7.167130 1.564693
v -19.040429 5.182026 1.564693
v -19.040429 4.961483 1.564693
v -19.040429 2.866107 1.564693
v -15.627886 2.866107 4.913809
v -19.040429 2.866107 4.913809
v -19.040429 4.961483 4.913809
v -19.040429 5.182026 4.913809
v -19.040429 7.167130 4.913809
v -19.040429 7.387673 4.913809
v -19.040429 9.372778 4.913809
v -19.040429 9.593321 4.913809
v -19.040429 11.688694 4.913809
v -19.040429 11.956541 4.913809
v -15.627886 11.956541 4.913809
v -15.627886 11.688694 4.913809
v -18.437312 11.688694 4.913809
v -18.437312 9.593321 4.913809
v -15.627886 9.593321 4.913809
v -15.627886 9.372778 4.913809
v -18.437312 9.372778 4.913809
v -18.437312 7.387673 4.913809
v -15.627886 7.387673 4.913809
v -15.627886 7.167130 4.913809
v -18.437312 7.167130 4.913809
v -18.437312 5.182026 4.913809
v -15.627886 5.182026 4.913809
v -15.627886 4.961483 4.913809
v -18.437312 4.961483 4.913809
v -18.437312 2.866107 4.913809
v -16.020242 11.956541 6.960492
v -16.020242 11.688694 6.960492
v -16.020242 9.593321 6.960492
v -16.020242 9.372778 6.960492
v -16.020242 7.387673 6.960492
v -16.020242 7.167130 6.960492
v -16.020242 5.182026 6.960492
v -16.020242 4.961483 6.960492
v -16.020242 2.866107 6.960492
v -16.020242 2.866107 -0.481993
v -16.020242 4.961483 -0.481993
v -16.020242 5.182026 -0.481993
v -16.020242 7.167130 -0.481993
v -16.020242 7.387673 -0.481993
v -16.020242 9.372778 -0.481993
v -16.020242 9.593321 -0.481993
v -16.020242 11.688694 -0.481993
v -16.020242 11.956541 -0.481993
v -15.908828 11.688694 -0.109868
v -15.908828 9.593321 -0.109868
v -15.908828 9.593321 1.564693
v -15.908828 9.593321 4.913809
v -15.908828 9.593321 6.588368
v -15.908828 11.688694 6.588368
v -15.908828 11.688694 4.913809
v -15.908828 11.688694 1.564693
v -15.908828 11.513965 1.564693
v -15.627886 11.513965 1.564693
v -15.627886 11.513965 4.913809
v -15.908828 11.513965 4.913809
v -15.627886 11.027295 -0.109868
v -15.908828 11.027295 -0.109868
v -15.908828 11.027295 6.588368
v -15.627886 11.027295 6.588368
v -15.627886 2.866107 0.727413
v -19.040429 2.866107 0.727413
v -19.040429 4.961483 0.727413
v -19.040429 5.182026 0.727413
v -19.040429 7.167130 0.727413
v -19.040429 7.387673 0.727413
v -19.040429 9.372778 0.727413
v -19.040429 9.593321 0.727413
v -19.040429 11.688694 0.727413
v -19.040429 11.956541 0.727413
v -15.627886 11.956541 0.727413
v -15.627886 11.688694 0.727413
v -15.627886 11.027295 0.727413
v -15.908828 11.027295 0.727413
v -15.908828 11.688694 0.727413
v -18.437312 11.688694 0.727413
v -18.437312 9.593321 0.727413
v -15.908828 9.593321 0.727413
v -15.627886 9.593321 0.727413
v -15.627886 9.372778 0.727413
v -18.437312 9.372778 0.727413
v -18.437312 7.387673 0.727413
v -15.627886 7.387673 0.727413
v -15.627886 7.167130 0.727413
v -18.437312 7.167130 0.727413
v -18.437312 5.182026 0.727413
v -15.627886 5.182026 0.727413
v -15.627886 4.961483 0.727413
v -18.437312 4.961483 0.727413
v -18.437312 2.866107 0.727413
v -15.627886 2.866107 5.751090
v -18.437312 2.866107 5.751090
v -18.437312 4.961483 5.751090
v -15.627886 4.961483 5.751090
v -15.627886 5.182026 5.751090
v -18.437312 5.182026 5.751090
v -18.437312 7.167130 5.751090
v -15.627886 7.167130 5.751090
v -15.627886 7.387673 5.751090
v -18.437312 7.387673 5.751090
v -18.437312 9.372778 5.751090
v -15.627886 9.372778 5.751090
v -15.627886 9.593321 5.751090
v -15.908828 9.593321 5.751090
v -18.437312 9.593321 5.751090
v -18.437312 11.688694 5.751090
v -15.908828 11.688694 5.751090
v -15.908828 11.027295 5.751090
v -15.627886 11.027295 5.751090
v -15.627886 11.688694 5.751090
v -15.627886 11.956541 5.751090
v -19.040429 11.956541 5.751090
v -19.040429 11.688694 5.751090
v -19.040429 9.593321 5.751090
v -19.040429 9.372778 5.751090
v -19.040429 7.387673 5.751090
v -19.040429 7.167130 5.751090
v -19.040429 5.182026 5.751090
v -19.040429 4.961483 5.751090
v -19.040429 2.866107 5.751090
v -16.020242 0.698105 6.588368
v -16.020242 0.698105 -0.109868
v -16.020242 0.698105 1.564693
v -16.020242 0.698105 4.913809
v -16.020242 0.698105 0.727413
v -16.020242 0.698105 5.751090
v -18.687308 2.866107 6.960492
v -18.687308 4.961483 6.960492
v -18.687308 5.182026 6.960492
v -18.687308 7.167130 6.960492
v -18.687308 7.387673 6.960492
v -18.687308 9.372778 6.960492
v -18.687308 9.593321 6.960492
v -18.687308 11.688694 6.960492
v -18.687308 11.956541 6.960492
v -18.687308 11.956541 -0.481993
v -18.687308 11.688694 -0.481993
v -18.687308 9.593321 -0.481993
v -18.687308 9.372778 -0.481993
v -18.687308 7.387673 -0.481993
v -18.687308 7.167130 -0.481993
v -18.687308 5.182026 -0.481993
v -18.687308 4.961483 -0.481993
v -18.687308 2.866107 -0.481993
v -18.687308 0.698105 -0.109868
v -18.687308 0.698105 0.727413
v -18.687308 0.698105 1.564694
v -18.687308 0.698105 4.913809
v -18.687308 0.698105 5.751090
v -18.687308 0.698105 6.588368
v -16.020242 0.698105 6.588368
v -16.020242 0.698105 -0.109868
v -16.020242 0.698105 1.564693
v -16.020242 0.698105 4.913809
v -16.020242 0.698105 0.727413
v -16.020242 0.698105 5.751090
v -18.687308 0.698105 6.588368
v -18.687308 0.698105 5.751090
v -18.687308 0.698105 4.913809
v -18.687308 0.698105 1.564694
v -18.687308 0.698105 -0.109868
v -18.687308 0.698105 0.727413
v -16.020242 0.439958 6.960492
v -16.020242 0.439958 6.588368
v -15.627886 0.439958 6.588368
v -15.627886 0.439958 6.960492
v -15.627886 0.439958 -0.109868
v -16.020242 0.439958 -0.109868
v -16.020242 0.439958 -0.481993
v -15.627886 0.439958 -0.481993
v -16.020242 0.439958 1.564693
v -15.627886 0.439958 1.564693
v -15.627886 0.439958 4.913809
v -16.020242 0.439958 4.913809
v -15.627886 0.439958 0.727413
v -16.020242 0.439958 0.727413
v -16.020242 0.439958 5.751090
v -15.627886 0.439958 5.751090
v -19.040429 0.439958 6.960492
v -19.040429 0.439958 6.588368
v -18.687308 0.439958 6.588368
v -18.687308 0.439958 6.960492
v -19.040429 0.439958 5.751090
v -18.687308 0.439958 5.751090
v -18.687308 0.439958 4.913809
v -19.040429 0.439958 4.913809
v -18.687308 0.439958 1.564694
v -19.040429 0.439958 1.564693
v -18.687308 0.439958 -0.109868
v -18.687308 0.439958 0.727413
v -19.040429 0.439958 0.727413
v -19.040429 0.439958 -0.109868
v -18.687308 0.439958 -0.481993
v -19.040429 0.439958 -0.481993
v -16.020242 0.181812 6.960492
v -16.020242 0.181812 6.588368
v -15.627886 0.181812 6.588368
v -15.627886 0.181812 6.960492
v -19.040429 0.181812 6.960492
v -19.040429 0.181812 6.588368
v -18.687308 0.181812 6.588368
v -18.687308 0.181812 6.960492
v -15.627886 0.181812 -0.109868
v -16.020242 0.181812 -0.109868
v -16.020242 0.181812 -0.481993
v -15.627886 0.181812 -0.481993
v -18.687308 0.181812 -0.481993
v -18.687308 0.181812 -0.109868
v -19.040429 0.181812 -0.109868
v -19.040429 0.181812 -0.481993
v -16.020242 0.532765 6.960492
v -15.627886 0.532765 6.960492
v -15.627886 0.532765 6.588368
v -15.627886 0.532765 5.751090
v -15.627886 0.532765 4.913809
v -15.627886 0.532765 1.564693
v -15.627886 0.532765 0.727413
v -15.627886 0.532765 -0.109868
v -15.627886 0.532765 -0.481993
v -16.020242 0.532765 -0.481993
v -18.687308 0.532765 -0.481993
v -19.040429 0.532765 -0.481993
v -19.040429 0.532765 -0.109868
v -19.040429 0.532765 0.727413
v -19.040429 0.532765 1.564693
v -19.040429 0.532765 4.913809
v -19.040429 0.532765 5.751090
v -19.040429 0.532765 6.588368
v -19.040429 0.532765 6.960492
v -18.687308 0.532765 6.960492
v -16.020242 0.699817 6.960492
v -15.627886 0.699817 6.960492
v -15.627886 0.699817 6.588368
v -15.627886 0.699817 5.751090
v -15.627886 0.699817 4.913809
v -15.627886 0.699817 1.564693
v -15.627886 0.699817 0.727413
v -15.627886 0.699817 -0.109868
v -15.627886 0.699817 -0.481993
v -16.020242 0.699817 -0.481993
v -18.687308 0.699817 -0.481993
v -19.040429 0.699817 -0.481993
v -19.040429 0.699817 -0.109868
v -19.040429 0.699817 0.727413
v -19.040429 0.699817 1.564693
v -19.040429 0.699817 4.913809
v -19.040429 0.699817 5.751090
v -19.040429 0.699817 6.588368
v -19.040429 0.699817 6.960492
v -18.687308 0.699817 6.960492
v -15.524627 0.679168 6.960492
v -15.530675 0.693769 6.960492
v -15.545276 0.699817 6.960492
v -15.545276 0.699817 6.588368
v -15.530675 0.693769 6.588368
v -15.524627 0.679168 6.588368
v -15.545276 0.699817 5.751090
v -15.530675 0.693769 5.751090
v -15.524627 0.679168 5.751090
v -15.545276 0.699817 4.913809
v -15.530675 0.693769 4.913809
v -15.524627 0.679168 4.913809
v -15.545276 0.699817 1.564693
v -15.530675 0.693769 1.564693
v -15.524627 0.679168 1.564693
v -15.545276 0.699817 0.727413
v -15.530675 0.693769 0.727413
v -15.524627 0.679168 0.727413
v -15.545276 0.699817 -0.109868
v -15.530675 0.693769 -0.109868
v -15.524627 0.679168 -0.109868
v -15.545276 0.699817 -0.481993
v -15.530675 0.693769 -0.481993
v -15.524627 0.679168 -0.481993
v -15.627886 0.679168 -0.585253
v -15.627886 0.693769 -0.579202
v -15.627886 0.699817 -0.564600
v -16.020242 0.699817 -0.564600
v -16.020242 0.693769 -0.579202
v -16.020242 0.679168 -0.585253
v -18.687308 0.699817 -0.564600
v -18.687308 0.693769 -0.579202
v -18.687308 0.679168 -0.585253
v -19.040429 0.699817 -0.564600
v -19.040429 0.693769 -0.579202
v -19.040429 0.679168 -0.585253
v -15.545276 0.699817 -0.564600
v -15.530675 0.693769 -0.579202
v -15.524627 0.679168 -0.585253
v -19.143688 0.679168 -0.481993
v -19.137640 0.693769 -0.481993
v -19.123039 0.699817 -0.481993
v -19.123039 0.699817 -0.109868
v -19.137640 0.693769 -0.109868
v -19.143688 0.679168 -0.109868
v -19.123039 0.699817 0.727413
v -19.137640 0.693769 0.727413
v -19.143688 0.679168 0.727413
v -19.123039 0.699817 1.564693
v -19.137640 0.693769 1.564693
v -19.143688 0.679168 1.564693
v -19.123039 0.699817 4.913809
v -19.137640 0.693769 4.913809
v -19.143688 0.679168 4.913809
v -19.123039 0.699817 5.751090
v -19.137640 0.693769 5.751090
v -19.143688 0.679168 5.751090
v -19.123039 0.699817 6.588368
v -19.137640 0.693769 6.588368
v -19.143688 0.679168 6.588368
v -19.123039 0.699817 6.960492
v -19.137640 0.693769 6.960492
v -19.143688 0.679168 6.960492
v -19.123039 0.699817 -0.564600
v -19.137640 0.693769 -0.579202
v -19.143688 0.679168 -0.585253
v -16.020242 0.679168 7.063751
v -16.020242 0.693769 7.057704
v -16.020242 0.699817 7.043102
v -15.627886 0.699817 7.043102
v -15.627886 0.693769 7.057704
v -15.627886 0.679168 7.063751
v -19.040429 0.679168 7.063751
v -19.040429 0.693769 7.057704
v -19.040429 0.699817 7.043102
v -18.687308 0.699817 7.043102
v -18.687308 0.693769 7.057704
v -18.687308 0.679168 7.063751
v -15.524627 0.679168 7.063751
v -15.530675 0.693769 7.057704
v -15.545276 0.699817 7.043102
v -19.123039 0.699817 7.043102
v -19.137640 0.693769 7.057704
v -19.143688 0.679168 7.063751
v -15.545276 0.532765 6.960492
v -15.530675 0.538813 6.960492
v -15.524627 0.553415 6.960492
v -15.545276 0.532765 6.588368
v -15.530675 0.538813 6.588368
v -15.524627 0.553415 6.588368
v -15.545276 0.532765 5.751090
v -15.530675 0.538813 5.751090
v -15.524627 0.553415 5.751090
v -15.545276 0.532765 4.913809
v -15.530675 0.538813 4.913809
v -15.524627 0.553415 4.913809
v -15.545276 0.532765 1.564693
v -15.530675 0.538813 1.564693
v -15.524627 0.553415 1.564693
v -15.545276 0.532765 0.727413
v -15.530675 0.538813 0.727413
v -15.524627 0.553415 0.727413
v -15.545276 0.532765 -0.109868
v -15.530675 0.538813 -0.109868
v -15.524627 0.553415 -0.109868
v -15.545276 0.532765 -0.481993
v -15.530675 0.538813 -0.481993
v -15.524627 0.553415 -0.481993
v -15.627886 0.532765 -0.564600
v -15.627886 0.538813 -0.579202
v -15.627886 0.553415 -0.585253
v -16.020242 0.532765 -0.564600
v -16.020242 0.538813 -0.579202
v -16.020242 0.553415 -0.585253
v -18.687308 0.532765 -0.564600
v -18.687308 0.538813 -0.579202
v -18.687308 0.553415 -0.585253
v -19.040429 0.532765 -0.564600
v -19.040429 0.538813 -0.579202
v -19.040429 0.553415 -0.585253
v -15.545276 0.532765 -0.564600
v -15.530675 0.538813 -0.579202
v -15.524627 0.553415 -0.585253
v -19.123039 0.532765 -0.481993
v -19.137640 0.538813 -0.481993
v -19.143688 0.553415 -0.481993
v -19.123039 0.532765 -0.109868
v -19.137640 0.538813 -0.109868
v -19.143688 0.553415 -0.109868
v -19.123039 0.532765 0.727413
v -19.137640 0.538813 0.727413
v -19.143688 0.553415 0.727413
v -19.123039 0.532765 1.564693
v -19.137640 0.538813 1.564693
v -19.143688 0.553415 1.564693
v -19.123039 0.532765 4.913809
v -19.137640 0.538813 4.913809
v -19.143688 0.553415 4.913809
v -19.123039 0.532765 5.751090
v -19.137640 0.538813 5.751090
v -19.143688 0.553415 5.751090
v -19.123039 0.532765 6.588368
v -19.137640 0.538813 6.588368
v -19.143688 0.553415 6.588368
v -19.123039 0.532765 6.960492
v -19.137640 0.538813 6.960492
v -19.143688 0.553415 6.960492
v -19.123039 0.532765 -0.564600
v -19.137640 0.538813 -0.579202
v -19.143688 0.553415 -0.585253
v -16.020242 0.532765 7.043102
v -16.020242 0.538813 7.057704
v -16.020242 0.553415 7.063751
v -15.627886 0.532765 7.043102
v -15.627886 0.538813 7.057704
v -15.627886 0.553415 7.063751
v -19.040429 0.532765 7.043102
v -19.040429 0.538813 7.057704
v -19.040429 0.553415 7.063751
v -18.687308 0.532765 7.043102
v -18.687308 0.538813 7.057704
v -18.687308 0.553415 7.063751
v -15.545276 0.532765 7.043102
v -15.530675 0.538813 7.057704
v -15.524627 0.553415 7.063751
v -19.123039 0.532765 7.043102
v -19.137640 0.538813 7.057704
v -19.143688 0.553415 7.063751
v -16.020242 1.782962 6.960492
v -15.627886 1.782962 6.960492
v -15.627886 1.782962 6.588368
v -15.627886 1.782962 5.751090
v -15.627886 1.782962 4.913809
v -15.627886 1.782962 1.564693
v -15.627886 1.782962 0.727413
v -15.627886 1.782962 -0.109868
v -15.627886 1.782962 -0.481993
v -16.020242 1.782962 -0.481993
v -18.687308 1.782962 -0.481993
v -19.040429 1.782962 -0.481993
v -19.040429 1.782962 -0.109868
v -19.040429 1.782962 0.727413
v -19.040429 1.782962 1.564693
v -19.040429 1.782962 4.913809
v -19.040429 1.782962 5.751090
v -19.040429 1.782962 6.588368
v -19.040429 1.782962 6.960492
v -18.687308 1.782962 6.960492
v -16.020242 1.241390 6.960492
v -15.627886 1.241390 6.960492
v -15.627886 1.241390 6.588368
v -15.627886 1.241390 5.751090
v -15.627886 1.241390 4.913809
v -15.627886 1.241390 1.564693
v -15.627886 1.241390 0.727413
v -15.627886 1.241390 -0.109868
v -15.627886 1.241390 -0.481993
v -16.020242 1.241390 -0.481993
v -18.687308 1.241390 -0.481993
v -19.040429 1.241390 -0.481993
v -19.040429 1.241390 -0.109868
v -19.040429 1.241390 0.727413
v -19.040429 1.241390 1.564693
v -19.040429 1.241390 4.913809
v -19.040429 1.241390 5.751090
v -19.040429 1.241390 6.588368
v -19.040429 1.241390 6.960492
v -18.687308 1.241390 6.960492
v -16.020242 2.324534 6.960492
v -15.627886 2.324534 6.960492
v -15.627886 2.324534 6.588368
v -15.627886 2.324534 5.751090
v -15.627886 2.324534 4.913809
v -15.627886 2.324534 1.564693
v -15.627886 2.324534 0.727413
v -15.627886 2.324534 -0.109868
v -15.627886 2.324534 -0.481993
v -16.020242 2.324534 -0.481993
v -18.687308 2.324534 -0.481993
v -19.040429 2.324534 -0.481993
v -19.040429 2.324534 -0.109868
v -19.040429 2.324534 0.727413
v -19.040429 2.324534 1.564693
v -19.040429 2.324534 4.913809
v -19.040429 2.324534 5.751090
v -19.040429 2.324534 6.588368
v -19.040429 2.324534 6.960492
v -18.687308 2.324534 6.960492
v -15.627886 11.956541 3.071795
v -19.040429 11.956541 3.071795
v -19.040429 11.688694 3.071795
v -19.040429 9.593321 3.071795
v -19.040429 9.372778 3.071795
v -19.040429 7.387673 3.071795
v -19.040429 7.167130 3.071795
v -19.040429 5.182026 3.071795
v -19.040429 4.961483 3.071795
v -19.040429 2.866107 3.071795
v -19.040429 2.324534 3.071795
v -19.040429 1.782962 3.071795
v -19.040429 1.241390 3.071795
v -19.040429 0.699817 3.071795
v -19.123039 0.699817 3.071795
v -19.137640 0.693769 3.071795
v -19.143688 0.679168 3.071795
v -19.143688 0.553415 3.071795
v -19.137640 0.538813 3.071795
v -19.123039 0.532765 3.071795
v -19.040429 0.532765 3.071795
v -19.040429 0.439958 3.071795
v -18.687308 0.439958 3.071795
v -18.687308 0.698105 3.071795
v -16.020242 0.698105 3.071795
v -16.020242 0.439958 3.071795
v -15.627886 0.439958 3.071795
v -15.627886 0.532766 3.071795
v -15.545276 0.532766 3.071795
v -15.530675 0.538814 3.071795
v -15.524627 0.553415 3.071795
v -15.524627 0.679168 3.071795
v -15.530675 0.693769 3.071795
v -15.545276 0.699817 3.071795
v -15.627886 0.699817 3.071795
v -15.627886 1.241390 3.071795
v -15.627886 1.782963 3.071795
v -15.627886 2.324534 3.071795
v -15.627886 2.866107 3.071795
v -18.437312 2.866107 3.071795
v -18.437312 4.961483 3.071795
v -15.627886 4.961483 3.071795
v -15.627886 5.182026 3.071795
v -18.437312 5.182026 3.071795
v -18.437312 7.167130 3.071795
v -15.627886 7.167130 3.071795
v -15.627886 7.387673 3.071795
v -18.437312 7.387673 3.071795
v -18.437312 9.372778 3.071795
v -15.627886 9.372778 3.071795
v -15.627886 9.593321 3.071795
v -15.908828 9.593321 3.071795
v -18.437312 9.593321 3.071795
v -18.437312 11.688694 3.071795
v -15.908828 11.688694 3.071795
v -15.908828 11.513965 3.071795
v -15.627886 11.513965 3.071795
v -15.627886 11.688694 3.071795
v -15.627886 2.866107 3.406709
v -15.627886 2.324534 3.406709
v -15.627886 1.782962 3.406709
v -15.627886 1.241390 3.406709
v -15.627886 0.699817 3.406709
v -15.545276 0.699817 3.406709
v -15.530675 0.693769 3.406709
v -15.524627 0.679168 3.406709
v -15.524627 0.553415 3.406709
v -15.530675 0.538813 3.406709
v -15.545276 0.532765 3.406709
v -15.627886 0.532765 3.406709
v -15.627886 0.439958 3.406709
v -16.020242 0.439958 3.406709
v -16.020242 0.698105 3.406709
v -18.687308 0.698105 3.406709
v -18.687308 0.439958 3.406709
v -19.040429 0.439958 3.406709
v -19.040429 0.532766 3.406709
v -19.123039 0.532766 3.406709
v -19.137640 0.538814 3.406709
v -19.143688 0.553415 3.406709
v -19.143688 0.679168 3.406709
v -19.137640 0.693769 3.406709
v -19.123039 0.699817 3.406709
v -19.040429 0.699817 3.406709
v -19.040429 1.241390 3.406709
v -19.040429 1.782963 3.406709
v -19.040429 2.324534 3.406709
v -19.040429 2.866107 3.406709
v -19.040429 4.961483 3.406709
v -19.040429 5.182026 3.406709
v -19.040429 7.167130 3.406709
v -19.040429 7.387673 3.406709
v -19.040429 9.372778 3.406709
v -19.040429 9.593321 3.406709
v -19.040429 11.688694 3.406709
v -19.040429 11.956541 3.406709
v -15.627886 11.956541 3.406709
v -15.627886 11.688694 3.406709
v -15.627886 11.513965 3.406709
v -15.908828 11.513965 3.406709
v -15.908828 11.688694 3.406709
v -18.437312 11.688694 3.406709
v -18.437312 9.593321 3.406709
v -15.908828 9.593321 3.406709
v -15.627886 9.593321 3.406709
v -15.627886 9.372778 3.406709
v -18.437312 9.372778 3.406709
v -18.437312 7.387673 3.406709
v -15.627886 7.387673 3.406709
v -15.627886 7.167130 3.406709
v -18.437312 7.167130 3.406709
v -18.437312 5.182026 3.406709
v -15.627886 5.182026 3.406709
v -15.627886 4.961483 3.406709
v -18.437312 4.961483 3.406709
v -18.437312 2.866107 3.406709
v -15.627886 12.463957 6.960492
v -15.627886 12.463957 6.588368
v -16.020242 12.463958 6.588368
v -16.020242 12.463957 6.960492
v -16.020242 12.463957 -0.481993
v -16.020242 12.463958 -0.109868
v -15.627886 12.463957 -0.109868
v -15.627886 12.463957 -0.481993
v -16.020242 12.463958 3.406709
v -15.627886 12.463957 3.406709
v -15.627886 12.463957 3.071795
v -16.020242 12.463958 3.071795
v -16.020242 12.463958 0.727413
v -15.627886 12.463957 0.727413
v -15.627886 12.463957 5.751090
v -16.020242 12.463958 5.751090
v -19.040429 12.463957 -0.109868
v -18.687308 12.463958 -0.109868
v -18.687308 12.463957 -0.481993
v -19.040429 12.463957 -0.481993
v -19.040429 12.463957 0.727413
v -18.687308 12.463958 0.727413
v -19.040429 12.463957 3.406709
v -19.040429 12.463957 3.071795
v -18.687308 12.463958 3.406709
v -18.687308 12.463958 3.071795
v -18.687308 12.463958 6.588368
v -19.040429 12.463957 6.588368
v -18.687308 12.463958 5.751090
v -19.040429 12.463957 5.751090
v -18.687308 12.463957 6.960492
v -19.040429 12.463957 6.960492
v -18.687308 12.463958 1.564693
v -19.040429 12.463957 1.564693
v -16.020242 12.463958 1.564693
v -15.627886 12.463957 1.564693
v -16.020242 12.463958 4.913809
v -15.627886 12.463957 4.913809
v -18.687308 12.463958 4.913809
v -19.040429 12.463957 4.913809
v -15.369739 12.463957 6.588368
v -15.369739 12.463957 6.960492
v -15.369739 12.463957 -0.481993
v -15.369739 12.463957 -0.109868
v -15.369739 12.463957 3.071795
v -15.369739 12.463957 3.406711
v -15.369739 12.463957 0.727413
v -15.369739 12.463957 5.751090
v -15.369739 12.463957 1.564693
v -15.369739 12.463957 4.913809
v -16.020242 12.463957 -0.791769
v -15.627885 12.463957 -0.791769
v -19.040429 12.463957 -0.791769
v -18.687308 12.463957 -0.791769
v -15.369739 12.463957 -0.791769
v -19.350206 12.463957 -0.109868
v -19.350206 12.463957 -0.481993
v -19.350206 12.463957 0.727413
v -19.350205 12.463957 3.406709
v -19.350205 12.463957 3.071795
v -19.350205 12.463957 6.588368
v -19.350205 12.463957 5.751090
v -19.350205 12.463957 6.960492
v -19.350206 12.463957 1.564694
v -19.350206 12.463957 4.913809
v -19.350206 12.463957 -0.791769
v -15.627886 12.463957 7.270269
v -16.020242 12.463957 7.270269
v -18.687308 12.463957 7.270269
v -19.040429 12.463957 7.270269
v -15.369739 12.463957 7.270269
v -19.350206 12.463957 7.270269
v -15.411122 12.143203 6.960492
v -15.369739 12.233453 6.960492
v -15.369739 12.233453 6.588368
v -15.411122 12.143203 6.588368
v -15.411122 12.143203 -0.109868
v -15.369739 12.233453 -0.109868
v -15.369739 12.233453 -0.481993
v -15.411122 12.143203 -0.481993
v -15.411122 12.143203 3.406711
v -15.369739 12.233453 3.406711
v -15.369739 12.233453 3.071795
v -15.411122 12.143203 3.071795
v -15.411122 12.143203 0.727413
v -15.369739 12.233453 0.727413
v -15.369739 12.233453 5.751090
v -15.411122 12.143203 5.751090
v -15.411122 12.143203 1.564693
v -15.369739 12.233453 1.564693
v -15.369739 12.233453 4.913809
v -15.411122 12.143203 4.913809
v -15.627885 12.146307 -0.746434
v -15.627885 12.234639 -0.791769
v -16.020242 12.234639 -0.791769
v -16.020242 12.146307 -0.746434
v -18.687308 12.146307 -0.746434
v -18.687308 12.234639 -0.791769
v -19.040429 12.234639 -0.791769
v -19.040429 12.146307 -0.746434
v -15.369739 12.235573 -0.791769
v -15.408149 12.145763 -0.745677
v -19.350206 12.234639 -0.109868
v -19.304872 12.146307 -0.109868
v -19.304872 12.146307 -0.481993
v -19.350206 12.234639 -0.481993
v -19.350206 12.234639 0.727413
v -19.304872 12.146307 0.727413
v -19.350206 12.234639 3.406709
v -19.304872 12.146307 3.406709
v -19.304872 12.146307 3.071795
v -19.350206 12.234639 3.071795
v -19.350206 12.234639 6.588368
v -19.304872 12.146307 6.588368
v -19.304872 12.146307 5.751090
v -19.350206 12.234639 5.751090
v -19.350205 12.234639 6.960492
v -19.304871 12.146307 6.960492
v -19.350206 12.234639 1.564694
v -19.304872 12.146307 1.564694
v -19.304871 12.146307 4.913809
v -19.350206 12.234639 4.913809
v -19.350206 12.234639 -0.791769
v -19.304871 12.146307 -0.746434
v -15.627886 12.234639 7.270269
v -15.627886 12.146307 7.224936
v -16.020242 12.146307 7.224936
v -16.020242 12.234639 7.270269
v -18.687308 12.234639 7.270269
v -18.687308 12.146307 7.224936
v -19.040429 12.146307 7.224936
v -19.040429 12.234639 7.270269
v -15.369739 12.235573 7.270269
v -15.408149 12.145763 7.224177
v -19.350206 12.234639 7.270269
v -19.304871 12.146307 7.224936
vt 0.875000 0.250000
vt 0.125000 0.250000
vt 0.125000 0.012500
vt 0.625000 0.737500
vt 0.375000 0.512500
vt 0.875000 0.237500
vt 0.125000 0.127812
vt 0.375000 0.627812
vt 0.625000 0.622188
vt 0.875000 0.122188
vt 0.375000 0.684062
vt 0.125000 0.071562
vt 0.875000 0.065938
vt 0.625000 0.678438
vt 0.125000 0.184062
vt 0.375000 0.571562
vt 0.625000 0.565938
vt 0.875000 0.178438
vt 0.375000 0.071562
vt 0.125000 0.122188
vt 0.387500 0.627812
vt 0.375000 0.678438
vt 0.612500 0.678438
vt 0.625000 0.627812
vt 0.875000 0.071562
vt 0.625000 0.122188
vt 0.612500 0.122188
vt 0.625000 0.071562
vt 0.387500 0.071562
vt 0.375000 0.122188
vt 0.375000 0.127812
vt 0.125000 0.178438
vt 0.387500 0.127812
vt 0.375000 0.178438
vt 0.612500 0.178438
vt 0.625000 0.127812
vt 0.875000 0.127812
vt 0.625000 0.178438
vt 0.612500 0.622188
vt 0.625000 0.571562
vt 0.387500 0.571562
vt 0.375000 0.622188
vt 0.375000 0.012500
vt 0.125000 0.065938
vt 0.387500 0.012500
vt 0.375000 0.065938
vt 0.612500 0.065938
vt 0.625000 0.012500
vt 0.875000 0.012500
vt 0.625000 0.065938
vt 0.612500 0.737500
vt 0.625000 0.684062
vt 0.387500 0.684062
vt 0.375000 0.737500
vt 0.375000 0.184062
vt 0.125000 0.237500
vt 0.387500 0.512500
vt 0.375000 0.565938
vt 0.612500 0.565938
vt 0.625000 0.512500
vt 0.875000 0.184062
vt 0.625000 0.237500
vt 0.612500 0.237500
vt 0.625000 0.184062
vt 0.387500 0.184062
vt 0.375000 0.237500
vt 0.612500 0.071562
vt 0.612500 0.012500
vt 0.612500 0.684062
vt 0.612500 0.627812
vt 0.612500 0.571562
vt 0.612500 0.512500
vt 0.612500 0.184062
vt 0.612500 0.127812
vt 0.387500 0.065938
vt 0.387500 0.122188
vt 0.387500 0.178438
vt 0.387500 0.237500
vt 0.387500 0.565938
vt 0.387500 0.622188
vt 0.387500 0.678438
vt 0.387500 0.737500
vt 0.612500 0.071562
vt 0.612500 0.122188
vt 0.612500 0.012500
vt 0.612500 0.065938
vt 0.612500 0.184062
vt 0.612500 0.237500
vt 0.612500 0.127812
vt 0.612500 0.178438
vt 0.387500 0.065938
vt 0.387500 0.012500
vt 0.387500 0.122188
vt 0.387500 0.071562
vt 0.387500 0.178438
vt 0.387500 0.127812
vt 0.387500 0.237500
vt 0.387500 0.184062
vt 0.556250 0.012500
vt 0.556250 0.184062
vt 0.556250 0.184062
vt 0.556250 0.012500
vt 0.556250 0.237500
vt 0.556250 0.065938
vt 0.556250 0.065938
vt 0.556250 0.237500
vt 0.556250 0.071562
vt 0.556250 0.071562
vt 0.556250 0.122188
vt 0.556250 0.122188
vt 0.556250 0.127812
vt 0.443750 0.178438
vt 0.443750 0.178438
vt 0.556250 0.127812
vt 0.443750 0.127812
vt 0.556250 0.178438
vt 0.556250 0.178438
vt 0.443750 0.127812
vt 0.556250 0.184062
vt 0.443750 0.065938
vt 0.443750 0.065938
vt 0.556250 0.184062
vt 0.443750 0.012500
vt 0.556250 0.237500
vt 0.556250 0.237500
vt 0.443750 0.012500
vt 0.556250 0.512500
vt 0.556250 0.565938
vt 0.556250 0.571562
vt 0.556250 0.622188
vt 0.556250 0.627812
vt 0.556250 0.678438
vt 0.556250 0.684062
vt 0.556250 0.737500
vt 0.443750 0.012500
vt 0.556250 0.178438
vt 0.443750 0.737500
vt 0.443750 0.684062
vt 0.443750 0.678438
vt 0.443750 0.627812
vt 0.443750 0.622188
vt 0.443750 0.571562
vt 0.443750 0.565938
vt 0.443750 0.512500
vt 0.443750 0.237500
vt 0.443750 0.122188
vt 0.443750 0.122188
vt 0.443750 0.237500
vt 0.443750 0.071562
vt 0.443750 0.184062
vt 0.443750 0.184062
vt 0.443750 0.071562
vt 0.443750 0.178438
vt 0.443750 0.237500
vt 0.443750 0.237500
vt 0.443750 0.178438
vt 0.443750 0.184062
vt 0.443750 0.127812
vt 0.443750 0.127812
vt 0.443750 0.184062
vt 0.443750 0.122188
vt 0.556250 0.012500
vt 0.556250 0.012500
vt 0.443750 0.122188
vt 0.556250 0.065938
vt 0.443750 0.071562
vt 0.443750 0.071562
vt 0.556250 0.065938
vt 0.443750 0.065938
vt 0.556250 0.127812
vt 0.556250 0.127812
vt 0.443750 0.065938
vt 0.556250 0.178438
vt 0.443750 0.012500
vt 0.350000 0.250000
vt 0.350000 0.237500
vt 0.350000 0.184062
vt 0.350000 0.178438
vt 0.350000 0.127812
vt 0.350000 0.122188
vt 0.350000 0.071562
vt 0.350000 0.065938
vt 0.350000 0.012500
vt 0.387500 0.975000
vt 0.443750 0.975000
vt 0.556250 0.975000
vt 0.612500 0.975000
vt 0.650000 0.012500
vt 0.650000 0.065938
vt 0.650000 0.071562
vt 0.650000 0.122188
vt 0.650000 0.127812
vt 0.650000 0.178438
vt 0.650000 0.184062
vt 0.650000 0.237500
vt 0.650000 0.250000
vt 0.612500 0.275000
vt 0.556250 0.275000
vt 0.443750 0.275000
vt 0.387500 0.275000
vt 0.387500 0.012500
vt 0.387500 0.065938
vt 0.443750 0.065938
vt 0.443750 0.071562
vt 0.387500 0.071562
vt 0.387500 0.122188
vt 0.443750 0.122188
vt 0.443750 0.012500
vt 0.443750 0.012500
vt 0.443750 0.012500
vt 0.443750 0.122188
vt 0.443750 0.122188
vt 0.387500 0.012500
vt 0.387500 0.012500
vt 0.387500 0.122188
vt 0.387500 0.122188
vt 0.584375 0.012500
vt 0.584375 0.184062
vt 0.584375 0.975000
vt 0.584375 0.737500
vt 0.584375 0.684062
vt 0.584375 0.678438
vt 0.584375 0.627812
vt 0.584375 0.622188
vt 0.584375 0.571562
vt 0.584375 0.565938
vt 0.584375 0.512500
vt 0.584375 0.275000
vt 0.584375 0.237500
vt 0.415625 0.012500
vt 0.415625 0.012500
vt 0.415625 0.012500
vt 0.415625 0.012500
vt 0.415625 0.012500
vt 0.584375 0.237500
vt 0.415625 0.065938
vt 0.584375 0.184062
vt 0.415625 0.065938
vt 0.584375 0.184062
vt 0.415625 0.065938
vt 0.584375 0.178438
vt 0.415625 0.127812
vt 0.415625 0.127812
vt 0.584375 0.178438
vt 0.415625 0.178438
vt 0.584375 0.127812
vt 0.584375 0.127812
vt 0.415625 0.178438
vt 0.584375 0.122188
vt 0.584375 0.122188
vt 0.584375 0.071562
vt 0.584375 0.071562
vt 0.584375 0.065938
vt 0.584375 0.237500
vt 0.584375 0.237500
vt 0.584375 0.065938
vt 0.584375 0.184062
vt 0.584375 0.012500
vt 0.415625 0.012500
vt 0.584375 0.178438
vt 0.584375 0.178438
vt 0.415625 0.012500
vt 0.584375 0.127812
vt 0.415625 0.065938
vt 0.415625 0.065938
vt 0.584375 0.127812
vt 0.415625 0.071562
vt 0.584375 0.065938
vt 0.584375 0.065938
vt 0.415625 0.071562
vt 0.584375 0.012500
vt 0.415625 0.122188
vt 0.415625 0.122188
vt 0.584375 0.012500
vt 0.415625 0.127812
vt 0.415625 0.184062
vt 0.415625 0.184062
vt 0.415625 0.127812
vt 0.415625 0.237500
vt 0.415625 0.178438
vt 0.415625 0.178438
vt 0.415625 0.237500
vt 0.415625 0.184062
vt 0.415625 0.071562
vt 0.415625 0.071562
vt 0.415625 0.071562
vt 0.415625 0.184062
vt 0.415625 0.122188
vt 0.415625 0.237500
vt 0.415625 0.122188
vt 0.415625 0.122188
vt 0.415625 0.122188
vt 0.415625 0.237500
vt 0.415625 0.122188
vt 0.415625 0.275000
vt 0.415625 0.512500
vt 0.415625 0.565938
vt 0.415625 0.571562
vt 0.415625 0.622188
vt 0.415625 0.627812
vt 0.415625 0.678438
vt 0.415625 0.684062
vt 0.415625 0.737500
vt 0.415625 0.975000
vt 0.147500 0.012500
vt 0.147500 0.065938
vt 0.147500 0.071562
vt 0.147500 0.122188
vt 0.147500 0.127812
vt 0.147500 0.178438
vt 0.147500 0.184062
vt 0.147500 0.237500
vt 0.147500 0.250000
vt 0.387500 0.477500
vt 0.415625 0.477500
vt 0.443750 0.477500
vt 0.556250 0.477500
vt 0.584375 0.477500
vt 0.612500 0.477500
vt 0.852500 0.250000
vt 0.852500 0.237500
vt 0.852500 0.184062
vt 0.852500 0.178438
vt 0.852500 0.127812
vt 0.852500 0.122188
vt 0.852500 0.071562
vt 0.852500 0.065938
vt 0.852500 0.012500
vt 0.612500 0.772500
vt 0.584375 0.772500
vt 0.556250 0.772500
vt 0.443750 0.772500
vt 0.415625 0.772500
vt 0.387500 0.772500
vt 0.556250 0.975000
vt 0.443750 0.975000
vt 0.584375 0.975000
vt 0.612500 0.975000
vt 0.387500 0.975000
vt 0.415625 0.975000
vt 0.415625 0.772500
vt 0.387500 0.772500
vt 0.443750 0.772500
vt 0.556250 0.772500
vt 0.612500 0.772500
vt 0.584375 0.772500
vt 0.387500 1.000000
vt 0.375000 1.000000
vt 0.375000 0.975000
vt 0.625000 0.975000
vt 0.625000 1.000000
vt 0.612500 1.000000
vt 0.556250 0.975000
vt 0.556250 1.000000
vt 0.443750 0.975000
vt 0.443750 1.000000
vt 0.584375 0.975000
vt 0.612500 0.975000
vt 0.584375 1.000000
vt 0.387500 0.975000
vt 0.415625 0.975000
vt 0.415625 1.000000
vt 0.375000 0.750000
vt 0.387500 0.750000
vt 0.375000 0.772500
vt 0.415625 0.772500
vt 0.387500 0.772500
vt 0.415625 0.750000
vt 0.443750 0.772500
vt 0.443750 0.750000
vt 0.556250 0.772500
vt 0.556250 0.750000
vt 0.612500 0.772500
vt 0.584375 0.772500
vt 0.584375 0.750000
vt 0.612500 0.750000
vt 0.625000 0.750000
vt 0.625000 0.772500
vt 0.387500 0.975000
vt 0.387500 1.000000
vt 0.375000 1.000000
vt 0.375000 0.975000
vt 0.612500 1.000000
vt 0.612500 0.975000
vt 0.625000 0.975000
vt 0.625000 1.000000
vt 0.375000 0.750000
vt 0.387500 0.750000
vt 0.387500 0.772500
vt 0.375000 0.772500
vt 0.612500 0.772500
vt 0.612500 0.750000
vt 0.625000 0.750000
vt 0.625000 0.772500
vt 0.387500 1.000000
vt 0.387500 1.000000
vt 0.415625 1.000000
vt 0.415625 1.000000
vt 0.443750 1.000000
vt 0.443750 1.000000
vt 0.556250 1.000000
vt 0.556250 1.000000
vt 0.584375 1.000000
vt 0.584375 1.000000
vt 0.612500 1.000000
vt 0.612500 1.000000
vt 0.625000 1.000000
vt 0.625000 1.000000
vt 0.625000 0.975000
vt 0.625000 0.975000
vt 0.625000 0.772500
vt 0.625000 0.772500
vt 0.625000 0.750000
vt 0.625000 1.000000
vt 0.625000 1.000000
vt 0.625000 0.750000
vt 0.612500 0.750000
vt 0.612500 0.750000
vt 0.584375 0.750000
vt 0.584375 0.750000
vt 0.556250 0.750000
vt 0.556250 0.750000
vt 0.443750 0.750000
vt 0.443750 0.750000
vt 0.415625 0.750000
vt 0.415625 0.750000
vt 0.387500 0.750000
vt 0.387500 0.750000
vt 0.375000 0.750000
vt 0.625000 0.750000
vt 0.625000 0.750000
vt 0.375000 0.975000
vt 0.375000 1.000000
vt 0.375000 0.750000
vt 0.375000 0.772500
vt 0.375000 0.772500
vt 0.375000 0.975000
vt 0.375000 1.000000
vt 0.375000 1.000000
vt 0.375000 0.750000
vt 0.375000 0.750000
vt 0.375000 1.000000
vt 0.375000 1.000000
vt 0.387500 1.000000
vt 0.415625 1.000000
vt 0.443750 1.000000
vt 0.556250 1.000000
vt 0.584375 1.000000
vt 0.612500 1.000000
vt 0.625000 1.000000
vt 0.625000 1.000000
vt 0.625000 0.975000
vt 0.625000 0.772500
vt 0.625000 0.750000
vt 0.625000 1.000000
vt 0.625000 0.750000
vt 0.612500 0.750000
vt 0.584375 0.750000
vt 0.556250 0.750000
vt 0.443750 0.750000
vt 0.415625 0.750000
vt 0.387500 0.750000
vt 0.375000 0.750000
vt 0.625000 0.750000
vt 0.375000 0.975000
vt 0.375000 1.000000
vt 0.375000 0.750000
vt 0.375000 0.772500
vt 0.375000 1.000000
vt 0.375000 0.750000
vt 0.387500 1.000000
vt 0.375000 1.000000
vt 0.415625 1.000000
vt 0.387500 1.000000
vt 0.443750 1.000000
vt 0.415625 1.000000
vt 0.443750 1.000000
vt 0.556250 1.000000
vt 0.584375 1.000000
vt 0.556250 1.000000
vt 0.612500 1.000000
vt 0.584375 1.000000
vt 0.612500 1.000000
vt 0.625000 0.975000
vt 0.625000 1.000000
vt 0.625000 0.772500
vt 0.625000 0.975000
vt 0.625000 0.772500
vt 0.625000 1.000000
vt 0.625000 1.000000
vt 0.612500 0.750000
vt 0.625000 0.750000
vt 0.584375 0.750000
vt 0.612500 0.750000
vt 0.556250 0.750000
vt 0.584375 0.750000
vt 0.556250 0.750000
vt 0.443750 0.750000
vt 0.415625 0.750000
vt 0.443750 0.750000
vt 0.387500 0.750000
vt 0.415625 0.750000
vt 0.387500 0.750000
vt 0.625000 0.750000
vt 0.625000 0.750000
vt 0.375000 1.000000
vt 0.375000 0.975000
vt 0.375000 0.772500
vt 0.375000 0.750000
vt 0.375000 0.975000
vt 0.375000 0.772500
vt 0.375000 1.000000
vt 0.375000 1.000000
vt 0.375000 0.750000
vt 0.375000 0.750000
vt 0.375000 0.975000
vt 0.375000 1.000000
vt 0.375000 1.000000
vt 0.387500 1.000000
vt 0.387500 1.000000
vt 0.415625 1.000000
vt 0.415625 1.000000
vt 0.443750 1.000000
vt 0.443750 1.000000
vt 0.556250 1.000000
vt 0.556250 1.000000
vt 0.584375 1.000000
vt 0.584375 1.000000
vt 0.612500 1.000000
vt 0.612500 1.000000
vt 0.625000 1.000000
vt 0.625000 1.000000
vt 0.625000 0.975000
vt 0.625000 0.975000
vt 0.625000 0.772500
vt 0.625000 0.772500
vt 0.625000 0.750000
vt 0.625000 0.750000
vt 0.612500 0.750000
vt 0.612500 0.750000
vt 0.584375 0.750000
vt 0.584375 0.750000
vt 0.556250 0.750000
vt 0.556250 0.750000
vt 0.443750 0.750000
vt 0.443750 0.750000
vt 0.415625 0.750000
vt 0.415625 0.750000
vt 0.387500 0.750000
vt 0.387500 0.750000
vt 0.375000 0.750000
vt 0.375000 0.750000
vt 0.375000 0.772500
vt 0.375000 0.772500
vt 0.375000 0.975000
vt 0.375000 1.000000
vt 0.375000 1.000000
vt 0.625000 1.000000
vt 0.625000 1.000000
vt 0.625000 0.750000
vt 0.625000 0.750000
vt 0.625000 1.000000
vt 0.625000 1.000000
vt 0.375000 0.750000
vt 0.375000 0.750000
vt 0.625000 0.750000
vt 0.625000 0.750000
vt 0.375000 1.000000
vt 0.375000 1.000000
vt 0.375000 0.750000
vt 0.375000 0.750000
vt 0.625000 1.000000
vt 0.625000 0.750000
vt 0.375000 0.750000
vt 0.375000 1.000000
vt 0.387500 1.000000
vt 0.415625 1.000000
vt 0.443750 1.000000
vt 0.556250 1.000000
vt 0.584375 1.000000
vt 0.612500 1.000000
vt 0.625000 1.000000
vt 0.625000 1.000000
vt 0.625000 0.975000
vt 0.625000 0.772500
vt 0.625000 0.750000
vt 0.625000 1.000000
vt 0.625000 0.750000
vt 0.612500 0.750000
vt 0.584375 0.750000
vt 0.556250 0.750000
vt 0.443750 0.750000
vt 0.415625 0.750000
vt 0.387500 0.750000
vt 0.375000 0.750000
vt 0.625000 0.750000
vt 0.375000 0.975000
vt 0.375000 1.000000
vt 0.375000 0.750000
vt 0.375000 0.772500
vt 0.375000 1.000000
vt 0.375000 0.750000
vt 0.362500 0.493750
vt 0.375000 0.506250
vt 0.387500 0.506250
vt 0.415625 0.506250
vt 0.443750 0.506250
vt 0.556250 0.506250
vt 0.584375 0.506250
vt 0.612500 0.506250
vt 0.625000 0.506250
vt 0.637500 0.493750
vt 0.738750 0.392500
vt 0.625000 0.743750
vt 0.750000 0.381250
vt 0.612500 0.743750
vt 0.584375 0.743750
vt 0.556250 0.743750
vt 0.443750 0.743750
vt 0.415625 0.743750
vt 0.387500 0.743750
vt 0.250000 0.381250
vt 0.375000 0.743750
vt 0.261250 0.392500
vt 0.368750 0.734375
vt 0.375000 0.753125
vt 0.387500 0.753125
vt 0.415625 0.753125
vt 0.443750 0.753125
vt 0.556250 0.753125
vt 0.584375 0.753125
vt 0.612500 0.753125
vt 0.625000 0.753125
vt 0.631250 0.734375
vt 0.681875 0.582500
vt 0.625000 0.746875
vt 0.687500 0.565625
vt 0.612500 0.746875
vt 0.584375 0.746875
vt 0.556250 0.746875
vt 0.443750 0.746875
vt 0.415625 0.746875
vt 0.387500 0.746875
vt 0.312500 0.565625
vt 0.375000 0.746875
vt 0.318125 0.582500
vt 0.356250 0.253125
vt 0.375000 0.259375
vt 0.387500 0.259375
vt 0.415625 0.259375
vt 0.443750 0.259375
vt 0.556250 0.259375
vt 0.584375 0.259375
vt 0.612500 0.259375
vt 0.625000 0.259375
vt 0.643750 0.253125
vt 0.795625 0.202500
vt 0.625000 0.740625
vt 0.812500 0.196875
vt 0.612500 0.740625
vt 0.584375 0.740625
vt 0.556250 0.740625
vt 0.443750 0.740625
vt 0.415625 0.740625
vt 0.387500 0.740625
vt 0.187500 0.196875
vt 0.375000 0.740625
vt 0.204375 0.202500
vt 0.505625 0.275000
vt 0.505625 0.477500
vt 0.505625 0.512500
vt 0.505625 0.565938
vt 0.505625 0.571562
vt 0.505625 0.622188
vt 0.505625 0.627812
vt 0.505625 0.678438
vt 0.505625 0.684062
vt 0.505625 0.737500
vt 0.505625 0.740625
vt 0.505625 0.743750
vt 0.505625 0.746875
vt 0.505625 0.750000
vt 0.505625 0.750000
vt 0.505625 0.750000
vt 0.505625 0.750000
vt 0.505625 0.750000
vt 0.505625 0.750000
vt 0.505625 0.750000
vt 0.505625 0.750000
vt 0.505625 0.750000
vt 0.505625 0.772500
vt 0.505625 0.772500
vt 0.505625 0.975000
vt 0.505625 0.975000
vt 0.505625 1.000000
vt 0.505625 1.000000
vt 0.505625 1.000000
vt 0.505625 1.000000
vt 0.505625 1.000000
vt 0.505625 1.000000
vt 0.505625 1.000000
vt 0.505625 1.000000
vt 0.505625 1.000000
vt 0.505625 0.753125
vt 0.505625 0.506250
vt 0.505625 0.259375
vt 0.505625 0.012500
vt 0.505625 0.184062
vt 0.505625 0.184062
vt 0.505625 0.012500
vt 0.505625 0.237500
vt 0.505625 0.065938
vt 0.505625 0.065938
vt 0.505625 0.237500
vt 0.505625 0.071562
vt 0.505625 0.071562
vt 0.505625 0.122188
vt 0.505625 0.122188
vt 0.505625 0.127812
vt 0.494375 0.178438
vt 0.494375 0.178438
vt 0.505625 0.127812
vt 0.494375 0.127812
vt 0.505625 0.178438
vt 0.505625 0.178438
vt 0.494375 0.127812
vt 0.505625 0.184062
vt 0.494375 0.065938
vt 0.494375 0.065938
vt 0.494375 0.065938
vt 0.505625 0.184062
vt 0.494375 0.012500
vt 0.505625 0.237500
vt 0.494375 0.012500
vt 0.494375 0.012500
vt 0.494375 0.012500
vt 0.505625 0.237500
vt 0.494375 0.012500
vt 0.494375 0.012500
vt 0.505625 0.178438
vt 0.494375 0.259375
vt 0.494375 0.506250
vt 0.494375 0.753125
vt 0.494375 1.000000
vt 0.494375 1.000000
vt 0.494375 1.000000
vt 0.494375 1.000000
vt 0.494375 1.000000
vt 0.494375 1.000000
vt 0.494375 1.000000
vt 0.494375 1.000000
vt 0.494375 1.000000
vt 0.494375 0.975000
vt 0.494375 0.975000
vt 0.494375 0.772500
vt 0.494375 0.772500
vt 0.494375 0.750000
vt 0.494375 0.750000
vt 0.494375 0.750000
vt 0.494375 0.750000
vt 0.494375 0.750000
vt 0.494375 0.750000
vt 0.494375 0.750000
vt 0.494375 0.750000
vt 0.494375 0.750000
vt 0.494375 0.746875
vt 0.494375 0.743750
vt 0.494375 0.740625
vt 0.494375 0.737500
vt 0.494375 0.684062
vt 0.494375 0.678438
vt 0.494375 0.627812
vt 0.494375 0.622188
vt 0.494375 0.571562
vt 0.494375 0.565938
vt 0.494375 0.512500
vt 0.494375 0.477500
vt 0.494375 0.275000
vt 0.494375 0.237500
vt 0.494375 0.122188
vt 0.494375 0.122188
vt 0.494375 0.122188
vt 0.494375 0.122188
vt 0.494375 0.122188
vt 0.494375 0.237500
vt 0.494375 0.071562
vt 0.494375 0.184062
vt 0.494375 0.071562
vt 0.494375 0.184062
vt 0.494375 0.071562
vt 0.494375 0.178438
vt 0.494375 0.237500
vt 0.494375 0.237500
vt 0.494375 0.178438
vt 0.494375 0.184062
vt 0.494375 0.127812
vt 0.494375 0.127812
vt 0.494375 0.184062
vt 0.494375 0.122188
vt 0.505625 0.012500
vt 0.505625 0.012500
vt 0.494375 0.122188
vt 0.505625 0.065938
vt 0.494375 0.071562
vt 0.494375 0.071562
vt 0.505625 0.065938
vt 0.494375 0.065938
vt 0.505625 0.127812
vt 0.505625 0.127812
vt 0.494375 0.065938
vt 0.505625 0.178438
vt 0.494375 0.012500
vt 0.375000 0.250000
vt 0.387500 0.250000
vt 0.375000 0.275000
vt 0.612500 0.250000
vt 0.625000 0.250000
vt 0.625000 0.275000
vt 0.494375 0.250000
vt 0.505625 0.250000
vt 0.584375 0.250000
vt 0.415625 0.250000
vt 0.625000 0.477500
vt 0.625000 0.500000
vt 0.612500 0.500000
vt 0.584375 0.500000
vt 0.505625 0.500000
vt 0.494375 0.500000
vt 0.415625 0.500000
vt 0.387500 0.500000
vt 0.375000 0.500000
vt 0.375000 0.477500
vt 0.556250 0.500000
vt 0.556250 0.250000
vt 0.443750 0.250000
vt 0.443750 0.500000
vt 0.387500 0.250000
vt 0.375000 0.250000
vt 0.375000 0.250000
vt 0.375000 0.275000
vt 0.625000 0.250000
vt 0.612500 0.250000
vt 0.625000 0.275000
vt 0.625000 0.250000
vt 0.505625 0.250000
vt 0.494375 0.250000
vt 0.612500 0.250000
vt 0.584375 0.250000
vt 0.415625 0.250000
vt 0.387500 0.250000
vt 0.625000 0.500000
vt 0.625000 0.477500
vt 0.612500 0.500000
vt 0.625000 0.500000
vt 0.584375 0.500000
vt 0.612500 0.500000
vt 0.494375 0.500000
vt 0.505625 0.500000
vt 0.387500 0.500000
vt 0.415625 0.500000
vt 0.375000 0.500000
vt 0.387500 0.500000
vt 0.375000 0.477500
vt 0.375000 0.500000
vt 0.556250 0.500000
vt 0.584375 0.500000
vt 0.584375 0.250000
vt 0.556250 0.250000
vt 0.443750 0.250000
vt 0.415625 0.250000
vt 0.415625 0.500000
vt 0.443750 0.500000
vt 0.375000 0.275000
vt 0.375000 0.477500
vt 0.625000 0.477500
vt 0.625000 0.275000
vt 0.556250 0.250000
vt 0.505625 0.250000
vt 0.505625 0.500000
vt 0.556250 0.500000
vt 0.443750 0.500000
vt 0.494375 0.500000
vt 0.494375 0.250000
vt 0.443750 0.250000
vt 0.387500 0.250000
vt 0.375000 0.250000
vt 0.375000 0.250000
vt 0.375000 0.250000
vt 0.612500 0.250000
vt 0.625000 0.250000
vt 0.625000 0.250000
vt 0.505625 0.250000
vt 0.494375 0.250000
vt 0.612500 0.250000
vt 0.584375 0.250000
vt 0.415625 0.250000
vt 0.387500 0.250000
vt 0.584375 0.250000
vt 0.556250 0.250000
vt 0.443750 0.250000
vt 0.415625 0.250000
vt 0.556250 0.250000
vt 0.505625 0.250000
vt 0.494375 0.250000
vt 0.443750 0.250000
vt 0.625000 0.275000
vt 0.625000 0.250000
vt 0.625000 0.477500
vt 0.625000 0.500000
vt 0.625000 0.500000
vt 0.625000 0.477500
vt 0.625000 0.275000
vt 0.625000 0.250000
vt 0.625000 0.250000
vt 0.625000 0.250000
vt 0.612500 0.500000
vt 0.625000 0.500000
vt 0.584375 0.500000
vt 0.612500 0.500000
vt 0.494375 0.500000
vt 0.505625 0.500000
vt 0.387500 0.500000
vt 0.415625 0.500000
vt 0.387500 0.500000
vt 0.375000 0.500000
vt 0.375000 0.500000
vt 0.556250 0.500000
vt 0.584375 0.500000
vt 0.415625 0.500000
vt 0.443750 0.500000
vt 0.505625 0.500000
vt 0.556250 0.500000
vt 0.443750 0.500000
vt 0.494375 0.500000
vt 0.625000 0.500000
vt 0.625000 0.500000
vt 0.625000 0.500000
vt 0.375000 0.275000
vt 0.375000 0.477500
vt 0.375000 0.500000
vt 0.375000 0.275000
vt 0.375000 0.477500
vt 0.375000 0.250000
vt 0.375000 0.250000
vt 0.375000 0.250000
vt 0.375000 0.500000
vt 0.375000 0.500000
vt 0.375000 0.500000
vt 0.625000 0.500000
vt 0.625000 0.500000
vt 0.625000 0.250000
vt 0.625000 0.250000
vt 0.375000 0.250000
vt 0.375000 0.250000
vt 0.375000 0.500000
vt 0.375000 0.500000
vt 0.612500 0.012500
vt 0.612500 0.065938
vt 0.612500 0.184062
vt 0.612500 0.237500
vt 0.612500 0.127812
vt 0.612500 0.178438
vt 0.387500 0.065938
vt 0.387500 0.012500
vt 0.387500 0.122188
vt 0.387500 0.071562
vt 0.387500 0.178438
vt 0.387500 0.127812
vt 0.387500 0.237500
vt 0.387500 0.184062
vt 0.612500 0.012500
vt 0.612500 0.065938
vt 0.612500 0.127812
vt 0.612500 0.178438
vt 0.612500 0.184062
vt 0.612500 0.237500
vt 0.387500 0.237500
vt 0.387500 0.184062
vt 0.387500 0.178438
vt 0.387500 0.127812
vt 0.387500 0.012500
vt 0.387500 0.065938
vt 0.387500 0.071562
vt 0.387500 0.122188
vt 0.612500 1.000000
vt 0.612500 0.975000
vt 0.612500 0.975000
vt 0.612500 1.000000
vt 0.625000 1.000000
vt 0.625000 0.975000
vt 0.625000 1.000000
vt 0.625000 1.000000
vt 0.387500 0.750000
vt 0.387500 0.750000
vt 0.375000 0.750000
vt 0.387500 0.750000
vt 0.387500 0.772500
vt 0.387500 0.772500
vt 0.387500 0.750000
vt 0.375000 0.750000
vt 0.375000 0.750000
vt 0.375000 0.772500
vt 0.612500 0.772500
vt 0.612500 0.750000
vt 0.612500 0.750000
vt 0.612500 0.772500
vt 0.625000 0.750000
vt 0.625000 0.750000
vt 0.625000 0.772500
vt 0.625000 0.750000
vt 0.612500 0.975000
vt 0.612500 0.772500
vt 0.612500 0.772500
vt 0.612500 0.975000
vt 0.625000 0.772500
vt 0.625000 0.975000
vt 0.625000 0.975000
vt 0.625000 0.772500
vt 0.387500 0.772500
vt 0.387500 0.975000
vt 0.387500 0.975000
vt 0.387500 0.772500
vt 0.375000 0.975000
vt 0.375000 0.772500
vt 0.375000 0.772500
vt 0.375000 0.975000
vt 0.625000 1.000000
vt 0.625000 0.975000
vt 0.625000 0.772500
vt 0.625000 0.750000
vt 0.375000 0.750000
vt 0.375000 0.772500
vn 1.000000 0.000000 0.000000
vn 1.000000 0.000000 0.000000
vn 1.000000 0.000000 0.000000
vn 1.000000 0.000000 0.000000
vn 0.000000 1.000000 0.000001
vn 0.000001 1.000000 0.000000
vn 0.000000 1.000000 0.000001
vn 0.000000 1.000000 0.000002
vn 0.000000 -1.000000 0.000000
vn 0.000000 -1.000000 0.000000
vn 0.000000 -1.000000 0.000000
vn 0.000000 -1.000000 0.000000
vn 0.000000 0.000000 1.000000
vn 0.000000 0.000000 1.000000
vn 0.000000 0.000000 1.000000
vn 0.000000 0.000000 1.000000
vn 0.000000 0.000000 1.000000
vn 0.000000 0.000000 1.000000
vn 0.000000 0.000000 1.000000
vn 0.000000 0.000000 1.000000
vn -1.000000 0.000000 -0.000000
vn -1.000000 0.000000 -0.000000
vn -1.000000 0.000000 -0.000000
vn -1.000000 0.000000 -0.000000
vn 0.000000 0.000000 -1.000000
vn 0.000000 0.000000 -1.000000
vn 0.000000 0.000000 -1.000000
vn 0.000000 0.000000 -1.000000
vn 1.000000 0.000000 0.000000
vn 1.000000 0.000000 0.000000
vn 1.000000 0.000000 0.000000
vn 1.000000 0.000000 0.000000
vn 1.000000 0.000000 0.000000
vn 1.000000 0.000000 0.000000
vn 1.000000 0.000000 0.000000
vn 1.000000 0.000000 0.000000
vn 1.000000 0.000000 0.000000
vn 1.000000 0.000000 0.000000
vn 1.000000 0.000000 0.000000
vn 1.000000 0.000000 0.000000
vn 0.000000 1.000000 -0.000002
vn 0.000000 1.000000 -0.000001
vn 0.000002 1.000000 -0.000000
vn 0.000000 1.000000 -0.000001
vn -1.000000 0.000000 -0.000000
vn -1.000000 0.000000 -0.000000
vn -1.000000 0.000000 -0.000000
vn -1.000000 0.000000 -0.000000
vn 0.000000 -1.000000 0.000000
vn 0.000000 -1.000000 0.000000
vn 0.000000 -1.000000 0.000000
vn 0.000000 -1.000000 0.000000
vn 1.000000 0.000000 0.000000
vn 1.000000 0.000000 0.000000
vn 1.000000 0.000000 0.000000
vn 1.000000 0.000000 0.000000
vn 1.000000 0.000000 0.000000
vn 1.000000 0.000000 0.000000
vn 1.000000 0.000000 0.000000
vn 1.000000 0.000000 0.000000
vn 0.000000 1.000000 0.000000
vn 0.000002 1.000000 0.000000
vn 0.000002 1.000000 0.000000
vn 0.000000 1.000000 0.000000
vn -1.000000 0.000000 -0.000000
vn -1.000000 0.000000 -0.000000
vn -1.000000 0.000000 -0.000000
vn -1.000000 0.000000 -0.000000
vn 0.000000 -1.000000 0.000000
vn 0.000000 -1.000000 0.000000
vn 0.000000 -1.000000 0.000000
vn 0.000000 -1.000000 0.000000
vn 1.000000 0.000000 0.000000
vn 1.000000 0.000000 0.000000
vn 1.000000 0.000000 0.000000
vn 1.000000 0.000000 0.000000
vn 0.000000 0.000000 1.000000
vn 0.000000 0.000000 1.000000
vn 0.000000 0.000000 1.000000
vn 0.000000 0.000000 1.000000
vn -1.000000 0.000000 -0.000000
vn -1.000000 0.000000 -0.000000
vn -1.000000 0.000000 -0.000000
vn -1.000000 0.000000 -0.000000
vn -1.000000 0.000000 -0.000000
vn -1.000000 0.000000 -0.000000
vn -1.000000 0.000000 -0.000000
vn -1.000000 0.000000 -0.000000
vn -1.000000 0.000000 -0.000000
vn -1.000000 0.000000 -0.000000
vn -1.000000 0.000000 -0.000000
vn -1.000000 0.000000 -0.000000
vn 0.000000 0.000000 -1.000000
vn 0.000000 0.000000 -1.000000
vn 0.000000 0.000000 -1.000000
vn 0.000000 0.000000 -1.000000
vn 1.000000 0.000000 0.000000
vn 1.000000 0.000000 0.000000
vn 1.000000 0.000000 0.000000
vn 1.000000 0.000000 0.000000
vn 1.000000 0.000000 0.000000
vn 1.000000 0.000000 0.000000
vn 1.000000 0.000000 0.000000
vn 1.000000 0.000000 0.000000
vn -1.000000 0.000000 -0.000000
vn -1.000000 0.000000 -0.000000
vn -1.000000 0.000000 -0.000000
vn -1.000000 0.000000 -0.000000
vn 0.000000 0.000000 1.000000
vn 0.000000 0.000000 1.000000
vn 0.000000 0.000000 1.000000
vn 0.000000 0.000000 1.000000
vn 1.000000 0.000000 0.000000
vn 1.000000 0.000000 0.000000
vn 1.000000 0.000000 0.000000
vn 1.000000 0.000000 0.000000
vn 1.000000 0.000000 0.000000
vn 1.000000 0.000000 0.000000
vn 1.000000 0.000000 0.000000
vn 1.000000 0.000000 0.000000
vn 1.000000 0.000000 0.000000
vn 1.000000 0.000000 0.000000
vn 1.000000 0.000000 0.000000
vn 1.000000 0.000000 0.000000
vn 0.000000 0.000000 -1.000000
vn 0.000000 0.000000 -1.000000
vn 0.000000 0.000000 -1.000000
vn 0.000000 0.000000 -1.000000
vn -1.000000 0.000000 -0.000000
vn -1.000000 0.000000 -0.000000
vn -1.000000 0.000000 -0.000000
vn -1.000000 0.000000 -0.000000
vn -1.000000 0.000000 -0.000000
vn -1.000000 0.000000 -0.000000
vn -1.000000 0.000000 -0.000000
vn -1.000000 0.000000 -0.000000
vn 1.000000 0.000000 0.000000
vn 1.000000 0.000000 0.000000
vn 1.000000 0.000000 0.000000
vn 1.000000 0.000000 0.000000
vn 0.000000 0.000000 1.000000
vn 0.000000 0.000000 1.000000
vn 0.000000 0.000000 1.000000
vn 0.000000 0.000000 1.000000
vn -1.000000 0.000000 -0.000000
vn -1.000000 0.000000 -0.000000
vn -1.000000 0.000000 -0.000000
vn -1.000000 0.000000 -0.000000
vn -1.000000 0.000000 -0.000000
vn -1.000000 0.000000 -0.000000
vn -1.000000 0.000000 -0.000000
vn -1.000000 0.000000 -0.000000
vn -1.000000 0.000000 -0.000000
vn -1.000000 0.000000 -0.000000
vn -1.000000 0.000000 -0.000000
vn -1.000000 0.000000 -0.000000
vn 0.000000 0.000000 -1.000000
vn 0.000000 0.000000 -1.000000
vn 0.000000 0.000000 -1.000000
vn 0.000000 0.000000 -1.000000
vn 1.000000 0.000000 0.000000
vn 1.000000 0.000000 0.000000
vn 1.000000 0.000000 0.000000
vn 1.000000 0.000000 0.000000
vn 1.000000 0.000000 0.000000
vn 1.000000 0.000000 0.000000
vn 1.000000 0.000000 0.000000
vn 1.000000 0.000000 0.000000
vn 0.000000 0.000000 -1.000000
vn 0.000000 0.000000 -1.000000
vn -1.000000 0.000000 -0.000000
vn -1.000000 0.000000 -0.000000
vn -1.000000 0.000000 -0.000000
vn -1.000000 0.000000 -0.000000
vn 1.000000 0.000000 0.000000
vn 1.000000 0.000000 0.000000
vn 1.000000 0.000000 0.000000
vn 1.000000 0.000000 0.000000
vn 1.000000 0.000000 0.000000
vn 1.000000 0.000000 0.000000
vn 1.000000 0.000000 0.000000
vn 1.000000 0.000000 0.000000
vn -1.000000 0.000000 -0.000000
vn -1.000000 0.000000 -0.000000
vn 1.000000 0.000000 0.000000
vn 1.000000 0.000000 0.000000
vn 1.000000 0.000000 0.000000
vn 1.000000 0.000000 0.000000
vn 1.000000 0.000000 0.000000
vn 1.000000 0.000000 0.000000
vn 1.000000 0.000000 0.000000
vn 1.000000 0.000000 0.000000
vn 0.000000 0.000000 1.000000
vn 0.000000 0.000000 1.000000
vn 0.000000 0.000000 1.000000
vn 0.000000 0.000000 1.000000
vn 0.000000 -1.000000 0.000000
vn 0.000000 -1.000000 0.000000
vn 0.000000 -1.000000 0.000000
vn 0.000000 -1.000000 0.000000
vn 0.000000 0.000000 -1.000000
vn 0.000000 0.000000 -1.000000
vn 0.000000 0.000000 -1.000000
vn 0.000000 0.000000 -1.000000
vn 0.000000 1.000000 0.000000
vn 0.000000 1.000000 0.000000
vn 0.000000 1.000000 0.000000
vn 0.000000 1.000000 0.000000
vn 0.000000 0.000000 1.000000
vn 0.000000 0.000000 1.000000
vn 0.000000 0.000000 1.000000
vn 0.000000 0.000000 1.000000
vn 0.000000 -1.000000 0.000000
vn 0.000000 -1.000000 0.000000
vn 0.000000 -1.000000 0.000000
vn 0.000000 -1.000000 0.000000
vn 0.000000 0.000000 -1.000000
vn 0.000000 0.000000 -1.000000
vn 0.000000 0.000000 -1.000000
vn 0.000000 0.000000 -1.000000
vn 0.000000 1.000000 0.000000
vn 0.000000 1.000000 0.000000
vn 0.000000 1.000000 0.000000
vn 0.000000 1.000000 0.000000
vn 0.000000 0.000000 1.000000
vn 0.000000 0.000000 1.000000
vn 0.000000 0.000000 1.000000
vn 0.000000 0.000000 1.000000
vn 0.000000 -1.000000 0.000000
vn 0.000000 -1.000000 0.000000
vn 0.000000 -1.000000 0.000000
vn 0.000000 -1.000000 0.000000
vn 0.000000 0.000000 -1.000000
vn 0.000000 0.000000 -1.000000
vn 0.000000 0.000000 -1.000000
vn 0.000000 0.000000 -1.000000
vn 0.000000 1.000000 0.000000
vn 0.000000 1.000000 0.000000
vn 0.000000 1.000000 0.000000
vn 0.000000 1.000000 0.000000
vn 0.000000 0.000000 1.000000
vn 0.000000 0.000000 1.000000
vn 0.000000 0.000000 1.000000
vn 0.000000 0.000000 1.000000
vn 0.000000 -1.000000 0.000000
vn 0.000000 -1.000000 0.000000
vn 0.000000 -1.000000 0.000000
vn 0.000000 -1.000000 0.000000
vn 0.000000 0.000000 -1.000000
vn 0.000000 0.000000 -1.000000
vn 0.000000 0.000000 -1.000000
vn 0.000000 0.000000 -1.000000
vn 0.000000 1.000000 0.000000
vn 0.000000 1.000000 0.000000
vn 0.000000 1.000000 0.000000
vn 0.000000 1.000000 0.000000
vn 1.000000 0.000000 0.000000
vn 1.000000 0.000000 0.000000
vn 0.000000 1.000000 0.000000
vn 0.000000 1.000000 0.000000
vn 0.000000 1.000000 0.000000
vn 0.000000 1.000000 0.000000
vn 1.000000 0.000000 0.000000
vn 1.000000 0.000000 0.000000
vn 1.000000 0.000000 0.000000
vn 1.000000 0.000000 0.000000
vn 0.000000 -1.000000 0.000000
vn 0.000000 -1.000000 0.000000
vn 0.000000 -1.000000 0.000000
vn 0.000000 -1.000000 0.000000
vn 1.000000 0.000000 0.000000
vn 1.000000 0.000000 0.000000
vn 0.000000 1.000000 0.000000
vn 0.000000 1.000000 0.000000
vn 0.000000 1.000000 0.000000
vn 0.000000 1.000000 0.000000
vn 1.000000 0.000000 0.000000
vn 1.000000 0.000000 0.000000
vn 1.000000 0.000000 0.000000
vn 1.000000 0.000000 0.000000
vn 0.000000 -1.000000 0.000000
vn 0.000000 -1.000000 0.000000
vn 0.000000 -1.000000 0.000000
vn 0.000000 -1.000000 0.000000
vn 1.000000 0.000000 0.000000
vn 1.000000 0.000000 0.000000
vn 0.000000 1.000000 0.000000
vn 0.000000 1.000000 0.000000
vn 0.000000 1.000000 0.000000
vn 0.000000 1.000000 0.000000
vn 1.000000 0.000000 0.000000
vn 1.000000 0.000000 0.000000
vn 1.000000 0.000000 0.000000
vn 1.000000 0.000000 0.000000
vn 0.000000 -1.000000 0.000000
vn 0.000000 -1.000000 0.000000
vn 0.000000 -1.000000 0.000000
vn 0.000000 -1.000000 0.000000
vn 1.000000 0.000000 0.000000
vn 1.000000 0.000000 0.000000
vn 0.000000 1.000000 0.000000
vn 0.000000 1.000000 0.000000
vn 0.000000 1.000000 0.000000
vn 0.000000 1.000000 0.000000
vn 1.000000 0.000000 0.000000
vn 1.000000 0.000000 0.000000
vn 1.000000 0.000000 0.000000
vn 1.000000 0.000000 0.000000
vn 0.000000 -1.000000 0.000000
vn 0.000000 -0.960268 0.279079
vn 0.000000 -0.960268 0.279079
vn 0.000000 -1.000000 0.000000
vn 1.000000 0.000000 0.000000
vn 1.000000 0.000000 0.000000
vn 0.000000 1.000000 0.000000
vn 0.000002 1.000000 0.000000
vn -1.000000 0.000000 -0.000000
vn -1.000000 0.000000 -0.000000
vn -1.000000 0.000000 -0.000000
vn -1.000000 0.000000 -0.000000
vn -1.000000 0.000000 -0.000000
vn -1.000000 0.000000 -0.000000
vn -1.000000 0.000000 -0.000000
vn -1.000000 0.000000 -0.000000
vn -1.000000 0.000000 -0.000000
vn 0.000000 -1.000000 0.000000
vn 0.000000 -1.000000 0.000000
vn 0.000000 -1.000000 0.000000
vn 0.000000 -1.000000 0.000000
vn 1.000000 0.000000 0.000000
vn 1.000000 0.000000 0.000000
vn 0.000000 -1.000000 0.000000
vn 0.000000 -1.000000 0.000000
vn 0.000000 -1.000000 0.000000
vn 0.000000 -1.000000 0.000000
vn -1.000000 0.000000 -0.000000
vn -1.000000 0.000000 -0.000000
vn -1.000000 0.000000 -0.000000
vn -1.000000 0.000000 -0.000000
vn -1.000000 0.000000 -0.000000
vn -1.000000 0.000000 -0.000000
vn -1.000000 0.000000 -0.000000
vn -1.000000 0.000000 -0.000000
vn -1.000000 0.000000 -0.000000
vn 0.000002 1.000000 0.000000
vn 0.000000 1.000000 0.000000
vn 1.000000 0.000000 0.000000
vn 1.000000 0.000000 0.000000
vn 0.000000 -1.000000 0.000000
vn 0.000000 -0.960268 -0.279079
vn 0.000000 -0.960268 -0.279079
vn 0.000000 -1.000000 0.000000
vn 1.000000 0.000000 0.000000
vn 1.000000 0.000000 0.000000
vn 1.000000 0.000000 0.000000
vn 1.000000 0.000000 0.000000
vn 0.000000 1.000000 0.000000
vn 0.000000 1.000000 0.000000
vn 0.000000 1.000000 0.000000
vn 0.000000 1.000000 0.000000
vn 1.000000 0.000000 0.000000
vn 1.000000 0.000000 0.000000
vn 0.000000 -1.000000 0.000000
vn 0.000000 -1.000000 0.000000
vn 0.000000 -1.000000 0.000000
vn 0.000000 -1.000000 0.000000
vn 1.000000 0.000000 0.000000
vn 1.000000 0.000000 0.000000
vn 1.000000 0.000000 0.000000
vn 1.000000 0.000000 0.000000
vn 0.000000 1.000000 0.000000
vn 0.000000 1.000000 0.000000
vn 0.000000 1.000000 0.000000
vn 0.000000 1.000000 0.000000
vn 1.000000 0.000000 0.000000
vn 1.000000 0.000000 0.000000
vn 0.000000 -1.000000 0.000000
vn 0.000000 -1.000000 0.000000
vn 0.000000 -1.000000 0.000000
vn 0.000000 -1.000000 0.000000
vn 1.000000 0.000000 0.000000
vn 1.000000 0.000000 0.000000
vn 1.000000 0.000000 0.000000
vn 1.000000 0.000000 0.000000
vn 0.000000 1.000000 0.000000
vn 0.000000 1.000000 0.000000
vn 0.000000 1.000000 0.000000
vn 0.000000 1.000000 0.000000
vn 1.000000 0.000000 0.000000
vn 1.000000 0.000000 0.000000
vn 0.000000 -1.000000 0.000000
vn 0.000000 -1.000000 0.000000
vn 0.000000 -1.000000 0.000000
vn 0.000000 -1.000000 0.000000
vn 1.000000 0.000000 0.000000
vn 1.000000 0.000000 0.000000
vn 1.000000 0.000000 0.000000
vn 1.000000 0.000000 0.000000
vn 0.000000 1.000000 0.000000
vn 0.000000 1.000000 0.000000
vn 0.000000 1.000000 0.000000
vn 0.000000 1.000000 0.000000
vn 0.000000 0.000000 1.000000
vn 0.000000 0.000000 1.000000
vn 0.000000 0.000000 1.000000
vn 0.000000 0.000000 1.000000
vn 0.000000 0.000000 1.000000
vn 0.000000 0.000000 1.000000
vn 0.000000 0.000000 1.000000
vn 0.000000 0.000000 1.000000
vn 0.000000 0.000000 1.000000
vn 0.000000 0.000000 1.000000
vn 0.000000 0.000000 1.000000
vn 0.000000 0.000000 1.000000
vn 0.000000 0.000000 1.000000
vn 0.000000 0.000000 1.000000
vn 0.000000 0.000000 1.000000
vn 0.000000 0.000000 1.000000
vn 0.000000 0.000000 1.000000
vn 0.000000 0.000000 1.000000
vn 0.000000 0.000000 1.000000
vn 0.000000 0.000000 1.000000
vn 0.000000 -1.000000 0.000000
vn 0.000000 -1.000000 0.000000
vn 0.000000 -1.000000 0.000000
vn 0.000000 -1.000000 0.000000
vn 0.000000 -1.000000 0.000000
vn 0.000000 -1.000000 0.000000
vn 0.000000 -1.000000 0.000000
vn 0.000000 -1.000000 0.000000
vn 0.000000 -1.000000 0.000000
vn 0.000000 -1.000000 0.000000
vn -0.000000 -1.000000 0.000000
vn -0.000000 -1.000000 0.000000
vn 0.000000 -1.000000 0.000000
vn 0.000000 -1.000000 0.000000
vn 0.000000 -1.000000 0.000000
vn 0.000000 -1.000000 0.000000
vn 0.000000 -1.000000 0.000000
vn 0.000000 -1.000000 0.000000
vn 0.000000 -1.000000 0.000000
vn 0.000000 -1.000000 0.000000
vn 0.000000 0.000000 -1.000000
vn 0.000000 0.000000 -1.000000
vn 0.000000 0.000000 -1.000000
vn 0.000000 0.000000 -1.000000
vn 0.000000 0.000000 -1.000000
vn 0.000000 0.000000 -1.000000
vn 0.000000 0.000000 -1.000000
vn 0.000000 0.000000 -1.000000
vn 0.000000 0.000000 -1.000000
vn 0.000000 0.000000 -1.000000
vn 0.000000 0.000000 -1.000000
vn 0.000000 0.000000 -1.000000
vn 0.000000 0.000000 -1.000000
vn 0.000000 0.000000 -1.000000
vn 0.000000 0.000000 -1.000000
vn 0.000000 0.000000 -1.000000
vn 0.000000 0.000000 -1.000000
vn 0.000000 0.000000 -1.000000
vn -0.000002 1.000000 -0.000000
vn -0.000000 1.000000 -0.000001
vn -0.000000 1.000000 -0.000002
vn -0.000000 1.000000 -0.000000
vn -0.000002 1.000000 -0.000000
vn -0.000000 1.000000 -0.000000
vn -0.000002 1.000000 -0.000000
vn -0.000002 1.000000 -0.000000
vn -0.000000 1.000000 -0.000000
vn -0.000000 1.000000 -0.000000
vn -0.000001 1.000000 0.000000
vn -0.000000 1.000000 0.000001
vn -0.000000 1.000000 -0.000000
vn -0.000002 1.000000 -0.000000
vn -0.000000 1.000000 0.000002
vn -0.000000 1.000000 0.000000
vn 0.000000 0.000000 1.000000
vn 0.000000 0.000000 1.000000
vn 0.000000 1.000000 0.000000
vn 0.000000 1.000000 0.000000
vn 0.000000 1.000000 0.000000
vn 0.000000 1.000000 0.000000
vn 0.000000 1.000000 0.000000
vn 0.000000 1.000000 0.000000
vn 0.000000 0.000000 -1.000000
vn 0.000000 0.000000 -1.000000
vn 0.000000 -1.000000 0.000000
vn 0.000000 -1.000000 0.000000
vn 0.000000 -1.000000 0.000000
vn 0.000000 -1.000000 0.000000
vn 0.000000 -1.000000 0.000000
vn 0.000000 -1.000000 0.000000
vn 0.000000 -1.000000 0.000000
vn 0.000000 -1.000000 0.000000
vn 0.000000 -1.000000 0.000000
vn 0.000000 -1.000000 0.000000
vn 0.000000 -1.000000 0.000000
vn 0.000000 -1.000000 0.000000
vn 1.000000 0.000000 0.000000
vn 1.000000 0.000000 0.000000
vn -1.000000 0.000000 -0.000000
vn -1.000000 0.000000 -0.000000
vn -1.000000 0.000000 -0.000000
vn -1.000000 0.000000 -0.000000
vn 1.000000 0.000000 0.000000
vn 1.000000 0.000000 0.000000
vn -1.000000 0.000000 0.000000
vn -1.000000 0.000000 0.000000
vn -1.000000 0.000000 -0.000000
vn -1.000000 0.000000 -0.000000
vn 0.000000 0.000000 -1.000000
vn 0.000000 0.000000 -1.000000
vn 0.000000 0.000000 -1.000000
vn 0.000000 0.000000 -1.000000
vn -1.000000 0.000000 -0.000000
vn -1.000000 0.000000 -0.000000
vn -1.000000 0.000000 -0.000000
vn -1.000000 0.000000 -0.000000
vn 1.000000 0.000000 0.000000
vn 1.000000 0.000000 0.000000
vn 0.000000 0.000000 1.000000
vn 0.000000 0.000000 1.000000
vn 0.000000 0.000000 1.000000
vn 0.000000 0.000000 1.000000
vn 1.000000 0.000000 0.000000
vn 1.000000 0.000000 0.000000
vn 0.000000 -1.000000 0.000000
vn 0.000000 -1.000000 0.000000
vn -0.000000 -1.000000 0.000000
vn -0.000000 -1.000000 0.000000
vn -1.000000 0.000000 -0.000000
vn -1.000000 0.000000 -0.000000
vn -1.000000 0.000000 -0.000000
vn -1.000000 0.000000 -0.000000
vn -1.000000 0.000000 -0.000000
vn -1.000000 0.000000 -0.000000
vn -1.000000 0.000000 -0.000000
vn -1.000000 0.000000 -0.000000
vn -1.000000 0.000000 -0.000000
vn -0.000002 1.000000 -0.000000
vn -0.000000 1.000000 -0.000000
vn 0.000000 1.000000 0.000000
vn 0.000002 1.000000 0.000000
vn 1.000000 0.000000 0.000000
vn 1.000000 0.000000 0.000000
vn 1.000000 0.000000 0.000000
vn 0.000000 -0.979125 0.203257
vn 0.000000 -0.979125 0.203257
vn -1.000000 0.000000 0.000000
vn -1.000000 0.000000 0.000000
vn 0.000000 -1.000000 0.000000
vn 0.000000 -1.000000 0.000000
vn 1.000000 0.000000 0.000000
vn 1.000000 0.000000 0.000000
vn 0.000000 1.000000 0.000000
vn 0.000000 1.000000 0.000000
vn 0.000000 1.000000 0.000000
vn 1.000000 0.000000 0.000000
vn 1.000000 0.000000 0.000000
vn 0.000000 -1.000000 0.000000
vn 0.000000 -1.000000 0.000000
vn 1.000000 0.000000 0.000000
vn 1.000000 0.000000 0.000000
vn 0.000000 1.000000 0.000000
vn 0.000000 1.000000 0.000000
vn 1.000000 0.000000 0.000000
vn 1.000000 0.000000 0.000000
vn 0.000000 -1.000000 0.000000
vn 0.000000 -1.000000 0.000000
vn 1.000000 0.000000 0.000000
vn 1.000000 0.000000 0.000000
vn 0.000000 1.000000 0.000000
vn 0.000000 1.000000 0.000000
vn 1.000000 0.000000 0.000000
vn 1.000000 0.000000 0.000000
vn 0.000000 -1.000000 0.000000
vn 0.000000 -1.000000 0.000000
vn 1.000000 0.000000 0.000000
vn 1.000000 0.000000 0.000000
vn 0.000000 1.000000 0.000000
vn 0.000000 1.000000 0.000000
vn 1.000000 0.000000 0.000000
vn 1.000000 0.000000 0.000000
vn 0.000000 1.000000 0.000000
vn 0.000000 1.000000 0.000000
vn 1.000000 0.000000 0.000000
vn 1.000000 0.000000 0.000000
vn 0.000000 -1.000000 0.000000
vn 0.000000 -1.000000 0.000000
vn 1.000000 0.000000 0.000000
vn 1.000000 0.000000 0.000000
vn 0.000000 1.000000 0.000000
vn 0.000000 1.000000 0.000000
vn 1.000000 0.000000 0.000000
vn 1.000000 0.000000 0.000000
vn 0.000000 -1.000000 0.000000
vn 0.000000 -1.000000 0.000000
vn 1.000000 0.000000 0.000000
vn 1.000000 0.000000 0.000000
vn 0.000000 1.000000 0.000000
vn 0.000000 1.000000 0.000000
vn 1.000000 0.000000 0.000000
vn 1.000000 0.000000 0.000000
vn 0.000000 -1.000000 0.000000
vn 0.000000 -1.000000 0.000000
vn 1.000000 0.000000 0.000000
vn 1.000000 0.000000 0.000000
vn 0.000000 1.000000 0.000000
vn 0.000000 1.000000 0.000000
vn 0.000000 1.000000 0.000000
vn 1.000000 0.000000 0.000000
vn 1.000000 0.000000 0.000000
vn 0.000000 -1.000000 0.000000
vn 0.000000 -1.000000 0.000000
vn -1.000000 0.000000 -0.000000
vn -1.000000 0.000000 -0.000000
vn 0.000000 -0.979125 -0.203257
vn 0.000000 -0.979125 -0.203257
vn 1.000000 0.000000 0.000000
vn 1.000000 0.000000 0.000000
vn 1.000000 0.000000 0.000000
vn 0.000000 1.000000 0.000000
vn 0.000002 1.000000 0.000000
vn -0.000000 1.000000 -0.000000
vn -0.000002 1.000000 -0.000000
vn -1.000000 0.000000 -0.000000
vn -1.000000 0.000000 -0.000000
vn -1.000000 0.000000 -0.000000
vn -1.000000 0.000000 -0.000000
vn -1.000000 0.000000 -0.000000
vn -1.000000 0.000000 -0.000000
vn -1.000000 0.000000 -0.000000
vn -1.000000 0.000000 -0.000000
vn -1.000000 0.000000 -0.000000
vn 0.000000 -1.000000 0.000000
vn 0.000000 -1.000000 0.000000
vn 0.000000 -1.000000 0.000000
vn 0.000000 -1.000000 0.000000
vn 0.000000 -1.000000 0.000000
vn -0.000000 -1.000000 0.000000
vn -0.000000 -1.000000 0.000000
vn 0.000000 -1.000000 0.000000
vn -0.000000 -1.000000 0.000000
vn -0.000000 -1.000000 0.000000
vn 0.000000 -1.000000 0.000000
vn 0.000000 -1.000000 0.000000
vn 0.000000 -1.000000 0.000000
vn 0.000000 -1.000000 0.000000
vn 0.000000 -1.000000 0.000000
vn 0.000000 -1.000000 0.000000
vn 0.000000 -1.000000 0.000000
vn 0.000000 -1.000000 0.000000
vn 0.000000 0.000000 0.000000
vn 1.000000 0.000000 0.000000
vn 0.000000 0.000000 0.000000
vn 0.000000 0.000000 0.000000
vn 1.000000 0.000000 0.000000
vn 0.000000 0.000000 0.000000
vn 0.000000 0.000000 0.000000
vn 0.000000 0.000000 0.000000
vn 0.000000 0.000000 0.000000
vn 0.000000 0.000000 0.000000
vn 0.000000 0.000000 0.000000
vn 0.000000 0.000000 0.000000
vn 0.000000 0.000000 0.000000
vn 0.000000 0.000000 0.000000
vn 0.000000 0.000000 0.000000
vn 0.000000 0.000000 0.000000
vn 0.000000 0.000000 0.000000
vn 0.000000 0.000000 0.000000
vn 0.000000 0.000000 0.000000
vn 1.000000 0.000000 0.000000
vn 0.000000 0.000000 0.000000
vn 0.000000 0.000000 0.000000
vn 1.000000 0.000000 0.000000
vn 0.000000 0.000000 0.000000
vn 0.000000 0.000000 0.000000
vn 0.000000 0.000000 0.000000
vn 0.000000 0.000000 0.000000
vn 0.000000 0.000000 0.000000
vn 0.000000 0.000000 0.000000
vn 0.000000 0.000000 0.000000
vn 0.000000 0.000000 0.000000
vn 0.000000 0.000000 0.000000
vn 0.000000 0.000000 0.000000
vn 0.000000 0.000000 0.000000
vn 0.000000 0.000000 0.000000
vn 0.000000 0.000000 0.000000
vn 0.000000 0.000000 0.000000
vn 0.000000 0.000000 0.000000
vn 0.000000 0.000000 0.000000
vn 0.000000 0.000000 0.000000
vn 0.000000 0.000000 0.000000
vn 0.000000 0.000000 0.000000
vn 0.000000 0.000000 0.000000
vn 0.000000 0.000000 0.000000
vn 0.000000 0.000000 0.000000
vn 0.000000 0.000000 0.000000
vn 0.000000 0.000000 0.000000
vn 0.000000 0.000000 0.000000
vn 0.000000 0.000000 0.000000
vn 0.000000 0.000000 0.000000
vn 0.000000 0.000000 0.000000
vn 0.000000 0.000000 0.000000
vn 0.000000 0.000000 -1.000000
vn 0.000000 0.000000 -1.000000
vn -1.000000 0.000000 -0.000000
vn -1.000000 0.000000 -0.000000
vn -1.000000 0.000000 -0.000000
vn -1.000000 0.000000 -0.000000
vn -1.000000 0.000000 -0.000000
vn -1.000000 0.000000 -0.000000
vn -1.000000 0.000000 -0.000000
vn -1.000000 0.000000 -0.000000
vn -1.000000 0.000000 -0.000000
vn -1.000000 0.000000 -0.000000
vn -1.000000 0.000000 -0.000000
vn -1.000000 0.000000 -0.000000
vn -1.000000 0.000000 -0.000000
vn -1.000000 0.000000 -0.000000
vn -1.000000 0.000000 -0.000000
vn 1.000000 0.000000 0.000000
vn 1.000000 0.000000 0.000000
vn 1.000000 0.000000 0.000000
vn 1.000000 0.000000 0.000000
vn -1.000000 0.000000 -0.000000
vn -1.000000 0.000000 0.000000
vn -1.000000 0.000000 0.000000
vn 1.000000 0.000000 0.000000
vn 1.000000 0.000000 0.000000
vn 1.000000 0.000000 0.000000
vn 1.000000 0.000000 0.000000
vn 1.000000 0.000000 0.000000
vn 1.000000 0.000000 0.000000
vn 1.000000 0.000000 0.000000
vn 1.000000 0.000000 0.000000
vn 1.000000 0.000000 0.000000
vn -1.000000 0.000000 -0.000000
vn -1.000000 0.000000 -0.000000
vn -1.000000 0.000000 -0.000000
vn 0.000000 0.000000 -1.000000
vn 0.000000 0.000000 -1.000000
vn -1.000000 0.000000 -0.000000
vn -1.000000 0.000000 -0.000000
vn -1.000000 0.000000 -0.000000
vn -1.000000 0.000000 -0.000000
vn 0.000000 0.000000 1.000000
vn 0.000000 0.000000 1.000000
vn 0.000000 0.000000 1.000000
vn 0.000000 0.000000 1.000000
vn 0.000000 0.000000 -1.000000
vn 0.000000 0.000000 -1.000000
vn 0.000000 0.000000 -1.000000
vn 0.000000 0.000000 -1.000000
vn 0.000000 0.000000 -1.000000
vn 0.000000 0.000000 -1.000000
vn 0.000000 0.000000 -1.000000
vn 1.000000 0.000000 0.000000
vn 1.000000 0.000000 0.000000
vn 1.000000 0.000000 0.000000
vn 1.000000 0.000000 0.000000
vn 0.000000 0.000000 1.000000
vn 0.000000 0.000000 1.000000
vn 0.000000 0.000000 1.000000
vn 0.000000 0.000000 1.000000
vn -1.000000 0.000000 -0.000000
vn -1.000000 0.000000 -0.000000
vn -1.000000 0.000000 -0.000000
vn -1.000000 0.000000 -0.000000
vn 0.000000 0.000000 -1.000000
vn 0.000000 0.000000 -1.000000
vn 0.000000 0.000000 -1.000000
vn 0.000000 0.000000 1.000000
vn 0.000000 0.000000 1.000000
vn 0.000000 0.000000 1.000000
vn 0.000000 0.000000 1.000000
vn 0.000000 0.000000 1.000000
vn 0.000000 0.000000 1.000000
vn 0.000000 0.000000 1.000000
vn 0.000000 0.000000 -1.000000
vn 0.000000 0.000000 -1.000000
vn 0.000000 0.000000 -1.000000
vn 0.000000 0.000000 -1.000000
vn 1.000000 0.000000 0.000000
vn 1.000000 0.000000 0.000000
vn 1.000000 0.000000 0.000000
vn 1.000000 0.000000 0.000000
vn 0.000000 0.000000 1.000000
vn 0.000000 0.000000 1.000000
vn 0.000000 0.000000 1.000000
vn -1.000000 0.000000 -0.000000
vn -1.000000 0.000000 -0.000000
vn -1.000000 0.000000 -0.000000
vn -1.000000 0.000000 -0.000000
vn 0.000000 0.000000 -1.000000
vn 0.000000 0.000000 -1.000000
vn 0.000000 0.000000 -1.000000
vn 0.000000 0.000000 -1.000000
vn 0.000000 0.000000 1.000000
vn 0.000000 0.000000 1.000000
vn 1.000000 0.000000 0.000000
vn 1.000000 0.000000 0.000000
vn 1.000000 0.000000 0.000000
vn 1.000000 0.000000 0.000000
vn 1.000000 0.000000 0.000000
vn 1.000000 0.000000 0.000000
vn 1.000000 0.000000 0.000000
vn 1.000000 0.000000 0.000000
vn 1.000000 0.000000 0.000000
vn 1.000000 0.000000 0.000000
vn 1.000000 0.000000 0.000000
vn 1.000000 0.000000 0.000000
vn 1.000000 0.000000 0.000000
vn 1.000000 0.000000 0.000000
vn 1.000000 0.000000 0.000000
vn 1.000000 0.000000 0.000000
vn 0.000000 0.000000 -1.000000
vn 0.000000 0.000000 -1.000000
vn 0.000000 0.000000 -1.000000
vn 0.000000 0.000000 -1.000000
vn -1.000000 0.000000 -0.000000
vn -1.000000 0.000000 -0.000000
vn -1.000000 0.000000 -0.000000
vn -1.000000 0.000000 -0.000000
vn -1.000000 0.000000 -0.000000
vn -1.000000 0.000000 -0.000000
vn -1.000000 0.000000 -0.000000
vn -1.000000 0.000000 -0.000000
vn -1.000000 0.000000 -0.000000
vn -1.000000 0.000000 -0.000000
vn -1.000000 0.000000 -0.000000
vn -1.000000 0.000000 -0.000000
vn -1.000000 0.000000 -0.000000
vn -1.000000 0.000000 -0.000000
vn -1.000000 0.000000 -0.000000
vn -1.000000 0.000000 -0.000000
vn 0.000000 0.000000 1.000000
vn 0.000000 0.000000 1.000000
vn 0.062939 0.998017 0.000000
vn 0.382686 0.923879 0.000000
vn 0.382685 0.923879 0.000000
vn 0.062097 0.998070 0.000000
vn 0.923880 0.382684 0.000000
vn 0.999083 0.042807 0.000000
vn 0.999073 0.043052 0.000000
vn 0.923880 0.382682 0.000000
vn 0.000000 0.998020 -0.062903
vn 0.000000 0.923884 -0.382672
vn 0.000000 0.923885 -0.382670
vn 0.000000 0.998070 -0.062097
vn 0.000000 0.382827 -0.923820
vn 0.000000 0.042836 -0.999082
vn 0.000000 0.043071 -0.999072
vn 0.000000 0.382830 -0.923819
vn -0.062939 0.998017 -0.000000
vn -0.382692 0.923876 -0.000000
vn -0.382689 0.923877 -0.000000
vn -0.062097 0.998070 -0.000000
vn -0.923880 0.382683 -0.000000
vn -0.999083 0.042807 -0.000000
vn -0.999073 0.043052 -0.000000
vn -0.923879 0.382684 -0.000000
vn 0.000000 0.998070 0.062095
vn 0.000000 0.923885 0.382670
vn 0.000000 0.923885 0.382671
vn 0.000000 0.998020 0.062901
vn 0.000000 0.382636 0.923899
vn 0.000000 0.043046 0.999073
vn 0.000000 0.042810 0.999083
vn 0.000000 0.382630 0.923901
vn 0.000000 0.998015 0.062974
vn 0.000000 0.923884 0.382674
vn 0.000000 0.923885 0.382671
vn 0.000000 0.998070 0.062095
vn 0.000000 0.382631 0.923901
vn 0.000000 0.042790 0.999084
vn 0.000000 0.043046 0.999073
vn 0.000000 0.382636 0.923899
vn 0.000000 1.000000 0.000000
vn 0.000000 1.000000 0.000000
vn 0.000000 1.000000 0.000000
vn 0.062097 0.998070 0.000000
vn 0.000000 1.000000 0.000000
vn 0.062095 0.998070 0.000000
vn 0.000000 1.000000 0.000000
vn 0.000000 1.000000 0.000000
vn 0.062095 0.998070 0.000000
vn 0.062101 0.998070 0.000000
vn 0.000000 1.000000 0.000000
vn 0.000000 1.000000 0.000000
vn 0.062100 0.998070 0.000000
vn 0.062097 0.998070 0.000000
vn 0.000000 1.000000 0.000000
vn 0.062097 0.998070 0.000000
vn 0.000000 1.000000 0.000000
vn 0.062938 0.998017 0.000000
vn 0.000000 1.000000 0.000000
vn 0.000000 1.000000 0.000000
vn 0.000000 0.998070 -0.062097
vn 0.000000 1.000000 0.000000
vn 0.000000 0.998015 -0.062976
vn 0.065698 0.994256 -0.084491
vn 0.000000 1.000000 0.000000
vn 0.000000 1.000000 0.000000
vn -0.062097 0.998070 -0.000000
vn 0.000000 1.000000 0.000000
vn -0.062100 0.998070 -0.000000
vn 0.000000 1.000000 0.000000
vn 0.000000 1.000000 0.000000
vn -0.062101 0.998070 -0.000000
vn -0.062095 0.998070 -0.000000
vn 0.000000 1.000000 0.000000
vn 0.000000 1.000000 0.000000
vn -0.062095 0.998070 -0.000000
vn -0.062097 0.998070 -0.000000
vn 0.000000 1.000000 0.000000
vn -0.062097 0.998070 -0.000000
vn 0.000000 1.000000 0.000000
vn -0.062939 0.998017 -0.000000
vn -0.065702 0.994256 -0.084490
vn 0.000000 1.000000 0.000000
vn 0.000000 1.000000 0.000000
vn 0.065700 0.994256 0.084488
vn -0.065700 0.994256 0.084487
vn 0.923878 0.382687 0.000000
vn 0.999454 0.033034 0.000000
vn 0.382676 0.923882 0.000000
vn 0.382683 0.923880 0.000000
vn 0.999073 0.043052 0.000000
vn 0.923880 0.382683 0.000000
vn 0.382673 0.923884 0.000000
vn 0.999073 0.043052 0.000000
vn 0.923880 0.382682 0.000000
vn 0.382672 0.923884 0.000000
vn 0.382704 0.923871 0.000000
vn 0.923880 0.382681 0.000000
vn 0.923881 0.382681 0.000000
vn 0.999073 0.043052 0.000000
vn 0.999073 0.043052 0.000000
vn 0.382698 0.923873 0.000000
vn 0.382683 0.923880 0.000000
vn 0.923878 0.382687 0.000000
vn 0.999073 0.043052 0.000000
vn 0.999073 0.043052 0.000000
vn 0.923877 0.382691 0.000000
vn 0.382684 0.923879 0.000000
vn 0.999073 0.043052 0.000000
vn 0.923879 0.382684 0.000000
vn 0.382683 0.923880 0.000000
vn 0.999083 0.042807 0.000000
vn 0.923880 0.382683 0.000000
vn 0.382669 0.923886 0.000000
vn 0.999454 0.033029 0.000000
vn 0.923881 0.382680 0.000000
vn 0.000000 0.923885 -0.382671
vn 0.000000 0.043071 -0.999072
vn 0.000000 0.382830 -0.923819
vn 0.000000 0.923884 -0.382674
vn 0.000000 0.042816 -0.999083
vn 0.000000 0.382832 -0.923818
vn 0.000000 0.923884 -0.382673
vn 0.000000 0.023376 -0.999727
vn 0.000000 0.382835 -0.923817
vn 0.000000 0.382835 -0.923817
vn 0.000000 0.023376 -0.999727
vn 0.000000 0.923881 -0.382680
vn -0.382688 0.923878 -0.000000
vn -0.999073 0.043052 -0.000000
vn -0.923877 0.382691 -0.000000
vn -0.382704 0.923871 -0.000000
vn -0.999073 0.043052 0.000000
vn -0.923878 0.382687 -0.000000
vn -0.382709 0.923869 -0.000000
vn -0.382677 0.923882 -0.000000
vn -0.923881 0.382681 -0.000000
vn -0.923880 0.382681 -0.000000
vn -0.999073 0.043052 0.000000
vn -0.999073 0.043052 -0.000000
vn -0.382679 0.923882 -0.000000
vn -0.382688 0.923877 -0.000000
vn -0.923880 0.382682 -0.000000
vn -0.999073 0.043052 -0.000000
vn -0.999073 0.043052 -0.000000
vn -0.923880 0.382683 -0.000000
vn -0.382690 0.923877 -0.000000
vn -0.999073 0.043052 -0.000000
vn -0.923880 0.382682 -0.000000
vn -0.382691 0.923876 -0.000000
vn -0.999083 0.042807 -0.000000
vn -0.923880 0.382684 -0.000000
vn -0.382681 0.923880 -0.000000
vn -0.999454 0.033034 -0.000000
vn -0.923878 0.382687 -0.000000
vn -0.923881 0.382680 -0.000000
vn -0.999454 0.033029 -0.000000
vn -0.382694 0.923875 -0.000000
vn 0.000000 0.923884 0.382673
vn 0.000000 0.023360 0.999727
vn 0.000000 0.382630 0.923902
vn 0.000000 0.382630 0.923902
vn 0.000000 0.023360 0.999727
vn 0.000000 0.923884 0.382673
vn 0.000000 -1.000000 0.000000
vn 0.000000 -1.000000 0.000000
vn 0.062095 -0.998070 0.000000
vn 0.062933 -0.998018 0.000000
vn 0.000000 -1.000000 0.000000
vn 0.062097 -0.998070 0.000000
vn 0.000000 -1.000000 0.000000
vn 0.062100 -0.998070 0.000000
vn 0.062101 -0.998070 -0.000000
vn 0.062101 -0.998070 -0.000000
vn 0.000000 -1.000000 -0.000000
vn 0.000000 -1.000000 0.000000
vn 0.000000 -1.000000 0.000000
vn 0.000000 -1.000000 0.000000
vn 0.062097 -0.998070 0.000000
vn 0.062100 -0.998070 0.000000
vn 0.000000 -1.000000 0.000000
vn 0.062094 -0.998070 0.000000
vn 0.000000 -1.000000 0.000000
vn 0.062933 -0.998018 0.000000
vn 0.000000 -1.000000 0.000000
vn 0.000000 -0.998070 -0.062097
vn 0.000000 -0.998020 -0.062903
vn 0.000000 -1.000000 0.000000
vn 0.000000 -0.998070 -0.062097
vn 0.000000 -1.000000 0.000000
vn 0.000000 -0.998015 -0.062976
vn 0.065702 -0.994256 -0.084491
vn 0.000000 -1.000000 0.000000
vn -0.062094 -0.998070 0.000000
vn -0.062932 -0.998018 0.000000
vn 0.000000 -1.000000 0.000000
vn -0.062097 -0.998070 0.000000
vn 0.000000 -1.000000 0.000000
vn -0.062100 -0.998070 0.000000
vn -0.062101 -0.998070 0.000000
vn -0.062101 -0.998070 0.000000
vn 0.000000 -1.000000 0.000000
vn 0.000000 -1.000000 -0.000000
vn 0.000000 -1.000000 -0.000000
vn 0.000000 -1.000000 0.000000
vn -0.062097 -0.998070 0.000000
vn -0.062100 -0.998070 -0.000000
vn 0.000000 -1.000000 0.000000
vn -0.062095 -0.998070 0.000000
vn 0.000000 -1.000000 0.000000
vn -0.062933 -0.998018 0.000000
vn -0.065698 -0.994256 -0.084490
vn 0.000000 -1.000000 0.000000
vn 0.000000 -0.998020 0.062901
vn 0.000000 -0.998070 0.062095
vn 0.000000 -1.000000 0.000000
vn 0.000000 -0.998070 0.062095
vn 0.000000 -0.998015 0.062974
vn 0.065700 -0.994256 0.084488
vn -0.065700 -0.994256 0.084487
vn 0.000000 -0.043046 0.999073
vn 0.000000 -0.042810 0.999083
vn 0.999083 -0.042807 0.000000
vn 0.999073 -0.043052 0.000000
vn 0.999073 -0.043052 0.000000
vn 0.999073 -0.043052 0.000000
vn 0.999073 -0.043052 0.000000
vn 0.999073 -0.043052 0.000000
vn 0.999073 -0.043052 0.000000
vn 0.999073 -0.043052 0.000000
vn 0.999073 -0.043052 0.000000
vn 0.999083 -0.042807 0.000000
vn 0.000000 -0.042836 -0.999082
vn 0.000000 -0.043071 -0.999072
vn 0.000000 -0.043071 -0.999072
vn 0.000000 -0.042816 -0.999083
vn -0.999083 -0.042807 0.000000
vn -0.999073 -0.043052 0.000000
vn -0.999073 -0.043052 0.000000
vn -0.999073 -0.043052 0.000000
vn -0.999073 -0.043052 0.000000
vn -0.999073 -0.043052 -0.000000
vn -0.999073 -0.043052 0.000000
vn -0.999073 -0.043052 0.000000
vn -0.999073 -0.043052 0.000000
vn -0.999083 -0.042807 0.000000
vn 0.000000 -0.042790 0.999084
vn 0.000000 -0.043046 0.999073
vn 0.000000 -0.023360 0.999727
vn 0.000000 -0.023376 -0.999727
vn -0.999454 -0.033028 0.000000
vn 0.999454 -0.033028 0.000000
vn 0.000000 -0.023360 0.999727
vn 0.000000 -0.023376 -0.999727
vn 0.999454 -0.033034 0.000000
vn -0.999454 -0.033034 0.000000
vn 0.382654 -0.923892 0.000000
vn 0.382676 -0.923882 0.000000
vn 0.923879 -0.382684 0.000000
vn 0.923878 -0.382687 0.000000
vn 0.923880 -0.382682 0.000000
vn 0.382673 -0.923884 0.000000
vn 0.923880 -0.382683 0.000000
vn 0.382683 -0.923880 0.000000
vn 0.923880 -0.382682 -0.000000
vn 0.382698 -0.923873 0.000000
vn 0.923880 -0.382683 0.000000
vn 0.923880 -0.382683 -0.000000
vn 0.382708 -0.923870 -0.000000
vn 0.382708 -0.923869 -0.000000
vn 0.923880 -0.382682 0.000000
vn 0.923880 -0.382683 0.000000
vn 0.382698 -0.923873 0.000000
vn 0.382683 -0.923880 0.000000
vn 0.923879 -0.382684 0.000000
vn 0.382672 -0.923885 0.000000
vn 0.923880 -0.382683 0.000000
vn 0.382655 -0.923891 0.000000
vn 0.000000 -0.923884 -0.382672
vn 0.000000 -0.923881 -0.382680
vn 0.000000 -0.382827 -0.923820
vn 0.000000 -0.382835 -0.923817
vn 0.000000 -0.382830 -0.923819
vn 0.000000 -0.923885 -0.382670
vn 0.000000 -0.382830 -0.923819
vn 0.000000 -0.923885 -0.382671
vn 0.000000 -0.382832 -0.923818
vn 0.000000 -0.923884 -0.382674
vn 0.923881 -0.382680 0.000000
vn 0.382689 -0.923877 0.000000
vn -0.382656 -0.923891 0.000000
vn -0.382674 -0.923884 0.000000
vn -0.923880 -0.382683 0.000000
vn -0.923881 -0.382680 0.000000
vn -0.923879 -0.382684 0.000000
vn -0.382677 -0.923882 0.000000
vn -0.923880 -0.382683 0.000000
vn -0.382688 -0.923878 0.000000
vn -0.923880 -0.382682 0.000000
vn -0.382704 -0.923871 0.000000
vn -0.923874 -0.382696 -0.000000
vn -0.923880 -0.382683 -0.000000
vn -0.382713 -0.923867 0.000000
vn -0.382713 -0.923867 0.000000
vn -0.923876 -0.382692 0.000000
vn -0.923880 -0.382683 0.000000
vn -0.382704 -0.923871 -0.000000
vn -0.382688 -0.923877 0.000000
vn -0.923880 -0.382682 0.000000
vn -0.382678 -0.923882 0.000000
vn -0.923879 -0.382684 0.000000
vn -0.382659 -0.923890 0.000000
vn 0.000000 -0.382835 -0.923817
vn 0.000000 -0.923884 -0.382673
vn 0.000000 -0.923885 0.382670
vn 0.000000 -0.923885 0.382671
vn 0.000000 -0.382636 0.923899
vn 0.000000 -0.382636 0.923899
vn 0.000000 -0.382630 0.923901
vn 0.000000 -0.923885 0.382671
vn 0.000000 -0.923884 0.382674
vn 0.000000 -0.923884 0.382673
vn 0.000000 -0.382631 0.923901
vn 0.000000 -0.382630 0.923902
vn 0.000000 -0.382630 0.923902
vn 0.000000 -0.923884 0.382673
vn -0.923878 -0.382687 0.000000
vn -0.382681 -0.923880 0.000000
vn 0.000000 0.000000 1.000000
vn 0.000000 0.000000 1.000000
vn 0.000000 0.000000 1.000000
vn 0.000000 0.000000 1.000000
vn 1.000000 0.000000 0.000000
vn 1.000000 0.000000 0.000000
vn 1.000000 0.000000 0.000000
vn 1.000000 0.000000 0.000000
vn 1.000000 0.000000 0.000000
vn 1.000000 0.000000 0.000000
vn 1.000000 0.000000 0.000000
vn 1.000000 0.000000 0.000000
vn 1.000000 0.000000 0.000000
vn 1.000000 0.000000 0.000000
vn 1.000000 0.000000 0.000000
vn 1.000000 0.000000 0.000000
vn 1.000000 0.000000 0.000000
vn 1.000000 0.000000 0.000000
vn 1.000000 0.000000 0.000000
vn 1.000000 0.000000 0.000000
vn 1.000000 0.000000 0.000000
vn 1.000000 0.000000 0.000000
vn 1.000000 0.000000 0.000000
vn 1.000000 0.000000 0.000000
vn 0.000000 0.000000 -1.000000
vn 0.000000 0.000000 -1.000000
vn 0.000000 0.000000 -1.000000
vn 0.000000 0.000000 -1.000000
vn 0.000000 0.000000 -1.000000
vn 0.000000 0.000000 -1.000000
vn 0.000000 0.000000 -1.000000
vn 0.000000 0.000000 -1.000000
vn -1.000000 0.000000 -0.000000
vn -1.000000 0.000000 -0.000000
vn -1.000000 0.000000 -0.000000
vn -1.000000 0.000000 -0.000000
vn -1.000000 0.000000 -0.000000
vn -1.000000 0.000000 -0.000000
vn -1.000000 0.000000 -0.000000
vn -1.000000 0.000000 -0.000000
vn -1.000000 0.000000 -0.000000
vn -1.000000 0.000000 0.000000
vn -1.000000 0.000000 0.000000
vn -1.000000 0.000000 0.000000
vn -1.000000 0.000000 -0.000000
vn -1.000000 0.000000 -0.000000
vn -1.000000 0.000000 -0.000000
vn -1.000000 0.000000 -0.000000
vn -1.000000 0.000000 -0.000000
vn -1.000000 0.000000 -0.000000
vn -1.000000 0.000000 -0.000000
vn -1.000000 0.000000 -0.000000
vn 0.000000 0.000000 1.000000
vn 0.000000 0.000000 1.000000
vn 0.000000 0.000000 1.000000
vn 0.000000 0.000000 1.000000
vn 0.000000 0.000000 1.000000
vn 0.000000 0.000000 1.000000
vn 1.000000 0.000000 0.000000
vn 1.000000 0.000000 0.000000
vn 1.000000 0.000000 0.000000
vn 1.000000 0.000000 0.000000
vn 1.000000 0.000000 0.000000
vn 1.000000 0.000000 0.000000
vn 1.000000 0.000000 0.000000
vn 1.000000 0.000000 0.000000
vn 1.000000 0.000000 0.000000
vn 1.000000 0.000000 0.000000
vn 0.000000 0.000000 -1.000000
vn 0.000000 0.000000 -1.000000
vn 0.000000 0.000000 -1.000000
vn 0.000000 0.000000 -1.000000
vn -1.000000 0.000000 -0.000000
vn -1.000000 0.000000 -0.000000
vn -1.000000 0.000000 -0.000000
vn -1.000000 0.000000 -0.000000
vn -1.000000 0.000000 -0.000000
vn -1.000000 0.000000 -0.000000
vn -1.000000 0.000000 -0.000000
vn -1.000000 0.000000 -0.000000
vn -1.000000 0.000000 -0.000000
vn -1.000000 0.000000 -0.000000
vn 0.000000 0.000000 1.000000
vn 0.000000 0.000000 1.000000
vn 1.000000 0.000000 0.000000
vn 1.000000 0.000000 0.000000
vn 1.000000 0.000000 0.000000
vn 1.000000 0.000000 0.000000
vn 1.000000 0.000000 0.000000
vn 1.000000 0.000000 0.000000
vn 0.000000 1.000000 0.000000
vn 0.000000 1.000000 0.000000
vn 0.000000 1.000000 0.000000
vn 0.000000 1.000000 0.000000
vn -0.000001 1.000000 -0.000000
vn 0.000000 1.000000 0.000000
vn 0.000000 1.000000 0.000000
vn 0.000000 1.000000 0.000000
vn 0.000000 1.000000 0.000000
vn -0.000001 1.000000 -0.000000
vn 0.000000 1.000000 0.000000
vn 0.000000 1.000000 0.000000
vn 0.000000 1.000000 0.000000
vn 0.000000 1.000000 0.000000
vn 0.000000 1.000000 0.000000
vn 0.000000 1.000000 0.000000
vn 0.000000 1.000000 0.000000
vn 0.000000 1.000000 0.000000
vn 0.000000 1.000000 0.000000
vn 0.000000 1.000000 0.000000
vn 0.000000 1.000000 0.000000
vn 0.000000 1.000000 0.000000
vn 0.000000 1.000000 0.000000
vn 0.000000 1.000000 0.000000
vn 0.000000 1.000000 0.000000
vn 0.000000 1.000000 0.000000
vn 0.000000 1.000000 0.000000
vn 0.000000 1.000000 0.000000
vn 0.000000 1.000000 0.000000
vn 0.000000 1.000000 0.000000
vn 0.000000 1.000000 0.000000
vn 0.000000 1.000000 0.000000
vn 0.747587 -0.664164 -0.000194
vn 0.992375 -0.123255 -0.000186
vn 0.995830 -0.091233 -0.000324
vn 0.829017 -0.559223 -0.000882
vn 0.731457 -0.681888 0.000000
vn 0.991779 -0.127958 0.000000
vn 0.731457 -0.681888 0.000000
vn 0.991779 -0.127959 0.000000
vn 0.731457 -0.681888 0.000000
vn 0.991780 -0.127958 0.000000
vn 0.991779 -0.127959 0.000000
vn 0.731457 -0.681888 0.000000
vn 0.747587 -0.664164 0.000194
vn 0.992375 -0.123255 0.000186
vn 0.829016 -0.559225 0.000882
vn 0.995830 -0.091233 0.000324
vn 0.731457 -0.681887 0.000000
vn 0.991780 -0.127958 0.000000
vn 0.991779 -0.127958 0.000000
vn 0.731457 -0.681887 0.000000
vn 0.731457 -0.681888 0.000000
vn 0.991780 -0.127959 0.000000
vn 0.731457 -0.681888 0.000000
vn 0.991779 -0.127959 0.000000
vn 0.000194 -0.729915 -0.683538
vn 0.000206 -0.138803 -0.990320
vn 0.000324 -0.083019 -0.996548
vn 0.001297 -0.573126 -0.819467
vn 0.000000 -0.744130 -0.668035
vn 0.000000 -0.141288 -0.989969
vn 0.000000 -0.744130 -0.668035
vn 0.000000 -0.141288 -0.989968
vn 0.000000 -0.726948 -0.686693
vn 0.000000 -0.137834 -0.990455
vn 0.000000 -0.559138 -0.829075
vn 0.000000 -0.074974 -0.997186
vn -0.989969 -0.141285 0.000000
vn -0.668035 -0.744130 0.000000
vn -0.668035 -0.744130 0.000000
vn -0.989969 -0.141285 0.000000
vn -0.990442 -0.137929 0.000000
vn -0.686042 -0.727562 -0.000000
vn -0.994186 -0.107672 0.000000
vn -0.770488 -0.637455 -0.000000
vn -0.668035 -0.744130 0.000000
vn -0.989969 -0.141285 0.000000
vn -0.989969 -0.141285 -0.000000
vn -0.668035 -0.744130 0.000000
vn -0.668035 -0.744130 -0.000000
vn -0.989969 -0.141285 0.000000
vn -0.989969 -0.141285 0.000000
vn -0.668035 -0.744130 0.000000
vn -0.989969 -0.141285 0.000000
vn -0.668035 -0.744130 0.000000
vn -0.686042 -0.727562 0.000000
vn -0.990442 -0.137929 -0.000000
vn -0.989969 -0.141285 0.000000
vn -0.668035 -0.744130 -0.000000
vn -0.770488 -0.637455 -0.000001
vn -0.994186 -0.107674 -0.000001
vn 0.000207 -0.138800 0.990320
vn 0.000195 -0.729917 0.683536
vn 0.001301 -0.573127 0.819465
vn 0.000325 -0.083019 0.996548
vn 0.000000 -0.141282 0.989969
vn 0.000000 -0.744131 0.668033
vn 0.000000 -0.141282 0.989969
vn 0.000000 -0.744131 0.668033
vn 0.000000 -0.137828 0.990456
vn 0.000000 -0.726949 0.686691
vn 0.000000 -0.074971 0.997186
vn 0.000000 -0.559132 0.829079
vn 1.000000 0.000000 0.000000
vn 1.000000 0.000000 0.000000
vn 0.000000 0.000000 1.000000
vn 0.000000 0.000000 1.000000
vn 1.000000 0.000000 0.000000
vn 1.000000 0.000000 0.000000
vn 0.000000 0.000000 -1.000000
vn 0.000000 0.000000 -1.000000
vn 1.000000 0.000000 0.000000
vn 1.000000 0.000000 0.000000
vn 1.000000 0.000000 0.000000
vn 1.000000 0.000000 0.000000
vn 0.000000 0.000000 -1.000000
vn 0.000000 0.000000 -1.000000
vn -1.000000 0.000000 -0.000000
vn -1.000000 0.000000 -0.000000
vn -1.000000 0.000000 -0.000000
vn -1.000000 0.000001 -0.000000
vn -1.000000 0.000001 0.000000
vn -1.000000 0.000000 -0.000000
vn -1.000000 0.000000 0.000000
vn -1.000000 0.000000 -0.000000
vn 0.000000 0.000000 1.000000
vn 0.000000 0.000000 1.000000
vn -1.000000 0.000000 0.000000
vn 1.000000 0.000000 0.000000
vn 1.000000 0.000000 0.000000
vn -1.000000 0.000000 -0.000000
vn 0.652533 -0.757761 0.000000
vn 0.652533 -0.757761 0.000000
vn 0.000000 0.000000 1.000000
vn 0.652532 -0.757761 0.000000
vn 0.652532 -0.757761 -0.000000
vn 0.000000 0.000000 -1.000000
vn 0.652533 -0.757761 0.000000
vn 0.652532 -0.757761 0.000000
vn 0.652532 -0.757761 0.000000
vn 0.652532 -0.757761 0.000000
vn 0.652532 -0.757761 0.000000
vn 0.652533 -0.757761 0.000000
vn 0.000001 -0.812454 -0.583025
vn 0.000000 -0.812454 -0.583025
vn 0.000000 -0.812454 -0.583025
vn 0.000000 -0.812454 -0.583025
vn -1.000000 0.000000 -0.000000
vn 1.000000 0.000000 0.000000
vn -0.583024 -0.812455 -0.000000
vn -0.583024 -0.812455 0.000000
vn -0.583024 -0.812455 0.000000
vn -0.583024 -0.812455 0.000000
vn -0.583024 -0.812455 0.000000
vn -0.583024 -0.812455 -0.000000
vn -0.583024 -0.812455 0.000000
vn -0.583024 -0.812455 0.000000
vn 0.000000 0.000000 1.000000
vn -0.583024 -0.812455 0.000000
vn -0.583024 -0.812455 -0.000000
vn 0.000000 0.000000 -1.000000
vn 0.000000 -0.812458 0.583020
vn 0.000001 -0.812458 0.583020
vn 0.000000 -0.812458 0.583020
vn 0.000000 -0.812458 0.583020
vn 1.000000 0.000000 0.000000
vn -1.000000 0.000000 -0.000001
s 1
g Cabnet
usemtl initialShadingGroup
f 241/325/483 227/323/484 796/928/485 797/929/486
s 2
f 931/1093/487 932/1094/488 933/480/489 934/1095/490
s 3
f 531/662/491 532/659/492 533/660/493 534/661/494
s 4
f 227/323/495 371/463/496 795/927/497 796/928/498
f 363/455/499 364/456/500 232/346/501 223/1233/502
s 6
f 225/1236/503 244/1202/504 245/337/505 231/285/506
s 7
f 233/342/507 379/475/508 380/476/509 224/1232/510
s 1
f 232/346/511 242/358/512 243/1165/513 223/1233/514
f 230/328/515 235/348/516 802/934/517 803/935/518
f 239/1174/519 240/343/520 233/342/521 224/1232/522
s 2
f 935/1098/523 936/477/524 937/1096/525 938/1097/526
s 6
f 234/340/527 237/352/528 238/1196/529 226/1230/530
s 13
f 539/663/531 540/664/532 541/665/533 542/666/534
s 1
f 852/986/535 853/987/536 873/1019/537 874/1021/538
f 815/1172/539 911/1184/540 912/1059/541 872/1017/542
s 2
f 939/1058/543 940/1099/544 941/1100/545 942/949/546
s 6
f 909/1056/547 910/1200/548 816/1211/549 817/951/550
s 18
f 841/975/551 885/1032/552 886/1033/553 840/974/554
s 1
f 247/311/555 248/310/556 259/356/557 260/313/558
s 4
f 248/310/559 247/311/560 367/459/561 368/460/562
s 6
f 249/288/563 250/322/564 251/360/565 252/301/566
f 905/1052/567 906/1053/568 820/954/569 821/955/570
f 253/289/571 254/304/572 261/350/573 262/319/574
s 7
f 375/471/575 376/472/576 255/316/577 256/306/578
s 1
f 256/306/579 255/316/580 258/354/581 257/307/582
f 860/998/583 861/999/584 923/1077/585 924/1079/586
s 6
f 263/291/587 264/302/588 277/361/589 278/333/590
s 4
f 369/461/591 370/462/592 266/326/593 265/299/594
s 1
f 265/299/595 266/326/596 267/355/597 268/309/598
f 927/1085/599 928/1087/600 856/993/601 857/995/602
f 269/347/603 270/327/604 271/330/605 272/308/606
s 7
f 272/308/607 271/330/608 373/469/609 374/470/610
s 6
f 273/294/611 274/332/612 275/349/613 276/303/614
f 822/956/615 823/957/616 903/1050/617 904/1051/618
s 1
f 279/335/619 280/314/620 293/357/621 294/345/622
s 4
f 280/314/623 279/335/624 365/457/625 366/458/626
s 6
f 281/296/627 282/338/628 283/359/629 284/321/630
f 907/1054/631 908/1055/632 818/952/633 819/953/634
f 285/351/635 286/339/636 287/297/637 288/320/638
s 7
f 377/473/639 378/474/640 290/344/641 289/318/642
s 1
f 289/318/643 290/344/644 291/353/645 292/315/646
f 864/1005/647 865/1007/648 919/1069/649 920/1071/650
s 4
f 368/460/562 369/461/591 265/299/594 248/310/559
s 6
f 249/288/563 252/301/566 277/361/589 264/302/588
f 273/294/611 276/303/614 261/350/573 254/304/572
s 7
f 272/308/607 374/470/610 375/471/575 256/306/578
s 1
f 257/307/582 269/347/603 272/308/606 256/306/579
f 265/299/595 268/309/598 259/356/557 248/310/556
s 4
f 366/458/626 367/459/561 247/311/560 280/314/623
s 1
f 247/311/555 260/313/558 293/357/621 280/314/620
f 289/318/643 292/315/646 258/354/581 255/316/580
s 7
f 255/316/577 376/472/576 377/473/639 289/318/642
s 6
f 262/319/574 285/351/635 288/320/638 253/289/571
f 281/296/627 284/321/630 251/360/565 250/322/564
s 4
f 370/462/592 371/463/496 227/323/495 266/326/593
s 1
f 227/323/484 241/325/483 267/355/597 266/326/596
f 271/330/605 270/327/604 235/348/516 230/328/515
s 7
f 230/328/651 372/468/652 373/469/609 271/330/608
s 6
f 229/284/653 236/331/654 275/349/613 274/332/612
f 263/291/587 278/333/590 246/362/655 228/334/656
s 4
f 364/456/500 365/457/625 279/335/624 232/346/501
s 6
f 231/285/506 245/337/505 283/359/629 282/338/628
f 287/297/637 286/339/636 237/352/528 234/340/527
s 7
f 290/344/641 378/474/640 379/475/508 233/342/507
s 1
f 233/342/521 240/343/520 291/353/645 290/344/644
f 279/335/619 294/345/622 242/358/512 232/346/511
s 37
f 926/1084/657 858/996/658 859/997/659 925/1082/660
s 38
f 930/1092/661 854/990/662 855/992/663 929/1090/664
s 6
f 903/1050/617 823/957/616 824/958/665 902/1049/666
f 905/1052/567 821/955/570 822/956/615 904/1051/618
f 907/1054/631 819/953/634 820/954/569 906/1053/568
f 909/1056/547 817/951/550 818/952/633 908/1055/632
s 39
f 917/1067/667 867/1011/668 868/1013/669 916/1065/670
s 40
f 922/1076/671 862/1002/672 863/1004/673 921/1074/674
s off
f 269/347/675 257/307/676 296/364/677 295/363/678
s 41
f 859/997/679 860/998/680 924/1080/681 925/1081/682
s off
f 259/1237/683 268/1238/684 297/366/685 298/365/686
s 42
f 926/1083/687 927/1086/688 857/995/689 858/996/690
s off
f 235/1239/691 270/1240/692 299/368/693 300/367/694
s 43
f 855/991/695 856/994/696 928/1088/697 929/1089/698
s off
f 267/1241/699 241/1242/700 301/370/701 302/369/702
s 44
f 930/1091/703 873/1020/704 853/988/705 854/989/706
s 45
f 291/1243/707 240/1244/708 381/481/709 382/482/710
s 46
f 870/1015/711 871/1016/712 913/1061/713 914/1062/714
s 47
f 242/1245/715 294/1246/716 385/485/717 386/486/718
s 48
f 918/1068/719 919/1070/720 865/1008/721 866/1009/722
s off
f 258/1247/723 292/1248/724 307/376/725 308/375/726
s 49
f 863/1003/727 864/1006/728 920/1072/729 921/1073/730
s off
f 293/1249/731 260/1250/732 309/378/733 310/377/734
s 50
f 922/1075/735 923/1078/736 861/1000/737 862/1001/738
s 1
f 235/348/516 397/497/739 801/933/740 802/934/517
s 44
f 426/537/741 397/498/742 235/1239/743 300/367/744
s 38
f 300/1251/745 299/1252/746 425/536/747 426/538/748
s 43
f 270/1240/749 424/534/750 425/535/751 299/368/752
s 1
f 423/532/753 424/533/754 270/327/604 269/347/603
s 42
f 422/531/755 423/532/756 269/347/757 295/363/758
s 37
f 421/530/759 422/531/760 295/363/761 296/364/762
s 41
f 257/307/763 420/529/764 421/530/765 296/364/766
s 1
f 257/307/582 258/354/581 419/527/767 420/529/768
s 50
f 418/525/769 419/528/770 258/1247/771 308/375/772
s 40
f 308/1253/773 307/1254/774 417/524/775 418/526/776
s 49
f 292/1248/777 416/522/778 417/523/779 307/376/780
s 1
f 292/315/646 291/353/645 415/519/781 416/521/782
s 48
f 382/482/783 414/518/784 415/520/785 291/1243/786
s 39
f 304/1255/787 303/1256/788 412/515/789 413/517/790
s 46
f 393/493/791 409/511/792 410/512/793 394/494/794
s 1
f 407/1178/795 408/509/796 240/343/520 239/1174/519
s 2
f 936/477/524 943/508/797 944/1101/798 937/1096/525
s 6
f 238/1196/529 237/352/528 405/507/799 406/1198/800
f 237/352/528 286/339/636 404/506/801 405/507/799
f 403/505/802 404/506/801 286/339/636 285/351/635
f 402/504/803 403/505/802 285/351/635 262/319/574
f 401/503/804 402/504/803 262/319/574 261/350/573
f 261/350/573 276/303/614 400/502/805 401/503/804
f 276/303/614 275/349/613 399/501/806 400/502/805
f 275/349/613 236/331/654 398/500/807 399/501/806
s 18
f 511/639/808 512/637/809 504/638/810 503/632/811
s 1
f 427/539/812 241/325/483 797/929/486 798/930/813
s 18
f 501/627/814 500/640/815 513/641/816 514/642/817
s 6
f 246/362/655 278/333/590 455/582/818 456/583/819
f 454/581/820 455/582/818 278/333/590 277/361/589
f 277/361/589 252/301/566 453/580/821 454/581/820
f 252/301/566 251/360/565 452/579/822 453/580/821
f 251/360/565 284/321/630 451/578/823 452/579/822
f 284/321/630 283/359/629 450/577/824 451/578/823
f 283/359/629 245/337/505 449/576/825 450/577/824
f 245/337/505 244/1202/504 448/1209/826 449/576/825
s 2
f 945/1102/827 946/575/828 933/480/489 932/1094/488
s 1
f 243/1165/513 242/358/512 446/573/829 447/1176/830
s 46
f 395/495/831 444/571/832 445/572/833 396/496/834
s 39
f 306/1257/835 305/1258/836 441/567/837 442/569/838
s 48
f 294/1246/839 439/564/840 440/565/841 385/485/842
s 1
f 438/561/843 439/563/844 294/345/622 293/357/621
s 49
f 437/559/845 438/562/846 293/1249/847 310/377/848
s 40
f 310/1259/849 309/1260/850 436/558/851 437/560/852
s 50
f 260/1250/853 435/556/854 436/557/855 309/378/856
s 1
f 434/553/857 435/555/858 260/313/558 259/356/557
s 41
f 433/551/859 434/554/860 259/1237/861 298/365/862
s 37
f 298/373/863 297/374/864 432/550/865 433/552/866
s 42
f 268/1238/867 431/548/868 432/549/869 297/366/870
s 1
f 268/309/598 267/355/597 430/545/871 431/547/872
s 43
f 429/543/873 430/546/874 267/1241/875 302/369/876
s 38
f 302/371/877 301/372/878 428/542/879 429/544/880
s 44
f 241/1242/881 427/540/882 428/541/883 301/370/884
s 4
f 231/336/885 470/592/886 471/593/887 225/282/888
f 282/295/889 469/591/890 470/592/886 231/336/885
f 468/590/891 469/591/890 282/295/889 281/312/892
f 250/287/893 467/589/894 468/590/891 281/312/892
f 466/588/895 467/589/894 250/287/893 249/300/896
f 264/292/897 465/587/898 466/588/895 249/300/896
f 264/292/897 263/324/899 464/586/900 465/587/898
f 228/283/901 463/585/902 464/586/900 263/324/899
f 463/585/902 228/283/901 813/946/903 814/948/904
s 3
f 535/667/905 536/668/906 537/669/907 538/670/908
s 78
f 519/648/909 520/646/910 517/647/911 516/644/912
f 889/1036/913 890/1037/914 836/970/915 837/971/916
f 525/653/917 526/654/918 527/655/919 528/656/920
s 13
f 543/674/921 544/671/922 545/672/923 546/673/924
s 7
f 479/607/925 480/608/926 229/329/927 274/293/928
f 478/606/929 479/607/925 274/293/928 273/305/930
f 477/605/931 478/606/929 273/305/930 254/290/932
f 254/290/932 253/317/933 476/604/934 477/605/931
f 475/603/935 476/604/934 253/317/933 288/298/936
f 288/298/936 287/341/937 474/602/938 475/603/935
f 473/601/939 474/602/938 287/341/937 234/286/940
f 472/600/941 473/601/939 234/286/940 226/281/942
s 2
f 947/1105/943 948/599/944 949/1103/945 950/1104/946
f 951/1106/947 952/598/948 948/599/944 947/1105/943
f 954/1107/949 953/1108/950 955/1057/951 956/950/952
f 958/1110/953 957/594/954 959/595/955 960/1109/956
f 961/1112/957 957/594/954 958/1110/953 962/1111/958
s 45
f 382/482/710 381/481/709 303/1261/959 304/1262/960
s 48
f 413/516/961 414/518/784 382/482/783 304/1262/962
f 917/1066/963 918/1068/719 866/1009/722 867/1010/964
f 385/485/842 440/565/841 441/566/965 305/1263/966
s 47
f 386/486/718 385/485/717 305/1263/967 306/1264/968
s 84
f 442/568/969 443/570/970 386/486/971 306/1264/972
f 868/1012/973 869/1014/974 915/1063/975 916/1064/976
f 381/481/977 411/513/978 412/514/979 303/1261/980
s 1
f 871/1016/981 872/1018/542 912/1060/541 913/1061/982
s 87
f 870/1015/983 914/1062/984 915/1063/985 869/1014/986
s 1
f 240/1244/520 408/510/796 409/511/987 393/493/988
s 87
f 410/512/989 411/513/990 381/481/991 394/494/992
s off
f 381/481/993 240/1244/994 393/493/995 394/494/996
s 87
f 386/486/997 443/570/998 444/571/999 395/495/1000
s 1
f 445/572/1001 446/574/829 242/1245/512 396/496/1002
s off
f 242/1245/1003 386/486/1004 395/495/1005 396/496/1006
s 1
f 397/497/739 311/379/1007 800/932/1008 801/933/740
s 18
f 508/634/1009 507/633/1010 512/637/809 511/639/808
s 78
f 527/655/919 526/654/918 523/651/1011 524/652/1012
s 6
f 399/501/806 398/500/807 336/414/1013 335/413/1014
f 400/502/805 399/501/806 335/413/1014 334/412/1015
f 401/503/804 400/502/805 334/412/1015 333/411/1016
f 333/411/1016 332/410/1017 402/504/803 401/503/804
f 332/410/1017 331/409/1018 403/505/802 402/504/803
f 331/409/1018 330/408/1019 404/506/801 403/505/802
f 405/507/799 404/506/801 330/408/1019 329/407/1020
f 406/1198/800 405/507/799 329/407/1020 328/1207/1021
s 2
f 964/1113/1022 963/597/1023 952/598/948 951/1106/947
f 944/1101/798 943/508/797 965/478/1024 966/1114/1025
s 1
f 327/1182/1026 326/405/1027 408/509/796 407/1178/795
f 409/511/987 408/510/796 326/406/1027 390/490/1028
s 46
f 410/512/793 409/511/792 390/490/1029 389/489/1030
s 87
f 388/488/1031 411/513/990 410/512/989 389/489/1032
s 84
f 412/514/979 411/513/978 388/488/1033 325/403/1034
s 39
f 413/517/790 412/515/789 325/404/1035 324/402/1036
s 48
f 324/401/1037 383/483/1038 414/518/784 413/516/961
f 415/520/785 414/518/784 383/483/1038 323/400/1039
s 1
f 416/521/782 415/519/781 323/399/1040 322/397/1041
s 49
f 417/523/779 416/522/778 322/398/1042 321/395/1043
s 40
f 418/526/776 417/524/775 321/396/1044 320/394/1045
s 50
f 320/393/1046 319/392/1047 419/528/770 418/525/769
s 1
f 420/529/768 419/527/767 319/391/1048 318/390/1049
s 41
f 421/530/765 420/529/764 318/390/1050 317/389/1051
s 37
f 317/389/1052 316/388/1053 422/531/760 421/530/759
s 42
f 316/388/1054 315/387/1055 423/532/756 422/531/755
s 1
f 315/387/1056 314/385/1057 424/533/754 423/532/753
s 43
f 425/535/751 424/534/750 314/386/1058 313/383/1059
s 38
f 426/538/748 425/536/747 313/384/1060 312/382/1061
s 44
f 312/381/1062 311/380/1063 397/498/742 426/537/741
s 1
f 337/415/1064 427/539/812 798/930/813 799/931/1065
s 44
f 428/541/883 427/540/882 337/416/1066 362/453/1067
s 38
f 429/544/880 428/542/879 362/454/1068 361/452/1069
s 43
f 361/451/1070 360/450/1071 430/546/874 429/543/873
s 1
f 431/547/872 430/545/871 360/449/1072 359/447/1073
s 42
f 432/549/869 431/548/868 359/448/1074 358/445/1075
s 37
f 433/552/866 432/550/865 358/446/1076 357/444/1077
s 41
f 357/443/1078 356/442/1079 434/554/860 433/551/859
s 1
f 356/441/1080 355/439/1081 435/555/858 434/553/857
s 50
f 436/557/855 435/556/854 355/440/1082 354/437/1083
s 40
f 437/560/852 436/558/851 354/438/1084 353/436/1085
s 49
f 353/435/1086 352/434/1087 438/562/846 437/559/845
s 1
f 352/433/1088 351/431/1089 439/563/844 438/561/843
s 48
f 440/565/841 439/564/840 351/432/1090 384/484/1091
f 441/566/965 440/565/841 384/484/1091 350/429/1092
s 39
f 442/569/838 441/567/837 350/430/1093 349/428/1094
s 84
f 349/427/1095 387/487/1096 443/570/970 442/568/969
s 87
f 444/571/999 443/570/998 387/487/1097 392/492/1098
s 46
f 445/572/833 444/571/832 392/492/1099 391/491/1100
s 1
f 348/426/1101 446/574/829 445/572/1001 391/491/1102
f 447/1176/830 446/573/829 348/425/1101 347/1180/1103
s 2
f 967/479/1104 946/575/828 945/1102/827 968/1115/1105
f 960/1109/956 959/595/955 969/596/1106 970/1116/1107
s 6
f 449/576/825 448/1209/826 346/1213/1108 345/424/1109
f 450/577/824 449/576/825 345/424/1109 344/423/1110
f 451/578/823 450/577/824 344/423/1110 343/422/1111
f 452/579/822 451/578/823 343/422/1111 342/421/1112
f 453/580/821 452/579/822 342/421/1112 341/420/1113
f 454/581/820 453/580/821 341/420/1113 340/419/1114
f 340/419/1114 339/418/1115 455/582/818 454/581/820
f 456/583/819 455/582/818 339/418/1115 338/417/1116
s 78
f 521/649/1117 520/646/910 519/648/909 522/650/1118
s 18
f 514/642/817 513/641/816 510/635/1119 509/636/1120
s 4
f 371/463/496 463/585/902 814/948/904 795/927/497
f 464/586/900 463/585/902 371/463/496 370/462/592
f 465/587/898 464/586/900 370/462/592 369/461/591
f 466/588/895 465/587/898 369/461/591 368/460/562
f 368/460/562 367/459/561 467/589/894 466/588/895
f 468/590/891 467/589/894 367/459/561 366/458/626
f 366/458/626 365/457/625 469/591/890 468/590/891
f 470/592/886 469/591/890 365/457/625 364/456/500
f 471/593/887 470/592/886 364/456/500 363/455/499
s 2
f 934/1095/490 933/480/489 957/594/954 961/1112/957
f 959/595/955 957/594/954 933/480/489 946/575/828
f 969/596/1106 959/595/955 946/575/828 967/479/1104
f 956/950/952 955/1057/951 939/1058/543 942/949/546
f 952/598/948 963/597/1023 965/478/1024 943/508/797
f 948/599/944 952/598/948 943/508/797 936/477/524
f 949/1103/945 948/599/944 936/477/524 935/1098/523
s 7
f 380/476/509 379/475/508 473/601/939 472/600/941
f 379/475/508 378/474/640 474/602/938 473/601/939
f 475/603/935 474/602/938 378/474/640 377/473/639
f 377/473/639 376/472/576 476/604/934 475/603/935
f 477/605/931 476/604/934 376/472/576 375/471/575
f 375/471/575 374/470/610 478/606/929 477/605/931
f 374/470/610 373/469/609 479/607/925 478/606/929
f 373/469/609 372/468/652 480/608/926 479/607/925
s 13
f 541/665/533 540/664/532 544/671/922 543/674/921
s 90
f 458/467/1121 461/499/1122 482/610/1123 481/609/1124
f 483/611/1125 482/610/1123 461/499/1122 459/466/1126
f 460/465/1127 484/612/1128 888/1035/1129 483/611/1125 459/466/1126 839/973/1130
f 460/465/1127 462/584/1131 485/613/1132 484/612/1128
f 486/614/1133 485/613/1132 462/584/1131 457/464/1134
s 3
f 538/670/908 537/669/907 532/659/492 531/662/491
s off
f 489/615/1135 887/1034/1136 490/616/1137 460/465/1138 839/973/1139 459/466/1140
f 461/499/1141 458/467/1142 488/618/1143 491/617/1144
f 457/464/1145 462/584/1146 492/620/1147 487/619/1148
f 485/613/1149 486/614/1150 493/622/1151 494/621/1152
f 495/623/1153 838/972/1154 496/624/1155 483/611/1156 888/1035/1157 484/612/1158
f 481/609/1159 482/610/1160 498/626/1161 497/625/1162
f 459/466/1163 461/499/1164 491/617/1165 489/615/1166
f 482/610/1167 483/611/1168 496/624/1169 498/626/1170
f 484/612/1171 485/613/1172 494/621/1173 495/623/1174
f 462/584/1175 460/465/1176 490/616/1177 492/620/1178
f 458/467/1179 481/609/1180 497/625/1181 488/618/1182
f 486/614/1183 457/464/1184 487/619/1185 493/622/1186
s 7
f 230/328/651 803/935/1187 804/936/1188 372/468/652
s 91
f 840/974/1189 886/1033/1190 887/1034/1191 489/615/1192 507/633/1193
f 491/617/1194 488/618/1195 504/638/1196 512/637/1197
f 487/619/1198 492/620/1199 513/641/1200 500/640/1201
s 6
f 246/362/655 812/945/1202 813/947/1203 228/334/656
s 93
f 494/621/1204 493/622/1205 517/647/1206 520/646/1207
s 6
f 456/583/819 811/944/1208 812/945/1202 246/362/655
f 901/1048/1209 902/1049/666 824/958/665 825/959/1210
s 93
f 889/1036/1211 837/971/1212 838/972/1213 495/623/1214 521/649/1215
s off
f 497/625/1216 498/626/1217 526/654/1218 525/653/1219
s 6
f 236/331/654 807/940/1220 808/941/1221 398/500/807
f 229/284/653 806/938/1222 807/940/1220 236/331/654
s 7
f 480/608/926 805/937/1223 806/939/1224 229/329/927
s 91
f 489/615/1192 491/617/1194 512/637/1197 507/633/1193
s 6
f 398/500/807 808/941/1221 809/942/1225 336/414/1013
s 93
f 495/623/1214 494/621/1204 520/646/1207 521/649/1215
s 6
f 338/417/1116 810/943/1226 811/944/1208 456/583/819
s 91
f 492/620/1199 490/616/1227 510/635/1228 513/641/1200
s 95
f 488/618/1229 497/625/1230 525/653/1231 504/638/1232
s 7
f 372/468/652 804/936/1188 805/937/1223 480/608/926
s 96
f 493/622/1233 487/619/1234 500/640/1235 517/647/1236
f 500/640/1235 501/627/1237 533/660/1238 532/659/1239
s 97
f 501/627/1240 502/628/1241 534/661/1242 533/660/1243
s 98
f 502/628/1244 499/629/1245 531/662/1246 534/661/1247
s 99
f 515/1265/1248 516/1266/1249 536/1267/1250 535/1268/1251
s 96
f 516/630/1252 517/631/1236 537/1269/1253 536/1270/1254
s 98
f 518/1271/1255 515/1265/1256 535/1268/1257 538/1272/1258
s 96
f 517/643/1236 500/1273/1235 532/1274/1239 537/1275/1253
s 98
f 499/1276/1245 518/1277/1255 538/1278/1258 531/1279/1246
s 95
f 503/645/1259 504/1280/1232 540/1281/1260 539/1282/1261
s 101
f 505/1283/1262 506/1284/1263 542/1285/1264 541/1286/1265
s 97
f 506/1284/1266 503/657/1267 539/1287/1268 542/1285/1269
s 95
f 525/1288/1231 528/658/1270 545/1289/1271 544/1290/1272
s 99
f 528/1291/1273 530/1292/1274 546/1293/1275 545/1294/1276
s 101
f 530/1295/1277 529/1296/1278 543/1297/1279 546/1298/1280
s 95
f 504/1299/1232 525/1300/1231 544/1301/1272 540/1302/1260
s 101
f 529/1303/1278 505/1304/1262 541/1305/1265 543/1306/1279
s 98
f 548/786/1281 547/790/1282 499/629/1245 502/628/1244
s 97
f 549/751/1283 548/786/1284 502/628/1241 501/627/1240
f 550/753/1285 549/751/1283 501/627/1240 514/642/1286
f 551/755/1287 550/753/1285 514/642/1286 509/636/1288
f 841/975/1289 842/976/1290 884/1031/1291 885/1032/1292
f 553/759/1293 552/758/1294 508/634/1295 511/639/1296
f 554/761/1297 553/759/1293 511/639/1296 503/632/1267
f 555/770/1298 554/761/1297 503/632/1267 506/1307/1266
s 101
f 556/764/1299 555/770/1300 506/1307/1263 505/1308/1262
f 557/766/1301 556/764/1299 505/1308/1262 529/1309/1278
f 558/785/1302 557/766/1301 529/1309/1278 530/1310/1277
s 99
f 559/771/1303 558/785/1304 530/1310/1274 528/656/1273
f 560/773/1305 559/771/1303 528/656/1273 527/655/1306
f 561/775/1307 560/773/1305 527/655/1306 524/652/1308
f 836/970/1309 890/1037/1310 891/1038/1311 835/969/1312
f 563/779/1313 562/778/1314 522/650/1315 519/648/1316
f 564/781/1317 563/779/1313 519/648/1316 516/644/1249
f 565/795/1318 564/781/1317 516/644/1249 515/1311/1248
s 98
f 566/788/1319 565/795/1320 515/1311/1256 518/1312/1255
f 547/790/1282 566/788/1319 518/1312/1255 499/629/1245
s 107
f 589/718/1321 588/723/1322 591/724/1323 590/675/1324
s 108
f 588/723/1325 587/798/1326 592/800/1327 591/724/1328
s 107
f 613/695/1329 612/731/1330 615/732/1331 614/689/1332
s 110
f 612/731/1333 611/812/1334 616/814/1335 615/732/1336
s 107
f 628/711/1337 627/736/1338 630/737/1339 629/697/1340
s 112
f 627/736/1341 626/818/1342 631/820/1343 630/737/1344
s 107
f 655/717/1345 654/745/1346 657/746/1347 656/713/1348
s 114
f 654/745/1349 653/796/1350 658/836/1351 657/746/1352
s 107
f 661/721/1353 660/747/1354 663/748/1355 662/715/1356
s 114
f 660/747/1357 659/832/1358 664/834/1359 663/748/1360
s 107
f 569/676/1361 568/719/1362 589/718/1321 590/675/1324
f 570/678/1363 569/676/1361 590/675/1324 593/677/1364
f 571/680/1365 570/678/1363 593/677/1364 596/679/1366
f 849/983/1367 877/1024/1368 878/1025/1369 848/982/1370
f 573/684/1371 572/682/1372 599/681/1373 602/683/1374
f 574/686/1375 573/684/1371 602/683/1374 605/685/1376
f 575/688/1377 574/686/1375 605/685/1376 608/687/1378
f 576/690/1379 575/688/1377 613/695/1329 614/689/1332
f 577/692/1380 576/690/1379 614/689/1332 617/691/1381
f 578/696/1382 577/692/1380 617/691/1381 620/693/1383
f 575/688/1377 608/687/1378 623/694/1384 613/695/1329
f 579/698/1385 578/696/1382 628/711/1337 629/697/1340
f 580/700/1386 579/698/1385 629/697/1340 632/699/1387
f 581/702/1388 580/700/1386 632/699/1387 635/701/1389
f 898/1045/1390 828/962/1391 829/963/1392 897/1044/1393
f 583/706/1394 582/704/1395 638/703/1396 641/705/1397
f 584/708/1398 583/706/1394 641/705/1397 644/707/1399
f 585/714/1400 584/708/1398 644/707/1399 647/709/1401
f 578/696/1382 620/693/1383 650/710/1402 628/711/1337
f 568/719/1362 567/712/1403 655/717/1345 656/713/1348
f 586/716/1404 585/714/1400 661/721/1353 662/715/1356
f 567/712/1403 586/716/1404 662/715/1356 655/717/1345
f 589/718/1321 568/719/1362 656/713/1348 667/722/1405
f 585/714/1400 647/709/1401 668/720/1406 661/721/1353
s 108
f 587/798/1326 588/723/1325 666/749/1407 665/849/1408
s 107
f 588/723/1322 589/718/1321 667/722/1405 666/749/1409
f 590/675/1324 591/724/1323 594/725/1410 593/677/1364
s 108
f 591/724/1328 592/800/1327 595/802/1411 594/725/1412
s 107
f 593/677/1364 594/725/1410 597/726/1413 596/679/1366
s 108
f 594/725/1412 595/802/1411 598/804/1414 597/726/1415
s 107
f 878/1025/1369 879/1026/1416 847/981/1417 848/982/1370
s 108
f 847/981/1418 879/1026/1419 880/1027/1420 846/980/1421
s 107
f 599/681/1373 600/727/1422 603/728/1423 602/683/1374
s 108
f 600/727/1424 601/806/1425 604/808/1426 603/728/1427
s 107
f 602/683/1374 603/728/1423 606/729/1428 605/685/1376
s 108
f 603/728/1427 604/808/1426 607/810/1429 606/729/1430
s 107
f 605/685/1376 606/729/1428 609/730/1431 608/687/1378
s 108
f 606/729/1430 607/810/1429 610/842/1432 609/730/1433
s 107
f 608/687/1378 609/730/1431 624/735/1434 623/694/1384
s 108
f 609/730/1433 610/842/1432 625/839/1435 624/735/1436
s 107
f 614/689/1332 615/732/1331 618/733/1437 617/691/1381
s 110
f 615/732/1336 616/814/1335 619/816/1438 618/733/1439
s 107
f 617/691/1381 618/733/1437 621/734/1440 620/693/1383
s 110
f 618/733/1439 619/816/1438 622/846/1441 621/734/1442
s 107
f 620/693/1383 621/734/1440 651/744/1443 650/710/1402
s 110
f 621/734/1442 622/846/1441 652/841/1444 651/744/1445
f 611/812/1334 612/731/1333 624/735/1446 625/839/1447
s 107
f 612/731/1330 613/695/1329 623/694/1384 624/735/1448
f 629/697/1340 630/737/1339 633/738/1449 632/699/1387
s 112
f 630/737/1344 631/820/1343 634/822/1450 633/738/1451
s 107
f 632/699/1387 633/738/1449 636/739/1452 635/701/1389
s 112
f 633/738/1451 634/822/1450 637/824/1453 636/739/1454
s 107
f 829/963/1392 830/964/1455 896/1043/1456 897/1044/1393
s 112
f 896/1043/1457 830/964/1458 831/965/1459 895/1042/1460
s 107
f 638/703/1396 639/740/1461 642/741/1462 641/705/1397
s 112
f 639/740/1463 640/826/1464 643/828/1465 642/741/1466
s 107
f 641/705/1397 642/741/1462 645/742/1467 644/707/1399
s 112
f 642/741/1466 643/828/1465 646/830/1468 645/742/1469
s 107
f 644/707/1399 645/742/1467 648/743/1470 647/709/1401
s 112
f 645/742/1469 646/830/1468 649/850/1471 648/743/1472
s 107
f 647/709/1401 648/743/1470 669/750/1473 668/720/1406
s 112
f 648/743/1472 649/850/1471 670/845/1474 669/750/1475
f 626/818/1342 627/736/1341 651/744/1476 652/841/1477
s 107
f 627/736/1338 628/711/1337 650/710/1402 651/744/1478
s 114
f 653/796/1350 654/745/1349 663/748/1360 664/834/1359
s 107
f 654/745/1346 655/717/1345 662/715/1356 663/748/1355
f 656/713/1348 657/746/1347 666/749/1479 667/722/1405
s 114
f 657/746/1352 658/836/1351 665/849/1480 666/749/1481
f 659/832/1358 660/747/1357 669/750/1482 670/845/1483
s 107
f 660/747/1354 661/721/1353 668/720/1406 669/750/1484
s 117
f 548/786/1485 549/751/1486 674/754/1487 671/752/1488
f 549/751/1486 550/753/1489 677/756/1490 674/754/1487
f 550/753/1489 551/755/1491 680/757/1492 677/756/1490
f 843/977/1493 883/1030/1494 884/1031/1495 842/976/1496
f 552/758/1497 553/759/1498 686/762/1499 683/760/1500
f 553/759/1498 554/761/1501 689/763/1502 686/762/1499
f 554/761/1501 555/770/1503 692/769/1504 689/763/1502
f 555/770/1503 556/764/1505 698/767/1506 695/765/1507
f 556/764/1505 557/766/1508 701/768/1509 698/767/1506
f 557/766/1508 558/785/1510 704/784/1511 701/768/1509
f 692/769/1504 555/770/1503 695/765/1507 707/852/1512
f 558/785/1510 559/771/1513 713/774/1514 710/772/1515
f 559/771/1513 560/773/1516 716/776/1517 713/774/1514
f 560/773/1516 561/775/1518 719/777/1519 716/776/1517
f 892/1039/1520 834/968/1521 835/969/1522 891/1038/1523
f 562/778/1524 563/779/1525 725/782/1526 722/780/1527
f 563/779/1525 564/781/1528 728/783/1529 725/782/1526
f 564/781/1528 565/795/1530 731/794/1531 728/783/1529
f 704/784/1511 558/785/1510 710/772/1515 734/853/1532
f 547/790/1533 548/786/1485 740/793/1534 737/787/1535
f 565/795/1530 566/788/1536 746/791/1537 743/789/1538
f 566/788/1536 547/790/1533 737/787/1535 746/791/1537
f 548/786/1485 671/752/1488 749/792/1539 740/793/1534
f 731/794/1531 565/795/1530 743/789/1538 752/854/1540
s 114
f 658/836/1351 653/796/1350 739/835/1541 742/797/1542
s 108
f 592/800/1327 587/798/1326 673/848/1543 676/799/1544
f 595/802/1411 592/800/1327 676/799/1544 679/801/1545
f 598/804/1414 595/802/1411 679/801/1545 682/803/1546
f 846/980/1421 880/1027/1420 881/1028/1547 845/979/1548
f 604/808/1426 601/806/1425 685/805/1549 688/807/1550
f 607/810/1429 604/808/1426 688/807/1550 691/809/1551
f 610/842/1432 607/810/1429 691/809/1551 694/811/1552
s 110
f 616/814/1335 611/812/1334 697/838/1553 700/813/1554
f 619/816/1438 616/814/1335 700/813/1554 703/815/1555
f 622/846/1441 619/816/1438 703/815/1555 706/817/1556
s 112
f 631/820/1343 626/818/1342 712/840/1557 715/819/1558
f 634/822/1450 631/820/1343 715/819/1558 718/821/1559
f 637/824/1453 634/822/1450 718/821/1559 721/823/1560
f 895/1042/1460 831/965/1459 832/966/1561 894/1041/1562
f 643/828/1465 640/826/1464 724/825/1563 727/827/1564
f 646/830/1468 643/828/1465 727/827/1564 730/829/1565
f 649/850/1471 646/830/1468 730/829/1565 733/831/1566
s 114
f 664/834/1359 659/832/1358 745/844/1567 748/833/1568
f 653/796/1350 664/834/1359 748/833/1568 739/835/1541
f 658/836/1351 742/797/1542 751/837/1569 665/849/1480
s 110
f 697/838/1553 611/812/1334 625/839/1447 709/843/1570
s 112
f 712/840/1557 626/818/1342 652/841/1477 736/847/1571
s 108
f 610/842/1432 694/811/1552 709/843/1572 625/839/1435
s 114
f 745/844/1567 659/832/1358 670/845/1483 754/851/1573
s 110
f 622/846/1441 706/817/1556 736/847/1574 652/841/1444
s 108
f 673/848/1543 587/798/1326 665/849/1408 751/837/1575
s 112
f 649/850/1471 733/831/1566 754/851/1576 670/845/1474
s 117
f 671/752/1488 672/855/1577 750/881/1578 749/792/1539
s 108
f 672/855/1579 673/848/1543 751/837/1575 750/881/1580
f 673/848/1543 672/855/1579 675/856/1581 676/799/1544
s 117
f 672/855/1577 671/752/1488 674/754/1487 675/856/1582
s 108
f 676/799/1544 675/856/1581 678/857/1583 679/801/1545
s 117
f 675/856/1582 674/754/1487 677/756/1490 678/857/1584
s 108
f 679/801/1545 678/857/1583 681/858/1585 682/803/1546
s 117
f 678/857/1584 677/756/1490 680/757/1492 681/858/1586
s 108
f 844/978/1587 845/979/1548 881/1028/1547 882/1029/1588
s 117
f 843/977/1493 844/978/1589 882/1029/1590 883/1030/1494
s 108
f 685/805/1549 684/859/1591 687/860/1592 688/807/1550
s 117
f 684/859/1593 683/760/1500 686/762/1499 687/860/1594
s 108
f 688/807/1550 687/860/1592 690/861/1595 691/809/1551
s 117
f 687/860/1594 686/762/1499 689/763/1502 690/861/1596
s 108
f 691/809/1551 690/861/1595 693/862/1597 694/811/1552
s 117
f 690/861/1596 689/763/1502 692/769/1504 693/862/1598
f 695/765/1507 696/863/1599 708/867/1600 707/852/1512
s 110
f 696/863/1601 697/838/1553 709/843/1570 708/867/1602
f 697/838/1553 696/863/1601 699/864/1603 700/813/1554
s 117
f 696/863/1599 695/765/1507 698/767/1506 699/864/1604
s 110
f 700/813/1554 699/864/1603 702/865/1605 703/815/1555
s 117
f 699/864/1604 698/767/1506 701/768/1509 702/865/1606
s 110
f 703/815/1555 702/865/1605 705/866/1607 706/817/1556
s 117
f 702/865/1606 701/768/1509 704/784/1511 705/866/1608
s 108
f 694/811/1552 693/862/1597 708/867/1609 709/843/1572
s 117
f 693/862/1598 692/769/1504 707/852/1512 708/867/1610
f 710/772/1515 711/868/1611 735/876/1612 734/853/1532
s 112
f 711/868/1613 712/840/1557 736/847/1571 735/876/1614
f 712/840/1557 711/868/1613 714/869/1615 715/819/1558
s 117
f 711/868/1611 710/772/1515 713/774/1514 714/869/1616
s 112
f 715/819/1558 714/869/1615 717/870/1617 718/821/1559
s 117
f 714/869/1616 713/774/1514 716/776/1517 717/870/1618
s 112
f 718/821/1559 717/870/1617 720/871/1619 721/823/1560
s 117
f 717/870/1618 716/776/1517 719/777/1519 720/871/1620
s 112
f 893/1040/1621 894/1041/1562 832/966/1561 833/967/1622
s 117
f 892/1039/1520 893/1040/1623 833/967/1624 834/968/1521
s 112
f 724/825/1563 723/872/1625 726/873/1626 727/827/1564
s 117
f 723/872/1627 722/780/1527 725/782/1526 726/873/1628
s 112
f 727/827/1564 726/873/1626 729/874/1629 730/829/1565
s 117
f 726/873/1628 725/782/1526 728/783/1529 729/874/1630
s 112
f 730/829/1565 729/874/1629 732/875/1631 733/831/1566
s 117
f 729/874/1630 728/783/1529 731/794/1531 732/875/1632
s 110
f 706/817/1556 705/866/1607 735/876/1633 736/847/1574
s 117
f 705/866/1608 704/784/1511 734/853/1532 735/876/1634
f 737/787/1535 738/877/1635 747/880/1636 746/791/1537
s 114
f 738/877/1637 739/835/1541 748/833/1568 747/880/1638
f 739/835/1541 738/877/1637 741/878/1639 742/797/1542
s 117
f 738/877/1635 737/787/1535 740/793/1534 741/878/1640
f 743/789/1538 744/879/1641 753/882/1642 752/854/1540
s 114
f 744/879/1643 745/844/1567 754/851/1573 753/882/1644
f 745/844/1567 744/879/1643 747/880/1638 748/833/1568
s 117
f 744/879/1641 743/789/1538 746/791/1537 747/880/1636
s 114
f 742/797/1542 741/878/1639 750/881/1645 751/837/1569
s 117
f 741/878/1640 740/793/1534 749/792/1539 750/881/1646
s 112
f 733/831/1566 732/875/1631 753/882/1647 754/851/1576
s 117
f 732/875/1632 731/794/1531 752/854/1540 753/882/1648
s 4
f 756/884/1649 755/883/1650 775/905/1651 776/906/1652
s 1
f 757/885/1653 756/884/1654 776/906/1655 777/907/1656
f 758/886/1657 757/885/1653 777/907/1656 778/908/1658
f 759/887/1659 758/886/1657 778/908/1658 779/909/1660
f 850/984/1661 851/985/1662 875/1022/1663 876/1023/1664
f 761/889/1665 760/888/1666 780/910/1667 781/911/1668
f 762/890/1669 761/889/1665 781/911/1668 782/912/1670
f 763/891/1671 762/890/1669 782/912/1670 783/913/1672
s 7
f 764/892/1673 763/891/1674 783/913/1675 784/914/1676
f 765/893/1677 764/892/1673 784/914/1676 785/915/1678
f 766/895/1679 765/893/1677 785/915/1678 786/917/1680
s 6
f 767/896/1681 766/894/1682 786/916/1683 787/918/1684
f 768/897/1685 767/896/1681 787/918/1684 788/919/1686
f 769/898/1687 768/897/1685 788/919/1686 789/920/1688
f 899/1046/1689 900/1047/1690 826/960/1691 827/961/1692
f 771/900/1693 770/899/1694 790/921/1695 791/922/1696
f 772/901/1697 771/900/1693 791/922/1696 792/923/1698
f 773/903/1699 772/901/1697 792/923/1698 793/925/1700
s 4
f 774/904/1701 773/902/1702 793/924/1703 794/926/1704
f 755/883/1650 774/904/1701 794/926/1704 775/905/1651
f 776/906/1652 775/905/1651 567/712/1705 568/719/1706
s 1
f 777/907/1656 776/906/1655 568/719/1707 569/676/1708
f 778/908/1658 777/907/1656 569/676/1708 570/678/1709
f 779/909/1660 778/908/1658 570/678/1709 571/680/1710
f 849/983/1711 850/984/1661 876/1023/1664 877/1024/1712
f 781/911/1668 780/910/1667 572/682/1713 573/684/1714
f 782/912/1670 781/911/1668 573/684/1714 574/686/1715
f 783/913/1672 782/912/1670 574/686/1715 575/688/1716
s 7
f 784/914/1676 783/913/1675 575/688/1717 576/690/1718
f 785/915/1678 784/914/1676 576/690/1718 577/692/1719
f 786/917/1680 785/915/1678 577/692/1719 578/696/1720
s 6
f 787/918/1684 786/916/1683 578/696/1721 579/698/1722
f 788/919/1686 787/918/1684 579/698/1722 580/700/1723
f 789/920/1688 788/919/1686 580/700/1723 581/702/1724
f 898/1045/1725 899/1046/1689 827/961/1692 828/962/1726
f 791/922/1696 790/921/1695 582/704/1727 583/706/1728
f 792/923/1698 791/922/1696 583/706/1728 584/708/1729
f 793/925/1700 792/923/1698 584/708/1729 585/714/1730
s 4
f 794/926/1704 793/924/1703 585/714/1731 586/716/1732
f 775/905/1651 794/926/1704 586/716/1732 567/712/1705
f 796/928/498 795/927/497 755/883/1650 756/884/1649
s 1
f 797/929/486 796/928/485 756/884/1654 757/885/1653
f 798/930/813 797/929/486 757/885/1653 758/886/1657
f 799/931/1065 798/930/813 758/886/1657 759/887/1659
f 851/985/1662 852/986/535 874/1021/538 875/1022/1663
f 801/933/740 800/932/1008 760/888/1666 761/889/1665
f 802/934/517 801/933/740 761/889/1665 762/890/1669
f 803/935/518 802/934/517 762/890/1669 763/891/1671
s 7
f 804/936/1188 803/935/1187 763/891/1674 764/892/1673
f 805/937/1223 804/936/1188 764/892/1673 765/893/1677
f 806/939/1224 805/937/1223 765/893/1677 766/895/1679
s 6
f 807/940/1220 806/938/1222 766/894/1682 767/896/1681
f 808/941/1221 807/940/1220 767/896/1681 768/897/1685
f 809/942/1225 808/941/1221 768/897/1685 769/898/1687
f 900/1047/1690 901/1048/1209 825/959/1210 826/960/1691
f 811/944/1208 810/943/1226 770/899/1694 771/900/1693
f 812/945/1202 811/944/1208 771/900/1693 772/901/1697
f 813/947/1203 812/945/1202 772/901/1697 773/903/1699
s 4
f 814/948/904 813/946/903 773/902/1702 774/904/1701
f 795/927/497 814/948/904 774/904/1701 755/883/1650
s 2
f 965/478/1024 942/949/546 941/1100/545 966/1114/1025
f 963/597/1023 956/950/952 942/949/546 965/478/1024
f 954/1107/949 956/950/952 963/597/1023 964/1113/1022
s 6
f 328/1207/1021 329/407/1020 817/951/550 816/1211/549
f 329/407/1020 330/408/1019 818/952/633 817/951/550
f 819/953/634 818/952/633 330/408/1019 331/409/1018
f 820/954/569 819/953/634 331/409/1018 332/410/1017
f 821/955/570 820/954/569 332/410/1017 333/411/1016
f 333/411/1016 334/412/1015 822/956/615 821/955/570
f 334/412/1015 335/413/1014 823/957/616 822/956/615
f 335/413/1014 336/414/1013 824/958/665 823/957/616
f 336/414/1013 809/942/1225 825/959/1210 824/958/665
f 826/960/1691 825/959/1210 809/942/1225 769/898/1687
f 827/961/1692 826/960/1691 769/898/1687 789/920/1688
f 828/962/1726 827/961/1692 789/920/1688 581/702/1724
s 107
f 829/963/1392 828/962/1391 581/702/1388 635/701/1389
f 635/701/1389 636/739/1452 830/964/1455 829/963/1392
s 112
f 636/739/1454 637/824/1453 831/965/1459 830/964/1458
f 832/966/1561 831/965/1459 637/824/1453 721/823/1560
f 721/823/1560 720/871/1619 833/967/1622 832/966/1561
s 117
f 720/871/1620 719/777/1519 834/968/1521 833/967/1624
f 561/775/1518 835/969/1522 834/968/1521 719/777/1519
s 99
f 836/970/1309 835/969/1312 561/775/1307 524/652/1308
s 78
f 523/651/1011 837/971/916 836/970/915 524/652/1012
s 93
f 496/624/1733 838/972/1213 837/971/1212 523/651/1734
s 18
f 841/975/551 840/974/554 507/633/1010 508/634/1009
s 97
f 552/758/1294 842/976/1290 841/975/1289 508/634/1295
s 117
f 843/977/1493 842/976/1496 552/758/1497 683/760/1500
f 844/978/1589 843/977/1493 683/760/1500 684/859/1593
s 108
f 845/979/1548 844/978/1587 684/859/1591 685/805/1549
f 601/806/1425 846/980/1421 845/979/1548 685/805/1549
f 847/981/1418 846/980/1421 601/806/1425 600/727/1424
s 107
f 848/982/1370 847/981/1417 600/727/1422 599/681/1373
f 572/682/1372 849/983/1367 848/982/1370 599/681/1373
s 1
f 780/910/1667 850/984/1661 849/983/1711 572/682/1713
f 760/888/1666 851/985/1662 850/984/1661 780/910/1667
f 800/932/1008 852/986/535 851/985/1662 760/888/1666
f 311/379/1007 853/987/536 852/986/535 800/932/1008
s 44
f 854/989/706 853/988/705 311/380/1063 312/381/1062
s 38
f 312/382/1061 313/384/1060 855/992/663 854/990/662
s 43
f 313/383/1059 314/386/1058 856/994/696 855/991/695
s 1
f 857/995/602 856/993/601 314/385/1057 315/387/1056
s 42
f 858/996/690 857/995/689 315/387/1055 316/388/1054
s 37
f 859/997/659 858/996/658 316/388/1053 317/389/1052
s 41
f 317/389/1051 318/390/1050 860/998/680 859/997/679
s 1
f 318/390/1049 319/391/1048 861/999/584 860/998/583
s 50
f 862/1001/738 861/1000/737 319/392/1047 320/393/1046
s 40
f 320/394/1045 321/396/1044 863/1004/673 862/1002/672
s 49
f 321/395/1043 322/398/1042 864/1006/728 863/1003/727
s 1
f 322/397/1041 323/399/1040 865/1007/648 864/1005/647
s 48
f 866/1009/722 865/1008/721 323/400/1039 383/483/1038
f 867/1010/964 866/1009/722 383/483/1038 324/401/1037
s 39
f 324/402/1036 325/404/1035 868/1013/669 867/1011/668
s 84
f 325/403/1034 388/488/1033 869/1014/974 868/1012/973
s 87
f 870/1015/983 869/1014/986 388/488/1031 389/489/1032
s 46
f 871/1016/712 870/1015/711 389/489/1030 390/490/1029
s 1
f 326/406/1027 872/1018/542 871/1016/981 390/490/1028
f 815/1172/539 872/1017/542 326/405/1027 327/1182/1026
f 874/1021/538 873/1019/537 337/415/1064 799/931/1065
f 875/1022/1663 874/1021/538 799/931/1065 759/887/1659
f 876/1023/1664 875/1022/1663 759/887/1659 779/909/1660
f 877/1024/1712 876/1023/1664 779/909/1660 571/680/1710
s 107
f 878/1025/1369 877/1024/1368 571/680/1365 596/679/1366
f 596/679/1366 597/726/1413 879/1026/1416 878/1025/1369
s 108
f 597/726/1415 598/804/1414 880/1027/1420 879/1026/1419
f 881/1028/1547 880/1027/1420 598/804/1414 682/803/1546
f 682/803/1546 681/858/1585 882/1029/1588 881/1028/1547
s 117
f 681/858/1586 680/757/1492 883/1030/1494 882/1029/1590
f 551/755/1491 884/1031/1495 883/1030/1494 680/757/1492
s 97
f 885/1032/1292 884/1031/1291 551/755/1287 509/636/1288
s 18
f 509/636/1120 510/635/1119 886/1033/553 885/1032/552
s 91
f 490/616/1227 887/1034/1191 886/1033/1190 510/635/1228
s 78
f 890/1037/914 889/1036/913 521/649/1117 522/650/1118
s 99
f 562/778/1314 891/1038/1311 890/1037/1310 522/650/1315
s 117
f 892/1039/1520 891/1038/1523 562/778/1524 722/780/1527
f 893/1040/1623 892/1039/1520 722/780/1527 723/872/1627
s 112
f 894/1041/1562 893/1040/1621 723/872/1625 724/825/1563
f 640/826/1464 895/1042/1460 894/1041/1562 724/825/1563
f 896/1043/1457 895/1042/1460 640/826/1464 639/740/1463
s 107
f 897/1044/1393 896/1043/1456 639/740/1461 638/703/1396
f 582/704/1395 898/1045/1390 897/1044/1393 638/703/1396
s 6
f 790/921/1695 899/1046/1689 898/1045/1725 582/704/1727
f 770/899/1694 900/1047/1690 899/1046/1689 790/921/1695
f 810/943/1226 901/1048/1209 900/1047/1690 770/899/1694
f 902/1049/666 901/1048/1209 810/943/1226 338/417/1116
f 338/417/1116 339/418/1115 903/1050/617 902/1049/666
f 904/1051/618 903/1050/617 339/418/1115 340/419/1114
f 340/419/1114 341/420/1113 905/1052/567 904/1051/618
f 341/420/1113 342/421/1112 906/1053/568 905/1052/567
f 342/421/1112 343/422/1111 907/1054/631 906/1053/568
f 343/422/1111 344/423/1110 908/1055/632 907/1054/631
f 344/423/1110 345/424/1109 909/1056/547 908/1055/632
f 345/424/1109 346/1213/1108 910/1200/548 909/1056/547
s 2
f 970/1116/1107 969/596/1106 955/1057/951 953/1108/950
f 939/1058/543 955/1057/951 969/596/1106 967/479/1104
f 940/1099/544 939/1058/543 967/479/1104 968/1115/1105
s 1
f 347/1180/1103 348/425/1101 912/1059/541 911/1184/540
f 913/1061/982 912/1060/541 348/426/1101 391/491/1102
s 46
f 914/1062/714 913/1061/713 391/491/1100 392/492/1099
s 87
f 387/487/1097 915/1063/985 914/1062/984 392/492/1098
s 84
f 916/1064/976 915/1063/975 387/487/1096 349/427/1095
s 39
f 349/428/1094 350/430/1093 917/1067/667 916/1065/670
s 48
f 350/429/1092 384/484/1091 918/1068/719 917/1066/963
f 919/1070/720 918/1068/719 384/484/1091 351/432/1090
s 1
f 920/1071/650 919/1069/649 351/431/1089 352/433/1088
s 49
f 921/1073/730 920/1072/729 352/434/1087 353/435/1086
s 40
f 353/436/1085 354/438/1084 922/1076/671 921/1074/674
s 50
f 354/437/1083 355/440/1082 923/1078/736 922/1075/735
s 1
f 924/1079/586 923/1077/585 355/439/1081 356/441/1080
s 41
f 925/1081/682 924/1080/681 356/442/1079 357/443/1078
s 37
f 357/444/1077 358/446/1076 926/1084/657 925/1082/660
s 42
f 358/445/1075 359/448/1074 927/1086/688 926/1083/687
s 1
f 359/447/1073 360/449/1072 928/1087/600 927/1085/599
s 43
f 929/1089/698 928/1088/697 360/450/1071 361/451/1070
s 38
f 361/452/1069 362/454/1068 930/1092/661 929/1090/664
s 44
f 362/453/1067 337/416/1066 873/1020/704 930/1091/703
s off
f 496/624/1735 523/651/1736 526/654/1737 498/626/1738
s 2
f 932/1094/488 931/1093/487 972/1118/1739 971/1130/1740
f 938/1097/526 937/1096/525 974/1122/1741 973/1193/1742
f 941/1100/545 940/1099/544 976/1126/1743 975/1158/1744
f 937/1096/525 944/1101/798 977/1128/1745 974/1122/1741
f 945/1102/827 932/1094/488 971/1130/1740 978/1150/1746
f 944/1101/798 966/1114/1025 979/1148/1747 977/1128/1745
f 968/1115/1105 945/1102/827 978/1150/1746 980/1164/1748
f 966/1114/1025 941/1100/545 975/1158/1744 979/1148/1747
f 940/1099/544 968/1115/1105 980/1164/1748 976/1126/1743
f 935/1098/523 938/1097/526 982/1124/1749 981/1156/1750
f 950/1104/946 949/1103/945 984/1132/1751 983/1215/1752
f 949/1103/945 935/1098/523 981/1156/1750 984/1132/1751
f 938/1097/526 973/1193/1742 985/1171/1753 982/1124/1749
f 947/1105/943 950/1104/946 987/1134/1754 986/1136/1755
f 951/1106/947 947/1105/943 986/1136/1755 988/1146/1756
f 953/1108/950 954/1107/949 990/1138/1757 989/1162/1758
f 958/1110/953 960/1109/956 992/1140/1759 991/1142/1760
f 962/1111/958 958/1110/953 991/1142/1760 993/1226/1761
f 964/1113/1022 951/1106/947 988/1146/1756 994/1160/1762
f 960/1109/956 970/1116/1107 995/1152/1763 992/1140/1759
f 954/1107/949 964/1113/1022 994/1160/1762 990/1138/1757
f 970/1116/1107 953/1108/950 989/1162/1758 995/1152/1763
f 950/1104/946 983/1215/1752 996/1190/1764 987/1134/1754
f 931/1093/487 934/1095/490 998/1120/1765 997/1167/1766
f 961/1112/957 962/1111/958 1000/1144/1767 999/1154/1768
f 934/1095/490 961/1112/957 999/1154/1768 998/1120/1765
f 972/1118/1739 931/1093/487 997/1167/1766 1001/1225/1769
f 962/1111/958 993/1226/1761 1002/1206/1770 1000/1144/1767
s 126
f 1003/1166/1771 1004/1224/1772 1063/1168/1773 1064/1223/1774
f 1004/1224/1772 1003/1166/1771 1006/1177/1775 1005/1117/1776
f 1005/1117/1776 1006/1177/1775 1018/1181/1777 1017/1129/1778
f 1007/1169/1779 1008/1127/1780 1016/1147/1781 1015/1175/1782
f 1008/1127/1780 1007/1169/1779 1010/1231/1783 1009/1121/1784
f 1009/1121/1784 1010/1231/1783 1032/1195/1785 1031/1194/1786
f 1011/1173/1787 1012/1163/1788 1021/1149/1789 1022/1185/1790
f 1012/1163/1788 1011/1173/1787 1014/1183/1791 1013/1125/1792
f 1013/1125/1792 1014/1183/1791 1019/1179/1793 1020/1157/1794
f 1015/1175/1782 1016/1147/1781 1020/1157/1794 1019/1179/1793
f 1017/1129/1778 1018/1181/1777 1022/1185/1790 1021/1149/1789
s 129
f 1023/1187/1795 1024/1170/1796 1031/1194/1797 1032/1195/1798
f 1024/1170/1796 1023/1187/1795 1026/1192/1799 1025/1123/1800
f 1025/1123/1800 1026/1192/1799 1027/1188/1801 1028/1155/1802
f 1028/1155/1802 1027/1188/1801 1030/1229/1803 1029/1131/1804
f 1029/1131/1804 1030/1229/1803 1054/1217/1805 1053/1216/1806
s 130
f 1033/1133/1807 1034/1199/1808 1038/1208/1809 1037/1135/1810
f 1034/1199/1808 1033/1133/1807 1036/1189/1811 1035/1197/1812
f 1035/1197/1812 1036/1189/1811 1053/1216/1813 1054/1217/1814
f 1037/1135/1810 1038/1208/1809 1050/1212/1815 1049/1145/1816
f 1039/1137/1817 1040/1214/1818 1051/1210/1819 1052/1161/1820
f 1040/1214/1818 1039/1137/1817 1042/1159/1821 1041/1201/1822
f 1041/1201/1822 1042/1159/1821 1049/1145/1816 1050/1212/1815
f 1043/1139/1823 1044/1204/1824 1048/1235/1825 1047/1141/1826
f 1044/1204/1824 1043/1139/1823 1046/1151/1827 1045/1203/1828
f 1045/1203/1828 1046/1151/1827 1052/1161/1820 1051/1210/1819
f 1047/1141/1826 1048/1235/1825 1066/1228/1829 1065/1227/1830
s 133
f 1055/1119/1831 1056/1234/1832 1064/1223/1833 1063/1168/1834
f 1056/1234/1832 1055/1119/1831 1058/1153/1835 1057/1218/1836
f 1057/1218/1836 1058/1153/1835 1059/1143/1837 1060/1222/1838
f 1060/1222/1838 1059/1143/1837 1062/1205/1839 1061/1220/1840
f 1061/1220/1840 1062/1205/1839 1065/1227/1841 1066/1228/1842
s 126
f 1004/1224/1772 1005/1117/1776 971/1130/1843 972/1118/1844
s 133
f 1058/1153/1835 1055/1119/1831 997/1167/1845 998/1120/1846
s 126
f 1008/1127/1780 1009/1121/1784 973/1193/1847 974/1122/1848
s 129
f 1024/1170/1796 1025/1123/1800 981/1156/1849 982/1124/1850
s 126
f 1012/1163/1788 1013/1125/1792 975/1158/1851 976/1126/1852
f 1016/1147/1781 1008/1127/1780 974/1122/1848 977/1128/1853
f 1005/1117/1776 1017/1129/1778 978/1150/1854 971/1130/1843
s 129
f 1028/1155/1802 1029/1131/1804 983/1215/1855 984/1132/1856
s 130
f 1036/1189/1811 1033/1133/1807 986/1136/1857 987/1134/1858
f 1033/1133/1807 1037/1135/1810 988/1146/1859 986/1136/1857
f 1042/1159/1821 1039/1137/1817 989/1162/1860 990/1138/1861
f 1046/1151/1827 1043/1139/1823 991/1142/1862 992/1140/1863
f 1043/1139/1823 1047/1141/1826 993/1226/1864 991/1142/1862
s 133
f 1062/1205/1839 1059/1143/1837 999/1154/1865 1000/1144/1866
s 130
f 1037/1135/1810 1049/1145/1816 994/1160/1867 988/1146/1859
s 126
f 1020/1157/1794 1016/1147/1781 977/1128/1853 979/1148/1868
f 1017/1129/1778 1021/1149/1789 980/1164/1869 978/1150/1854
s 130
f 1052/1161/1820 1046/1151/1827 992/1140/1863 995/1152/1870
s 133
f 1059/1143/1837 1058/1153/1835 998/1120/1846 999/1154/1865
s 129
f 1025/1123/1800 1028/1155/1802 984/1132/1856 981/1156/1849
s 126
f 1013/1125/1792 1020/1157/1794 979/1148/1868 975/1158/1851
s 130
f 1049/1145/1816 1042/1159/1821 990/1138/1861 994/1160/1867
f 1039/1137/1817 1052/1161/1820 995/1152/1870 989/1162/1860
s 126
f 1021/1149/1789 1012/1163/1788 976/1126/1852 980/1164/1869
f 223/1233/1871 243/1165/1872 1006/1177/1775 1003/1166/1771
s 133
f 997/1167/1845 1055/1119/1831 1063/1168/1834 1001/1225/1873
s 126
f 239/1174/1874 224/1232/1875 1010/1231/1783 1007/1169/1779
s 129
f 1024/1170/1796 982/1124/1850 985/1171/1876 1031/1194/1797
s 126
f 911/1184/1877 815/1172/1878 1014/1183/1791 1011/1173/1787
f 407/1178/1879 239/1174/1874 1007/1169/1779 1015/1175/1782
f 243/1165/1872 447/1176/1880 1018/1181/1777 1006/1177/1775
f 327/1182/1881 407/1178/1879 1015/1175/1782 1019/1179/1793
f 447/1176/1880 347/1180/1882 1022/1185/1790 1018/1181/1777
f 815/1172/1878 327/1182/1881 1019/1179/1793 1014/1183/1791
f 347/1180/1882 911/1184/1877 1011/1173/1787 1022/1185/1790
s 129
f 224/1232/1883 380/1186/1884 1026/1192/1799 1023/1187/1795
f 472/1191/1885 226/1230/1886 1030/1229/1803 1027/1188/1801
s 130
f 1036/1189/1811 987/1134/1858 996/1190/1887 1053/1216/1813
s 129
f 380/1186/1884 472/1191/1885 1027/1188/1801 1026/1192/1799
s 126
f 973/1193/1847 1009/1121/1784 1031/1194/1786 985/1171/1888
s 129
f 1032/1195/1798 224/1232/1883 1023/1187/1795
s 130
f 226/1230/1889 238/1196/1890 1034/1199/1808 1035/1197/1812
f 238/1196/1890 406/1198/1891 1038/1208/1809 1034/1199/1808
f 816/1211/1892 910/1200/1893 1040/1214/1818 1041/1201/1822
f 448/1209/1894 244/1202/1895 1044/1204/1824 1045/1203/1828
f 244/1202/1895 225/1236/1896 1048/1235/1825 1044/1204/1824
s 133
f 1062/1205/1839 1000/1144/1866 1002/1206/1897 1065/1227/1841
s 130
f 406/1198/1891 328/1207/1898 1050/1212/1815 1038/1208/1809
f 346/1213/1899 448/1209/1894 1045/1203/1828 1051/1210/1819
f 328/1207/1898 816/1211/1892 1041/1201/1822 1050/1212/1815
f 910/1200/1893 346/1213/1899 1051/1210/1819 1040/1214/1818
s 129
f 983/1215/1855 1029/1131/1804 1053/1216/1806 996/1190/1900
s 130
f 1054/1217/1814 226/1230/1889 1035/1197/1812
s 133
f 363/1221/1901 223/1233/1902 1056/1234/1832 1057/1218/1836
f 225/1236/1903 471/1219/1904 1060/1222/1838 1061/1220/1840
f 471/1219/1904 363/1221/1901 1057/1218/1836 1060/1222/1838
s 126
f 223/1233/1871 1003/1166/1771 1064/1223/1774
f 1004/1224/1772 972/1118/1844 1001/1225/1905 1063/1168/1773
s 130
f 993/1226/1864 1047/1141/1826 1065/1227/1830 1002/1206/1906
s 133
f 1066/1228/1842 225/1236/1903 1061/1220/1840
s 129
f 1030/1229/1803 226/1230/1886 1054/1217/1805
s 126
f 1010/1231/1783 224/1232/1875 1032/1195/1785
s 133
f 223/1233/1902 1064/1223/1833 1056/1234/1832
s 130
f 1048/1235/1825 225/1236/1896 1066/1228/1829
g default
v -15.690777 1.844775 1.869544
v -15.690742 1.867946 1.879979
v -15.690716 1.886333 1.896231
v -15.690691 1.898142 1.916708
v -15.690683 1.902209 1.939409
v -15.690691 1.898142 1.962109
v -15.690716 1.886334 1.982588
v -15.690742 1.867946 1.998838
v -15.690777 1.844774 2.009273
v -15.690818 1.819088 2.012867
v -15.690858 1.793402 2.009273
v -15.690895 1.770231 1.998838
v -15.690929 1.751843 1.982588
v -15.690944 1.740036 1.962109
v -15.690953 1.735968 1.939409
v -15.690944 1.740036 1.916708
v -15.690929 1.751843 1.896231
v -15.690895 1.770231 1.879979
v -15.690858 1.793402 1.869544
v -15.690818 1.819089 1.865950
v -15.543859 1.844473 1.869544
v -15.543823 1.867644 1.879979
v -15.543797 1.886032 1.896231
v -15.543774 1.897840 1.916708
v -15.543765 1.901908 1.939409
v -15.543774 1.897840 1.962109
v -15.543797 1.886032 1.982588
v -15.543823 1.867644 1.998838
v -15.543859 1.844472 2.009273
v -15.543899 1.818787 2.012867
v -15.543940 1.793101 2.009273
v -15.543977 1.769931 1.998838
v -15.544011 1.751541 1.982588
v -15.544027 1.739735 1.962109
v -15.544035 1.735667 1.939409
v -15.544027 1.739735 1.916708
v -15.544011 1.751541 1.896231
v -15.543977 1.769931 1.879979
v -15.543940 1.793101 1.869544
v -15.543900 1.818787 1.865950
v -15.690818 1.819089 1.939409
v -15.690777 1.844775 0.918131
v -15.690742 1.867946 0.928563
v -15.690716 1.886333 0.944816
v -15.690691 1.898142 0.965295
v -15.690683 1.902209 0.987993
v -15.690691 1.898142 1.010694
v -15.690716 1.886334 1.031173
v -15.690742 1.867946 1.047423
v -15.690777 1.844774 1.057857
v -15.690818 1.819088 1.061452
v -15.690858 1.793402 1.057857
v -15.690895 1.770231 1.047423
v -15.690929 1.751843 1.031173
v -15.690944 1.740036 1.010694
v -15.690953 1.735968 0.987993
v -15.690944 1.740036 0.965295
v -15.690929 1.751843 0.944816
v -15.690895 1.770231 0.928563
v -15.690858 1.793402 0.918131
v -15.690818 1.819089 0.914535
v -15.543859 1.844473 0.918131
v -15.543823 1.867644 0.928563
v -15.543797 1.886032 0.944816
v -15.543774 1.897840 0.965295
v -15.543765 1.901908 0.987993
v -15.543774 1.897840 1.010694
v -15.543797 1.886032 1.031173
v -15.543823 1.867644 1.047423
v -15.543859 1.844472 1.057857
v -15.543899 1.818787 1.061452
v -15.543940 1.793101 1.057857
v -15.543977 1.769931 1.047423
v -15.544011 1.751541 1.031173
v -15.544027 1.739735 1.010694
v -15.544035 1.735667 0.987993
v -15.544027 1.739735 0.965295
v -15.544011 1.751541 0.944816
v -15.543977 1.769931 0.928563
v -15.543940 1.793101 0.918131
v -15.543900 1.818787 0.914535
v -15.690818 1.819089 0.987993
v -15.409214 1.867367 1.866312
v -15.406537 1.885751 1.882126
v -15.403171 1.897551 1.902049
v -15.399463 1.901611 1.924137
v -15.395770 1.897535 1.946223
v -15.392450 1.885722 1.966149
v -15.389826 1.867328 1.981962
v -15.388156 1.844153 1.992112
v -15.387611 1.818466 1.995612
v -15.388240 1.792782 1.992112
v -15.389980 1.769614 1.981962
v -15.392667 1.751231 1.966149
v -15.396024 1.739431 1.946223
v -15.399733 1.735371 1.924137
v -15.403425 1.739447 1.902049
v -15.406747 1.751260 1.882126
v -15.409368 1.769654 1.866312
v -15.411037 1.792829 1.856160
v -15.411583 1.818516 1.852660
v -15.410956 1.844201 1.856160
v -15.317717 1.867180 1.797762
v -15.307109 1.885547 1.809563
v -15.293758 1.897327 1.824437
v -15.278969 1.901364 1.840922
v -15.264200 1.897266 1.857408
v -15.250884 1.885432 1.872282
v -15.240328 1.867021 1.884085
v -15.233569 1.843835 1.891662
v -15.231274 1.818145 1.894275
v -15.233651 1.792465 1.891662
v -15.240482 1.769307 1.884085
v -15.251102 1.750940 1.872282
v -15.264453 1.739161 1.857408
v -15.279234 1.735123 1.840922
v -15.294013 1.739222 1.824437
v -15.307326 1.751056 1.809563
v -15.317880 1.769466 1.797762
v -15.324630 1.792651 1.790183
v -15.326936 1.818342 1.787570
v -15.324548 1.844022 1.790183
v -15.255276 1.867051 1.658506
v -15.240065 1.885408 1.663720
v -15.220918 1.897177 1.670290
v -15.199707 1.901201 1.677571
v -15.178508 1.897090 1.684854
v -15.159393 1.885244 1.691425
v -15.144234 1.866824 1.696640
v -15.134533 1.843632 1.699984
v -15.131208 1.817940 1.701138
v -15.134615 1.792261 1.699984
v -15.144400 1.769110 1.696640
v -15.159610 1.750753 1.691425
v -15.178761 1.738985 1.684854
v -15.199966 1.734961 1.677571
v -15.221171 1.739073 1.670290
v -15.240282 1.750918 1.663720
v -15.255439 1.769339 1.658506
v -15.265143 1.792529 1.655160
v -15.268469 1.818222 1.654004
v -15.265060 1.843901 1.655160
v -15.231120 1.867002 1.463703
v -15.214974 1.885357 1.463703
v -15.194643 1.897123 1.463699
v -15.172122 1.901144 1.463699
v -15.149618 1.897031 1.463703
v -15.129321 1.885182 1.463703
v -15.113236 1.866760 1.463703
v -15.102920 1.843568 1.463703
v -15.099397 1.817874 1.463699
v -15.103004 1.792196 1.463703
v -15.113390 1.769047 1.463703
v -15.129539 1.750691 1.463703
v -15.149873 1.738927 1.463703
v -15.172392 1.734904 1.463699
v -15.194896 1.739019 1.463699
v -15.215185 1.750866 1.463703
v -15.231276 1.769289 1.463703
v -15.241583 1.792481 1.463703
v -15.245115 1.818173 1.463703
v -15.241501 1.843852 1.463703
v -15.255276 1.867051 1.268895
v -15.240065 1.885409 1.263682
v -15.220918 1.897177 1.257110
v -15.199708 1.901201 1.249827
v -15.178508 1.897090 1.242547
v -15.159394 1.885243 1.235977
v -15.144235 1.866824 1.230764
v -15.134533 1.843633 1.227416
v -15.131208 1.817941 1.226262
v -15.134614 1.792261 1.227416
v -15.144400 1.769110 1.230764
v -15.159611 1.750753 1.235977
v -15.178761 1.738986 1.242547
v -15.199968 1.734961 1.249827
v -15.221171 1.739072 1.257110
v -15.240282 1.750918 1.263682
v -15.255439 1.769338 1.268895
v -15.265143 1.792529 1.272242
v -15.268469 1.818221 1.273396
v -15.265061 1.843900 1.272242
v -15.317717 1.867180 1.129642
v -15.307110 1.885547 1.117839
v -15.293760 1.897326 1.102965
v -15.278969 1.901364 1.086478
v -15.264200 1.897266 1.069993
v -15.250885 1.885431 1.055122
v -15.240328 1.867021 1.043316
v -15.233570 1.843836 1.035740
v -15.231275 1.818146 1.033126
v -15.233652 1.792465 1.035740
v -15.240482 1.769307 1.043316
v -15.251103 1.750940 1.055122
v -15.264453 1.739162 1.069993
v -15.279236 1.735123 1.086478
v -15.294014 1.739222 1.102965
v -15.307327 1.751056 1.117839
v -15.317880 1.769466 1.129642
v -15.324631 1.792651 1.137218
v -15.326936 1.818342 1.139832
v -15.324549 1.844022 1.137218
v -15.409214 1.867367 1.061091
v -15.406537 1.885751 1.045278
v -15.403171 1.897551 1.025355
v -15.399465 1.901611 1.003263
v -15.395770 1.897535 0.981179
v -15.392450 1.885721 0.961253
v -15.389826 1.867327 0.945440
v -15.388157 1.844154 0.935289
v -15.387612 1.818467 0.931789
v -15.388240 1.792782 0.935289
v -15.389980 1.769614 0.945440
v -15.392667 1.751231 0.961253
v -15.396024 1.739431 0.981179
v -15.399734 1.735371 1.003263
v -15.403425 1.739446 1.025355
v -15.406747 1.751260 1.045278
v -15.409368 1.769654 1.061091
v -15.411037 1.792829 1.071242
v -15.411583 1.818515 1.074742
v -15.410956 1.844200 1.071242
vt 0.648603 0.107966
vt 0.626409 0.064408
vt 0.591842 0.029841
vt 0.548284 0.007647
vt 0.500000 -0.000000
vt 0.451716 0.007647
vt 0.408159 0.029841
vt 0.373591 0.064409
vt 0.351397 0.107966
vt 0.343750 0.156250
vt 0.351397 0.204534
vt 0.373591 0.248091
vt 0.408159 0.282659
vt 0.451716 0.304853
vt 0.500000 0.312500
vt 0.548284 0.304853
vt 0.591841 0.282659
vt 0.626409 0.248091
vt 0.648603 0.204534
vt 0.656250 0.156250
vt 0.375000 0.312500
vt 0.387500 0.312500
vt 0.400000 0.312500
vt 0.412500 0.312500
vt 0.425000 0.312500
vt 0.437500 0.312500
vt 0.450000 0.312500
vt 0.462500 0.312500
vt 0.475000 0.312500
vt 0.487500 0.312500
vt 0.500000 0.312500
vt 0.512500 0.312500
vt 0.525000 0.312500
vt 0.537500 0.312500
vt 0.550000 0.312500
vt 0.562500 0.312500
vt 0.575000 0.312500
vt 0.587500 0.312500
vt 0.600000 0.312500
vt 0.612500 0.312500
vt 0.625000 0.312500
vt 0.375000 0.687500
vt 0.387500 0.687500
vt 0.400000 0.687500
vt 0.412500 0.687500
vt 0.425000 0.687500
vt 0.437500 0.687500
vt 0.450000 0.687500
vt 0.462500 0.687500
vt 0.475000 0.687500
vt 0.487500 0.687500
vt 0.500000 0.687500
vt 0.512500 0.687500
vt 0.525000 0.687500
vt 0.537500 0.687500
vt 0.550000 0.687500
vt 0.562500 0.687500
vt 0.575000 0.687500
vt 0.587500 0.687500
vt 0.600000 0.687500
vt 0.612500 0.687500
vt 0.625000 0.687500
vt 0.500000 0.156250
vt 0.375000 0.312500
vt 0.387500 0.312500
vt 0.387500 0.687500
vt 0.375000 0.687500
vt 0.400000 0.312500
vt 0.400000 0.687500
vt 0.412500 0.312500
vt 0.412500 0.687500
vt 0.425000 0.312500
vt 0.425000 0.687500
vt 0.437500 0.312500
vt 0.437500 0.687500
vt 0.450000 0.312500
vt 0.450000 0.687500
vt 0.462500 0.312500
vt 0.462500 0.687500
vt 0.475000 0.312500
vt 0.475000 0.687500
vt 0.487500 0.312500
vt 0.487500 0.687500
vt 0.500000 0.312500
vt 0.500000 0.687500
vt 0.512500 0.312500
vt 0.512500 0.687500
vt 0.525000 0.312500
vt 0.525000 0.687500
vt 0.537500 0.312500
vt 0.537500 0.687500
vt 0.550000 0.312500
vt 0.550000 0.687500
vt 0.562500 0.312500
vt 0.562500 0.687500
vt 0.575000 0.312500
vt 0.575000 0.687500
vt 0.587500 0.312500
vt 0.587500 0.687500
vt 0.600000 0.312500
vt 0.600000 0.687500
vt 0.612500 0.312500
vt 0.612500 0.687500
vt 0.625000 0.312500
vt 0.625000 0.687500
vt 0.626409 0.064408
vt 0.648603 0.107966
vt 0.500000 0.156250
vt 0.591842 0.029841
vt 0.548284 0.007647
vt 0.500000 -0.000000
vt 0.451716 0.007647
vt 0.408159 0.029841
vt 0.373591 0.064409
vt 0.351397 0.107966
vt 0.343750 0.156250
vt 0.351397 0.204534
vt 0.373591 0.248091
vt 0.408159 0.282659
vt 0.451716 0.304853
vt 0.500000 0.312500
vt 0.548284 0.304853
vt 0.591841 0.282659
vt 0.626409 0.248091
vt 0.648603 0.204534
vt 0.656250 0.156250
vt 0.396875 0.687500
vt 0.406250 0.687500
vt 0.415625 0.687500
vt 0.425000 0.687500
vt 0.434375 0.687500
vt 0.443750 0.687500
vt 0.453125 0.687500
vt 0.462500 0.687500
vt 0.493750 0.687500
vt 0.503125 0.687500
vt 0.512500 0.687500
vt 0.521875 0.687500
vt 0.531250 0.687500
vt 0.540625 0.687500
vt 0.550000 0.687500
vt 0.559375 0.687500
vt 0.568750 0.687500
vt 0.578125 0.687500
vt 0.587500 0.687500
vt 0.596875 0.687500
vt 0.606250 0.687500
vt 0.387500 0.687500
vt 0.406250 0.687500
vt 0.412500 0.687500
vt 0.418750 0.687500
vt 0.425000 0.687500
vt 0.431250 0.687500
vt 0.437500 0.687500
vt 0.443750 0.687500
vt 0.450000 0.687500
vt 0.512500 0.687500
vt 0.518750 0.687500
vt 0.525000 0.687500
vt 0.531250 0.687500
vt 0.537500 0.687500
vt 0.543750 0.687500
vt 0.550000 0.687500
vt 0.556250 0.687500
vt 0.562500 0.687500
vt 0.568750 0.687500
vt 0.575000 0.687500
vt 0.581250 0.687500
vt 0.587500 0.687500
vt 0.400000 0.687500
vt 0.415625 0.687500
vt 0.418750 0.687500
vt 0.421875 0.687500
vt 0.425000 0.687500
vt 0.428125 0.687500
vt 0.431250 0.687500
vt 0.434375 0.687500
vt 0.437500 0.687500
vt 0.531250 0.687500
vt 0.534375 0.687500
vt 0.537500 0.687500
vt 0.540625 0.687500
vt 0.543750 0.687500
vt 0.546875 0.687500
vt 0.550000 0.687500
vt 0.553125 0.687500
vt 0.556250 0.687500
vt 0.559375 0.687500
vt 0.562500 0.687500
vt 0.565625 0.687500
vt 0.568750 0.687500
vt 0.412500 0.687500
vt 0.425000 0.687500
vt 0.425000 0.687500
vt 0.425000 0.687500
vt 0.425000 0.687500
vt 0.425000 0.687500
vt 0.425000 0.687500
vt 0.425000 0.687500
vt 0.425000 0.687500
vt 0.550000 0.687500
vt 0.550000 0.687500
vt 0.550000 0.687500
vt 0.550000 0.687500
vt 0.550000 0.687500
vt 0.550000 0.687500
vt 0.550000 0.687500
vt 0.550000 0.687500
vt 0.550000 0.687500
vt 0.550000 0.687500
vt 0.550000 0.687500
vt 0.550000 0.687500
vt 0.550000 0.687500
vt 0.425000 0.687500
vt 0.434375 0.687500
vt 0.431250 0.687500
vt 0.428125 0.687500
vt 0.425000 0.687500
vt 0.421875 0.687500
vt 0.418750 0.687500
vt 0.415625 0.687500
vt 0.412500 0.687500
vt 0.568750 0.687500
vt 0.565625 0.687500
vt 0.562500 0.687500
vt 0.559375 0.687500
vt 0.556250 0.687500
vt 0.553125 0.687500
vt 0.550000 0.687500
vt 0.546875 0.687500
vt 0.543750 0.687500
vt 0.540625 0.687500
vt 0.537500 0.687500
vt 0.534375 0.687500
vt 0.531250 0.687500
vt 0.437500 0.687500
vt 0.443750 0.687500
vt 0.437500 0.687500
vt 0.431250 0.687500
vt 0.425000 0.687500
vt 0.418750 0.687500
vt 0.412500 0.687500
vt 0.406250 0.687500
vt 0.400000 0.687500
vt 0.587500 0.687500
vt 0.581250 0.687500
vt 0.575000 0.687500
vt 0.568750 0.687500
vt 0.562500 0.687500
vt 0.556250 0.687500
vt 0.550000 0.687500
vt 0.543750 0.687500
vt 0.537500 0.687500
vt 0.531250 0.687500
vt 0.525000 0.687500
vt 0.518750 0.687500
vt 0.512500 0.687500
vt 0.450000 0.687500
vt 0.453125 0.687500
vt 0.443750 0.687500
vt 0.434375 0.687500
vt 0.425000 0.687500
vt 0.415625 0.687500
vt 0.406250 0.687500
vt 0.396875 0.687500
vt 0.387500 0.687500
vt 0.606250 0.687500
vt 0.596875 0.687500
vt 0.587500 0.687500
vt 0.578125 0.687500
vt 0.568750 0.687500
vt 0.559375 0.687500
vt 0.550000 0.687500
vt 0.540625 0.687500
vt 0.531250 0.687500
vt 0.521875 0.687500
vt 0.512500 0.687500
vt 0.503125 0.687500
vt 0.493750 0.687500
vt 0.462500 0.687500
vn 0.000567 0.276007 -0.961156
vn 0.001109 0.540365 -0.841430
vn 0.001109 0.540288 -0.841479
vn 0.000567 0.275925 -0.961179
vn 0.001586 0.772499 -0.635014
vn 0.001586 0.772468 -0.635052
vn 0.001926 0.938569 -0.345087
vn 0.001926 0.938568 -0.345088
vn 0.002052 0.999998 -0.000001
vn 0.002052 0.999998 -0.000001
vn 0.001927 0.938573 0.345076
vn 0.001927 0.938573 0.345077
vn 0.001586 0.772472 0.635047
vn 0.001586 0.772440 0.635085
vn 0.001110 0.540324 0.841457
vn 0.001109 0.540246 0.841506
vn 0.000567 0.276035 0.961147
vn 0.000567 0.275951 0.961172
vn 0.000000 0.000074 1.000000
vn 0.000000 -0.000008 1.000000
vn -0.000565 -0.275959 0.961169
vn -0.000565 -0.276034 0.961148
vn -0.001107 -0.540269 0.841492
vn -0.001107 -0.540316 0.841462
vn -0.001584 -0.772455 0.635068
vn -0.001584 -0.772490 0.635025
vn -0.001923 -0.938578 0.345061
vn -0.001923 -0.938592 0.345025
vn -0.002047 -0.999998 -0.000012
vn -0.002047 -0.999998 -0.000012
vn -0.001923 -0.938563 -0.345102
vn -0.001923 -0.938577 -0.345066
vn -0.001584 -0.772464 -0.635057
vn -0.001584 -0.772499 -0.635014
vn -0.001107 -0.540342 -0.841445
vn -0.001108 -0.540389 -0.841415
vn -0.000565 -0.275955 -0.961170
vn -0.000565 -0.276032 -0.961148
vn 0.000000 0.000041 -1.000000
vn 0.000000 -0.000041 -1.000000
vn -0.999999 0.001496 -0.000043
vn -0.999999 0.001554 -0.000013
vn -0.999999 0.001595 0.000001
vn -0.999999 0.001580 0.000100
vn -0.999999 0.001642 0.000147
vn -0.999999 0.001617 -0.000000
vn -0.999999 0.001642 -0.000147
vn -0.999999 0.001580 -0.000100
vn -0.999999 0.001496 0.000043
vn -0.999999 0.001554 0.000013
vn -0.999999 0.001591 0.000002
vn -0.999999 0.001592 0.000002
vn -0.999999 0.001664 0.000064
vn -0.999999 0.001634 -0.000028
vn -0.999999 0.001595 -0.000019
vn -0.999999 0.001629 0.000000
vn -0.999999 0.001595 0.000019
vn -0.999999 0.001634 0.000032
vn -0.999999 0.001664 -0.000059
vn -0.999999 0.001592 -0.000000
vn -0.999999 0.001591 -0.000000
vn 0.000567 0.276008 -0.961155
vn 0.001109 0.540317 -0.841461
vn 0.001109 0.540239 -0.841511
vn 0.000567 0.275926 -0.961179
vn 0.001586 0.772484 -0.635032
vn 0.001586 0.772453 -0.635070
vn 0.001926 0.938559 -0.345113
vn 0.001926 0.938559 -0.345114
vn 0.002052 0.999998 -0.000003
vn 0.002052 0.999998 -0.000003
vn 0.001927 0.938573 0.345075
vn 0.001927 0.938573 0.345075
vn 0.001586 0.772470 0.635049
vn 0.001586 0.772438 0.635088
vn 0.001109 0.540350 0.841439
vn 0.001109 0.540273 0.841489
vn 0.000567 0.276033 0.961148
vn 0.000567 0.275949 0.961172
vn 0.000000 0.000041 1.000000
vn 0.000000 -0.000041 1.000000
vn -0.000565 -0.275959 0.961169
vn -0.000565 -0.276035 0.961147
vn -0.001107 -0.540290 0.841478
vn -0.001107 -0.540338 0.841448
vn -0.001584 -0.772471 0.635048
vn -0.001584 -0.772506 0.635005
vn -0.001923 -0.938579 0.345060
vn -0.001923 -0.938592 0.345024
vn -0.002047 -0.999998 -0.000010
vn -0.002047 -0.999998 -0.000010
vn -0.001923 -0.938563 -0.345103
vn -0.001923 -0.938576 -0.345067
vn -0.001584 -0.772464 -0.635057
vn -0.001584 -0.772499 -0.635014
vn -0.001107 -0.540290 -0.841478
vn -0.001107 -0.540338 -0.841447
vn -0.000565 -0.275924 -0.961179
vn -0.000565 -0.276001 -0.961157
vn 0.000000 0.000074 -1.000000
vn 0.000000 -0.000008 -1.000000
vn -0.999999 0.001496 -0.000043
vn -0.999999 0.001554 -0.000013
vn -0.999999 0.001595 0.000001
vn -0.999999 0.001580 0.000100
vn -0.999999 0.001642 0.000147
vn -0.999999 0.001617 -0.000000
vn -0.999999 0.001642 -0.000147
vn -0.999999 0.001580 -0.000100
vn -0.999999 0.001496 0.000043
vn -0.999999 0.001554 0.000013
vn -0.999999 0.001591 0.000002
vn -0.999999 0.001592 0.000002
vn -0.999999 0.001664 0.000064
vn -0.999999 0.001634 -0.000028
vn -0.999999 0.001595 -0.000019
vn -0.999999 0.001629 0.000000
vn -0.999999 0.001595 0.000019
vn -0.999999 0.001634 0.000032
vn -0.999999 0.001664 -0.000059
vn -0.999999 0.001592 -0.000000
vn -0.999999 0.001591 -0.000000
vn -0.271004 0.659896 0.700781
vn -0.238241 0.661564 0.711037
vn -0.075149 0.658490 0.748829
vn -0.075149 0.658489 0.748829
vn -0.183816 0.864515 0.467788
vn -0.155735 0.865810 0.475520
vn -0.050068 0.864150 0.500737
vn -0.050068 0.864150 0.500737
vn -0.064503 0.984081 0.165600
vn -0.053511 0.984284 0.168293
vn -0.016589 0.984041 0.177168
vn -0.016589 0.984041 0.177168
vn 0.068807 0.983748 -0.165846
vn 0.058370 0.983996 -0.168361
vn 0.020912 0.983950 -0.177215
vn 0.020912 0.983950 -0.177215
vn 0.189513 0.862698 -0.468869
vn 0.165325 0.864139 -0.475322
vn 0.055819 0.863920 -0.500527
vn 0.055819 0.863920 -0.500527
vn 0.278934 0.656121 -0.701214
vn 0.253271 0.657951 -0.709193
vn 0.082990 0.658193 -0.748261
vn 0.082990 0.658193 -0.748261
vn 0.332910 0.404934 -0.851587
vn 0.314742 0.405956 -0.857984
vn 0.100613 0.406868 -0.907929
vn 0.100613 0.406868 -0.907929
vn 0.354628 0.136142 -0.925043
vn 0.348225 0.136284 -0.927451
vn 0.108880 0.137108 -0.984554
vn 0.108880 0.137108 -0.984554
vn 0.347568 -0.137426 -0.927529
vn 0.354186 -0.137299 -0.925041
vn 0.108317 -0.137543 -0.984555
vn 0.108317 -0.137543 -0.984555
vn 0.312990 -0.406966 -0.858147
vn 0.331411 -0.405987 -0.851670
vn 0.098947 -0.407208 -0.907960
vn 0.098947 -0.407208 -0.907960
vn 0.250548 -0.658866 -0.709311
vn 0.276321 -0.657131 -0.701303
vn 0.080297 -0.658426 -0.748350
vn 0.080297 -0.658426 -0.748350
vn 0.161735 -0.864816 -0.475327
vn 0.186010 -0.863460 -0.468868
vn 0.052262 -0.864183 -0.500456
vn 0.052262 -0.864183 -0.500456
vn 0.054341 -0.984221 -0.168395
vn 0.064787 -0.984015 -0.165883
vn 0.016868 -0.984024 -0.177233
vn 0.016868 -0.984024 -0.177233
vn -0.057552 -0.984058 0.168281
vn -0.068538 -0.983811 0.165587
vn -0.020634 -0.983965 0.177166
vn -0.020634 -0.983965 0.177166
vn -0.159286 -0.865202 0.475451
vn -0.187319 -0.863800 0.467720
vn -0.053609 -0.863954 0.500709
vn -0.053609 -0.863954 0.500709
vn -0.241024 -0.660679 0.710923
vn -0.273601 -0.658906 0.700704
vn -0.077848 -0.658179 0.748825
vn -0.077848 -0.658179 0.748826
vn -0.298933 -0.409212 0.862081
vn -0.323642 -0.408222 0.853587
vn -0.092736 -0.406906 0.908750
vn -0.092736 -0.406906 0.908750
vn -0.332420 -0.137783 0.933013
vn -0.341476 -0.137647 0.929757
vn -0.099406 -0.137034 0.985566
vn -0.099406 -0.137034 0.985566
vn -0.341056 0.138763 0.929745
vn -0.331727 0.138874 0.933098
vn -0.098844 0.137402 0.985571
vn -0.098844 0.137402 0.985571
vn -0.322109 0.409318 0.853642
vn -0.297139 0.410232 0.862217
vn -0.091068 0.407207 0.908784
vn -0.091068 0.407207 0.908784
vn -0.075145 0.658463 -0.748852
vn -0.075145 0.658463 -0.748852
vn -0.238243 0.661553 -0.711048
vn -0.271006 0.659888 -0.700788
vn -0.050074 0.864096 -0.500831
vn -0.050074 0.864096 -0.500831
vn -0.155748 0.865782 -0.475567
vn -0.183826 0.864494 -0.467823
vn -0.016591 0.984038 -0.177183
vn -0.016590 0.984038 -0.177183
vn -0.053515 0.984282 -0.168300
vn -0.064500 0.984080 -0.165607
vn 0.020912 0.983955 0.177189
vn 0.020912 0.983955 0.177189
vn 0.058368 0.983997 0.168353
vn 0.068812 0.983749 0.165841
vn 0.055821 0.863935 0.500500
vn 0.055821 0.863935 0.500500
vn 0.165308 0.864165 0.475282
vn 0.189493 0.862726 0.468825
vn 0.082999 0.658138 0.748308
vn 0.082999 0.658138 0.748308
vn 0.253287 0.657895 0.709239
vn 0.278950 0.656065 0.701260
vn 0.100619 0.406854 0.907935
vn 0.100619 0.406854 0.907935
vn 0.314750 0.405944 0.857987
vn 0.332908 0.404922 0.851593
vn 0.108886 0.137046 0.984562
vn 0.108886 0.137046 0.984562
vn 0.348229 0.136253 0.927454
vn 0.354633 0.136112 0.925045
vn 0.108325 -0.137425 0.984571
vn 0.108325 -0.137425 0.984571
vn 0.354184 -0.137276 0.925045
vn 0.347576 -0.137400 0.927530
vn 0.098955 -0.407154 0.907983
vn 0.098955 -0.407154 0.907983
vn 0.331416 -0.405962 0.851680
vn 0.312994 -0.406939 0.858158
vn 0.080299 -0.658464 0.748317
vn 0.080299 -0.658464 0.748317
vn 0.276331 -0.657108 0.701320
vn 0.250556 -0.658851 0.709322
vn 0.052277 -0.864138 0.500532
vn 0.052277 -0.864138 0.500532
vn 0.186022 -0.863442 0.468897
vn 0.161749 -0.864792 0.475364
vn 0.016866 -0.984035 0.177174
vn 0.016866 -0.984035 0.177174
vn 0.064770 -0.984024 0.165837
vn 0.054321 -0.984230 0.168348
vn -0.020638 -0.983956 -0.177211
vn -0.020638 -0.983956 -0.177211
vn -0.068556 -0.983800 -0.165641
vn -0.057572 -0.984048 -0.168333
vn -0.053606 -0.863948 -0.500720
vn -0.053606 -0.863948 -0.500720
vn -0.187331 -0.863791 -0.467731
vn -0.159295 -0.865194 -0.475462
vn -0.077843 -0.658180 -0.748825
vn -0.077843 -0.658180 -0.748825
vn -0.273580 -0.658945 -0.700675
vn -0.241007 -0.660712 -0.710898
vn -0.092726 -0.406969 -0.908723
vn -0.092726 -0.406969 -0.908724
vn -0.323627 -0.408310 -0.853550
vn -0.298912 -0.409298 -0.862048
vn -0.099405 -0.137101 -0.985557
vn -0.099405 -0.137101 -0.985557
vn -0.341473 -0.137683 -0.929753
vn -0.332417 -0.137820 -0.933008
vn -0.098843 0.137401 -0.985571
vn -0.098843 0.137401 -0.985571
vn -0.331721 0.138873 -0.933100
vn -0.341051 0.138763 -0.929747
vn -0.091058 0.407284 -0.908751
vn -0.091058 0.407284 -0.908751
vn -0.297120 0.410313 -0.862185
vn -0.322098 0.409399 -0.853607
vn -0.599182 0.649109 -0.468656
vn -0.614588 0.649039 -0.448363
vn -0.396300 0.859232 -0.323523
vn -0.409642 0.859202 -0.306538
vn -0.137393 0.983548 -0.117292
vn -0.142572 0.983553 -0.110889
vn 0.139812 0.983035 0.118726
vn 0.144684 0.983023 0.112841
vn 0.386612 0.858928 0.335819
vn 0.397732 0.858901 0.322642
vn 0.571673 0.650328 0.500265
vn 0.583356 0.650305 0.486619
vn 0.689448 0.399682 0.604083
vn 0.697684 0.399665 0.594563
vn 0.746500 0.133673 0.651820
vn 0.749425 0.133669 0.648456
vn 0.749004 -0.136071 0.648442
vn 0.745949 -0.136066 0.651955
vn 0.696276 -0.402003 0.594637
vn 0.687914 -0.401988 0.604302
vn 0.580886 -0.652429 0.486732
vn 0.569140 -0.652411 0.500439
vn 0.394378 -0.860408 0.322743
vn 0.383202 -0.860393 0.335975
vn 0.140684 -0.983600 0.112864
vn 0.135801 -0.983593 0.118753
vn -0.146616 -0.982957 -0.110903
vn -0.141447 -0.982972 -0.117299
vn -0.413005 -0.857621 -0.306452
vn -0.399715 -0.857698 -0.323391
vn -0.616943 -0.646924 -0.448187
vn -0.601639 -0.647045 -0.468361
vn -0.746283 -0.395700 -0.535240
vn -0.734743 -0.395791 -0.550910
vn -0.805358 -0.132095 -0.577884
vn -0.801202 -0.132108 -0.583630
vn -0.800677 0.134685 -0.583760
vn -0.804936 0.134686 -0.577873
vn -0.733230 0.398361 -0.551074
vn -0.744833 0.398316 -0.535321
vn -0.732573 0.651946 -0.195713
vn -0.733681 0.652236 -0.190527
vn -0.490746 0.860683 -0.135621
vn -0.491563 0.860881 -0.131336
vn -0.172447 0.983772 -0.049549
vn -0.172733 0.983800 -0.047973
vn 0.175922 0.983097 0.050715
vn 0.176193 0.983120 0.049311
vn 0.489899 0.859579 0.145337
vn 0.490580 0.859699 0.142300
vn 0.726442 0.651342 0.219170
vn 0.727235 0.651474 0.216129
vn 0.876498 0.400463 0.267172
vn 0.877091 0.400529 0.265118
vn 0.947607 0.133837 0.290049
vn 0.947814 0.133845 0.289369
vn 0.947376 -0.136899 0.289374
vn 0.947152 -0.136890 0.290109
vn 0.875692 -0.403541 0.265177
vn 0.875090 -0.403472 0.267260
vn 0.724880 -0.654069 0.216201
vn 0.724075 -0.653933 0.219290
vn 0.487267 -0.861572 0.142357
vn 0.486582 -0.861448 0.145415
vn 0.172228 -0.983822 0.049324
vn 0.171955 -0.983797 0.050735
vn -0.176760 -0.983084 -0.047973
vn -0.176475 -0.983057 -0.049544
vn -0.494870 -0.858992 -0.131290
vn -0.494056 -0.858798 -0.135555
vn -0.735953 -0.649692 -0.190455
vn -0.734853 -0.649409 -0.195598
vn -0.888956 -0.398350 -0.225998
vn -0.888003 -0.398177 -0.230011
vn -0.960912 -0.133126 -0.242747
vn -0.960540 -0.133103 -0.244226
vn -0.960095 0.136197 -0.244271
vn -0.960477 0.136223 -0.242751
vn -0.886593 0.401269 -0.230077
vn -0.887553 0.401446 -0.226035
vn -0.753745 0.657167 0.000002
vn -0.753745 0.657167 0.000002
vn -0.504177 0.863600 0.000008
vn -0.504177 0.863600 -0.000006
vn -0.177244 0.984167 0.000000
vn -0.177244 0.984167 0.000001
vn 0.181212 0.983444 0.000002
vn 0.181212 0.983444 -0.000003
vn 0.507115 0.861878 -0.000003
vn 0.507115 0.861878 -0.000003
vn 0.755646 0.654980 -0.000000
vn 0.755646 0.654980 -0.000000
vn 0.914913 0.403652 0.000002
vn 0.914913 0.403652 0.000001
vn 0.990842 0.135027 -0.000013
vn 0.990842 0.135027 0.000012
vn 0.990398 -0.138247 0.000013
vn 0.990398 -0.138247 -0.000013
vn 0.913520 -0.406793 0.000001
vn 0.913520 -0.406793 0.000000
vn 0.753316 -0.657659 -0.000001
vn 0.753316 -0.657659 -0.000001
vn 0.503776 -0.863834 -0.000001
vn 0.503776 -0.863834 -0.000001
vn 0.177253 -0.984165 -0.000005
vn 0.177253 -0.984165 0.000001
vn -0.181273 -0.983433 0.000000
vn -0.181273 -0.983433 0.000000
vn -0.507503 -0.861650 -0.000005
vn -0.507503 -0.861650 0.000008
vn -0.756023 -0.654545 -0.000001
vn -0.756023 -0.654545 -0.000000
vn -0.915201 -0.402997 0.000000
vn -0.915201 -0.402997 0.000000
vn -0.990849 -0.134977 -0.000001
vn -0.990849 -0.134977 -0.000001
vn -0.990410 0.138158 0.000001
vn -0.990410 0.138158 0.000001
vn -0.913812 0.406137 0.000002
vn -0.913812 0.406137 0.000002
vn -0.732577 0.651941 0.195713
vn -0.733685 0.652231 0.190528
vn -0.490735 0.860689 0.135623
vn -0.491554 0.860887 0.131330
vn -0.172438 0.983773 0.049549
vn -0.172724 0.983801 0.047970
vn 0.175935 0.983095 -0.050714
vn 0.176205 0.983117 -0.049317
vn 0.489934 0.859556 -0.145352
vn 0.490615 0.859677 -0.142313
vn 0.726421 0.651371 -0.219153
vn 0.727210 0.651502 -0.216126
vn 0.876483 0.400489 -0.267182
vn 0.877084 0.400556 -0.265101
vn 0.947609 0.133820 -0.290051
vn 0.947816 0.133828 -0.289371
vn 0.947377 -0.136885 -0.289376
vn 0.947153 -0.136876 -0.290114
vn 0.875683 -0.403572 -0.265160
vn 0.875074 -0.403502 -0.267268
vn 0.724887 -0.654057 -0.216212
vn 0.724086 -0.653921 -0.219286
vn 0.487258 -0.861577 -0.142352
vn 0.486573 -0.861453 -0.145411
vn 0.172254 -0.983816 -0.049338
vn 0.171983 -0.983792 -0.050742
vn -0.176741 -0.983088 0.047966
vn -0.176455 -0.983061 0.049540
vn -0.494871 -0.858991 0.131289
vn -0.494055 -0.858797 0.135562
vn -0.735948 -0.649698 0.190454
vn -0.734848 -0.649416 0.195597
vn -0.888958 -0.398346 0.225998
vn -0.888006 -0.398172 0.230011
vn -0.960916 -0.133088 0.242752
vn -0.960547 -0.133065 0.244219
vn -0.960103 0.136149 0.244267
vn -0.960482 0.136174 0.242758
vn -0.886589 0.401280 0.230073
vn -0.887548 0.401457 0.226033
vn -0.599182 0.649099 0.468670
vn -0.614601 0.649029 0.448360
vn -0.396298 0.859231 0.323529
vn -0.409640 0.859202 0.306540
vn -0.137387 0.983549 0.117289
vn -0.142565 0.983554 0.110887
vn 0.139815 0.983035 -0.118722
vn 0.144687 0.983022 -0.112842
vn 0.386662 0.858890 -0.335857
vn 0.397779 0.858864 -0.322682
vn 0.571634 0.650380 -0.500240
vn 0.583323 0.650358 -0.486589
vn 0.689438 0.399704 -0.604080
vn 0.697679 0.399687 -0.594553
vn 0.746501 0.133649 -0.651824
vn 0.749426 0.133644 -0.648459
vn 0.749004 -0.136030 -0.648450
vn 0.745949 -0.136025 -0.651964
vn 0.696272 -0.402025 -0.594627
vn 0.687905 -0.402009 -0.604298
vn 0.580878 -0.652445 -0.486719
vn 0.569125 -0.652432 -0.500430
vn 0.394370 -0.860413 -0.322741
vn 0.383198 -0.860397 -0.335971
vn 0.140717 -0.983592 -0.112893
vn 0.135839 -0.983585 -0.118776
vn -0.146574 -0.982967 0.110871
vn -0.141401 -0.982982 0.117269
vn -0.413001 -0.857624 0.306451
vn -0.399709 -0.857702 0.323389
vn -0.616962 -0.646894 0.448203
vn -0.601650 -0.647011 0.468395
vn -0.746298 -0.395636 0.535267
vn -0.734773 -0.395723 0.550918
vn -0.805362 -0.132060 0.577886
vn -0.801202 -0.132073 0.583637
vn -0.800678 0.134646 0.583768
vn -0.804942 0.134646 0.577875
vn -0.733250 0.398321 0.551076
vn -0.744838 0.398279 0.535342
s 1
g Draw Cabnet DrawHandle Draw1
usemtl initialShadingGroup
f 1067/1333/1907 1068/1334/1908 1088/1355/1909 1087/1354/1910
f 1068/1334/1908 1069/1335/1911 1089/1356/1912 1088/1355/1909
f 1069/1335/1911 1070/1336/1913 1090/1357/1914 1089/1356/1912
f 1070/1336/1913 1071/1337/1915 1091/1358/1916 1090/1357/1914
f 1071/1337/1915 1072/1338/1917 1092/1359/1918 1091/1358/1916
f 1072/1338/1917 1073/1339/1919 1093/1360/1920 1092/1359/1918
f 1073/1339/1919 1074/1340/1921 1094/1361/1922 1093/1360/1920
f 1074/1340/1921 1075/1341/1923 1095/1362/1924 1094/1361/1922
f 1075/1341/1923 1076/1342/1925 1096/1363/1926 1095/1362/1924
f 1076/1342/1925 1077/1343/1927 1097/1364/1928 1096/1363/1926
f 1077/1343/1927 1078/1344/1929 1098/1365/1930 1097/1364/1928
f 1078/1344/1929 1079/1345/1931 1099/1366/1932 1098/1365/1930
f 1079/1345/1931 1080/1346/1933 1100/1367/1934 1099/1366/1932
f 1080/1346/1933 1081/1347/1935 1101/1368/1936 1100/1367/1934
f 1081/1347/1935 1082/1348/1937 1102/1369/1938 1101/1368/1936
f 1082/1348/1937 1083/1349/1939 1103/1370/1940 1102/1369/1938
f 1083/1349/1939 1084/1350/1941 1104/1371/1942 1103/1370/1940
f 1084/1350/1941 1085/1351/1943 1105/1372/1944 1104/1371/1942
f 1085/1351/1943 1086/1352/1945 1106/1373/1946 1105/1372/1944
f 1086/1352/1945 1067/1353/1907 1087/1374/1910 1106/1373/1946
s 2
f 1068/1314/1947 1067/1313/1948 1107/1375/1949
f 1069/1315/1950 1068/1314/1947 1107/1375/1949
f 1070/1316/1951 1069/1315/1950 1107/1375/1949
f 1071/1317/1952 1070/1316/1951 1107/1375/1949
f 1072/1318/1953 1071/1317/1952 1107/1375/1949
f 1073/1319/1954 1072/1318/1953 1107/1375/1949
f 1074/1320/1955 1073/1319/1954 1107/1375/1949
f 1075/1321/1956 1074/1320/1955 1107/1375/1949
f 1076/1322/1957 1075/1321/1956 1107/1375/1949
f 1077/1323/1958 1076/1322/1957 1107/1375/1949
f 1078/1324/1959 1077/1323/1958 1107/1375/1949
f 1079/1325/1960 1078/1324/1959 1107/1375/1949
f 1080/1326/1961 1079/1325/1960 1107/1375/1949
f 1081/1327/1962 1080/1326/1961 1107/1375/1949
f 1082/1328/1963 1081/1327/1962 1107/1375/1949
f 1083/1329/1964 1082/1328/1963 1107/1375/1949
f 1084/1330/1965 1083/1329/1964 1107/1375/1949
f 1085/1331/1966 1084/1330/1965 1107/1375/1949
f 1086/1332/1967 1085/1331/1966 1107/1375/1949
f 1067/1313/1948 1086/1332/1967 1107/1375/1949
s 3
f 1108/1376/1968 1109/1377/1969 1129/1378/1970 1128/1379/1971
f 1109/1377/1969 1110/1380/1972 1130/1381/1973 1129/1378/1970
f 1110/1380/1972 1111/1382/1974 1131/1383/1975 1130/1381/1973
f 1111/1382/1974 1112/1384/1976 1132/1385/1977 1131/1383/1975
f 1112/1384/1976 1113/1386/1978 1133/1387/1979 1132/1385/1977
f 1113/1386/1978 1114/1388/1980 1134/1389/1981 1133/1387/1979
f 1114/1388/1980 1115/1390/1982 1135/1391/1983 1134/1389/1981
f 1115/1390/1982 1116/1392/1984 1136/1393/1985 1135/1391/1983
f 1116/1392/1984 1117/1394/1986 1137/1395/1987 1136/1393/1985
f 1117/1394/1986 1118/1396/1988 1138/1397/1989 1137/1395/1987
f 1118/1396/1988 1119/1398/1990 1139/1399/1991 1138/1397/1989
f 1119/1398/1990 1120/1400/1992 1140/1401/1993 1139/1399/1991
f 1120/1400/1992 1121/1402/1994 1141/1403/1995 1140/1401/1993
f 1121/1402/1994 1122/1404/1996 1142/1405/1997 1141/1403/1995
f 1122/1404/1996 1123/1406/1998 1143/1407/1999 1142/1405/1997
f 1123/1406/1998 1124/1408/2000 1144/1409/2001 1143/1407/1999
f 1124/1408/2000 1125/1410/2002 1145/1411/2003 1144/1409/2001
f 1125/1410/2002 1126/1412/2004 1146/1413/2005 1145/1411/2003
f 1126/1412/2004 1127/1414/2006 1147/1415/2007 1146/1413/2005
f 1127/1414/2006 1108/1416/1968 1128/1417/1971 1147/1415/2007
s 4
f 1109/1418/2008 1108/1419/2009 1148/1420/2010
f 1110/1421/2011 1109/1418/2008 1148/1420/2010
f 1111/1422/2012 1110/1421/2011 1148/1420/2010
f 1112/1423/2013 1111/1422/2012 1148/1420/2010
f 1113/1424/2014 1112/1423/2013 1148/1420/2010
f 1114/1425/2015 1113/1424/2014 1148/1420/2010
f 1115/1426/2016 1114/1425/2015 1148/1420/2010
f 1116/1427/2017 1115/1426/2016 1148/1420/2010
f 1117/1428/2018 1116/1427/2017 1148/1420/2010
f 1118/1429/2019 1117/1428/2018 1148/1420/2010
f 1119/1430/2020 1118/1429/2019 1148/1420/2010
f 1120/1431/2021 1119/1430/2020 1148/1420/2010
f 1121/1432/2022 1120/1431/2021 1148/1420/2010
f 1122/1433/2023 1121/1432/2022 1148/1420/2010
f 1123/1434/2024 1122/1433/2023 1148/1420/2010
f 1124/1435/2025 1123/1434/2024 1148/1420/2010
f 1125/1436/2026 1124/1435/2025 1148/1420/2010
f 1126/1437/2027 1125/1436/2026 1148/1420/2010
f 1127/1438/2028 1126/1437/2027 1148/1420/2010
f 1108/1419/2009 1127/1438/2028 1148/1420/2010
s 5
f 1269/1571/2029 1270/1572/2030 1134/1389/2031 1135/1391/2032
s 6
f 1270/1572/2033 1271/1573/2034 1133/1387/2035 1134/1389/2036
s 7
f 1271/1573/2037 1272/1574/2038 1132/1385/2039 1133/1387/2040
s 8
f 1272/1574/2041 1273/1575/2042 1131/1383/2043 1132/1385/2044
s 9
f 1273/1575/2045 1274/1576/2046 1130/1381/2047 1131/1383/2048
s 10
f 1274/1576/2049 1275/1577/2050 1129/1378/2051 1130/1381/2052
s 11
f 1275/1577/2053 1276/1578/2054 1128/1379/2055 1129/1378/2056
s 12
f 1276/1579/2057 1277/1580/2058 1147/1415/2059 1128/1417/2060
s 13
f 1277/1580/2061 1278/1581/2062 1146/1413/2063 1147/1415/2064
s 14
f 1278/1581/2065 1279/1582/2066 1145/1411/2067 1146/1413/2068
s 15
f 1279/1582/2069 1280/1583/2070 1144/1409/2071 1145/1411/2072
s 16
f 1280/1583/2073 1281/1584/2074 1143/1407/2075 1144/1409/2076
s 17
f 1281/1584/2077 1282/1585/2078 1142/1405/2079 1143/1407/2080
s 18
f 1282/1585/2081 1283/1586/2082 1141/1403/2083 1142/1405/2084
s 19
f 1283/1586/2085 1284/1587/2086 1140/1401/2087 1141/1403/2088
s 20
f 1284/1587/2089 1285/1588/2090 1139/1399/2091 1140/1401/2092
s 21
f 1285/1588/2093 1286/1589/2094 1138/1397/2095 1139/1399/2096
s 22
f 1286/1589/2097 1287/1590/2098 1137/1395/2099 1138/1397/2100
s 23
f 1287/1590/2101 1288/1591/2102 1136/1393/2103 1137/1395/2104
s 24
f 1288/1592/2105 1269/1571/2106 1135/1391/2107 1136/1393/2108
s 5
f 1088/1355/2109 1089/1356/2110 1150/1440/2111 1149/1439/2112
s 6
f 1089/1356/2113 1090/1357/2114 1151/1441/2115 1150/1440/2116
s 7
f 1090/1357/2117 1091/1358/2118 1152/1442/2119 1151/1441/2120
s 8
f 1091/1358/2121 1092/1359/2122 1153/1443/2123 1152/1442/2124
s 9
f 1092/1359/2125 1093/1360/2126 1154/1444/2127 1153/1443/2128
s 10
f 1093/1360/2129 1094/1361/2130 1155/1445/2131 1154/1444/2132
s 11
f 1094/1361/2133 1095/1362/2134 1156/1446/2135 1155/1445/2136
s 12
f 1095/1362/2137 1096/1363/2138 1157/1448/2139 1156/1447/2140
s 13
f 1096/1363/2141 1097/1364/2142 1158/1449/2143 1157/1448/2144
s 14
f 1097/1364/2145 1098/1365/2146 1159/1450/2147 1158/1449/2148
s 15
f 1098/1365/2149 1099/1366/2150 1160/1451/2151 1159/1450/2152
s 16
f 1099/1366/2153 1100/1367/2154 1161/1452/2155 1160/1451/2156
s 17
f 1100/1367/2157 1101/1368/2158 1162/1453/2159 1161/1452/2160
s 18
f 1101/1368/2161 1102/1369/2162 1163/1454/2163 1162/1453/2164
s 19
f 1102/1369/2165 1103/1370/2166 1164/1455/2167 1163/1454/2168
s 20
f 1103/1370/2169 1104/1371/2170 1165/1456/2171 1164/1455/2172
s 21
f 1104/1371/2173 1105/1372/2174 1166/1457/2175 1165/1456/2176
s 22
f 1105/1372/2177 1106/1373/2178 1167/1458/2179 1166/1457/2180
s 23
f 1106/1373/2181 1087/1374/2182 1168/1459/2183 1167/1458/2184
s 24
f 1087/1354/2185 1088/1355/2186 1149/1439/2187 1168/1460/2188
s 5
f 1149/1439/2112 1150/1440/2111 1170/1462/2189 1169/1461/2190
s 6
f 1150/1440/2116 1151/1441/2115 1171/1463/2191 1170/1462/2192
s 7
f 1151/1441/2120 1152/1442/2119 1172/1464/2193 1171/1463/2194
s 8
f 1152/1442/2124 1153/1443/2123 1173/1465/2195 1172/1464/2196
s 9
f 1153/1443/2128 1154/1444/2127 1174/1466/2197 1173/1465/2198
s 10
f 1154/1444/2132 1155/1445/2131 1175/1467/2199 1174/1466/2200
s 11
f 1155/1445/2136 1156/1446/2135 1176/1468/2201 1175/1467/2202
s 12
f 1156/1447/2140 1157/1448/2139 1177/1470/2203 1176/1469/2204
s 13
f 1157/1448/2144 1158/1449/2143 1178/1471/2205 1177/1470/2206
s 14
f 1158/1449/2148 1159/1450/2147 1179/1472/2207 1178/1471/2208
s 15
f 1159/1450/2152 1160/1451/2151 1180/1473/2209 1179/1472/2210
s 16
f 1160/1451/2156 1161/1452/2155 1181/1474/2211 1180/1473/2212
s 17
f 1161/1452/2160 1162/1453/2159 1182/1475/2213 1181/1474/2214
s 18
f 1162/1453/2164 1163/1454/2163 1183/1476/2215 1182/1475/2216
s 19
f 1163/1454/2168 1164/1455/2167 1184/1477/2217 1183/1476/2218
s 20
f 1164/1455/2172 1165/1456/2171 1185/1478/2219 1184/1477/2220
s 21
f 1165/1456/2176 1166/1457/2175 1186/1479/2221 1185/1478/2222
s 22
f 1166/1457/2180 1167/1458/2179 1187/1480/2223 1186/1479/2224
s 23
f 1167/1458/2184 1168/1459/2183 1188/1481/2225 1187/1480/2226
s 24
f 1168/1460/2188 1149/1439/2187 1169/1461/2227 1188/1482/2228
s 5
f 1169/1461/2190 1170/1462/2189 1190/1484/2229 1189/1483/2230
s 6
f 1170/1462/2192 1171/1463/2191 1191/1485/2231 1190/1484/2232
s 7
f 1171/1463/2194 1172/1464/2193 1192/1486/2233 1191/1485/2234
s 8
f 1172/1464/2196 1173/1465/2195 1193/1487/2235 1192/1486/2236
s 9
f 1173/1465/2198 1174/1466/2197 1194/1488/2237 1193/1487/2238
s 10
f 1174/1466/2200 1175/1467/2199 1195/1489/2239 1194/1488/2240
s 11
f 1175/1467/2202 1176/1468/2201 1196/1490/2241 1195/1489/2242
s 12
f 1176/1469/2204 1177/1470/2203 1197/1492/2243 1196/1491/2244
s 13
f 1177/1470/2206 1178/1471/2205 1198/1493/2245 1197/1492/2246
s 14
f 1178/1471/2208 1179/1472/2207 1199/1494/2247 1198/1493/2248
s 15
f 1179/1472/2210 1180/1473/2209 1200/1495/2249 1199/1494/2250
s 16
f 1180/1473/2212 1181/1474/2211 1201/1496/2251 1200/1495/2252
s 17
f 1181/1474/2214 1182/1475/2213 1202/1497/2253 1201/1496/2254
s 18
f 1182/1475/2216 1183/1476/2215 1203/1498/2255 1202/1497/2256
s 19
f 1183/1476/2218 1184/1477/2217 1204/1499/2257 1203/1498/2258
s 20
f 1184/1477/2220 1185/1478/2219 1205/1500/2259 1204/1499/2260
s 21
f 1185/1478/2222 1186/1479/2221 1206/1501/2261 1205/1500/2262
s 22
f 1186/1479/2224 1187/1480/2223 1207/1502/2263 1206/1501/2264
s 23
f 1187/1480/2226 1188/1481/2225 1208/1503/2265 1207/1502/2266
s 24
f 1188/1482/2228 1169/1461/2227 1189/1483/2267 1208/1504/2268
s 5
f 1189/1483/2230 1190/1484/2229 1210/1506/2269 1209/1505/2270
s 6
f 1190/1484/2232 1191/1485/2231 1211/1507/2271 1210/1506/2272
s 7
f 1191/1485/2234 1192/1486/2233 1212/1508/2273 1211/1507/2274
s 8
f 1192/1486/2236 1193/1487/2235 1213/1509/2275 1212/1508/2276
s 9
f 1193/1487/2238 1194/1488/2237 1214/1510/2277 1213/1509/2278
s 10
f 1194/1488/2240 1195/1489/2239 1215/1511/2279 1214/1510/2280
s 11
f 1195/1489/2242 1196/1490/2241 1216/1512/2281 1215/1511/2282
s 12
f 1196/1491/2244 1197/1492/2243 1217/1514/2283 1216/1513/2284
s 13
f 1197/1492/2246 1198/1493/2245 1218/1515/2285 1217/1514/2286
s 14
f 1198/1493/2248 1199/1494/2247 1219/1516/2287 1218/1515/2288
s 15
f 1199/1494/2250 1200/1495/2249 1220/1517/2289 1219/1516/2290
s 16
f 1200/1495/2252 1201/1496/2251 1221/1518/2291 1220/1517/2292
s 17
f 1201/1496/2254 1202/1497/2253 1222/1519/2293 1221/1518/2294
s 18
f 1202/1497/2256 1203/1498/2255 1223/1520/2295 1222/1519/2296
s 19
f 1203/1498/2258 1204/1499/2257 1224/1521/2297 1223/1520/2298
s 20
f 1204/1499/2260 1205/1500/2259 1225/1522/2299 1224/1521/2300
s 21
f 1205/1500/2262 1206/1501/2261 1226/1523/2301 1225/1522/2302
s 22
f 1206/1501/2264 1207/1502/2263 1227/1524/2303 1226/1523/2304
s 23
f 1207/1502/2266 1208/1503/2265 1228/1525/2305 1227/1524/2306
s 24
f 1208/1504/2268 1189/1483/2267 1209/1505/2307 1228/1526/2308
s 5
f 1209/1505/2270 1210/1506/2269 1230/1528/2309 1229/1527/2310
s 6
f 1210/1506/2272 1211/1507/2271 1231/1529/2311 1230/1528/2312
s 7
f 1211/1507/2274 1212/1508/2273 1232/1530/2313 1231/1529/2314
s 8
f 1212/1508/2276 1213/1509/2275 1233/1531/2315 1232/1530/2316
s 9
f 1213/1509/2278 1214/1510/2277 1234/1532/2317 1233/1531/2318
s 10
f 1214/1510/2280 1215/1511/2279 1235/1533/2319 1234/1532/2320
s 11
f 1215/1511/2282 1216/1512/2281 1236/1534/2321 1235/1533/2322
s 12
f 1216/1513/2284 1217/1514/2283 1237/1536/2323 1236/1535/2324
s 13
f 1217/1514/2286 1218/1515/2285 1238/1537/2325 1237/1536/2326
s 14
f 1218/1515/2288 1219/1516/2287 1239/1538/2327 1238/1537/2328
s 15
f 1219/1516/2290 1220/1517/2289 1240/1539/2329 1239/1538/2330
s 16
f 1220/1517/2292 1221/1518/2291 1241/1540/2331 1240/1539/2332
s 17
f 1221/1518/2294 1222/1519/2293 1242/1541/2333 1241/1540/2334
s 18
f 1222/1519/2296 1223/1520/2295 1243/1542/2335 1242/1541/2336
s 19
f 1223/1520/2298 1224/1521/2297 1244/1543/2337 1243/1542/2338
s 20
f 1224/1521/2300 1225/1522/2299 1245/1544/2339 1244/1543/2340
s 21
f 1225/1522/2302 1226/1523/2301 1246/1545/2341 1245/1544/2342
s 22
f 1226/1523/2304 1227/1524/2303 1247/1546/2343 1246/1545/2344
s 23
f 1227/1524/2306 1228/1525/2305 1248/1547/2345 1247/1546/2346
s 24
f 1228/1526/2308 1209/1505/2307 1229/1527/2347 1248/1548/2348
s 5
f 1229/1527/2310 1230/1528/2309 1250/1550/2349 1249/1549/2350
s 6
f 1230/1528/2312 1231/1529/2311 1251/1551/2351 1250/1550/2352
s 7
f 1231/1529/2314 1232/1530/2313 1252/1552/2353 1251/1551/2354
s 8
f 1232/1530/2316 1233/1531/2315 1253/1553/2355 1252/1552/2356
s 9
f 1233/1531/2318 1234/1532/2317 1254/1554/2357 1253/1553/2358
s 10
f 1234/1532/2320 1235/1533/2319 1255/1555/2359 1254/1554/2360
s 11
f 1235/1533/2322 1236/1534/2321 1256/1556/2361 1255/1555/2362
s 12
f 1236/1535/2324 1237/1536/2323 1257/1558/2363 1256/1557/2364
s 13
f 1237/1536/2326 1238/1537/2325 1258/1559/2365 1257/1558/2366
s 14
f 1238/1537/2328 1239/1538/2327 1259/1560/2367 1258/1559/2368
s 15
f 1239/1538/2330 1240/1539/2329 1260/1561/2369 1259/1560/2370
s 16
f 1240/1539/2332 1241/1540/2331 1261/1562/2371 1260/1561/2372
s 17
f 1241/1540/2334 1242/1541/2333 1262/1563/2373 1261/1562/2374
s 18
f 1242/1541/2336 1243/1542/2335 1263/1564/2375 1262/1563/2376
s 19
f 1243/1542/2338 1244/1543/2337 1264/1565/2377 1263/1564/2378
s 20
f 1244/1543/2340 1245/1544/2339 1265/1566/2379 1264/1565/2380
s 21
f 1245/1544/2342 1246/1545/2341 1266/1567/2381 1265/1566/2382
s 22
f 1246/1545/2344 1247/1546/2343 1267/1568/2383 1266/1567/2384
s 23
f 1247/1546/2346 1248/1547/2345 1268/1569/2385 1267/1568/2386
s 24
f 1248/1548/2348 1229/1527/2347 1249/1549/2387 1268/1570/2388
s 5
f 1249/1549/2350 1250/1550/2349 1270/1572/2030 1269/1571/2029
s 6
f 1250/1550/2352 1251/1551/2351 1271/1573/2034 1270/1572/2033
s 7
f 1251/1551/2354 1252/1552/2353 1272/1574/2038 1271/1573/2037
s 8
f 1252/1552/2356 1253/1553/2355 1273/1575/2042 1272/1574/2041
s 9
f 1253/1553/2358 1254/1554/2357 1274/1576/2046 1273/1575/2045
s 10
f 1254/1554/2360 1255/1555/2359 1275/1577/2050 1274/1576/2049
s 11
f 1255/1555/2362 1256/1556/2361 1276/1578/2054 1275/1577/2053
s 12
f 1256/1557/2364 1257/1558/2363 1277/1580/2058 1276/1579/2057
s 13
f 1257/1558/2366 1258/1559/2365 1278/1581/2062 1277/1580/2061
s 14
f 1258/1559/2368 1259/1560/2367 1279/1582/2066 1278/1581/2065
s 15
f 1259/1560/2370 1260/1561/2369 1280/1583/2070 1279/1582/2069
s 16
f 1260/1561/2372 1261/1562/2371 1281/1584/2074 1280/1583/2073
s 17
f 1261/1562/2374 1262/1563/2373 1282/1585/2078 1281/1584/2077
s 18
f 1262/1563/2376 1263/1564/2375 1283/1586/2082 1282/1585/2081
s 19
f 1263/1564/2378 1264/1565/2377 1284/1587/2086 1283/1586/2085
s 20
f 1264/1565/2380 1265/1566/2379 1285/1588/2090 1284/1587/2089
s 21
f 1265/1566/2382 1266/1567/2381 1286/1589/2094 1285/1588/2093
s 22
f 1266/1567/2384 1267/1568/2383 1287/1590/2098 1286/1589/2097
s 23
f 1267/1568/2386 1268/1569/2385 1288/1591/2102 1287/1590/2101
s 24
f 1268/1570/2388 1249/1549/2387 1269/1571/2106 1288/1592/2105
g default
v -15.651462 0.895575 6.433663
v -15.651462 0.895575 3.553279
v -15.651462 2.589652 6.433663
v -15.651462 2.589652 3.553279
v -18.843279 2.589652 6.433663
v -18.843279 2.589652 3.553279
v -18.843279 0.895575 6.433663
v -18.843279 0.895575 3.553279
v -15.651462 0.895575 3.841316
v -15.651462 2.589652 3.841316
v -18.843279 2.589652 3.841316
v -18.843279 0.895575 3.841316
v -15.651462 0.895575 6.174428
v -15.651462 2.589652 6.174428
v -18.843279 2.589652 6.174428
v -18.843279 0.895575 6.174428
v -18.524097 2.589652 6.433663
v -18.524097 0.895575 6.433663
v -18.524097 0.895575 6.174428
v -18.524097 0.895575 3.841316
v -18.524097 0.895575 3.553279
v -18.524097 2.589652 3.553279
v -18.524097 2.589652 3.841316
v -18.524097 2.589652 6.174428
v -15.938726 2.589652 6.433663
v -15.938726 0.895575 6.433663
v -15.938726 0.895575 6.174428
v -15.938726 0.895575 3.841316
v -15.938726 0.895575 3.553279
v -15.938726 2.589652 3.553279
v -15.938726 2.589652 3.841316
v -15.938726 2.589652 6.174428
v -18.524097 1.080015 3.841316
v -18.524097 1.080015 6.174428
v -15.938726 1.080015 6.174428
v -15.938726 1.080015 3.841316
v -15.554256 0.895575 6.433663
v -15.554256 0.895575 6.174428
v -15.554256 2.589652 6.174428
v -15.554256 2.589652 6.433663
v -15.554256 0.895575 3.841316
v -15.554256 2.589652 3.841316
v -15.554256 0.895575 3.553279
v -15.554256 2.589652 3.553279
v -15.651462 2.744539 6.433663
v -15.651462 2.744539 6.174428
v -15.554256 2.744539 6.433663
v -15.554256 2.744539 6.174428
v -15.651462 2.744539 3.841316
v -15.651462 2.744539 3.553279
v -15.554256 2.744539 3.841316
v -15.554256 2.744539 3.553279
v -15.651462 0.895575 3.398391
v -15.651462 2.589652 3.398391
v -15.554256 2.589652 3.398391
v -15.554256 0.895575 3.398391
v -15.651462 2.744539 3.398391
v -15.554256 2.744539 3.398391
v -15.651462 0.740687 6.433663
v -15.651462 0.740687 6.174428
v -15.554256 0.740687 6.174428
v -15.554256 0.740687 6.433663
v -15.651462 0.740687 3.841316
v -15.651462 0.740687 3.553279
v -15.554256 0.740687 3.553279
v -15.554256 0.740687 3.841316
v -15.651462 0.740687 3.398391
v -15.554256 0.740687 3.398391
v -15.651462 0.895575 6.588551
v -15.651462 2.589652 6.588551
v -15.554256 0.895575 6.588551
v -15.554256 2.589652 6.588551
v -15.554256 2.744539 6.588551
v -15.651462 2.744539 6.588551
v -15.651462 0.740687 6.588551
v -15.554256 0.740687 6.588551
vt 0.375000 0.000000
vt 0.625000 0.000000
vt 0.375000 0.250000
vt 0.625000 0.250000
vt 0.375000 0.500000
vt 0.625000 0.500000
vt 0.375000 0.750000
vt 0.625000 0.750000
vt 0.375000 1.000000
vt 0.625000 1.000000
vt 0.875000 0.000000
vt 0.875000 0.250000
vt 0.125000 0.000000
vt 0.125000 0.250000
vt 0.600000 0.000000
vt 0.600000 1.000000
vt 0.600000 0.250000
vt 0.600000 0.500000
vt 0.600000 0.750000
vt 0.397500 0.000000
vt 0.397500 1.000000
vt 0.397500 0.250000
vt 0.397500 0.500000
vt 0.397500 0.750000
vt 0.150000 0.250000
vt 0.375000 0.475000
vt 0.150000 0.000000
vt 0.375000 0.775000
vt 0.397500 0.775000
vt 0.600000 0.775000
vt 0.625000 0.775000
vt 0.850000 0.000000
vt 0.625000 0.475000
vt 0.850000 0.250000
vt 0.600000 0.475000
vt 0.397500 0.475000
vt 0.352500 0.250000
vt 0.375000 0.272500
vt 0.352500 0.000000
vt 0.375000 0.977500
vt 0.397500 0.977500
vt 0.600000 0.977500
vt 0.625000 0.977500
vt 0.647500 0.000000
vt 0.625000 0.272500
vt 0.647500 0.250000
vt 0.600000 0.272500
vt 0.397500 0.272500
vt 0.600000 0.475000
vt 0.397500 0.475000
vt 0.397500 0.272500
vt 0.600000 0.272500
vt 0.375000 0.000000
vt 0.397500 0.000000
vt 0.397500 0.250000
vt 0.375000 0.250000
vt 0.600000 0.000000
vt 0.625000 0.000000
vt 0.625000 0.250000
vt 0.600000 0.250000
vt 0.397500 0.250000
vt 0.375000 0.250000
vt 0.375000 0.250000
vt 0.397500 0.250000
vt 0.625000 0.250000
vt 0.600000 0.250000
vt 0.600000 0.250000
vt 0.625000 0.250000
vt 0.625000 0.000000
vt 0.625000 0.250000
vt 0.625000 0.250000
vt 0.625000 0.000000
vt 0.625000 0.250000
vt 0.625000 0.250000
vt 0.375000 0.000000
vt 0.397500 0.000000
vt 0.397500 0.000000
vt 0.375000 0.000000
vt 0.600000 0.000000
vt 0.625000 0.000000
vt 0.625000 0.000000
vt 0.600000 0.000000
vt 0.625000 0.000000
vt 0.625000 0.000000
vt 0.375000 0.250000
vt 0.375000 0.000000
vt 0.375000 0.000000
vt 0.375000 0.250000
vt 0.375000 0.250000
vt 0.375000 0.250000
vt 0.375000 0.000000
vt 0.375000 0.000000
vn 1.000000 0.000000 0.000000
vn 1.000000 0.000000 0.000000
vn 1.000000 0.000000 0.000000
vn 1.000000 0.000000 0.000000
vn 0.000000 1.000000 0.000000
vn -0.000000 1.000000 -0.000000
vn -0.000000 1.000000 -0.000000
vn 0.000000 1.000000 0.000000
vn -1.000000 0.000000 -0.000000
vn -1.000000 0.000000 -0.000000
vn -1.000000 0.000000 -0.000000
vn -1.000000 0.000000 -0.000000
vn 0.000000 -1.000000 0.000000
vn 0.000000 -1.000000 0.000000
vn 0.000000 -1.000000 0.000000
vn 0.000000 -1.000000 0.000000
vn 0.000000 0.000000 -1.000000
vn 0.000000 0.000000 -1.000000
vn 0.000000 0.000000 -1.000000
vn 0.000000 0.000000 -1.000000
vn 0.000000 0.000000 1.000000
vn 0.000000 0.000000 1.000000
vn 0.000000 0.000000 1.000000
vn 0.000000 0.000000 1.000000
vn 1.000000 0.000000 0.000000
vn 1.000000 0.000000 0.000000
vn 1.000000 0.000000 0.000000
vn 1.000000 0.000000 0.000000
vn 0.000000 1.000000 0.000000
vn -0.000000 1.000000 -0.000000
vn -0.000000 1.000000 -0.000000
vn 0.000000 1.000000 0.000000
vn -1.000000 0.000000 -0.000000
vn -1.000000 0.000000 -0.000000
vn -1.000000 0.000000 -0.000000
vn -1.000000 0.000000 -0.000000
vn 0.000000 -1.000000 0.000000
vn 0.000000 -1.000000 0.000000
vn 0.000000 -1.000000 0.000000
vn 0.000000 -1.000000 0.000000
vn 0.000000 0.000000 1.000000
vn 0.000000 0.000000 1.000000
vn 0.000000 0.000000 1.000000
vn 0.000000 0.000000 1.000000
vn 0.000000 -1.000000 0.000000
vn 0.000000 -1.000000 0.000000
vn 0.000000 -1.000000 0.000000
vn 0.000000 -1.000000 0.000000
vn 0.000000 -1.000000 0.000000
vn 0.000000 -1.000000 0.000000
vn 0.000000 -1.000000 0.000000
vn 0.000000 -1.000000 0.000000
vn 0.000000 0.000000 -1.000000
vn 0.000000 0.000000 -1.000000
vn 0.000000 0.000000 -1.000000
vn 0.000000 0.000000 -1.000000
vn 0.000000 1.000000 0.000000
vn 0.000000 1.000000 0.000000
vn 0.000000 1.000000 0.000000
vn 0.000000 1.000000 0.000000
vn 0.000000 1.000000 0.000000
vn 0.000000 1.000000 0.000000
vn 0.000000 1.000000 0.000000
vn 0.000000 1.000000 0.000000
vn 0.000000 1.000000 0.000000
vn 0.000000 1.000000 0.000000
vn 0.000000 1.000000 0.000000
vn 0.000000 1.000000 0.000000
vn 1.000000 0.000000 0.000000
vn 1.000000 0.000000 0.000000
vn 1.000000 0.000000 0.000000
vn 1.000000 0.000000 0.000000
vn 0.000000 0.000000 -1.000000
vn 0.000000 0.000000 -1.000000
vn 0.000000 0.000000 -1.000000
vn 0.000000 0.000000 -1.000000
vn -1.000000 0.000000 -0.000000
vn -1.000000 0.000000 -0.000000
vn -1.000000 0.000000 -0.000000
vn -1.000000 0.000000 -0.000000
vn 0.000000 0.000000 1.000000
vn 0.000000 0.000000 1.000000
vn 0.000000 0.000000 1.000000
vn 0.000000 0.000000 1.000000
vn 0.000000 -1.000000 0.000000
vn 0.000000 -1.000000 0.000000
vn 0.000000 -1.000000 0.000000
vn 0.000000 -1.000000 0.000000
vn 0.000000 1.000000 0.000000
vn 0.000000 1.000000 0.000000
vn 0.000000 1.000000 0.000000
vn 0.000000 1.000000 0.000000
vn 0.000000 0.000000 1.000000
vn 0.000000 0.000000 1.000000
vn 0.000000 0.000000 1.000000
vn 0.000000 0.000000 1.000000
vn 0.000000 -1.000000 0.000000
vn 0.000000 -1.000000 0.000000
vn 0.000000 -1.000000 0.000000
vn 0.000000 -1.000000 0.000000
vn 0.000000 0.000000 -1.000000
vn 0.000000 0.000000 -1.000000
vn 0.000000 0.000000 -1.000000
vn 0.000000 0.000000 -1.000000
vn 0.000000 1.000000 0.000000
vn 0.000000 1.000000 0.000000
vn 0.000000 1.000000 0.000000
vn 0.000000 1.000000 0.000000
vn -1.000000 0.000000 -0.000000
vn -1.000000 0.000000 -0.000000
vn -1.000000 0.000000 -0.000000
vn -1.000000 0.000000 -0.000000
vn 0.000000 0.000000 1.000000
vn 0.000000 0.000000 1.000000
vn 1.000000 0.000000 0.000000
vn 1.000000 0.000000 0.000000
vn -1.000000 0.000000 -0.000000
vn -1.000000 0.000000 -0.000000
vn -1.000000 0.000000 -0.000000
vn -1.000000 0.000000 -0.000000
vn 1.000000 0.000000 0.000000
vn 1.000000 0.000000 0.000000
vn 0.000000 0.000000 -1.000000
vn 0.000000 0.000000 -1.000000
vn -1.000000 0.000000 -0.000000
vn -1.000000 0.000000 -0.000000
vn -1.000000 0.000000 -0.000000
vn 1.000000 0.000000 0.000000
vn 1.000000 0.000000 0.000000
vn 0.000000 -1.000000 0.000000
vn 0.000000 -1.000000 0.000000
vn -1.000000 0.000000 -0.000000
vn 0.000000 1.000000 0.000000
vn 0.000000 1.000000 0.000000
vn 1.000000 0.000000 0.000000
vn -1.000000 0.000000 -0.000000
vn -1.000000 0.000000 -0.000000
vn -1.000000 0.000000 -0.000000
vn -1.000000 0.000000 -0.000000
vn 1.000000 0.000000 0.000000
vn 1.000000 0.000000 0.000000
vn 0.000000 0.000000 1.000000
vn 0.000000 0.000000 1.000000
vn -1.000000 0.000000 -0.000000
vn -1.000000 0.000000 -0.000000
vn -1.000000 0.000000 -0.000000
vn 1.000000 0.000000 0.000000
vn 1.000000 0.000000 0.000000
vn -1.000000 0.000000 -0.000000
vn 0.000000 0.000000 -1.000000
vn 0.000000 0.000000 -1.000000
vn 1.000000 0.000000 0.000000
vn -1.000000 0.000000 -0.000000
vn -1.000000 0.000000 -0.000000
vn 1.000000 0.000000 0.000000
vn 1.000000 0.000000 0.000000
vn 1.000000 0.000000 0.000000
vn 0.000000 1.000000 0.000000
vn 0.000000 1.000000 0.000000
vn -1.000000 0.000000 -0.000000
vn -1.000000 0.000000 -0.000000
vn 0.000000 -1.000000 0.000000
vn 0.000000 -1.000000 0.000000
vn 1.000000 0.000000 0.000000
s 1
g Draw Cabnet
usemtl initialShadingGroup
f 1325/1645/2389 1326/1646/2390 1327/1647/2391 1328/1648/2392
s 2
f 1291/1595/2393 1302/1614/2394 1320/1640/2395 1313/1630/2396
s 3
f 1293/1597/2397 1303/1615/2398 1304/1616/2399 1295/1599/2400
s 4
f 1314/1632/2401 1315/1633/2402 1301/1613/2403 1289/1601/2404
s 5
f 1290/1594/2405 1317/1636/2406 1318/1638/2407 1292/1596/2408
s 6
f 1313/1629/2409 1314/1631/2410 1289/1593/2411 1291/1595/2412
s 1
f 1330/1652/2413 1329/1649/2414 1331/1650/2415 1332/1651/2416
s 2
f 1318/1637/2417 1319/1639/2418 1298/1609/2419 1292/1596/2420
s 3
f 1300/1611/2421 1299/1610/2422 1294/1598/2423 1296/1600/2424
s 4
f 1297/1608/2425 1316/1634/2426 1317/1635/2427 1290/1602/2428
s 1
f 1327/1647/2391 1326/1646/2390 1329/1649/2414 1330/1652/2413
s 2
f 1319/1639/2418 1320/1640/2395 1302/1614/2394 1298/1609/2419
s 3
f 1304/1616/2399 1303/1615/2398 1299/1610/2422 1300/1611/2421
s 4
f 1301/1613/2403 1315/1633/2402 1316/1634/2426 1297/1608/2425
s 6
f 1295/1605/2429 1306/1619/2430 1305/1617/2431 1293/1606/2432
s 4
f 1295/1599/2433 1304/1616/2434 1307/1621/2435 1306/1620/2436
f 1308/1622/2437 1307/1621/2435 1304/1616/2434 1300/1611/2438
f 1309/1623/2439 1308/1622/2437 1300/1611/2438 1296/1600/2440
s 5
f 1310/1626/2441 1309/1624/2442 1296/1603/2443 1294/1604/2444
s 2
f 1299/1610/2445 1311/1627/2446 1310/1625/2447 1294/1598/2448
f 1303/1615/2449 1312/1628/2450 1311/1627/2446 1299/1610/2445
f 1305/1618/2451 1312/1628/2450 1303/1615/2449 1293/1597/2452
s 6
f 1305/1617/2431 1306/1619/2430 1314/1631/2410 1313/1629/2409
s 4
f 1306/1620/2436 1307/1621/2435 1315/1633/2402 1314/1632/2401
f 1316/1634/2426 1315/1633/2402 1307/1621/2435 1308/1622/2437
f 1317/1635/2427 1316/1634/2426 1308/1622/2437 1309/1623/2439
s 5
f 1318/1638/2407 1317/1636/2406 1309/1624/2442 1310/1626/2441
s 2
f 1310/1625/2447 1311/1627/2446 1319/1639/2418 1318/1637/2417
s off
f 1321/1641/2453 1322/1642/2454 1323/1643/2455 1324/1644/2456
s 2
f 1313/1630/2396 1320/1640/2395 1312/1628/2450 1305/1618/2451
s off
f 1311/1627/2457 1312/1628/2458 1322/1642/2459 1321/1641/2460
f 1312/1628/2461 1320/1640/2462 1323/1643/2463 1322/1642/2464
f 1320/1640/2465 1319/1639/2466 1324/1644/2467 1323/1643/2468
f 1319/1639/2469 1311/1627/2470 1321/1641/2471 1324/1644/2472
s 10
f 1347/1667/2473 1348/1668/2474 1349/1669/2475 1350/1670/2476
s 11
f 1334/1653/2477 1333/1654/2478 1335/1655/2479 1336/1656/2480
s 12
f 1358/1677/2481 1357/1678/2482 1359/1679/2483 1360/1680/2484
s 10
f 1351/1671/2485 1352/1672/2486 1353/1673/2487 1354/1674/2488
s 14
f 1341/1661/2489 1342/1662/2490 1343/1663/2491 1344/1664/2492
s 11
f 1338/1657/2493 1337/1658/2494 1339/1659/2495 1340/1660/2496
s 10
f 1348/1668/2474 1351/1671/2485 1354/1674/2488 1349/1669/2475
s 11
f 1337/1658/2494 1334/1653/2477 1336/1656/2480 1339/1659/2495
s 15
f 1302/1614/2497 1291/1595/2498 1333/1654/2499 1334/1653/2500
s 12
f 1358/1677/2481 1360/1680/2484 1361/1681/2501 1362/1682/2502
s 1
f 1328/1648/2392 1327/1647/2391 1336/1656/2503 1335/1655/2504
s 15
f 1292/1596/2505 1298/1609/2506 1337/1658/2507 1338/1657/2508
s 1
f 1330/1652/2413 1332/1651/2416 1340/1660/2509 1339/1659/2510
s 14
f 1343/1663/2491 1342/1662/2490 1345/1665/2511 1346/1666/2512
s 15
f 1298/1609/2506 1302/1614/2497 1334/1653/2500 1337/1658/2507
s 1
f 1327/1647/2391 1330/1652/2413 1339/1659/2510 1336/1656/2503
s 15
f 1290/1594/2513 1292/1596/2505 1342/1662/2514 1341/1661/2515
s 1
f 1332/1651/2416 1331/1650/2415 1344/1664/2516 1343/1663/2517
s 10
f 1353/1673/2487 1352/1672/2486 1355/1675/2518 1356/1676/2519
s 15
f 1292/1596/2505 1338/1657/2508 1345/1665/2520 1342/1662/2514
s 11
f 1338/1657/2493 1340/1660/2496 1346/1666/2521 1345/1665/2522
s 1
f 1340/1660/2509 1332/1651/2416 1343/1663/2517 1346/1666/2523
s 15
f 1289/1593/2524 1301/1612/2525 1348/1668/2526 1347/1667/2527
s 1
f 1326/1646/2390 1325/1645/2389 1350/1670/2528 1349/1669/2529
s 12
f 1359/1679/2483 1357/1678/2482 1363/1683/2530 1364/1684/2531
s 15
f 1297/1607/2532 1290/1594/2513 1352/1672/2533 1351/1671/2534
s 1
f 1331/1650/2415 1329/1649/2414 1354/1674/2535 1353/1673/2536
s 15
f 1301/1612/2525 1297/1607/2532 1351/1671/2534 1348/1668/2526
s 1
f 1329/1649/2414 1326/1646/2390 1349/1669/2529 1354/1674/2535
s 15
f 1290/1594/2513 1341/1661/2515 1355/1675/2537 1352/1672/2533
s 14
f 1341/1661/2489 1344/1664/2492 1356/1676/2538 1355/1675/2539
s 1
f 1344/1664/2516 1331/1650/2415 1353/1673/2536 1356/1676/2540
s 15
f 1291/1595/2498 1289/1593/2524 1357/1678/2541 1358/1677/2542
s 1
f 1325/1645/2389 1328/1648/2392 1360/1680/2543 1359/1679/2544
f 1328/1648/2392 1335/1655/2504 1361/1681/2545 1360/1680/2543
s 11
f 1335/1655/2479 1333/1654/2478 1362/1682/2546 1361/1681/2547
s 15
f 1333/1654/2499 1291/1595/2498 1358/1677/2542 1362/1682/2548
f 1289/1593/2524 1347/1667/2527 1363/1683/2549 1357/1678/2541
s 10
f 1347/1667/2473 1350/1670/2476 1364/1684/2550 1363/1683/2551
s 1
f 1350/1670/2528 1325/1645/2389 1359/1679/2544 1364/1684/2552
g default
v -15.651462 0.895575 2.911486
v -15.651462 0.895575 0.031102
v -15.651462 2.589652 2.911486
v -15.651462 2.589652 0.031102
v -18.843279 2.589652 2.911486
v -18.843279 2.589652 0.031102
v -18.843279 0.895575 2.911486
v -18.843279 0.895575 0.031102
v -15.651462 0.895575 0.319139
v -15.651462 2.589652 0.319139
v -18.843279 2.589652 0.319139
v -18.843279 0.895575 0.319139
v -15.651462 0.895575 2.652251
v -15.651462 2.589652 2.652251
v -18.843279 2.589652 2.652251
v -18.843279 0.895575 2.652251
v -18.524097 2.589652 2.911486
v -18.524097 0.895575 2.911486
v -18.524097 0.895575 2.652251
v -18.524097 0.895575 0.319139
v -18.524097 0.895575 0.031102
v -18.524097 2.589652 0.031102
v -18.524097 2.589652 0.319139
v -18.524097 2.589652 2.652251
v -15.938726 2.589652 2.911486
v -15.938726 0.895575 2.911486
v -15.938726 0.895575 2.652251
v -15.938726 0.895575 0.319139
v -15.938726 0.895575 0.031102
v -15.938726 2.589652 0.031102
v -15.938726 2.589652 0.319139
v -15.938726 2.589652 2.652251
v -18.524097 1.080015 0.319139
v -18.524097 1.080015 2.652251
v -15.938726 1.080015 2.652251
v -15.938726 1.080015 0.319139
v -15.554256 0.895575 2.911486
v -15.554256 0.895575 2.652251
v -15.554256 2.589652 2.652251
v -15.554256 2.589652 2.911486
v -15.554256 0.895575 0.319139
v -15.554256 2.589652 0.319139
v -15.554256 0.895575 0.031102
v -15.554256 2.589652 0.031102
v -15.651462 2.744539 2.911486
v -15.651462 2.744539 2.652251
v -15.554256 2.744539 2.911486
v -15.554256 2.744539 2.652251
v -15.651462 2.744539 0.319139
v -15.651462 2.744539 0.031102
v -15.554256 2.744539 0.319139
v -15.554256 2.744539 0.031102
v -15.651462 0.895575 -0.123786
v -15.651462 2.589652 -0.123786
v -15.554256 2.589652 -0.123786
v -15.554256 0.895575 -0.123786
v -15.651462 2.744539 -0.123786
v -15.554256 2.744539 -0.123786
v -15.651462 0.740687 2.911486
v -15.651462 0.740687 2.652251
v -15.554256 0.740687 2.652251
v -15.554256 0.740687 2.911486
v -15.651462 0.740687 0.319139
v -15.651462 0.740687 0.031102
v -15.554256 0.740687 0.031102
v -15.554256 0.740687 0.319139
v -15.651462 0.740687 -0.123786
v -15.554256 0.740687 -0.123786
v -15.651462 0.895575 3.066374
v -15.651462 2.589652 3.066374
v -15.554256 0.895575 3.066374
v -15.554256 2.589652 3.066374
v -15.554256 2.744539 3.066374
v -15.651462 2.744539 3.066374
v -15.651462 0.740687 3.066374
v -15.554256 0.740687 3.066374
vt 0.375000 0.000000
vt 0.625000 0.000000
vt 0.375000 0.250000
vt 0.625000 0.250000
vt 0.375000 0.500000
vt 0.625000 0.500000
vt 0.375000 0.750000
vt 0.625000 0.750000
vt 0.375000 1.000000
vt 0.625000 1.000000
vt 0.875000 0.000000
vt 0.875000 0.250000
vt 0.125000 0.000000
vt 0.125000 0.250000
vt 0.600000 0.000000
vt 0.600000 1.000000
vt 0.600000 0.250000
vt 0.600000 0.500000
vt 0.600000 0.750000
vt 0.397500 0.000000
vt 0.397500 1.000000
vt 0.397500 0.250000
vt 0.397500 0.500000
vt 0.397500 0.750000
vt 0.150000 0.250000
vt 0.375000 0.475000
vt 0.150000 0.000000
vt 0.375000 0.775000
vt 0.397500 0.775000
vt 0.600000 0.775000
vt 0.625000 0.775000
vt 0.850000 0.000000
vt 0.625000 0.475000
vt 0.850000 0.250000
vt 0.600000 0.475000
vt 0.397500 0.475000
vt 0.352500 0.250000
vt 0.375000 0.272500
vt 0.352500 0.000000
vt 0.375000 0.977500
vt 0.397500 0.977500
vt 0.600000 0.977500
vt 0.625000 0.977500
vt 0.647500 0.000000
vt 0.625000 0.272500
vt 0.647500 0.250000
vt 0.600000 0.272500
vt 0.397500 0.272500
vt 0.600000 0.475000
vt 0.397500 0.475000
vt 0.397500 0.272500
vt 0.600000 0.272500
vt 0.375000 0.000000
vt 0.397500 0.000000
vt 0.397500 0.250000
vt 0.375000 0.250000
vt 0.600000 0.000000
vt 0.625000 0.000000
vt 0.625000 0.250000
vt 0.600000 0.250000
vt 0.397500 0.250000
vt 0.375000 0.250000
vt 0.375000 0.250000
vt 0.397500 0.250000
vt 0.625000 0.250000
vt 0.600000 0.250000
vt 0.600000 0.250000
vt 0.625000 0.250000
vt 0.625000 0.000000
vt 0.625000 0.250000
vt 0.625000 0.250000
vt 0.625000 0.000000
vt 0.625000 0.250000
vt 0.625000 0.250000
vt 0.375000 0.000000
vt 0.397500 0.000000
vt 0.397500 0.000000
vt 0.375000 0.000000
vt 0.600000 0.000000
vt 0.625000 0.000000
vt 0.625000 0.000000
vt 0.600000 0.000000
vt 0.625000 0.000000
vt 0.625000 0.000000
vt 0.375000 0.250000
vt 0.375000 0.000000
vt 0.375000 0.000000
vt 0.375000 0.250000
vt 0.375000 0.250000
vt 0.375000 0.250000
vt 0.375000 0.000000
vt 0.375000 0.000000
vn 1.000000 0.000000 0.000000
vn 1.000000 0.000000 0.000000
vn 1.000000 0.000000 0.000000
vn 1.000000 0.000000 0.000000
vn 0.000000 1.000000 0.000000
vn 0.000000 1.000000 0.000000
vn 0.000000 1.000000 0.000000
vn 0.000000 1.000000 0.000000
vn -1.000000 0.000000 -0.000000
vn -1.000000 0.000000 -0.000000
vn -1.000000 0.000000 -0.000000
vn -1.000000 0.000000 -0.000000
vn 0.000000 -1.000000 0.000000
vn 0.000000 -1.000000 0.000000
vn 0.000000 -1.000000 0.000000
vn 0.000000 -1.000000 0.000000
vn 0.000000 0.000000 -1.000000
vn 0.000000 0.000000 -1.000000
vn 0.000000 0.000000 -1.000000
vn 0.000000 0.000000 -1.000000
vn 0.000000 0.000000 1.000000
vn 0.000000 0.000000 1.000000
vn 0.000000 0.000000 1.000000
vn 0.000000 0.000000 1.000000
vn 1.000000 0.000000 0.000000
vn 1.000000 0.000000 0.000000
vn 1.000000 0.000000 0.000000
vn 1.000000 0.000000 0.000000
vn 0.000000 1.000000 0.000000
vn 0.000000 1.000000 0.000000
vn 0.000000 1.000000 0.000000
vn 0.000000 1.000000 0.000000
vn -1.000000 0.000000 -0.000000
vn -1.000000 0.000000 -0.000000
vn -1.000000 0.000000 -0.000000
vn -1.000000 0.000000 -0.000000
vn 0.000000 -1.000000 0.000000
vn 0.000000 -1.000000 0.000000
vn 0.000000 -1.000000 0.000000
vn 0.000000 -1.000000 0.000000
vn 0.000000 0.000000 1.000000
vn 0.000000 0.000000 1.000000
vn 0.000000 0.000000 1.000000
vn 0.000000 0.000000 1.000000
vn 0.000000 -1.000000 0.000000
vn 0.000000 -1.000000 0.000000
vn 0.000000 -1.000000 0.000000
vn 0.000000 -1.000000 0.000000
vn 0.000000 -1.000000 0.000000
vn 0.000000 -1.000000 0.000000
vn 0.000000 -1.000000 0.000000
vn 0.000000 -1.000000 0.000000
vn 0.000000 0.000000 -1.000000
vn 0.000000 0.000000 -1.000000
vn 0.000000 0.000000 -1.000000
vn 0.000000 0.000000 -1.000000
vn 0.000000 1.000000 0.000000
vn 0.000000 1.000000 0.000000
vn 0.000000 1.000000 0.000000
vn 0.000000 1.000000 0.000000
vn 0.000000 1.000000 0.000000
vn 0.000000 1.000000 0.000000
vn 0.000000 1.000000 0.000000
vn 0.000000 1.000000 0.000000
vn 0.000000 1.000000 0.000000
vn 0.000000 1.000000 0.000000
vn 0.000000 1.000000 0.000000
vn 0.000000 1.000000 0.000000
vn 1.000000 0.000000 0.000000
vn 1.000000 0.000000 0.000000
vn 1.000000 0.000000 0.000000
vn 1.000000 0.000000 0.000000
vn 0.000000 0.000000 -1.000000
vn 0.000000 0.000000 -1.000000
vn 0.000000 0.000000 -1.000000
vn 0.000000 0.000000 -1.000000
vn -1.000000 0.000000 -0.000000
vn -1.000000 0.000000 -0.000000
vn -1.000000 0.000000 -0.000000
vn -1.000000 0.000000 -0.000000
vn 0.000000 0.000000 1.000000
vn 0.000000 0.000000 1.000000
vn 0.000000 0.000000 1.000000
vn 0.000000 0.000000 1.000000
vn 0.000000 -1.000000 0.000000
vn 0.000000 -1.000000 0.000000
vn 0.000000 -1.000000 0.000000
vn 0.000000 -1.000000 0.000000
vn 0.000000 1.000000 0.000000
vn 0.000000 1.000000 0.000000
vn 0.000000 1.000000 0.000000
vn 0.000000 1.000000 0.000000
vn 0.000000 0.000000 1.000000
vn 0.000000 0.000000 1.000000
vn 0.000000 0.000000 1.000000
vn 0.000000 0.000000 1.000000
vn 0.000000 -1.000000 0.000000
vn 0.000000 -1.000000 0.000000
vn 0.000000 -1.000000 0.000000
vn 0.000000 -1.000000 0.000000
vn 0.000000 0.000000 -1.000000
vn 0.000000 0.000000 -1.000000
vn 0.000000 0.000000 -1.000000
vn 0.000000 0.000000 -1.000000
vn 0.000000 1.000000 0.000000
vn 0.000000 1.000000 0.000000
vn 0.000000 1.000000 0.000000
vn 0.000000 1.000000 0.000000
vn -1.000000 0.000000 -0.000000
vn -1.000000 0.000000 -0.000000
vn -1.000000 0.000000 -0.000000
vn -1.000000 0.000000 -0.000000
vn 0.000000 0.000000 1.000000
vn 0.000000 0.000000 1.000000
vn 1.000000 0.000000 0.000000
vn 1.000000 0.000000 0.000000
vn -1.000000 0.000000 -0.000000
vn -1.000000 0.000000 -0.000000
vn -1.000000 0.000000 -0.000000
vn -1.000000 0.000000 -0.000000
vn 1.000000 0.000000 0.000000
vn 1.000000 0.000000 0.000000
vn 0.000000 0.000000 -1.000000
vn 0.000000 0.000000 -1.000000
vn -1.000000 0.000000 -0.000000
vn -1.000000 0.000000 -0.000000
vn -1.000000 0.000000 -0.000000
vn 1.000000 0.000000 0.000000
vn 1.000000 0.000000 0.000000
vn 0.000000 -1.000000 0.000000
vn 0.000000 -1.000000 0.000000
vn -1.000000 0.000000 -0.000000
vn 0.000000 1.000000 0.000000
vn 0.000000 1.000000 0.000000
vn 1.000000 0.000000 0.000000
vn -1.000000 0.000000 -0.000000
vn -1.000000 0.000000 -0.000000
vn -1.000000 0.000000 -0.000000
vn -1.000000 0.000000 -0.000000
vn 1.000000 0.000000 0.000000
vn 1.000000 0.000000 0.000000
vn 0.000000 0.000000 1.000000
vn 0.000000 0.000000 1.000000
vn -1.000000 0.000000 -0.000000
vn -1.000000 0.000000 -0.000000
vn -1.000000 0.000000 -0.000000
vn 1.000000 0.000000 0.000000
vn 1.000000 0.000000 0.000000
vn -1.000000 0.000000 -0.000000
vn 0.000000 0.000000 -1.000000
vn 0.000000 0.000000 -1.000000
vn 1.000000 0.000000 0.000000
vn -1.000000 0.000000 -0.000000
vn -1.000000 0.000000 -0.000000
vn 1.000000 0.000000 0.000000
vn 1.000000 0.000000 0.000000
vn 1.000000 0.000000 0.000000
vn 0.000000 1.000000 0.000000
vn 0.000000 1.000000 0.000000
vn -1.000000 0.000000 -0.000000
vn -1.000000 0.000000 -0.000000
vn 0.000000 -1.000000 0.000000
vn 0.000000 -1.000000 0.000000
vn 1.000000 0.000000 0.000000
s 1
g Draw Cabnet Draw1
usemtl initialShadingGroup
f 1401/1737/2553 1402/1738/2554 1403/1739/2555 1404/1740/2556
s 2
f 1367/1687/2557 1378/1706/2558 1396/1732/2559 1389/1722/2560
s 3
f 1369/1689/2561 1379/1707/2562 1380/1708/2563 1371/1691/2564
s 4
f 1390/1724/2565 1391/1725/2566 1377/1705/2567 1365/1693/2568
s 5
f 1366/1686/2569 1393/1728/2570 1394/1730/2571 1368/1688/2572
s 6
f 1389/1721/2573 1390/1723/2574 1365/1685/2575 1367/1687/2576
s 1
f 1406/1744/2577 1405/1741/2578 1407/1742/2579 1408/1743/2580
s 2
f 1394/1729/2581 1395/1731/2582 1374/1701/2583 1368/1688/2584
s 3
f 1376/1703/2585 1375/1702/2586 1370/1690/2587 1372/1692/2588
s 4
f 1373/1700/2589 1392/1726/2590 1393/1727/2591 1366/1694/2592
s 1
f 1403/1739/2555 1402/1738/2554 1405/1741/2578 1406/1744/2577
s 2
f 1395/1731/2582 1396/1732/2559 1378/1706/2558 1374/1701/2583
s 3
f 1380/1708/2563 1379/1707/2562 1375/1702/2586 1376/1703/2585
s 4
f 1377/1705/2567 1391/1725/2566 1392/1726/2590 1373/1700/2589
s 6
f 1371/1697/2593 1382/1711/2594 1381/1709/2595 1369/1698/2596
s 4
f 1371/1691/2597 1380/1708/2598 1383/1713/2599 1382/1712/2600
f 1384/1714/2601 1383/1713/2599 1380/1708/2598 1376/1703/2602
f 1385/1715/2603 1384/1714/2601 1376/1703/2602 1372/1692/2604
s 5
f 1386/1718/2605 1385/1716/2606 1372/1695/2607 1370/1696/2608
s 2
f 1375/1702/2609 1387/1719/2610 1386/1717/2611 1370/1690/2612
f 1379/1707/2613 1388/1720/2614 1387/1719/2610 1375/1702/2609
f 1381/1710/2615 1388/1720/2614 1379/1707/2613 1369/1689/2616
s 6
f 1381/1709/2595 1382/1711/2594 1390/1723/2574 1389/1721/2573
s 4
f 1382/1712/2600 1383/1713/2599 1391/1725/2566 1390/1724/2565
f 1392/1726/2590 1391/1725/2566 1383/1713/2599 1384/1714/2601
f 1393/1727/2591 1392/1726/2590 1384/1714/2601 1385/1715/2603
s 5
f 1394/1730/2571 1393/1728/2570 1385/1716/2606 1386/1718/2605
s 2
f 1386/1717/2611 1387/1719/2610 1395/1731/2582 1394/1729/2581
s off
f 1397/1733/2617 1398/1734/2618 1399/1735/2619 1400/1736/2620
s 2
f 1389/1722/2560 1396/1732/2559 1388/1720/2614 1381/1710/2615
s off
f 1387/1719/2621 1388/1720/2622 1398/1734/2623 1397/1733/2624
f 1388/1720/2625 1396/1732/2626 1399/1735/2627 1398/1734/2628
f 1396/1732/2629 1395/1731/2630 1400/1736/2631 1399/1735/2632
f 1395/1731/2633 1387/1719/2634 1397/1733/2635 1400/1736/2636
s 10
f 1423/1759/2637 1424/1760/2638 1425/1761/2639 1426/1762/2640
s 11
f 1410/1745/2641 1409/1746/2642 1411/1747/2643 1412/1748/2644
s 12
f 1434/1769/2645 1433/1770/2646 1435/1771/2647 1436/1772/2648
s 10
f 1427/1763/2649 1428/1764/2650 1429/1765/2651 1430/1766/2652
s 14
f 1417/1753/2653 1418/1754/2654 1419/1755/2655 1420/1756/2656
s 11
f 1414/1749/2657 1413/1750/2658 1415/1751/2659 1416/1752/2660
s 10
f 1424/1760/2638 1427/1763/2649 1430/1766/2652 1425/1761/2639
s 11
f 1413/1750/2658 1410/1745/2641 1412/1748/2644 1415/1751/2659
s 15
f 1378/1706/2661 1367/1687/2662 1409/1746/2663 1410/1745/2664
s 12
f 1434/1769/2645 1436/1772/2648 1437/1773/2665 1438/1774/2666
s 1
f 1404/1740/2556 1403/1739/2555 1412/1748/2667 1411/1747/2668
s 15
f 1368/1688/2669 1374/1701/2670 1413/1750/2671 1414/1749/2672
s 1
f 1406/1744/2577 1408/1743/2580 1416/1752/2673 1415/1751/2674
s 14
f 1419/1755/2655 1418/1754/2654 1421/1757/2675 1422/1758/2676
s 15
f 1374/1701/2670 1378/1706/2661 1410/1745/2664 1413/1750/2671
s 1
f 1403/1739/2555 1406/1744/2577 1415/1751/2674 1412/1748/2667
s 15
f 1366/1686/2677 1368/1688/2669 1418/1754/2678 1417/1753/2679
s 1
f 1408/1743/2580 1407/1742/2579 1420/1756/2680 1419/1755/2681
s 10
f 1429/1765/2651 1428/1764/2650 1431/1767/2682 1432/1768/2683
s 15
f 1368/1688/2669 1414/1749/2672 1421/1757/2684 1418/1754/2678
s 11
f 1414/1749/2657 1416/1752/2660 1422/1758/2685 1421/1757/2686
s 1
f 1416/1752/2673 1408/1743/2580 1419/1755/2681 1422/1758/2687
s 15
f 1365/1685/2688 1377/1704/2689 1424/1760/2690 1423/1759/2691
s 1
f 1402/1738/2554 1401/1737/2553 1426/1762/2692 1425/1761/2693
s 12
f 1435/1771/2647 1433/1770/2646 1439/1775/2694 1440/1776/2695
s 15
f 1373/1699/2696 1366/1686/2677 1428/1764/2697 1427/1763/2698
s 1
f 1407/1742/2579 1405/1741/2578 1430/1766/2699 1429/1765/2700
s 15
f 1377/1704/2689 1373/1699/2696 1427/1763/2698 1424/1760/2690
s 1
f 1405/1741/2578 1402/1738/2554 1425/1761/2693 1430/1766/2699
s 15
f 1366/1686/2677 1417/1753/2679 1431/1767/2701 1428/1764/2697
s 14
f 1417/1753/2653 1420/1756/2656 1432/1768/2702 1431/1767/2703
s 1
f 1420/1756/2680 1407/1742/2579 1429/1765/2700 1432/1768/2704
s 15
f 1367/1687/2662 1365/1685/2688 1433/1770/2705 1434/1769/2706
s 1
f 1401/1737/2553 1404/1740/2556 1436/1772/2707 1435/1771/2708
f 1404/1740/2556 1411/1747/2668 1437/1773/2709 1436/1772/2707
s 11
f 1411/1747/2643 1409/1746/2642 1438/1774/2710 1437/1773/2711
s 15
f 1409/1746/2663 1367/1687/2662 1434/1769/2706 1438/1774/2712
f 1365/1685/2688 1423/1759/2691 1439/1775/2713 1433/1770/2705
s 10
f 1423/1759/2637 1426/1762/2640 1440/1776/2714 1439/1775/2715
s 1
f 1426/1762/2692 1401/1737/2553 1435/1771/2708 1440/1776/2716
