# This file uses centimeters as units for non-parametric coordinates.

mtllib TV_Stand.mtl
g default
v -0.882764 2.897871 21.248635
v -0.882764 1.379365 21.248635
v -3.796157 2.897871 21.248635
v -3.796157 1.379365 21.248635
v -0.882764 2.897871 17.864271
v -0.882764 1.379365 17.864271
v -3.796157 2.897871 17.864271
v -3.796157 1.379365 17.864271
v -3.650486 2.897871 21.248635
v -3.650486 1.379365 21.248635
v -3.650486 1.379365 17.864271
v -3.650486 2.897871 17.864271
v -1.028440 2.897871 21.248635
v -1.028440 1.379365 21.248635
v -1.028440 1.379365 17.864271
v -1.028440 2.897871 17.864271
v -0.882764 2.897871 19.556453
v -1.028440 2.897871 19.556453
v -3.650486 2.897871 19.556453
v -3.796157 2.897871 19.556453
v -3.796157 1.379365 19.556453
v -3.650486 1.379365 19.556453
v -1.028440 1.379365 19.556453
v -0.882764 1.379365 19.556453
v -3.650486 2.897871 18.033490
v -1.028440 2.897871 18.033490
v -0.882764 2.897871 18.033490
v -0.882764 1.379365 18.033490
v -1.028440 1.379365 18.033490
v -3.650486 1.379365 18.033490
v -3.796157 1.379365 18.033490
v -3.796157 2.897871 18.033490
v -0.882764 2.897871 21.079417
v -1.028440 2.897871 21.079417
v -3.650486 2.897871 21.079417
v -3.796157 2.897871 21.079417
v -3.796157 1.379365 21.079417
v -3.650486 1.379365 21.079417
v -1.028440 1.379365 21.079417
v -0.882764 1.379365 21.079417
v -3.650486 1.534156 18.033490
v -3.650486 1.534156 19.556453
v -1.028440 1.534156 19.556453
v -1.028440 1.534156 18.033490
v -1.028440 1.534156 21.079417
v -3.650486 1.534156 21.079417
vt 0.720875 0.115000
vt 0.720875 0.025000
vt 0.781625 0.025000
vt 0.781625 0.115000
vt 0.720875 0.115000
vt 0.720875 0.025000
vt 0.781625 0.025000
vt 0.781625 0.115000
vt 0.720875 0.115000
vt 0.720875 0.025000
vt 0.781625 0.025000
vt 0.781625 0.115000
vt 0.778588 0.115000
vt 0.778588 0.115000
vt 0.778587 0.025000
vt 0.778587 0.025000
vt 0.778587 0.025000
vt 0.778588 0.115000
vt 0.723912 0.115000
vt 0.723912 0.115000
vt 0.723913 0.025000
vt 0.723913 0.025000
vt 0.723913 0.025000
vt 0.723912 0.115000
vt 0.720875 0.115000
vt 0.723912 0.115000
vt 0.778588 0.115000
vt 0.781625 0.115000
vt 0.781625 0.025000
vt 0.778587 0.025000
vt 0.723913 0.025000
vt 0.720875 0.025000
vt 0.778588 0.115000
vt 0.723912 0.115000
vt 0.720875 0.115000
vt 0.720875 0.025000
vt 0.723913 0.025000
vt 0.778587 0.025000
vt 0.781625 0.025000
vt 0.781625 0.115000
vt 0.720875 0.115000
vt 0.723912 0.115000
vt 0.778588 0.115000
vt 0.781625 0.115000
vt 0.781625 0.025000
vt 0.778587 0.025000
vt 0.723913 0.025000
vt 0.720875 0.025000
vt 0.778588 0.115000
vt 0.778588 0.115000
vt 0.723912 0.115000
vt 0.723912 0.115000
vt 0.723912 0.115000
vt 0.778588 0.115000
vn 0.000000 0.000000 -1.000000
vn 0.000000 0.000000 -1.000000
vn 0.000000 0.000000 -1.000000
vn 0.000000 0.000000 -1.000000
vn 0.000000 0.000000 1.000000
vn 0.000000 0.000000 1.000000
vn 0.000000 0.000000 1.000000
vn 0.000000 0.000000 1.000000
vn 0.000000 0.000000 1.000000
vn 0.000000 0.000000 1.000000
vn 0.000000 1.000000 0.000000
vn 0.000000 1.000000 0.000000
vn 0.000000 1.000000 0.000000
vn 0.000000 1.000000 0.000000
vn 1.000000 0.000000 0.000000
vn 1.000000 0.000000 0.000000
vn 1.000000 0.000000 0.000000
vn 1.000000 0.000000 0.000000
vn 0.000000 -1.000000 0.000000
vn 0.000000 -1.000000 0.000000
vn 0.000000 -1.000000 0.000000
vn 0.000000 -1.000000 0.000000
vn -1.000000 0.000000 -0.000000
vn -1.000000 0.000000 -0.000000
vn -1.000000 0.000000 -0.000000
vn -1.000000 0.000000 -0.000000
vn 0.000000 1.000000 0.000000
vn 0.000000 1.000000 0.000000
vn 0.000000 0.000000 1.000000
vn 0.000000 0.000000 1.000000
vn 0.000000 -1.000000 0.000000
vn 0.000000 -1.000000 0.000000
vn 0.000000 -1.000000 0.000000
vn 0.000000 -1.000000 0.000000
vn 0.000000 0.000000 -1.000000
vn 0.000000 0.000000 -1.000000
vn 0.000000 0.000000 -1.000000
vn 0.000000 0.000000 -1.000000
vn 0.000000 1.000000 0.000000
vn 0.000000 1.000000 0.000000
vn 0.000000 1.000000 0.000000
vn 0.000000 1.000000 0.000000
vn 0.000000 1.000000 0.000000
vn 0.000000 1.000000 0.000000
vn 0.000000 1.000000 0.000000
vn 0.000000 1.000000 0.000000
vn 0.000000 1.000000 0.000000
vn 0.000000 1.000000 0.000000
vn -1.000000 0.000000 -0.000000
vn -1.000000 0.000000 -0.000000
vn -1.000000 0.000000 -0.000000
vn -1.000000 0.000000 -0.000000
vn 0.000000 -1.000000 0.000000
vn 0.000000 -1.000000 0.000000
vn 0.000000 -1.000000 0.000000
vn 0.000000 -1.000000 0.000000
vn 0.000000 -1.000000 0.000000
vn 0.000000 -1.000000 0.000000
vn 0.000000 -1.000000 0.000000
vn 0.000000 -1.000000 0.000000
vn 1.000000 0.000000 0.000000
vn 1.000000 0.000000 0.000000
vn 1.000000 0.000000 0.000000
vn 1.000000 0.000000 0.000000
vn 0.000000 1.000000 0.000000
vn 0.000000 1.000000 0.000000
vn 0.000000 1.000000 0.000000
vn 0.000000 1.000000 0.000000
vn 0.000000 1.000000 0.000000
vn 0.000000 1.000000 0.000000
vn 1.000000 0.000000 0.000000
vn 1.000000 0.000000 0.000000
vn 0.000000 -1.000000 0.000000
vn 0.000000 -1.000000 0.000000
vn 0.000000 -1.000000 0.000000
vn 0.000000 -1.000000 0.000000
vn -1.000000 0.000000 -0.000000
vn -1.000000 0.000000 -0.000000
vn 0.000000 1.000000 0.000000
vn 0.000000 1.000000 0.000000
vn 0.000000 1.000000 0.000000
vn 0.000000 1.000000 0.000000
vn 1.000000 0.000000 0.000000
vn 1.000000 0.000000 0.000000
vn 1.000000 0.000000 0.000000
vn 1.000000 0.000000 0.000000
vn -1.000000 0.000000 -0.000000
vn -1.000000 0.000000 -0.000000
vn -1.000000 0.000000 -0.000000
vn -1.000000 0.000000 -0.000000
vn 0.000000 0.000000 1.000000
vn 0.000000 0.000000 1.000000
vn 0.000000 0.000000 1.000000
vn 0.000000 0.000000 1.000000
vn -1.000000 0.000000 -0.000000
vn -1.000000 0.000000 -0.000000
vn 1.000000 0.000000 0.000000
vn 1.000000 0.000000 0.000000
vn 0.000000 0.000000 -1.000000
vn 0.000000 0.000000 -1.000000
vn 0.000000 0.000000 -1.000000
vn 0.000000 0.000000 -1.000000
s 1
g Draws7 Draws9
usemtl initialShadingGroup
f 15/23/1 16/24/2 5/9/3 6/10/4
s 2
f 13/19/5 14/21/6 2/6/7 1/5/8
f 9/13/9 10/15/10 14/21/6 13/19/5
s 3
f 33/41/11 34/42/12 13/20/13 1/1/14
s 4
f 1/1/15 2/2/16 40/48/17 33/41/18
s 5
f 2/2/19 14/22/20 39/47/21 40/48/22
s 6
f 4/3/23 3/4/24 36/44/25 37/45/26
s 3
f 35/43/27 9/14/28 13/20/13 34/42/12
s 2
f 4/7/29 10/15/10 9/13/9 3/8/30
s 5
f 37/45/31 38/46/32 10/16/33 4/3/34
s 1
f 8/11/35 7/12/36 12/18/37 11/17/38
s 3
f 3/4/39 9/14/28 35/43/27 36/44/40
s 5
f 38/46/32 39/47/21 14/22/20 10/16/33
s 1
f 16/24/2 15/23/1 11/17/38 12/18/37
s 3
f 16/24/41 26/34/42 27/35/43 5/9/44
f 16/24/41 12/18/45 25/33/46 26/34/42
f 32/40/47 25/33/46 12/18/45 7/12/48
s 6
f 31/39/49 32/40/50 7/12/51 8/11/52
s 5
f 11/17/53 30/38/54 31/39/55 8/11/56
f 11/17/53 15/23/57 29/37/58 30/38/54
f 28/36/59 29/37/58 15/23/57 6/10/60
s 4
f 27/35/61 28/36/62 6/10/63 5/9/64
s 12
f 41/49/65 42/50/66 43/51/67 44/52/68
s 3
f 27/35/43 26/34/42 18/26/69 17/25/70
s 4
f 17/25/71 24/32/72 28/36/62 27/35/61
s 5
f 24/32/73 23/31/74 29/37/58 28/36/59
f 29/37/58 23/31/74 22/30/75 30/38/54
f 31/39/55 30/38/54 22/30/75 21/29/76
s 6
f 21/29/77 20/28/78 32/40/50 31/39/49
s 3
f 20/28/79 19/27/80 25/33/46 32/40/47
f 17/25/70 18/26/69 34/42/12 33/41/11
s 12
f 43/51/67 42/50/66 46/54/81 45/53/82
s 3
f 36/44/40 35/43/27 19/27/80 20/28/79
s 6
f 37/45/26 36/44/25 20/28/78 21/29/77
s 5
f 21/29/76 22/30/75 38/46/32 37/45/31
f 22/30/75 23/31/74 39/47/21 38/46/32
f 40/48/22 39/47/21 23/31/74 24/32/73
s 4
f 33/41/18 40/48/17 24/32/72 17/25/71
s 13
f 25/33/83 19/27/84 42/50/85 41/49/86
s 14
f 18/26/87 26/34/88 44/52/89 43/51/90
s off
f 41/49/91 44/52/92 26/34/93 25/33/94
s 14
f 34/42/95 18/26/87 43/51/90 45/53/96
s 13
f 19/27/84 35/43/97 46/54/98 42/50/85
s off
f 45/53/99 46/54/100 35/43/101 34/42/102
g default
v 2.516182 4.753825 18.072916
v -0.542877 4.753825 18.072916
v -0.542877 1.379365 18.072916
v 2.516182 1.379364 18.072916
v 2.516182 4.753825 17.864272
v -0.542877 4.753825 17.864272
v -0.542877 1.379365 17.864272
v 2.516182 1.379364 17.864272
vt 0.650000 0.225000
vt 0.713787 0.225000
vt 0.713787 0.025000
vt 0.650000 0.025000
vt 0.650000 0.225000
vt 0.713787 0.225000
vt 0.713787 0.025000
vt 0.650000 0.025000
vt 0.650000 0.225000
vt 0.713787 0.225000
vt 0.713787 0.025000
vt 0.650000 0.025000
vn 0.000000 0.000000 -1.000000
vn 0.000000 0.000000 -1.000000
vn 0.000000 0.000000 -1.000000
vn 0.000000 0.000000 -1.000000
vn 0.000000 0.000000 1.000000
vn 0.000000 0.000000 1.000000
vn 0.000000 0.000000 1.000000
vn 0.000000 0.000000 1.000000
vn 1.000000 0.000000 0.000000
vn 1.000000 0.000000 0.000000
vn 1.000000 0.000000 0.000000
vn 1.000000 0.000000 0.000000
vn 0.000000 1.000000 0.000000
vn 0.000000 1.000000 0.000000
vn 0.000000 1.000000 0.000000
vn 0.000000 1.000000 0.000000
vn -1.000000 0.000000 -0.000000
vn -1.000000 0.000000 -0.000000
vn -1.000000 0.000000 -0.000000
vn -1.000000 0.000000 -0.000000
vn -0.000000 -1.000000 0.000000
vn -0.000000 -1.000000 0.000000
vn -0.000000 -1.000000 0.000000
vn -0.000000 -1.000000 0.000000
s off
g Draws9 Draws8
usemtl initialShadingGroup
f 51/63/103 54/66/104 53/65/105 52/64/106
f 47/59/107 48/60/108 49/61/109 50/62/110
f 51/63/111 47/55/112 50/58/113 54/66/114
f 48/56/115 47/55/116 51/63/117 52/64/118
f 52/64/119 53/65/120 49/57/121 48/56/122
f 50/58/123 49/57/124 53/65/125 54/66/126
g default
v -4.136059 3.066594 18.072916
v -7.195129 3.066594 18.072916
v -4.136059 4.753825 18.072916
v -7.195129 4.753825 18.072916
v -7.195129 1.379364 18.072916
v -4.136059 1.379364 18.072916
v -4.136059 3.066594 17.864271
v -7.195129 3.066594 17.864271
v -4.136059 4.753825 17.864271
v -7.195129 4.753825 17.864271
v -7.195129 1.379364 17.864271
v -4.136059 1.379364 17.864271
vt 0.788713 0.125000
vt 0.852500 0.125000
vt 0.788713 0.225000
vt 0.852500 0.225000
vt 0.852500 0.025000
vt 0.788713 0.025000
vt 0.788713 0.125000
vt 0.852500 0.125000
vt 0.788713 0.225000
vt 0.852500 0.225000
vt 0.852500 0.025000
vt 0.788713 0.025000
vt 0.788713 0.125000
vt 0.852500 0.125000
vt 0.788713 0.225000
vt 0.852500 0.225000
vt 0.852500 0.025000
vt 0.788713 0.025000
vn 0.000000 0.000000 -1.000000
vn 0.000000 0.000000 -1.000000
vn 0.000000 0.000000 -1.000000
vn 0.000000 0.000000 -1.000000
vn 0.000000 0.000000 -1.000000
vn 0.000000 0.000000 -1.000000
vn 0.000000 0.000000 1.000000
vn 0.000000 0.000000 1.000000
vn 0.000000 0.000000 1.000000
vn 0.000000 0.000000 1.000000
vn 0.000000 0.000000 1.000000
vn 0.000000 0.000000 1.000000
vn 1.000000 0.000000 0.000002
vn 1.000000 0.000000 0.000002
vn 1.000000 0.000000 0.000002
vn 1.000000 0.000000 0.000002
vn 1.000000 0.000000 0.000002
vn 1.000000 0.000000 0.000002
vn 0.000000 1.000000 0.000000
vn 0.000000 1.000000 0.000000
vn 0.000000 1.000000 0.000000
vn 0.000000 1.000000 0.000000
vn -1.000000 0.000000 -0.000000
vn -1.000000 0.000000 -0.000000
vn -1.000000 0.000000 -0.000000
vn -1.000000 0.000000 -0.000000
vn -1.000000 0.000000 -0.000000
vn -1.000000 0.000000 -0.000000
vn 0.000000 -1.000000 0.000000
vn 0.000000 -1.000000 0.000000
vn 0.000000 -1.000000 0.000000
vn 0.000000 -1.000000 0.000000
s off
g Draws9 Draws6
usemtl initialShadingGroup
f 62/80/127 64/82/128 63/81/129 61/79/130 66/84/131 65/83/132
f 59/77/133 60/78/134 55/73/135 57/75/136 58/76/137 56/74/138
f 61/79/139 63/81/140 57/69/141 55/67/142 60/72/143 66/84/144
f 58/70/145 57/69/146 63/81/147 64/82/148
f 62/80/149 65/83/150 59/71/151 56/68/152 58/70/153 64/82/154
f 60/72/155 59/71/156 65/83/157 66/84/158
g default
v -4.604218 3.464518 17.707152
v -4.652649 3.439850 17.707875
v -4.691096 3.401427 17.709000
v -4.715773 3.353013 17.710418
v -4.724278 3.299345 17.711989
v -4.715773 3.245678 17.713561
v -4.691096 3.197263 17.714979
v -4.652649 3.158842 17.716103
v -4.604218 3.134173 17.716826
v -4.550526 3.125673 17.717074
v -4.496830 3.134173 17.716826
v -4.448398 3.158842 17.716103
v -4.409967 3.197263 17.714979
v -4.385290 3.245678 17.713561
v -4.376774 3.299345 17.711989
v -4.385290 3.353013 17.710418
v -4.409967 3.401427 17.709000
v -4.448398 3.439850 17.707875
v -4.496830 3.464517 17.707152
v -4.550526 3.473018 17.706903
v -4.604218 3.474690 18.111827
v -4.652649 3.450021 18.112550
v -4.691096 3.411600 18.113676
v -4.715773 3.363185 18.115092
v -4.724278 3.309518 18.116664
v -4.715773 3.255850 18.118237
v -4.691096 3.207436 18.119654
v -4.652649 3.169014 18.120778
v -4.604218 3.144345 18.121501
v -4.550526 3.135845 18.121750
v -4.496830 3.144345 18.121501
v -4.448398 3.169014 18.120778
v -4.409967 3.207436 18.119654
v -4.385290 3.255850 18.118237
v -4.376774 3.309518 18.116664
v -4.385290 3.363185 18.115092
v -4.409967 3.411600 18.113676
v -4.448398 3.450021 18.112550
v -4.496830 3.474690 18.111827
v -4.550526 3.483190 18.111578
v -4.550526 3.309518 18.116664
v -4.604361 3.461490 17.565315
v -4.652883 3.436698 17.566041
v -4.691335 3.398123 17.567171
v -4.715917 3.349587 17.568592
v -4.724278 3.295872 17.570165
v -4.715636 3.242251 17.571736
v -4.690863 3.193961 17.573150
v -4.652416 3.155691 17.574271
v -4.604080 3.131145 17.574989
v -4.550526 3.122692 17.575237
v -4.496973 3.131145 17.574989
v -4.448637 3.155691 17.574271
v -4.410205 3.193961 17.573150
v -4.385433 3.242251 17.571736
v -4.376774 3.295872 17.570165
v -4.385131 3.349587 17.568592
v -4.409733 3.398123 17.567171
v -4.448165 3.436698 17.566041
v -4.496686 3.461489 17.565315
v -4.550526 3.470037 17.565065
v -4.614396 3.496129 17.718083
v -4.672009 3.466784 17.718942
v -4.614566 3.492174 17.564417
v -4.672287 3.462683 17.565280
v -4.717745 3.421079 17.720281
v -4.718029 3.416796 17.566624
v -4.747100 3.363486 17.721968
v -4.747270 3.359057 17.568315
v -4.757217 3.299644 17.723837
v -4.757217 3.295160 17.570186
v -4.747100 3.235803 17.725707
v -4.746936 3.231374 17.572054
v -4.717745 3.178210 17.727393
v -4.717467 3.173929 17.573737
v -4.672009 3.132505 17.728731
v -4.671731 3.128404 17.575070
v -4.614396 3.103160 17.729591
v -4.614232 3.099206 17.575925
v -4.550526 3.093048 17.729886
v -4.550526 3.089150 17.576219
v -4.486650 3.103160 17.729591
v -4.486820 3.099205 17.575925
v -4.429037 3.132505 17.728731
v -4.429321 3.128404 17.575070
v -4.383320 3.178210 17.727393
v -4.383604 3.173929 17.573737
v -4.353965 3.235803 17.725707
v -4.354136 3.231374 17.572054
v -4.343835 3.299644 17.723837
v -4.343835 3.295160 17.570186
v -4.353965 3.363486 17.721968
v -4.353776 3.359057 17.568315
v -4.383320 3.421079 17.720281
v -4.383043 3.416795 17.566624
v -4.429037 3.466784 17.718942
v -4.428760 3.462683 17.565280
v -4.486650 3.496129 17.718083
v -4.486480 3.492174 17.564417
v -4.550526 3.506240 17.717787
v -4.550526 3.502342 17.564119
vt 0.375000 0.312500
vt 0.387500 0.312500
vt 0.400000 0.312500
vt 0.412500 0.312500
vt 0.425000 0.312500
vt 0.437500 0.312500
vt 0.450000 0.312500
vt 0.462500 0.312500
vt 0.475000 0.312500
vt 0.487500 0.312500
vt 0.500000 0.312500
vt 0.512500 0.312500
vt 0.525000 0.312500
vt 0.537500 0.312500
vt 0.550000 0.312500
vt 0.562500 0.312500
vt 0.575000 0.312500
vt 0.587500 0.312500
vt 0.600000 0.312500
vt 0.612500 0.312500
vt 0.625000 0.312500
vt 0.375000 0.687500
vt 0.387500 0.687500
vt 0.400000 0.687500
vt 0.412500 0.687500
vt 0.425000 0.687500
vt 0.437500 0.687500
vt 0.450000 0.687500
vt 0.462500 0.687500
vt 0.475000 0.687500
vt 0.487500 0.687500
vt 0.500000 0.687500
vt 0.512500 0.687500
vt 0.525000 0.687500
vt 0.537500 0.687500
vt 0.550000 0.687500
vt 0.562500 0.687500
vt 0.575000 0.687500
vt 0.587500 0.687500
vt 0.600000 0.687500
vt 0.612500 0.687500
vt 0.625000 0.687500
vt 0.648603 0.795466
vt 0.626409 0.751908
vt 0.591842 0.717341
vt 0.548284 0.695147
vt 0.500000 0.687500
vt 0.451716 0.695147
vt 0.408159 0.717341
vt 0.373591 0.751909
vt 0.351397 0.795466
vt 0.343750 0.843750
vt 0.351397 0.892034
vt 0.373591 0.935591
vt 0.408159 0.970159
vt 0.451716 0.992353
vt 0.500000 1.000000
vt 0.548284 0.992353
vt 0.591841 0.970159
vt 0.626409 0.935591
vt 0.648603 0.892034
vt 0.656250 0.843750
vt 0.500000 0.843750
vt 0.375000 0.298124
vt 0.387500 0.298124
vt 0.387500 0.283748
vt 0.400000 0.283748
vt 0.400000 0.283749
vt 0.412500 0.283749
vt 0.412500 0.283749
vt 0.425000 0.283749
vt 0.425000 0.283749
vt 0.437500 0.283749
vt 0.437500 0.283749
vt 0.450000 0.283749
vt 0.450000 0.283748
vt 0.462500 0.283748
vt 0.462500 0.283749
vt 0.475000 0.283749
vt 0.475000 0.283750
vt 0.487500 0.283750
vt 0.487500 0.283750
vt 0.500000 0.283750
vt 0.500000 0.283749
vt 0.512500 0.283749
vt 0.512500 0.283748
vt 0.525000 0.283748
vt 0.525000 0.283749
vt 0.537500 0.283749
vt 0.537500 0.283749
vt 0.550000 0.283749
vt 0.550000 0.283749
vt 0.562500 0.283749
vt 0.562500 0.283749
vt 0.575000 0.283749
vt 0.575000 0.283748
vt 0.587500 0.283748
vt 0.587500 0.283749
vt 0.600000 0.283749
vt 0.600000 0.283750
vt 0.612500 0.283750
vt 0.612500 0.283750
vt 0.625000 0.283750
vt 0.387500 0.312500
vt 0.387500 0.298124
vt 0.375000 0.298124
vt 0.375000 0.312500
vt 0.400000 0.312500
vt 0.400000 0.283748
vt 0.387500 0.283748
vt 0.412500 0.312500
vt 0.412500 0.283749
vt 0.400000 0.283749
vt 0.425000 0.312500
vt 0.425000 0.283749
vt 0.412500 0.283749
vt 0.437500 0.312500
vt 0.437500 0.283749
vt 0.425000 0.283749
vt 0.450000 0.312500
vt 0.450000 0.283749
vt 0.437500 0.283749
vt 0.462500 0.312500
vt 0.462500 0.283748
vt 0.450000 0.283748
vt 0.475000 0.312500
vt 0.475000 0.283749
vt 0.462500 0.283749
vt 0.487500 0.312500
vt 0.487500 0.283750
vt 0.475000 0.283750
vt 0.500000 0.312500
vt 0.500000 0.283750
vt 0.487500 0.283750
vt 0.512500 0.312500
vt 0.512500 0.283749
vt 0.500000 0.283749
vt 0.525000 0.312500
vt 0.525000 0.283748
vt 0.512500 0.283748
vt 0.537500 0.312500
vt 0.537500 0.283749
vt 0.525000 0.283749
vt 0.550000 0.312500
vt 0.550000 0.283749
vt 0.537500 0.283749
vt 0.562500 0.312500
vt 0.562500 0.283749
vt 0.550000 0.283749
vt 0.575000 0.312500
vt 0.575000 0.283749
vt 0.562500 0.283749
vt 0.587500 0.312500
vt 0.587500 0.283748
vt 0.575000 0.283748
vt 0.600000 0.312500
vt 0.600000 0.283749
vt 0.587500 0.283749
vt 0.612500 0.312500
vt 0.612500 0.283750
vt 0.600000 0.283750
vt 0.625000 0.312500
vt 0.625000 0.283750
vt 0.612500 0.283750
vt 0.387500 0.312500
vt 0.400000 0.312500
vt 0.412500 0.312500
vt 0.425000 0.312500
vt 0.437500 0.312500
vt 0.450000 0.312500
vt 0.462500 0.312500
vt 0.475000 0.312500
vt 0.487500 0.312500
vt 0.500000 0.312500
vt 0.512500 0.312500
vt 0.525000 0.312500
vt 0.537500 0.312500
vt 0.550000 0.312500
vt 0.562500 0.312500
vt 0.575000 0.312500
vt 0.587500 0.312500
vt 0.600000 0.312500
vt 0.612500 0.312500
vt 0.375000 0.312500
vt 0.612500 0.312500
vt 0.600000 0.312500
vt 0.587500 0.312500
vt 0.575000 0.312500
vt 0.562500 0.312500
vt 0.550000 0.312500
vt 0.537500 0.312500
vt 0.525000 0.312500
vt 0.512500 0.312500
vt 0.500000 0.312500
vt 0.487500 0.312500
vt 0.475000 0.312500
vt 0.462500 0.312500
vt 0.450000 0.312500
vt 0.437500 0.312500
vt 0.425000 0.312500
vt 0.412500 0.312500
vt 0.400000 0.312500
vt 0.387500 0.312500
vn -0.308899 0.950795 -0.023899
vn -0.587563 0.808923 -0.020333
vn -0.587956 0.808637 -0.020326
vn -0.309142 0.950716 -0.023897
vn -0.808787 0.587916 -0.014778
vn -0.809180 0.587376 -0.014764
vn -0.950936 0.309290 -0.007774
vn -0.951178 0.308544 -0.007756
vn -1.000000 0.000412 -0.000010
vn -1.000000 -0.000414 0.000010
vn -0.951179 -0.308543 0.007756
vn -0.950936 -0.309289 0.007775
vn -0.809179 -0.587376 0.014765
vn -0.808788 -0.587914 0.014778
vn -0.587956 -0.808638 0.020326
vn -0.587563 -0.808923 0.020334
vn -0.309144 -0.950715 0.023898
vn -0.308901 -0.950794 0.023900
vn 0.000000 -0.999684 0.025129
vn 0.000000 -0.999684 0.025129
vn 0.309130 -0.950719 0.023898
vn 0.308887 -0.950799 0.023900
vn 0.588026 -0.808586 0.020325
vn 0.587633 -0.808872 0.020332
vn 0.809250 -0.587279 0.014762
vn 0.808859 -0.587818 0.014776
vn 0.951150 -0.308632 0.007758
vn 0.950907 -0.309378 0.007777
vn 1.000000 0.000413 -0.000010
vn 1.000000 -0.000415 0.000010
vn 0.950907 0.309379 -0.007777
vn 0.951149 0.308634 -0.007758
vn 0.808858 0.587819 -0.014776
vn 0.809250 0.587279 -0.014762
vn 0.587632 0.808873 -0.020332
vn 0.588026 0.808587 -0.020325
vn 0.308884 0.950799 -0.023900
vn 0.309128 0.950720 -0.023898
vn 0.000001 0.999684 -0.025129
vn 0.000001 0.999684 -0.025129
vn 0.000008 0.029276 0.999571
vn 0.000013 0.029276 0.999571
vn 0.000000 0.029271 0.999571
vn -0.000002 0.029258 0.999572
vn -0.000007 0.029263 0.999572
vn 0.000000 0.029287 0.999571
vn 0.000005 0.029275 0.999571
vn 0.000012 0.029257 0.999572
vn -0.000005 0.029267 0.999572
vn -0.000012 0.029277 0.999571
vn -0.000000 0.029273 0.999571
vn 0.000012 0.029277 0.999571
vn 0.000005 0.029267 0.999572
vn -0.000012 0.029257 0.999572
vn -0.000005 0.029275 0.999571
vn 0.000000 0.029287 0.999571
vn 0.000007 0.029263 0.999572
vn 0.000002 0.029258 0.999572
vn -0.000012 0.029276 0.999571
vn -0.000008 0.029276 0.999571
vn 0.000000 0.029273 0.999571
vn -0.588394 0.808313 -0.020581
vn -0.309423 0.950616 -0.024209
vn -0.309415 0.950619 -0.024209
vn -0.588383 0.808320 -0.020582
vn -0.809629 0.586751 -0.014930
vn -0.809622 0.586761 -0.014931
vn -0.951462 0.307668 -0.007829
vn -0.951456 0.307687 -0.007829
vn -0.999999 -0.001317 0.000049
vn -0.999999 -0.001298 0.000048
vn -0.950658 -0.310139 0.007929
vn -0.950665 -0.310119 0.007928
vn -0.808323 -0.588548 0.015006
vn -0.808333 -0.588535 0.015006
vn -0.587127 -0.809232 0.020617
vn -0.587137 -0.809225 0.020617
vn -0.308621 -0.950877 0.024221
vn -0.308636 -0.950872 0.024221
vn -0.000001 -0.999676 0.025457
vn -0.000001 -0.999676 0.025457
vn 0.308618 -0.950878 0.024211
vn 0.308625 -0.950876 0.024211
vn 0.587201 -0.809179 0.020590
vn 0.587206 -0.809175 0.020590
vn 0.808395 -0.588450 0.014969
vn 0.808402 -0.588441 0.014969
vn 0.950622 -0.310251 0.007903
vn 0.950628 -0.310232 0.007903
vn 0.999999 -0.001415 0.000072
vn 0.999999 -0.001396 0.000072
vn 0.951424 0.307784 -0.007783
vn 0.951421 0.307796 -0.007783
vn 0.809666 0.586701 -0.014919
vn 0.809656 0.586715 -0.014919
vn 0.588474 0.808254 -0.020588
vn 0.588464 0.808261 -0.020588
vn 0.309409 0.950621 -0.024209
vn 0.309401 0.950624 -0.024209
vn 0.000004 0.999676 -0.025456
vn 0.000004 0.999676 -0.025456
vn -0.000000 -0.029273 -0.999571
vn -0.000000 -0.029273 -0.999571
vn -0.000000 -0.029273 -0.999571
vn -0.000000 -0.029273 -0.999571
vn -0.000000 -0.029273 -0.999571
vn -0.000000 -0.029273 -0.999571
vn -0.000000 -0.029273 -0.999571
vn -0.000000 -0.029273 -0.999571
vn -0.000000 -0.029273 -0.999571
vn -0.000000 -0.029273 -0.999571
vn -0.000000 -0.029273 -0.999571
vn -0.000000 -0.029273 -0.999571
vn -0.000000 -0.029273 -0.999571
vn -0.000000 -0.029273 -0.999571
vn -0.000000 -0.029273 -0.999571
vn -0.000000 -0.029273 -0.999571
vn -0.000000 -0.029273 -0.999571
vn -0.000000 -0.029273 -0.999571
vn -0.000000 -0.029273 -0.999571
vn -0.000000 -0.029273 -0.999571
vn 0.155586 -0.277703 0.947984
vn 0.155586 -0.277703 0.947984
vn 0.155586 -0.277703 0.947984
vn 0.155586 -0.277703 0.947984
vn -0.000001 -0.029271 -0.999572
vn -0.000001 -0.029271 -0.999572
vn -0.000001 -0.029271 -0.999571
vn -0.000001 -0.029271 -0.999572
vn 0.242231 -0.214680 0.946169
vn 0.242231 -0.214680 0.946169
vn 0.242231 -0.214680 0.946169
vn 0.242231 -0.214680 0.946169
vn -0.000002 -0.029272 -0.999572
vn -0.000002 -0.029272 -0.999572
vn -0.000002 -0.029272 -0.999572
vn -0.000002 -0.029272 -0.999572
vn 0.305167 -0.127897 0.943671
vn 0.305167 -0.127897 0.943671
vn 0.305167 -0.127897 0.943671
vn 0.305167 -0.127897 0.943671
vn -0.000002 -0.029272 -0.999571
vn -0.000002 -0.029272 -0.999572
vn -0.000002 -0.029272 -0.999571
vn -0.000002 -0.029272 -0.999571
vn 0.338136 -0.026047 0.940737
vn 0.338136 -0.026047 0.940737
vn 0.338136 -0.026047 0.940737
vn 0.338136 -0.026047 0.940737
vn -0.000002 -0.029273 -0.999571
vn -0.000002 -0.029273 -0.999571
vn -0.000002 -0.029273 -0.999571
vn -0.000002 -0.029273 -0.999571
vn 0.338000 0.081024 0.937652
vn 0.338000 0.081024 0.937652
vn 0.338000 0.081024 0.937652
vn 0.338000 0.081024 0.937652
vn -0.000002 -0.029273 -0.999571
vn -0.000002 -0.029273 -0.999571
vn -0.000002 -0.029273 -0.999571
vn -0.000002 -0.029273 -0.999571
vn 0.304802 0.182733 0.934721
vn 0.304802 0.182733 0.934721
vn 0.304802 0.182733 0.934721
vn 0.304802 0.182733 0.934721
vn -0.000002 -0.029274 -0.999571
vn -0.000002 -0.029274 -0.999571
vn -0.000002 -0.029274 -0.999571
vn -0.000002 -0.029274 -0.999571
vn 0.241791 0.269236 0.932228
vn 0.241791 0.269236 0.932228
vn 0.241791 0.269236 0.932228
vn 0.241791 0.269236 0.932228
vn -0.000002 -0.029274 -0.999571
vn -0.000002 -0.029274 -0.999571
vn -0.000002 -0.029274 -0.999571
vn -0.000002 -0.029274 -0.999571
vn 0.155218 0.332007 0.930418
vn 0.155218 0.332007 0.930418
vn 0.155218 0.332007 0.930418
vn 0.155218 0.332007 0.930418
vn 0.000000 -0.029275 -0.999571
vn 0.000000 -0.029275 -0.999571
vn 0.000000 -0.029275 -0.999571
vn 0.000000 -0.029275 -0.999571
vn 0.053499 0.365001 0.929469
vn 0.053499 0.365001 0.929469
vn 0.053499 0.365001 0.929469
vn 0.053499 0.365001 0.929469
vn 0.000000 -0.029276 -0.999571
vn 0.000000 -0.029276 -0.999571
vn 0.000000 -0.029276 -0.999571
vn 0.000000 -0.029276 -0.999571
vn -0.053493 0.365001 0.929469
vn -0.053493 0.365001 0.929469
vn -0.053493 0.365001 0.929469
vn -0.053493 0.365001 0.929469
vn 0.000000 -0.029276 -0.999571
vn 0.000000 -0.029276 -0.999571
vn 0.000000 -0.029276 -0.999571
vn 0.000000 -0.029276 -0.999571
vn -0.155216 0.332004 0.930420
vn -0.155216 0.332004 0.930420
vn -0.155216 0.332004 0.930420
vn -0.155216 0.332004 0.930420
vn 0.000001 -0.029275 -0.999571
vn 0.000001 -0.029275 -0.999571
vn 0.000001 -0.029275 -0.999571
vn 0.000001 -0.029275 -0.999571
vn -0.241843 0.269189 0.932228
vn -0.241843 0.269189 0.932228
vn -0.241843 0.269189 0.932228
vn -0.241843 0.269189 0.932228
vn 0.000002 -0.029274 -0.999571
vn 0.000002 -0.029274 -0.999571
vn 0.000002 -0.029274 -0.999571
vn 0.000002 -0.029274 -0.999571
vn -0.304817 0.182740 0.934715
vn -0.304817 0.182740 0.934715
vn -0.304817 0.182740 0.934715
vn -0.304817 0.182740 0.934715
vn 0.000001 -0.029274 -0.999571
vn 0.000001 -0.029274 -0.999571
vn 0.000001 -0.029274 -0.999571
vn 0.000001 -0.029274 -0.999571
vn -0.337999 0.081091 0.937646
vn -0.337999 0.081091 0.937646
vn -0.337999 0.081091 0.937647
vn -0.337999 0.081091 0.937647
vn 0.000002 -0.029273 -0.999571
vn 0.000002 -0.029273 -0.999571
vn 0.000002 -0.029273 -0.999571
vn 0.000002 -0.029273 -0.999571
vn -0.338135 -0.026114 0.940735
vn -0.338135 -0.026114 0.940735
vn -0.338135 -0.026114 0.940735
vn -0.338135 -0.026114 0.940735
vn 0.000002 -0.029273 -0.999571
vn 0.000002 -0.029273 -0.999571
vn 0.000002 -0.029273 -0.999572
vn 0.000002 -0.029273 -0.999572
vn -0.305183 -0.127905 0.943665
vn -0.305183 -0.127905 0.943665
vn -0.305183 -0.127905 0.943665
vn -0.305183 -0.127905 0.943665
vn 0.000002 -0.029272 -0.999571
vn 0.000002 -0.029272 -0.999571
vn 0.000002 -0.029272 -0.999571
vn 0.000002 -0.029272 -0.999571
vn -0.242283 -0.214632 0.946167
vn -0.242283 -0.214632 0.946167
vn -0.242283 -0.214632 0.946167
vn -0.242283 -0.214632 0.946167
vn 0.000002 -0.029272 -0.999572
vn 0.000002 -0.029272 -0.999572
vn 0.000002 -0.029272 -0.999571
vn 0.000002 -0.029272 -0.999572
vn -0.155583 -0.277700 0.947985
vn -0.155583 -0.277700 0.947985
vn -0.155583 -0.277700 0.947985
vn -0.155583 -0.277700 0.947985
vn 0.000001 -0.029271 -0.999572
vn 0.000001 -0.029271 -0.999572
vn 0.000001 -0.029271 -0.999571
vn 0.000001 -0.029271 -0.999572
vn -0.053610 -0.310868 0.948940
vn -0.053610 -0.310868 0.948940
vn -0.053610 -0.310868 0.948940
vn -0.053610 -0.310868 0.948940
vn 0.000001 -0.029271 -0.999572
vn 0.000001 -0.029271 -0.999572
vn 0.000001 -0.029271 -0.999572
vn 0.000001 -0.029271 -0.999572
vn 0.053613 -0.310867 0.948940
vn 0.053613 -0.310867 0.948940
vn 0.053613 -0.310867 0.948940
vn 0.053613 -0.310867 0.948940
vn 0.000000 -0.029271 -0.999572
vn 0.000000 -0.029271 -0.999572
vn 0.000000 -0.029271 -0.999571
vn 0.000000 -0.029271 -0.999572
s 1
g Draws9 pCylinder7
usemtl initialShadingGroup
f 67/85/159 68/86/160 88/107/161 87/106/162
f 68/86/160 69/87/163 89/108/164 88/107/161
f 69/87/163 70/88/165 90/109/166 89/108/164
f 70/88/165 71/89/167 91/110/168 90/109/166
f 71/89/167 72/90/169 92/111/170 91/110/168
f 72/90/169 73/91/171 93/112/172 92/111/170
f 73/91/171 74/92/173 94/113/174 93/112/172
f 74/92/173 75/93/175 95/114/176 94/113/174
f 75/93/175 76/94/177 96/115/178 95/114/176
f 76/94/177 77/95/179 97/116/180 96/115/178
f 77/95/179 78/96/181 98/117/182 97/116/180
f 78/96/181 79/97/183 99/118/184 98/117/182
f 79/97/183 80/98/185 100/119/186 99/118/184
f 80/98/185 81/99/187 101/120/188 100/119/186
f 81/99/187 82/100/189 102/121/190 101/120/188
f 82/100/189 83/101/191 103/122/192 102/121/190
f 83/101/191 84/102/193 104/123/194 103/122/192
f 84/102/193 85/103/195 105/124/196 104/123/194
f 85/103/195 86/104/197 106/125/198 105/124/196
f 86/104/197 67/105/159 87/126/162 106/125/198
s 2
f 87/145/199 88/144/200 107/147/201
f 88/144/200 89/143/202 107/147/201
f 89/143/202 90/142/203 107/147/201
f 90/142/203 91/141/204 107/147/201
f 91/141/204 92/140/205 107/147/201
f 92/140/205 93/139/206 107/147/201
f 93/139/206 94/138/207 107/147/201
f 94/138/207 95/137/208 107/147/201
f 95/137/208 96/136/209 107/147/201
f 96/136/209 97/135/210 107/147/201
f 97/135/210 98/134/211 107/147/201
f 98/134/211 99/133/212 107/147/201
f 99/133/212 100/132/213 107/147/201
f 100/132/213 101/131/214 107/147/201
f 101/131/214 102/130/215 107/147/201
f 102/130/215 103/129/216 107/147/201
f 103/129/216 104/128/217 107/147/201
f 104/128/217 105/127/218 107/147/201
f 105/127/218 106/146/219 107/147/201
f 106/146/219 87/145/199 107/147/201
s 3
f 129/188/220 128/189/221 130/190/222 131/191/223
f 132/192/224 129/193/220 131/194/223 133/249/225
f 134/195/226 132/196/224 133/197/225 135/250/227
f 136/198/228 134/199/226 135/200/227 137/251/229
f 138/201/230 136/202/228 137/203/229 139/252/231
f 140/204/232 138/205/230 139/206/231 141/253/233
f 142/207/234 140/208/232 141/209/233 143/254/235
f 144/210/236 142/211/234 143/212/235 145/255/237
f 146/213/238 144/214/236 145/215/237 147/256/239
f 148/216/240 146/217/238 147/218/239 149/257/241
f 150/219/242 148/220/240 149/221/241 151/258/243
f 152/222/244 150/223/242 151/224/243 153/259/245
f 154/225/246 152/226/244 153/227/245 155/260/247
f 156/228/248 154/229/246 155/230/247 157/261/249
f 158/231/250 156/232/248 157/233/249 159/262/251
f 160/234/252 158/235/250 159/236/251 161/263/253
f 162/237/254 160/238/252 161/239/253 163/264/255
f 164/240/256 162/241/254 163/242/255 165/265/257
f 166/243/258 164/244/256 165/245/257 167/266/259
f 128/246/221 166/247/258 167/248/259 130/267/222
s off
f 109/268/260 108/269/261 127/270/262 126/271/263 125/272/264 124/273/265 123/274/266 122/275/267 121/276/268 120/277/269 119/278/270 118/279/271 117/280/272 116/281/273 115/282/274 114/283/275 113/284/276 112/285/277 111/286/278 110/287/279
f 68/86/280 67/149/281 128/189/282 129/188/283
f 108/148/284 109/268/285 131/191/286 130/190/287
f 69/87/288 68/151/289 129/193/290 132/192/291
f 109/150/292 110/287/293 133/249/294 131/194/295
f 70/88/296 69/153/297 132/196/298 134/195/299
f 110/152/300 111/286/301 135/250/302 133/197/303
f 71/89/304 70/155/305 134/199/306 136/198/307
f 111/154/308 112/285/309 137/251/310 135/200/311
f 72/90/312 71/157/313 136/202/314 138/201/315
f 112/156/316 113/284/317 139/252/318 137/203/319
f 73/91/320 72/159/321 138/205/322 140/204/323
f 113/158/324 114/283/325 141/253/326 139/206/327
f 74/92/328 73/161/329 140/208/330 142/207/331
f 114/160/332 115/282/333 143/254/334 141/209/335
f 75/93/336 74/163/337 142/211/338 144/210/339
f 115/162/340 116/281/341 145/255/342 143/212/343
f 76/94/344 75/165/345 144/214/346 146/213/347
f 116/164/348 117/280/349 147/256/350 145/215/351
f 77/95/352 76/167/353 146/217/354 148/216/355
f 117/166/356 118/279/357 149/257/358 147/218/359
f 78/96/360 77/169/361 148/220/362 150/219/363
f 118/168/364 119/278/365 151/258/366 149/221/367
f 79/97/368 78/171/369 150/223/370 152/222/371
f 119/170/372 120/277/373 153/259/374 151/224/375
f 80/98/376 79/173/377 152/226/378 154/225/379
f 120/172/380 121/276/381 155/260/382 153/227/383
f 81/99/384 80/175/385 154/229/386 156/228/387
f 121/174/388 122/275/389 157/261/390 155/230/391
f 82/100/392 81/177/393 156/232/394 158/231/395
f 122/176/396 123/274/397 159/262/398 157/233/399
f 83/101/400 82/179/401 158/235/402 160/234/403
f 123/178/404 124/273/405 161/263/406 159/236/407
f 84/102/408 83/181/409 160/238/410 162/237/411
f 124/180/412 125/272/413 163/264/414 161/239/415
f 85/103/416 84/183/417 162/241/418 164/240/419
f 125/182/420 126/271/421 165/265/422 163/242/423
f 86/104/424 85/185/425 164/244/426 166/243/427
f 126/184/428 127/270/429 167/266/430 165/245/431
f 67/105/432 86/187/433 166/247/434 128/246/435
f 127/186/436 108/269/437 130/267/438 167/248/439
g default
v -2.391521 2.737303 17.707152
v -2.439953 2.712635 17.707875
v -2.478400 2.674213 17.709000
v -2.503077 2.625798 17.710418
v -2.511582 2.572131 17.711989
v -2.503077 2.518463 17.713561
v -2.478400 2.470049 17.714979
v -2.439953 2.431627 17.716103
v -2.391521 2.406958 17.716826
v -2.337830 2.398458 17.717074
v -2.284133 2.406958 17.716826
v -2.235701 2.431627 17.716103
v -2.197270 2.470049 17.714979
v -2.172593 2.518463 17.713561
v -2.164078 2.572131 17.711989
v -2.172593 2.625798 17.710418
v -2.197270 2.674213 17.709000
v -2.235701 2.712635 17.707875
v -2.284133 2.737303 17.707152
v -2.337830 2.745803 17.706903
v -2.391521 2.747475 18.111827
v -2.439953 2.722807 18.112550
v -2.478400 2.684385 18.113676
v -2.503077 2.635971 18.115092
v -2.511582 2.582303 18.116664
v -2.503077 2.528635 18.118237
v -2.478400 2.480221 18.119654
v -2.439953 2.441799 18.120778
v -2.391521 2.417131 18.121501
v -2.337830 2.408631 18.121750
v -2.284133 2.417131 18.121501
v -2.235701 2.441799 18.120778
v -2.197270 2.480221 18.119654
v -2.172593 2.528635 18.118237
v -2.164078 2.582303 18.116664
v -2.172593 2.635971 18.115092
v -2.197270 2.684385 18.113676
v -2.235701 2.722807 18.112550
v -2.284133 2.747475 18.111827
v -2.337830 2.755975 18.111578
v -2.337830 2.582303 18.116664
v -2.391664 2.734275 17.565315
v -2.440186 2.709483 17.566041
v -2.478638 2.670909 17.567171
v -2.503220 2.622372 17.568592
v -2.511582 2.568657 17.570165
v -2.502939 2.515037 17.571736
v -2.478166 2.466746 17.573150
v -2.439719 2.428476 17.574271
v -2.391383 2.403931 17.574989
v -2.337830 2.395477 17.575237
v -2.284276 2.403930 17.574989
v -2.235940 2.428476 17.574271
v -2.197509 2.466746 17.573150
v -2.172736 2.515037 17.571736
v -2.164078 2.568657 17.570165
v -2.172434 2.622372 17.568592
v -2.197037 2.670909 17.567171
v -2.235468 2.709483 17.566041
v -2.283990 2.734275 17.565315
v -2.337830 2.742822 17.565065
v -2.401700 2.768914 17.718083
v -2.459312 2.739570 17.718942
v -2.401870 2.764960 17.564417
v -2.459590 2.735468 17.565280
v -2.505048 2.693864 17.720281
v -2.505332 2.689581 17.566624
v -2.534403 2.636271 17.721968
v -2.534574 2.631843 17.568315
v -2.544521 2.572430 17.723837
v -2.544521 2.567945 17.570186
v -2.534403 2.508588 17.725707
v -2.534239 2.504160 17.572054
v -2.505048 2.450996 17.727393
v -2.504771 2.446714 17.573737
v -2.459312 2.405290 17.728731
v -2.459035 2.401189 17.575070
v -2.401700 2.375945 17.729591
v -2.401536 2.371991 17.575925
v -2.337830 2.365834 17.729886
v -2.337830 2.361935 17.576219
v -2.273954 2.375945 17.729591
v -2.274124 2.371991 17.575925
v -2.216341 2.405290 17.728731
v -2.216625 2.401190 17.575070
v -2.170624 2.450996 17.727393
v -2.170908 2.446715 17.573737
v -2.141269 2.508588 17.725707
v -2.141439 2.504160 17.572054
v -2.131139 2.572430 17.723837
v -2.131139 2.567945 17.570186
v -2.141269 2.636271 17.721968
v -2.141079 2.631843 17.568315
v -2.170624 2.693864 17.720281
v -2.170346 2.689581 17.566624
v -2.216341 2.739570 17.718942
v -2.216063 2.735468 17.565280
v -2.273954 2.768914 17.718083
v -2.273783 2.764959 17.564417
v -2.337830 2.779026 17.717787
v -2.337830 2.775127 17.564119
vt 0.375000 0.312500
vt 0.387500 0.312500
vt 0.400000 0.312500
vt 0.412500 0.312500
vt 0.425000 0.312500
vt 0.437500 0.312500
vt 0.450000 0.312500
vt 0.462500 0.312500
vt 0.475000 0.312500
vt 0.487500 0.312500
vt 0.500000 0.312500
vt 0.512500 0.312500
vt 0.525000 0.312500
vt 0.537500 0.312500
vt 0.550000 0.312500
vt 0.562500 0.312500
vt 0.575000 0.312500
vt 0.587500 0.312500
vt 0.600000 0.312500
vt 0.612500 0.312500
vt 0.625000 0.312500
vt 0.375000 0.687500
vt 0.387500 0.687500
vt 0.400000 0.687500
vt 0.412500 0.687500
vt 0.425000 0.687500
vt 0.437500 0.687500
vt 0.450000 0.687500
vt 0.462500 0.687500
vt 0.475000 0.687500
vt 0.487500 0.687500
vt 0.500000 0.687500
vt 0.512500 0.687500
vt 0.525000 0.687500
vt 0.537500 0.687500
vt 0.550000 0.687500
vt 0.562500 0.687500
vt 0.575000 0.687500
vt 0.587500 0.687500
vt 0.600000 0.687500
vt 0.612500 0.687500
vt 0.625000 0.687500
vt 0.648603 0.795466
vt 0.626409 0.751908
vt 0.591842 0.717341
vt 0.548284 0.695147
vt 0.500000 0.687500
vt 0.451716 0.695147
vt 0.408159 0.717341
vt 0.373591 0.751909
vt 0.351397 0.795466
vt 0.343750 0.843750
vt 0.351397 0.892034
vt 0.373591 0.935591
vt 0.408159 0.970159
vt 0.451716 0.992353
vt 0.500000 1.000000
vt 0.548284 0.992353
vt 0.591841 0.970159
vt 0.626409 0.935591
vt 0.648603 0.892034
vt 0.656250 0.843750
vt 0.500000 0.843750
vt 0.375000 0.298124
vt 0.387500 0.298124
vt 0.387500 0.283748
vt 0.400000 0.283748
vt 0.400000 0.283749
vt 0.412500 0.283749
vt 0.412500 0.283749
vt 0.425000 0.283749
vt 0.425000 0.283749
vt 0.437500 0.283749
vt 0.437500 0.283749
vt 0.450000 0.283749
vt 0.450000 0.283748
vt 0.462500 0.283748
vt 0.462500 0.283749
vt 0.475000 0.283749
vt 0.475000 0.283750
vt 0.487500 0.283750
vt 0.487500 0.283750
vt 0.500000 0.283750
vt 0.500000 0.283749
vt 0.512500 0.283749
vt 0.512500 0.283748
vt 0.525000 0.283748
vt 0.525000 0.283749
vt 0.537500 0.283749
vt 0.537500 0.283749
vt 0.550000 0.283749
vt 0.550000 0.283749
vt 0.562500 0.283749
vt 0.562500 0.283749
vt 0.575000 0.283749
vt 0.575000 0.283748
vt 0.587500 0.283748
vt 0.587500 0.283749
vt 0.600000 0.283749
vt 0.600000 0.283750
vt 0.612500 0.283750
vt 0.612500 0.283750
vt 0.625000 0.283750
vt 0.387500 0.312500
vt 0.387500 0.298124
vt 0.375000 0.298124
vt 0.375000 0.312500
vt 0.400000 0.312500
vt 0.400000 0.283748
vt 0.387500 0.283748
vt 0.412500 0.312500
vt 0.412500 0.283749
vt 0.400000 0.283749
vt 0.425000 0.312500
vt 0.425000 0.283749
vt 0.412500 0.283749
vt 0.437500 0.312500
vt 0.437500 0.283749
vt 0.425000 0.283749
vt 0.450000 0.312500
vt 0.450000 0.283749
vt 0.437500 0.283749
vt 0.462500 0.312500
vt 0.462500 0.283748
vt 0.450000 0.283748
vt 0.475000 0.312500
vt 0.475000 0.283749
vt 0.462500 0.283749
vt 0.487500 0.312500
vt 0.487500 0.283750
vt 0.475000 0.283750
vt 0.500000 0.312500
vt 0.500000 0.283750
vt 0.487500 0.283750
vt 0.512500 0.312500
vt 0.512500 0.283749
vt 0.500000 0.283749
vt 0.525000 0.312500
vt 0.525000 0.283748
vt 0.512500 0.283748
vt 0.537500 0.312500
vt 0.537500 0.283749
vt 0.525000 0.283749
vt 0.550000 0.312500
vt 0.550000 0.283749
vt 0.537500 0.283749
vt 0.562500 0.312500
vt 0.562500 0.283749
vt 0.550000 0.283749
vt 0.575000 0.312500
vt 0.575000 0.283749
vt 0.562500 0.283749
vt 0.587500 0.312500
vt 0.587500 0.283748
vt 0.575000 0.283748
vt 0.600000 0.312500
vt 0.600000 0.283749
vt 0.587500 0.283749
vt 0.612500 0.312500
vt 0.612500 0.283750
vt 0.600000 0.283750
vt 0.625000 0.312500
vt 0.625000 0.283750
vt 0.612500 0.283750
vt 0.387500 0.312500
vt 0.400000 0.312500
vt 0.412500 0.312500
vt 0.425000 0.312500
vt 0.437500 0.312500
vt 0.450000 0.312500
vt 0.462500 0.312500
vt 0.475000 0.312500
vt 0.487500 0.312500
vt 0.500000 0.312500
vt 0.512500 0.312500
vt 0.525000 0.312500
vt 0.537500 0.312500
vt 0.550000 0.312500
vt 0.562500 0.312500
vt 0.575000 0.312500
vt 0.587500 0.312500
vt 0.600000 0.312500
vt 0.612500 0.312500
vt 0.375000 0.312500
vt 0.612500 0.312500
vt 0.600000 0.312500
vt 0.587500 0.312500
vt 0.575000 0.312500
vt 0.562500 0.312500
vt 0.550000 0.312500
vt 0.537500 0.312500
vt 0.525000 0.312500
vt 0.512500 0.312500
vt 0.500000 0.312500
vt 0.487500 0.312500
vt 0.475000 0.312500
vt 0.462500 0.312500
vt 0.450000 0.312500
vt 0.437500 0.312500
vt 0.425000 0.312500
vt 0.412500 0.312500
vt 0.400000 0.312500
vt 0.387500 0.312500
vn -0.308899 0.950795 -0.023899
vn -0.587563 0.808923 -0.020333
vn -0.587956 0.808637 -0.020326
vn -0.309142 0.950716 -0.023897
vn -0.808787 0.587916 -0.014778
vn -0.809180 0.587376 -0.014764
vn -0.950936 0.309290 -0.007774
vn -0.951178 0.308544 -0.007756
vn -1.000000 0.000412 -0.000010
vn -1.000000 -0.000414 0.000010
vn -0.951179 -0.308543 0.007756
vn -0.950936 -0.309289 0.007775
vn -0.809179 -0.587376 0.014765
vn -0.808788 -0.587914 0.014778
vn -0.587956 -0.808638 0.020326
vn -0.587563 -0.808923 0.020334
vn -0.309144 -0.950715 0.023898
vn -0.308901 -0.950794 0.023900
vn 0.000000 -0.999684 0.025129
vn 0.000000 -0.999684 0.025129
vn 0.309130 -0.950719 0.023898
vn 0.308887 -0.950799 0.023900
vn 0.588026 -0.808586 0.020325
vn 0.587633 -0.808872 0.020332
vn 0.809250 -0.587279 0.014762
vn 0.808859 -0.587818 0.014776
vn 0.951150 -0.308632 0.007758
vn 0.950907 -0.309378 0.007777
vn 1.000000 0.000413 -0.000010
vn 1.000000 -0.000415 0.000010
vn 0.950907 0.309379 -0.007777
vn 0.951149 0.308634 -0.007758
vn 0.808858 0.587819 -0.014776
vn 0.809250 0.587279 -0.014762
vn 0.587632 0.808873 -0.020332
vn 0.588026 0.808587 -0.020325
vn 0.308884 0.950799 -0.023900
vn 0.309128 0.950720 -0.023898
vn 0.000001 0.999684 -0.025129
vn 0.000001 0.999684 -0.025129
vn 0.000008 0.029276 0.999571
vn 0.000013 0.029276 0.999571
vn 0.000000 0.029271 0.999571
vn -0.000002 0.029258 0.999572
vn -0.000007 0.029263 0.999572
vn 0.000000 0.029287 0.999571
vn 0.000005 0.029275 0.999571
vn 0.000012 0.029257 0.999572
vn -0.000005 0.029267 0.999572
vn -0.000012 0.029277 0.999571
vn -0.000000 0.029273 0.999571
vn 0.000012 0.029277 0.999571
vn 0.000005 0.029267 0.999572
vn -0.000012 0.029257 0.999572
vn -0.000005 0.029275 0.999571
vn 0.000000 0.029287 0.999571
vn 0.000007 0.029263 0.999572
vn 0.000002 0.029258 0.999572
vn -0.000012 0.029276 0.999571
vn -0.000008 0.029276 0.999571
vn 0.000000 0.029273 0.999571
vn -0.588394 0.808313 -0.020581
vn -0.309423 0.950616 -0.024209
vn -0.309415 0.950619 -0.024209
vn -0.588383 0.808320 -0.020582
vn -0.809629 0.586751 -0.014930
vn -0.809622 0.586761 -0.014931
vn -0.951462 0.307668 -0.007829
vn -0.951456 0.307687 -0.007829
vn -0.999999 -0.001317 0.000049
vn -0.999999 -0.001298 0.000048
vn -0.950658 -0.310139 0.007929
vn -0.950665 -0.310119 0.007928
vn -0.808323 -0.588548 0.015006
vn -0.808333 -0.588535 0.015006
vn -0.587127 -0.809232 0.020617
vn -0.587137 -0.809225 0.020617
vn -0.308621 -0.950877 0.024221
vn -0.308636 -0.950872 0.024221
vn -0.000001 -0.999676 0.025457
vn -0.000001 -0.999676 0.025457
vn 0.308618 -0.950878 0.024211
vn 0.308625 -0.950876 0.024211
vn 0.587201 -0.809179 0.020590
vn 0.587206 -0.809175 0.020590
vn 0.808395 -0.588450 0.014969
vn 0.808402 -0.588441 0.014969
vn 0.950622 -0.310251 0.007903
vn 0.950628 -0.310232 0.007903
vn 0.999999 -0.001415 0.000072
vn 0.999999 -0.001396 0.000072
vn 0.951424 0.307784 -0.007783
vn 0.951421 0.307796 -0.007783
vn 0.809666 0.586701 -0.014919
vn 0.809656 0.586715 -0.014919
vn 0.588474 0.808254 -0.020588
vn 0.588464 0.808261 -0.020588
vn 0.309409 0.950621 -0.024209
vn 0.309401 0.950624 -0.024209
vn 0.000004 0.999676 -0.025456
vn 0.000004 0.999676 -0.025456
vn -0.000000 -0.029273 -0.999571
vn -0.000000 -0.029273 -0.999571
vn -0.000000 -0.029273 -0.999571
vn -0.000000 -0.029273 -0.999571
vn -0.000000 -0.029273 -0.999571
vn -0.000000 -0.029273 -0.999571
vn -0.000000 -0.029273 -0.999571
vn -0.000000 -0.029273 -0.999571
vn -0.000000 -0.029273 -0.999571
vn -0.000000 -0.029273 -0.999571
vn -0.000000 -0.029273 -0.999571
vn -0.000000 -0.029273 -0.999571
vn -0.000000 -0.029273 -0.999571
vn -0.000000 -0.029273 -0.999571
vn -0.000000 -0.029273 -0.999571
vn -0.000000 -0.029273 -0.999571
vn -0.000000 -0.029273 -0.999571
vn -0.000000 -0.029273 -0.999571
vn -0.000000 -0.029273 -0.999571
vn -0.000000 -0.029273 -0.999571
vn 0.155586 -0.277703 0.947984
vn 0.155586 -0.277703 0.947984
vn 0.155586 -0.277703 0.947984
vn 0.155586 -0.277703 0.947984
vn -0.000001 -0.029271 -0.999572
vn -0.000001 -0.029271 -0.999572
vn -0.000001 -0.029271 -0.999571
vn -0.000001 -0.029271 -0.999572
vn 0.242231 -0.214680 0.946169
vn 0.242231 -0.214680 0.946169
vn 0.242231 -0.214680 0.946169
vn 0.242231 -0.214680 0.946169
vn -0.000002 -0.029272 -0.999572
vn -0.000002 -0.029272 -0.999572
vn -0.000002 -0.029272 -0.999572
vn -0.000002 -0.029272 -0.999572
vn 0.305167 -0.127897 0.943671
vn 0.305167 -0.127897 0.943671
vn 0.305167 -0.127897 0.943671
vn 0.305167 -0.127897 0.943671
vn -0.000002 -0.029272 -0.999571
vn -0.000002 -0.029272 -0.999572
vn -0.000002 -0.029272 -0.999571
vn -0.000002 -0.029272 -0.999571
vn 0.338136 -0.026047 0.940737
vn 0.338136 -0.026047 0.940737
vn 0.338136 -0.026047 0.940737
vn 0.338136 -0.026047 0.940737
vn -0.000002 -0.029273 -0.999571
vn -0.000002 -0.029273 -0.999571
vn -0.000002 -0.029273 -0.999571
vn -0.000002 -0.029273 -0.999571
vn 0.338000 0.081024 0.937652
vn 0.338000 0.081024 0.937652
vn 0.338000 0.081024 0.937652
vn 0.338000 0.081024 0.937652
vn -0.000002 -0.029273 -0.999571
vn -0.000002 -0.029273 -0.999571
vn -0.000002 -0.029273 -0.999571
vn -0.000002 -0.029273 -0.999571
vn 0.304802 0.182733 0.934721
vn 0.304802 0.182733 0.934721
vn 0.304802 0.182733 0.934721
vn 0.304802 0.182733 0.934721
vn -0.000002 -0.029274 -0.999571
vn -0.000002 -0.029274 -0.999571
vn -0.000002 -0.029274 -0.999571
vn -0.000002 -0.029274 -0.999571
vn 0.241791 0.269236 0.932228
vn 0.241791 0.269236 0.932228
vn 0.241791 0.269236 0.932228
vn 0.241791 0.269236 0.932228
vn -0.000002 -0.029274 -0.999571
vn -0.000002 -0.029274 -0.999571
vn -0.000002 -0.029274 -0.999571
vn -0.000002 -0.029274 -0.999571
vn 0.155218 0.332007 0.930418
vn 0.155218 0.332007 0.930418
vn 0.155218 0.332007 0.930418
vn 0.155218 0.332007 0.930418
vn 0.000000 -0.029275 -0.999571
vn 0.000000 -0.029275 -0.999571
vn 0.000000 -0.029275 -0.999571
vn 0.000000 -0.029275 -0.999571
vn 0.053499 0.365001 0.929469
vn 0.053499 0.365001 0.929469
vn 0.053499 0.365001 0.929469
vn 0.053499 0.365001 0.929469
vn 0.000000 -0.029276 -0.999571
vn 0.000000 -0.029276 -0.999571
vn 0.000000 -0.029276 -0.999571
vn 0.000000 -0.029276 -0.999571
vn -0.053493 0.365001 0.929469
vn -0.053493 0.365001 0.929469
vn -0.053493 0.365001 0.929469
vn -0.053493 0.365001 0.929469
vn 0.000000 -0.029276 -0.999571
vn 0.000000 -0.029276 -0.999571
vn 0.000000 -0.029276 -0.999571
vn 0.000000 -0.029276 -0.999571
vn -0.155216 0.332004 0.930420
vn -0.155216 0.332004 0.930420
vn -0.155216 0.332004 0.930420
vn -0.155216 0.332004 0.930420
vn 0.000001 -0.029275 -0.999571
vn 0.000001 -0.029275 -0.999571
vn 0.000001 -0.029275 -0.999571
vn 0.000001 -0.029275 -0.999571
vn -0.241843 0.269189 0.932228
vn -0.241843 0.269189 0.932228
vn -0.241843 0.269189 0.932228
vn -0.241843 0.269189 0.932228
vn 0.000002 -0.029274 -0.999571
vn 0.000002 -0.029274 -0.999571
vn 0.000002 -0.029274 -0.999571
vn 0.000002 -0.029274 -0.999571
vn -0.304817 0.182740 0.934715
vn -0.304817 0.182740 0.934715
vn -0.304817 0.182740 0.934715
vn -0.304817 0.182740 0.934715
vn 0.000001 -0.029274 -0.999571
vn 0.000001 -0.029274 -0.999571
vn 0.000001 -0.029274 -0.999571
vn 0.000001 -0.029274 -0.999571
vn -0.337999 0.081091 0.937646
vn -0.337999 0.081091 0.937646
vn -0.337999 0.081091 0.937647
vn -0.337999 0.081091 0.937647
vn 0.000002 -0.029273 -0.999571
vn 0.000002 -0.029273 -0.999571
vn 0.000002 -0.029273 -0.999571
vn 0.000002 -0.029273 -0.999571
vn -0.338135 -0.026114 0.940735
vn -0.338135 -0.026114 0.940735
vn -0.338135 -0.026114 0.940735
vn -0.338135 -0.026114 0.940735
vn 0.000002 -0.029273 -0.999571
vn 0.000002 -0.029273 -0.999571
vn 0.000002 -0.029273 -0.999572
vn 0.000002 -0.029273 -0.999572
vn -0.305183 -0.127905 0.943665
vn -0.305183 -0.127905 0.943665
vn -0.305183 -0.127905 0.943665
vn -0.305183 -0.127905 0.943665
vn 0.000002 -0.029272 -0.999571
vn 0.000002 -0.029272 -0.999571
vn 0.000002 -0.029272 -0.999571
vn 0.000002 -0.029272 -0.999571
vn -0.242283 -0.214632 0.946167
vn -0.242283 -0.214632 0.946167
vn -0.242283 -0.214632 0.946167
vn -0.242283 -0.214632 0.946167
vn 0.000002 -0.029272 -0.999572
vn 0.000002 -0.029272 -0.999572
vn 0.000002 -0.029272 -0.999571
vn 0.000002 -0.029272 -0.999572
vn -0.155583 -0.277700 0.947985
vn -0.155583 -0.277700 0.947985
vn -0.155583 -0.277700 0.947985
vn -0.155583 -0.277700 0.947985
vn 0.000001 -0.029271 -0.999572
vn 0.000001 -0.029271 -0.999572
vn 0.000001 -0.029271 -0.999571
vn 0.000001 -0.029271 -0.999572
vn -0.053610 -0.310868 0.948940
vn -0.053610 -0.310868 0.948940
vn -0.053610 -0.310868 0.948940
vn -0.053610 -0.310868 0.948940
vn 0.000001 -0.029271 -0.999572
vn 0.000001 -0.029271 -0.999572
vn 0.000001 -0.029271 -0.999572
vn 0.000001 -0.029271 -0.999572
vn 0.053613 -0.310867 0.948940
vn 0.053613 -0.310867 0.948940
vn 0.053613 -0.310867 0.948940
vn 0.053613 -0.310867 0.948940
vn 0.000000 -0.029271 -0.999572
vn 0.000000 -0.029271 -0.999572
vn 0.000000 -0.029271 -0.999571
vn 0.000000 -0.029271 -0.999572
s 1
g Draws9 pCylinder8
usemtl initialShadingGroup
f 168/288/440 169/289/441 189/310/442 188/309/443
f 169/289/441 170/290/444 190/311/445 189/310/442
f 170/290/444 171/291/446 191/312/447 190/311/445
f 171/291/446 172/292/448 192/313/449 191/312/447
f 172/292/448 173/293/450 193/314/451 192/313/449
f 173/293/450 174/294/452 194/315/453 193/314/451
f 174/294/452 175/295/454 195/316/455 194/315/453
f 175/295/454 176/296/456 196/317/457 195/316/455
f 176/296/456 177/297/458 197/318/459 196/317/457
f 177/297/458 178/298/460 198/319/461 197/318/459
f 178/298/460 179/299/462 199/320/463 198/319/461
f 179/299/462 180/300/464 200/321/465 199/320/463
f 180/300/464 181/301/466 201/322/467 200/321/465
f 181/301/466 182/302/468 202/323/469 201/322/467
f 182/302/468 183/303/470 203/324/471 202/323/469
f 183/303/470 184/304/472 204/325/473 203/324/471
f 184/304/472 185/305/474 205/326/475 204/325/473
f 185/305/474 186/306/476 206/327/477 205/326/475
f 186/306/476 187/307/478 207/328/479 206/327/477
f 187/307/478 168/308/440 188/329/443 207/328/479
s 2
f 188/348/480 189/347/481 208/350/482
f 189/347/481 190/346/483 208/350/482
f 190/346/483 191/345/484 208/350/482
f 191/345/484 192/344/485 208/350/482
f 192/344/485 193/343/486 208/350/482
f 193/343/486 194/342/487 208/350/482
f 194/342/487 195/341/488 208/350/482
f 195/341/488 196/340/489 208/350/482
f 196/340/489 197/339/490 208/350/482
f 197/339/490 198/338/491 208/350/482
f 198/338/491 199/337/492 208/350/482
f 199/337/492 200/336/493 208/350/482
f 200/336/493 201/335/494 208/350/482
f 201/335/494 202/334/495 208/350/482
f 202/334/495 203/333/496 208/350/482
f 203/333/496 204/332/497 208/350/482
f 204/332/497 205/331/498 208/350/482
f 205/331/498 206/330/499 208/350/482
f 206/330/499 207/349/500 208/350/482
f 207/349/500 188/348/480 208/350/482
s 3
f 230/391/501 229/392/502 231/393/503 232/394/504
f 233/395/505 230/396/501 232/397/504 234/452/506
f 235/398/507 233/399/505 234/400/506 236/453/508
f 237/401/509 235/402/507 236/403/508 238/454/510
f 239/404/511 237/405/509 238/406/510 240/455/512
f 241/407/513 239/408/511 240/409/512 242/456/514
f 243/410/515 241/411/513 242/412/514 244/457/516
f 245/413/517 243/414/515 244/415/516 246/458/518
f 247/416/519 245/417/517 246/418/518 248/459/520
f 249/419/521 247/420/519 248/421/520 250/460/522
f 251/422/523 249/423/521 250/424/522 252/461/524
f 253/425/525 251/426/523 252/427/524 254/462/526
f 255/428/527 253/429/525 254/430/526 256/463/528
f 257/431/529 255/432/527 256/433/528 258/464/530
f 259/434/531 257/435/529 258/436/530 260/465/532
f 261/437/533 259/438/531 260/439/532 262/466/534
f 263/440/535 261/441/533 262/442/534 264/467/536
f 265/443/537 263/444/535 264/445/536 266/468/538
f 267/446/539 265/447/537 266/448/538 268/469/540
f 229/449/502 267/450/539 268/451/540 231/470/503
s off
f 210/471/541 209/472/542 228/473/543 227/474/544 226/475/545 225/476/546 224/477/547 223/478/548 222/479/549 221/480/550 220/481/551 219/482/552 218/483/553 217/484/554 216/485/555 215/486/556 214/487/557 213/488/558 212/489/559 211/490/560
f 169/289/561 168/352/562 229/392/563 230/391/564
f 209/351/565 210/471/566 232/394/567 231/393/568
f 170/290/569 169/354/570 230/396/571 233/395/572
f 210/353/573 211/490/574 234/452/575 232/397/576
f 171/291/577 170/356/578 233/399/579 235/398/580
f 211/355/581 212/489/582 236/453/583 234/400/584
f 172/292/585 171/358/586 235/402/587 237/401/588
f 212/357/589 213/488/590 238/454/591 236/403/592
f 173/293/593 172/360/594 237/405/595 239/404/596
f 213/359/597 214/487/598 240/455/599 238/406/600
f 174/294/601 173/362/602 239/408/603 241/407/604
f 214/361/605 215/486/606 242/456/607 240/409/608
f 175/295/609 174/364/610 241/411/611 243/410/612
f 215/363/613 216/485/614 244/457/615 242/412/616
f 176/296/617 175/366/618 243/414/619 245/413/620
f 216/365/621 217/484/622 246/458/623 244/415/624
f 177/297/625 176/368/626 245/417/627 247/416/628
f 217/367/629 218/483/630 248/459/631 246/418/632
f 178/298/633 177/370/634 247/420/635 249/419/636
f 218/369/637 219/482/638 250/460/639 248/421/640
f 179/299/641 178/372/642 249/423/643 251/422/644
f 219/371/645 220/481/646 252/461/647 250/424/648
f 180/300/649 179/374/650 251/426/651 253/425/652
f 220/373/653 221/480/654 254/462/655 252/427/656
f 181/301/657 180/376/658 253/429/659 255/428/660
f 221/375/661 222/479/662 256/463/663 254/430/664
f 182/302/665 181/378/666 255/432/667 257/431/668
f 222/377/669 223/478/670 258/464/671 256/433/672
f 183/303/673 182/380/674 257/435/675 259/434/676
f 223/379/677 224/477/678 260/465/679 258/436/680
f 184/304/681 183/382/682 259/438/683 261/437/684
f 224/381/685 225/476/686 262/466/687 260/439/688
f 185/305/689 184/384/690 261/441/691 263/440/692
f 225/383/693 226/475/694 264/467/695 262/442/696
f 186/306/697 185/386/698 263/444/699 265/443/700
f 226/385/701 227/474/702 266/468/703 264/445/704
f 187/307/705 186/388/706 265/447/707 267/446/708
f 227/387/709 228/473/710 268/469/711 266/448/712
f 168/308/713 187/390/714 267/450/715 229/449/716
f 228/389/717 209/472/718 231/470/719 268/451/720
g default
v -0.280918 3.464518 17.707152
v -0.329349 3.439850 17.707875
v -0.367796 3.401427 17.709000
v -0.392473 3.353013 17.710418
v -0.400978 3.299345 17.711989
v -0.392473 3.245678 17.713561
v -0.367796 3.197263 17.714979
v -0.329349 3.158842 17.716103
v -0.280918 3.134173 17.716826
v -0.227226 3.125673 17.717074
v -0.173530 3.134173 17.716826
v -0.125098 3.158842 17.716103
v -0.086667 3.197263 17.714979
v -0.061990 3.245678 17.713561
v -0.053474 3.299345 17.711989
v -0.061990 3.353013 17.710418
v -0.086667 3.401427 17.709000
v -0.125098 3.439850 17.707875
v -0.173530 3.464517 17.707152
v -0.227226 3.473018 17.706903
v -0.280918 3.474690 18.111827
v -0.329349 3.450021 18.112550
v -0.367796 3.411600 18.113676
v -0.392473 3.363185 18.115092
v -0.400978 3.309518 18.116664
v -0.392473 3.255850 18.118237
v -0.367796 3.207436 18.119654
v -0.329349 3.169014 18.120778
v -0.280918 3.144345 18.121501
v -0.227226 3.135845 18.121750
v -0.173530 3.144345 18.121501
v -0.125098 3.169014 18.120778
v -0.086667 3.207436 18.119654
v -0.061990 3.255850 18.118237
v -0.053474 3.309518 18.116664
v -0.061990 3.363185 18.115092
v -0.086667 3.411600 18.113676
v -0.125098 3.450021 18.112550
v -0.173530 3.474690 18.111827
v -0.227226 3.483190 18.111578
v -0.227226 3.309518 18.116664
v -0.281060 3.461490 17.565315
v -0.329582 3.436698 17.566041
v -0.368034 3.398123 17.567171
v -0.392616 3.349587 17.568592
v -0.400978 3.295872 17.570165
v -0.392335 3.242251 17.571736
v -0.367563 3.193961 17.573150
v -0.329115 3.155691 17.574271
v -0.280780 3.131145 17.574989
v -0.227226 3.122692 17.575237
v -0.173673 3.131145 17.574989
v -0.125336 3.155691 17.574271
v -0.086905 3.193961 17.573150
v -0.062133 3.242251 17.571736
v -0.053474 3.295872 17.570165
v -0.061831 3.349587 17.568592
v -0.086433 3.398123 17.567171
v -0.124865 3.436698 17.566041
v -0.173386 3.461489 17.565315
v -0.227226 3.470037 17.565065
v -0.291096 3.496129 17.718083
v -0.348709 3.466784 17.718942
v -0.291266 3.492174 17.564417
v -0.348986 3.462683 17.565280
v -0.394444 3.421079 17.720281
v -0.394728 3.416796 17.566624
v -0.423800 3.363486 17.721968
v -0.423970 3.359057 17.568315
v -0.433917 3.299644 17.723837
v -0.433917 3.295160 17.570186
v -0.423800 3.235803 17.725707
v -0.423636 3.231374 17.572054
v -0.394444 3.178210 17.727393
v -0.394167 3.173929 17.573737
v -0.348709 3.132505 17.728731
v -0.348431 3.128404 17.575070
v -0.291096 3.103160 17.729591
v -0.290932 3.099206 17.575925
v -0.227226 3.093048 17.729886
v -0.227226 3.089150 17.576219
v -0.163350 3.103160 17.729591
v -0.163520 3.099205 17.575925
v -0.105737 3.132505 17.728731
v -0.106021 3.128404 17.575070
v -0.060021 3.178210 17.727393
v -0.060305 3.173929 17.573737
v -0.030665 3.235803 17.725707
v -0.030835 3.231374 17.572054
v -0.020535 3.299644 17.723837
v -0.020535 3.295160 17.570186
v -0.030665 3.363486 17.721968
v -0.030476 3.359057 17.568315
v -0.060021 3.421079 17.720281
v -0.059743 3.416795 17.566624
v -0.105737 3.466784 17.718942
v -0.105460 3.462683 17.565280
v -0.163350 3.496129 17.718083
v -0.163180 3.492174 17.564417
v -0.227226 3.506240 17.717787
v -0.227226 3.502342 17.564119
vt 0.375000 0.312500
vt 0.387500 0.312500
vt 0.400000 0.312500
vt 0.412500 0.312500
vt 0.425000 0.312500
vt 0.437500 0.312500
vt 0.450000 0.312500
vt 0.462500 0.312500
vt 0.475000 0.312500
vt 0.487500 0.312500
vt 0.500000 0.312500
vt 0.512500 0.312500
vt 0.525000 0.312500
vt 0.537500 0.312500
vt 0.550000 0.312500
vt 0.562500 0.312500
vt 0.575000 0.312500
vt 0.587500 0.312500
vt 0.600000 0.312500
vt 0.612500 0.312500
vt 0.625000 0.312500
vt 0.375000 0.687500
vt 0.387500 0.687500
vt 0.400000 0.687500
vt 0.412500 0.687500
vt 0.425000 0.687500
vt 0.437500 0.687500
vt 0.450000 0.687500
vt 0.462500 0.687500
vt 0.475000 0.687500
vt 0.487500 0.687500
vt 0.500000 0.687500
vt 0.512500 0.687500
vt 0.525000 0.687500
vt 0.537500 0.687500
vt 0.550000 0.687500
vt 0.562500 0.687500
vt 0.575000 0.687500
vt 0.587500 0.687500
vt 0.600000 0.687500
vt 0.612500 0.687500
vt 0.625000 0.687500
vt 0.648603 0.795466
vt 0.626409 0.751908
vt 0.591842 0.717341
vt 0.548284 0.695147
vt 0.500000 0.687500
vt 0.451716 0.695147
vt 0.408159 0.717341
vt 0.373591 0.751909
vt 0.351397 0.795466
vt 0.343750 0.843750
vt 0.351397 0.892034
vt 0.373591 0.935591
vt 0.408159 0.970159
vt 0.451716 0.992353
vt 0.500000 1.000000
vt 0.548284 0.992353
vt 0.591841 0.970159
vt 0.626409 0.935591
vt 0.648603 0.892034
vt 0.656250 0.843750
vt 0.500000 0.843750
vt 0.375000 0.298124
vt 0.387500 0.298124
vt 0.387500 0.283748
vt 0.400000 0.283748
vt 0.400000 0.283749
vt 0.412500 0.283749
vt 0.412500 0.283749
vt 0.425000 0.283749
vt 0.425000 0.283749
vt 0.437500 0.283749
vt 0.437500 0.283749
vt 0.450000 0.283749
vt 0.450000 0.283748
vt 0.462500 0.283748
vt 0.462500 0.283749
vt 0.475000 0.283749
vt 0.475000 0.283750
vt 0.487500 0.283750
vt 0.487500 0.283750
vt 0.500000 0.283750
vt 0.500000 0.283749
vt 0.512500 0.283749
vt 0.512500 0.283748
vt 0.525000 0.283748
vt 0.525000 0.283749
vt 0.537500 0.283749
vt 0.537500 0.283749
vt 0.550000 0.283749
vt 0.550000 0.283749
vt 0.562500 0.283749
vt 0.562500 0.283749
vt 0.575000 0.283749
vt 0.575000 0.283748
vt 0.587500 0.283748
vt 0.587500 0.283749
vt 0.600000 0.283749
vt 0.600000 0.283750
vt 0.612500 0.283750
vt 0.612500 0.283750
vt 0.625000 0.283750
vt 0.387500 0.312500
vt 0.387500 0.298124
vt 0.375000 0.298124
vt 0.375000 0.312500
vt 0.400000 0.312500
vt 0.400000 0.283748
vt 0.387500 0.283748
vt 0.412500 0.312500
vt 0.412500 0.283749
vt 0.400000 0.283749
vt 0.425000 0.312500
vt 0.425000 0.283749
vt 0.412500 0.283749
vt 0.437500 0.312500
vt 0.437500 0.283749
vt 0.425000 0.283749
vt 0.450000 0.312500
vt 0.450000 0.283749
vt 0.437500 0.283749
vt 0.462500 0.312500
vt 0.462500 0.283748
vt 0.450000 0.283748
vt 0.475000 0.312500
vt 0.475000 0.283749
vt 0.462500 0.283749
vt 0.487500 0.312500
vt 0.487500 0.283750
vt 0.475000 0.283750
vt 0.500000 0.312500
vt 0.500000 0.283750
vt 0.487500 0.283750
vt 0.512500 0.312500
vt 0.512500 0.283749
vt 0.500000 0.283749
vt 0.525000 0.312500
vt 0.525000 0.283748
vt 0.512500 0.283748
vt 0.537500 0.312500
vt 0.537500 0.283749
vt 0.525000 0.283749
vt 0.550000 0.312500
vt 0.550000 0.283749
vt 0.537500 0.283749
vt 0.562500 0.312500
vt 0.562500 0.283749
vt 0.550000 0.283749
vt 0.575000 0.312500
vt 0.575000 0.283749
vt 0.562500 0.283749
vt 0.587500 0.312500
vt 0.587500 0.283748
vt 0.575000 0.283748
vt 0.600000 0.312500
vt 0.600000 0.283749
vt 0.587500 0.283749
vt 0.612500 0.312500
vt 0.612500 0.283750
vt 0.600000 0.283750
vt 0.625000 0.312500
vt 0.625000 0.283750
vt 0.612500 0.283750
vt 0.387500 0.312500
vt 0.400000 0.312500
vt 0.412500 0.312500
vt 0.425000 0.312500
vt 0.437500 0.312500
vt 0.450000 0.312500
vt 0.462500 0.312500
vt 0.475000 0.312500
vt 0.487500 0.312500
vt 0.500000 0.312500
vt 0.512500 0.312500
vt 0.525000 0.312500
vt 0.537500 0.312500
vt 0.550000 0.312500
vt 0.562500 0.312500
vt 0.575000 0.312500
vt 0.587500 0.312500
vt 0.600000 0.312500
vt 0.612500 0.312500
vt 0.375000 0.312500
vt 0.612500 0.312500
vt 0.600000 0.312500
vt 0.587500 0.312500
vt 0.575000 0.312500
vt 0.562500 0.312500
vt 0.550000 0.312500
vt 0.537500 0.312500
vt 0.525000 0.312500
vt 0.512500 0.312500
vt 0.500000 0.312500
vt 0.487500 0.312500
vt 0.475000 0.312500
vt 0.462500 0.312500
vt 0.450000 0.312500
vt 0.437500 0.312500
vt 0.425000 0.312500
vt 0.412500 0.312500
vt 0.400000 0.312500
vt 0.387500 0.312500
vn -0.308899 0.950794 -0.023899
vn -0.587566 0.808921 -0.020333
vn -0.587959 0.808635 -0.020326
vn -0.309143 0.950715 -0.023897
vn -0.808789 0.587913 -0.014778
vn -0.809182 0.587373 -0.014764
vn -0.950936 0.309291 -0.007775
vn -0.951178 0.308546 -0.007756
vn -1.000000 0.000412 -0.000010
vn -1.000000 -0.000414 0.000010
vn -0.951178 -0.308544 0.007756
vn -0.950936 -0.309290 0.007775
vn -0.809181 -0.587374 0.014765
vn -0.808790 -0.587912 0.014778
vn -0.587959 -0.808635 0.020326
vn -0.587566 -0.808921 0.020334
vn -0.309145 -0.950715 0.023898
vn -0.308902 -0.950794 0.023900
vn 0.000000 -0.999684 0.025129
vn 0.000000 -0.999684 0.025129
vn 0.309130 -0.950719 0.023898
vn 0.308887 -0.950798 0.023900
vn 0.588025 -0.808587 0.020325
vn 0.587632 -0.808873 0.020332
vn 0.809248 -0.587281 0.014762
vn 0.808857 -0.587819 0.014776
vn 0.951150 -0.308632 0.007758
vn 0.950907 -0.309378 0.007777
vn 1.000000 0.000413 -0.000010
vn 1.000000 -0.000415 0.000010
vn 0.950907 0.309379 -0.007777
vn 0.951149 0.308634 -0.007758
vn 0.808857 0.587820 -0.014776
vn 0.809249 0.587281 -0.014762
vn 0.587632 0.808873 -0.020332
vn 0.588025 0.808587 -0.020325
vn 0.308885 0.950799 -0.023900
vn 0.309128 0.950720 -0.023898
vn 0.000001 0.999684 -0.025129
vn 0.000001 0.999684 -0.025129
vn 0.000008 0.029276 0.999571
vn 0.000013 0.029276 0.999571
vn 0.000000 0.029271 0.999572
vn -0.000002 0.029258 0.999572
vn -0.000007 0.029263 0.999572
vn 0.000000 0.029287 0.999571
vn 0.000005 0.029275 0.999571
vn 0.000012 0.029257 0.999572
vn -0.000005 0.029267 0.999572
vn -0.000012 0.029277 0.999571
vn -0.000000 0.029273 0.999571
vn 0.000012 0.029277 0.999571
vn 0.000005 0.029267 0.999572
vn -0.000012 0.029257 0.999572
vn -0.000005 0.029275 0.999571
vn 0.000000 0.029287 0.999571
vn 0.000007 0.029263 0.999572
vn 0.000002 0.029258 0.999572
vn -0.000012 0.029276 0.999571
vn -0.000008 0.029276 0.999571
vn 0.000000 0.029273 0.999571
vn -0.588394 0.808312 -0.020582
vn -0.309425 0.950616 -0.024209
vn -0.309417 0.950618 -0.024209
vn -0.588384 0.808320 -0.020582
vn -0.809627 0.586754 -0.014931
vn -0.809620 0.586764 -0.014932
vn -0.951462 0.307665 -0.007830
vn -0.951456 0.307684 -0.007830
vn -0.999999 -0.001317 0.000048
vn -0.999999 -0.001298 0.000048
vn -0.950658 -0.310140 0.007929
vn -0.950665 -0.310119 0.007928
vn -0.808325 -0.588545 0.015006
vn -0.808335 -0.588532 0.015006
vn -0.587129 -0.809231 0.020618
vn -0.587139 -0.809224 0.020617
vn -0.308619 -0.950877 0.024222
vn -0.308634 -0.950872 0.024222
vn -0.000001 -0.999676 0.025458
vn -0.000001 -0.999676 0.025458
vn 0.308618 -0.950878 0.024211
vn 0.308626 -0.950875 0.024211
vn 0.587203 -0.809178 0.020591
vn 0.587208 -0.809174 0.020591
vn 0.808396 -0.588449 0.014970
vn 0.808403 -0.588440 0.014969
vn 0.950621 -0.310255 0.007904
vn 0.950627 -0.310236 0.007904
vn 0.999999 -0.001417 0.000073
vn 0.999999 -0.001398 0.000072
vn 0.951424 0.307786 -0.007782
vn 0.951420 0.307798 -0.007783
vn 0.809666 0.586702 -0.014918
vn 0.809656 0.586715 -0.014919
vn 0.588474 0.808254 -0.020587
vn 0.588463 0.808262 -0.020588
vn 0.309409 0.950621 -0.024209
vn 0.309401 0.950624 -0.024209
vn 0.000004 0.999676 -0.025456
vn 0.000004 0.999676 -0.025456
vn -0.000000 -0.029273 -0.999571
vn -0.000000 -0.029273 -0.999571
vn -0.000000 -0.029273 -0.999571
vn -0.000000 -0.029273 -0.999571
vn -0.000000 -0.029273 -0.999571
vn -0.000000 -0.029273 -0.999571
vn -0.000000 -0.029273 -0.999571
vn -0.000000 -0.029273 -0.999571
vn -0.000000 -0.029273 -0.999571
vn -0.000000 -0.029273 -0.999571
vn -0.000000 -0.029273 -0.999571
vn -0.000000 -0.029273 -0.999571
vn -0.000000 -0.029273 -0.999571
vn -0.000000 -0.029273 -0.999571
vn -0.000000 -0.029273 -0.999571
vn -0.000000 -0.029273 -0.999571
vn -0.000000 -0.029273 -0.999571
vn -0.000000 -0.029273 -0.999571
vn -0.000000 -0.029273 -0.999571
vn -0.000000 -0.029273 -0.999571
vn 0.155587 -0.277702 0.947985
vn 0.155587 -0.277701 0.947984
vn 0.155587 -0.277702 0.947984
vn 0.155587 -0.277702 0.947985
vn -0.000001 -0.029271 -0.999572
vn -0.000001 -0.029271 -0.999572
vn -0.000001 -0.029271 -0.999572
vn -0.000001 -0.029271 -0.999572
vn 0.242230 -0.214680 0.946170
vn 0.242230 -0.214680 0.946170
vn 0.242230 -0.214680 0.946170
vn 0.242230 -0.214680 0.946170
vn -0.000002 -0.029272 -0.999572
vn -0.000002 -0.029272 -0.999572
vn -0.000002 -0.029272 -0.999572
vn -0.000002 -0.029272 -0.999572
vn 0.305163 -0.127894 0.943673
vn 0.305163 -0.127894 0.943673
vn 0.305163 -0.127894 0.943673
vn 0.305163 -0.127894 0.943673
vn -0.000002 -0.029272 -0.999571
vn -0.000002 -0.029272 -0.999571
vn -0.000002 -0.029272 -0.999572
vn -0.000002 -0.029272 -0.999571
vn 0.338133 -0.026046 0.940738
vn 0.338133 -0.026046 0.940738
vn 0.338133 -0.026046 0.940738
vn 0.338133 -0.026046 0.940738
vn -0.000002 -0.029273 -0.999571
vn -0.000002 -0.029273 -0.999571
vn -0.000002 -0.029273 -0.999571
vn -0.000002 -0.029273 -0.999571
vn 0.337997 0.081023 0.937653
vn 0.337997 0.081023 0.937653
vn 0.337997 0.081023 0.937653
vn 0.337997 0.081023 0.937653
vn -0.000002 -0.029273 -0.999571
vn -0.000002 -0.029273 -0.999571
vn -0.000002 -0.029273 -0.999571
vn -0.000002 -0.029273 -0.999571
vn 0.304798 0.182730 0.934723
vn 0.304798 0.182730 0.934723
vn 0.304798 0.182730 0.934723
vn 0.304798 0.182730 0.934723
vn -0.000002 -0.029274 -0.999571
vn -0.000002 -0.029274 -0.999571
vn -0.000002 -0.029274 -0.999571
vn -0.000002 -0.029274 -0.999571
vn 0.241790 0.269237 0.932228
vn 0.241790 0.269237 0.932228
vn 0.241790 0.269237 0.932228
vn 0.241790 0.269237 0.932228
vn -0.000002 -0.029274 -0.999571
vn -0.000002 -0.029274 -0.999571
vn -0.000002 -0.029274 -0.999571
vn -0.000002 -0.029274 -0.999571
vn 0.155218 0.332006 0.930419
vn 0.155218 0.332006 0.930419
vn 0.155218 0.332006 0.930419
vn 0.155218 0.332006 0.930419
vn 0.000000 -0.029275 -0.999571
vn 0.000000 -0.029275 -0.999571
vn 0.000000 -0.029275 -0.999571
vn 0.000000 -0.029275 -0.999571
vn 0.053499 0.365002 0.929468
vn 0.053499 0.365002 0.929468
vn 0.053499 0.365002 0.929468
vn 0.053499 0.365002 0.929468
vn 0.000000 -0.029276 -0.999571
vn 0.000000 -0.029276 -0.999571
vn 0.000000 -0.029276 -0.999571
vn 0.000000 -0.029276 -0.999571
vn -0.053494 0.365001 0.929469
vn -0.053494 0.365001 0.929469
vn -0.053494 0.365001 0.929469
vn -0.053494 0.365001 0.929469
vn 0.000000 -0.029276 -0.999571
vn 0.000000 -0.029276 -0.999571
vn 0.000000 -0.029276 -0.999571
vn 0.000000 -0.029276 -0.999571
vn -0.155215 0.332002 0.930421
vn -0.155215 0.332002 0.930421
vn -0.155215 0.332002 0.930421
vn -0.155215 0.332002 0.930421
vn 0.000001 -0.029275 -0.999571
vn 0.000001 -0.029275 -0.999571
vn 0.000001 -0.029275 -0.999571
vn 0.000001 -0.029275 -0.999571
vn -0.241844 0.269190 0.932227
vn -0.241844 0.269190 0.932227
vn -0.241844 0.269190 0.932227
vn -0.241844 0.269190 0.932227
vn 0.000002 -0.029274 -0.999571
vn 0.000002 -0.029274 -0.999571
vn 0.000002 -0.029274 -0.999571
vn 0.000002 -0.029274 -0.999571
vn -0.304820 0.182741 0.934714
vn -0.304820 0.182741 0.934714
vn -0.304820 0.182741 0.934714
vn -0.304820 0.182741 0.934714
vn 0.000001 -0.029274 -0.999571
vn 0.000001 -0.029274 -0.999571
vn 0.000001 -0.029274 -0.999571
vn 0.000001 -0.029274 -0.999571
vn -0.337999 0.081095 0.937646
vn -0.337999 0.081095 0.937646
vn -0.337999 0.081095 0.937646
vn -0.337999 0.081095 0.937646
vn 0.000002 -0.029273 -0.999571
vn 0.000002 -0.029273 -0.999571
vn 0.000002 -0.029273 -0.999571
vn 0.000002 -0.029273 -0.999571
vn -0.338136 -0.026117 0.940735
vn -0.338135 -0.026117 0.940735
vn -0.338135 -0.026117 0.940735
vn -0.338135 -0.026117 0.940735
vn 0.000002 -0.029273 -0.999571
vn 0.000002 -0.029273 -0.999571
vn 0.000002 -0.029273 -0.999571
vn 0.000002 -0.029273 -0.999571
vn -0.305185 -0.127908 0.943664
vn -0.305185 -0.127908 0.943664
vn -0.305185 -0.127908 0.943664
vn -0.305185 -0.127908 0.943664
vn 0.000002 -0.029272 -0.999572
vn 0.000002 -0.029272 -0.999571
vn 0.000002 -0.029272 -0.999571
vn 0.000002 -0.029272 -0.999571
vn -0.242285 -0.214633 0.946166
vn -0.242285 -0.214633 0.946166
vn -0.242285 -0.214633 0.946166
vn -0.242285 -0.214633 0.946166
vn 0.000002 -0.029272 -0.999572
vn 0.000002 -0.029272 -0.999572
vn 0.000002 -0.029272 -0.999572
vn 0.000002 -0.029272 -0.999572
vn -0.155582 -0.277699 0.947986
vn -0.155582 -0.277699 0.947986
vn -0.155582 -0.277699 0.947986
vn -0.155582 -0.277699 0.947986
vn 0.000001 -0.029271 -0.999572
vn 0.000001 -0.029271 -0.999572
vn 0.000001 -0.029271 -0.999572
vn 0.000001 -0.029271 -0.999572
vn -0.053610 -0.310868 0.948940
vn -0.053610 -0.310869 0.948940
vn -0.053610 -0.310869 0.948940
vn -0.053610 -0.310869 0.948940
vn 0.000001 -0.029271 -0.999572
vn 0.000001 -0.029271 -0.999572
vn 0.000001 -0.029271 -0.999572
vn 0.000001 -0.029271 -0.999572
vn 0.053613 -0.310868 0.948940
vn 0.053613 -0.310868 0.948940
vn 0.053613 -0.310868 0.948940
vn 0.053613 -0.310868 0.948940
vn 0.000000 -0.029271 -0.999571
vn 0.000000 -0.029271 -0.999572
vn 0.000000 -0.029271 -0.999571
vn 0.000000 -0.029271 -0.999572
s 1
g Draws9 pCylinder6
usemtl initialShadingGroup
f 269/491/721 270/492/722 290/513/723 289/512/724
f 270/492/722 271/493/725 291/514/726 290/513/723
f 271/493/725 272/494/727 292/515/728 291/514/726
f 272/494/727 273/495/729 293/516/730 292/515/728
f 273/495/729 274/496/731 294/517/732 293/516/730
f 274/496/731 275/497/733 295/518/734 294/517/732
f 275/497/733 276/498/735 296/519/736 295/518/734
f 276/498/735 277/499/737 297/520/738 296/519/736
f 277/499/737 278/500/739 298/521/740 297/520/738
f 278/500/739 279/501/741 299/522/742 298/521/740
f 279/501/741 280/502/743 300/523/744 299/522/742
f 280/502/743 281/503/745 301/524/746 300/523/744
f 281/503/745 282/504/747 302/525/748 301/524/746
f 282/504/747 283/505/749 303/526/750 302/525/748
f 283/505/749 284/506/751 304/527/752 303/526/750
f 284/506/751 285/507/753 305/528/754 304/527/752
f 285/507/753 286/508/755 306/529/756 305/528/754
f 286/508/755 287/509/757 307/530/758 306/529/756
f 287/509/757 288/510/759 308/531/760 307/530/758
f 288/510/759 269/511/721 289/532/724 308/531/760
s 2
f 289/551/761 290/550/762 309/553/763
f 290/550/762 291/549/764 309/553/763
f 291/549/764 292/548/765 309/553/763
f 292/548/765 293/547/766 309/553/763
f 293/547/766 294/546/767 309/553/763
f 294/546/767 295/545/768 309/553/763
f 295/545/768 296/544/769 309/553/763
f 296/544/769 297/543/770 309/553/763
f 297/543/770 298/542/771 309/553/763
f 298/542/771 299/541/772 309/553/763
f 299/541/772 300/540/773 309/553/763
f 300/540/773 301/539/774 309/553/763
f 301/539/774 302/538/775 309/553/763
f 302/538/775 303/537/776 309/553/763
f 303/537/776 304/536/777 309/553/763
f 304/536/777 305/535/778 309/553/763
f 305/535/778 306/534/779 309/553/763
f 306/534/779 307/533/780 309/553/763
f 307/533/780 308/552/781 309/553/763
f 308/552/781 289/551/761 309/553/763
s 3
f 331/594/782 330/595/783 332/596/784 333/597/785
f 334/598/786 331/599/782 333/600/785 335/655/787
f 336/601/788 334/602/786 335/603/787 337/656/789
f 338/604/790 336/605/788 337/606/789 339/657/791
f 340/607/792 338/608/790 339/609/791 341/658/793
f 342/610/794 340/611/792 341/612/793 343/659/795
f 344/613/796 342/614/794 343/615/795 345/660/797
f 346/616/798 344/617/796 345/618/797 347/661/799
f 348/619/800 346/620/798 347/621/799 349/662/801
f 350/622/802 348/623/800 349/624/801 351/663/803
f 352/625/804 350/626/802 351/627/803 353/664/805
f 354/628/806 352/629/804 353/630/805 355/665/807
f 356/631/808 354/632/806 355/633/807 357/666/809
f 358/634/810 356/635/808 357/636/809 359/667/811
f 360/637/812 358/638/810 359/639/811 361/668/813
f 362/640/814 360/641/812 361/642/813 363/669/815
f 364/643/816 362/644/814 363/645/815 365/670/817
f 366/646/818 364/647/816 365/648/817 367/671/819
f 368/649/820 366/650/818 367/651/819 369/672/821
f 330/652/783 368/653/820 369/654/821 332/673/784
s off
f 311/674/822 310/675/823 329/676/824 328/677/825 327/678/826 326/679/827 325/680/828 324/681/829 323/682/830 322/683/831 321/684/832 320/685/833 319/686/834 318/687/835 317/688/836 316/689/837 315/690/838 314/691/839 313/692/840 312/693/841
f 270/492/842 269/555/843 330/595/844 331/594/845
f 310/554/846 311/674/847 333/597/848 332/596/849
f 271/493/850 270/557/851 331/599/852 334/598/853
f 311/556/854 312/693/855 335/655/856 333/600/857
f 272/494/858 271/559/859 334/602/860 336/601/861
f 312/558/862 313/692/863 337/656/864 335/603/865
f 273/495/866 272/561/867 336/605/868 338/604/869
f 313/560/870 314/691/871 339/657/872 337/606/873
f 274/496/874 273/563/875 338/608/876 340/607/877
f 314/562/878 315/690/879 341/658/880 339/609/881
f 275/497/882 274/565/883 340/611/884 342/610/885
f 315/564/886 316/689/887 343/659/888 341/612/889
f 276/498/890 275/567/891 342/614/892 344/613/893
f 316/566/894 317/688/895 345/660/896 343/615/897
f 277/499/898 276/569/899 344/617/900 346/616/901
f 317/568/902 318/687/903 347/661/904 345/618/905
f 278/500/906 277/571/907 346/620/908 348/619/909
f 318/570/910 319/686/911 349/662/912 347/621/913
f 279/501/914 278/573/915 348/623/916 350/622/917
f 319/572/918 320/685/919 351/663/920 349/624/921
f 280/502/922 279/575/923 350/626/924 352/625/925
f 320/574/926 321/684/927 353/664/928 351/627/929
f 281/503/930 280/577/931 352/629/932 354/628/933
f 321/576/934 322/683/935 355/665/936 353/630/937
f 282/504/938 281/579/939 354/632/940 356/631/941
f 322/578/942 323/682/943 357/666/944 355/633/945
f 283/505/946 282/581/947 356/635/948 358/634/949
f 323/580/950 324/681/951 359/667/952 357/636/953
f 284/506/954 283/583/955 358/638/956 360/637/957
f 324/582/958 325/680/959 361/668/960 359/639/961
f 285/507/962 284/585/963 360/641/964 362/640/965
f 325/584/966 326/679/967 363/669/968 361/642/969
f 286/508/970 285/587/971 362/644/972 364/643/973
f 326/586/974 327/678/975 365/670/976 363/645/977
f 287/509/978 286/589/979 364/647/980 366/646/981
f 327/588/982 328/677/983 367/671/984 365/648/985
f 288/510/986 287/591/987 366/650/988 368/649/989
f 328/590/990 329/676/991 369/672/992 367/651/993
f 269/511/994 288/593/995 368/653/996 330/652/997
f 329/592/998 310/675/999 332/673/1000 369/654/1001
g default
v 3.715103 0.957554 21.627668
v 3.715103 0.957554 17.673134
v 3.715103 5.175634 21.627668
v 3.715103 5.175634 17.673134
v -8.274163 5.175634 21.627668
v -8.274163 5.175634 17.673134
v -8.274163 0.957554 21.627668
v -8.274163 0.957554 17.673134
v 2.516182 5.175634 21.627668
v 2.516182 0.957554 21.627668
v 2.516182 0.957554 17.673134
v 2.516182 5.175634 17.673134
v -7.195129 0.957554 21.627668
v -7.195129 5.175634 21.627668
v -7.195129 5.175634 17.673134
v -7.195129 0.957554 17.673134
v -2.339478 5.175634 21.627668
v -2.339478 0.957554 21.627668
v -2.339478 0.957554 17.673134
v -2.339478 5.175634 17.673134
v 3.715103 3.066594 17.673134
v 3.715103 3.066594 21.627668
v 2.516182 3.066594 21.627668
v -2.339478 3.066594 21.627668
v -7.195129 3.066594 21.627668
v -8.274163 3.066594 21.627668
v -8.274163 3.066594 17.673134
v -7.195129 3.066594 17.673134
v -2.339478 3.066594 17.673134
v 2.516182 3.066594 17.673134
v -8.274163 4.753825 17.673134
v -8.274163 4.753825 21.627668
v -7.195129 4.753825 21.627668
v -2.339478 4.753825 21.627668
v 2.516182 4.753825 21.627668
v 3.715103 4.753825 21.627668
v 3.715103 4.753825 17.673134
v 2.516182 4.753825 17.673134
v -2.339478 4.753825 17.673134
v -7.195129 4.753825 17.673134
v 3.715103 1.379366 17.673134
v 3.715103 1.379366 21.627668
v 2.516182 1.379366 21.627668
v -2.339478 1.379366 21.627668
v -7.195129 1.379366 21.627668
v -8.274163 1.379366 21.627668
v -8.274163 1.379366 17.673134
v -7.195129 1.379366 17.673134
v -2.339478 1.379366 17.673134
v 2.516182 1.379366 17.673134
v 3.715103 0.182265 17.673134
v 3.715103 0.182265 21.627668
v -8.274163 0.182265 21.627668
v -8.274163 0.182265 17.673134
v -3.796157 0.957554 21.627668
v -3.796157 1.379366 21.627668
v -3.796157 3.066594 21.627668
v -3.796157 4.753825 21.627668
v -3.796157 5.175634 21.627668
v -3.796157 5.175634 17.673134
v -3.796157 4.753825 17.673134
v -3.796157 3.066594 17.673134
v -3.796157 1.379366 17.673134
v -3.796157 0.957554 17.673134
v -0.882753 5.175634 21.627668
v -0.882753 4.753825 21.627668
v -0.882753 3.066594 21.627668
v -0.882753 1.379366 21.627668
v -0.882753 0.957554 21.627668
v -0.882753 0.957554 17.673134
v -0.882753 1.379366 17.673134
v -0.882753 3.066594 17.673134
v -0.882753 4.753825 17.673134
v -0.882753 5.175634 17.673134
v -4.136044 0.957554 21.627668
v -4.136044 1.379366 21.627668
v -4.136044 3.066594 21.627668
v -4.136044 4.753825 21.627668
v -4.136044 5.175634 21.627668
v -4.136044 5.175634 17.673134
v -4.136044 4.753825 17.673134
v -4.136044 3.066594 17.673134
v -4.136044 1.379366 17.673134
v -4.136044 0.957554 17.673134
v -0.542872 5.175634 21.627668
v -0.542872 4.753825 21.627668
v -0.542872 3.066594 21.627668
v -0.542872 1.379366 21.627668
v -0.542872 0.957554 21.627668
v -0.542872 0.957554 17.673134
v -0.542872 1.379366 17.673134
v -0.542872 3.066594 17.673134
v -0.542872 4.753825 17.673134
v -0.542872 5.175634 17.673134
v 3.715103 3.235317 17.673134
v 3.715103 3.235317 21.627668
v 2.516182 3.235317 21.627668
v -0.542872 3.235317 21.627668
v -0.882753 3.235317 21.627668
v -2.339478 3.235317 21.627668
v -3.796157 3.235317 21.627668
v -4.136044 3.235317 21.627668
v -7.195129 3.235317 21.627668
v -8.274163 3.235317 21.627668
v -8.274163 3.235317 17.673134
v -7.195129 3.235317 17.673134
v -4.136044 3.235317 17.673134
v -3.796157 3.235317 17.673134
v -2.339478 3.235317 17.673134
v -0.882753 3.235317 17.673134
v -0.542872 3.235317 17.673134
v 2.516182 3.235317 17.673134
v 2.516182 2.897871 21.627668
v 3.715103 2.897871 21.627668
v 3.715103 2.897871 17.673134
v 2.516182 2.897871 17.673134
v -0.542872 2.897871 17.673134
v -0.882753 2.897871 17.673134
v -2.339478 2.897871 17.673134
v -3.796157 2.897871 17.673134
v -4.136044 2.897871 17.673134
v -7.195129 2.897871 17.673134
v -8.274163 2.897871 17.673134
v -8.274163 2.897871 21.627668
v -7.195129 2.897871 21.627668
v -4.136044 2.897871 21.627668
v -3.796157 2.897871 21.627668
v -2.339478 2.897871 21.627668
v -0.882753 2.897871 21.627668
v -0.542872 2.897871 21.627668
v -0.542872 3.235317 21.248635
v 2.516182 3.235317 21.248635
v 2.516182 3.066594 21.248635
v -0.542872 3.066594 21.248635
v 2.516182 2.897871 21.248635
v -0.542872 2.897871 21.248635
v 2.516182 4.753825 21.248635
v -0.542872 4.753825 21.248635
v -0.542872 1.379366 21.248635
v 2.516182 1.379366 21.248635
v -7.195129 3.235317 21.248635
v -4.136044 3.235317 21.248635
v -4.136044 3.066594 21.248635
v -7.195129 3.066594 21.248635
v -4.136044 2.897871 21.248635
v -7.195129 2.897871 21.248635
v -4.136044 4.753825 21.248635
v -7.195129 4.753825 21.248635
v -7.195129 1.379366 21.248635
v -4.136044 1.379366 21.248635
v -3.796157 3.235317 21.248635
v -2.339478 3.235317 21.248635
v -3.796157 4.753825 21.248635
v -2.339478 4.753825 21.248635
v -0.882753 3.235317 21.248635
v -0.882753 4.753825 21.248635
v -0.882753 2.897871 21.248635
v -2.339478 2.897871 21.248635
v -0.882753 1.379366 21.248635
v -2.339478 1.379366 21.248635
v -3.796157 2.897871 21.248635
v -3.796157 1.379366 21.248635
v -8.274163 4.964731 17.673134
v -8.274163 4.964731 21.627668
v -7.195129 4.964731 21.627668
v -4.136044 4.964731 21.627668
v -3.796157 4.964731 21.627668
v -2.339478 4.964731 21.627668
v -0.882753 4.964731 21.627668
v -0.542872 4.964731 21.627668
v 2.516183 4.964731 21.627668
v 3.715103 4.964731 21.627668
v 3.715103 4.964731 17.673134
v 2.516182 4.964731 17.673134
v -0.542872 4.964731 17.673134
v -0.882753 4.964731 17.673134
v -2.339478 4.964731 17.673134
v -3.796157 4.964731 17.673134
v -4.136044 4.964731 17.673134
v -7.195129 4.964731 17.673134
v -7.195129 5.175634 17.363019
v -7.195129 4.964731 17.363019
v -8.274163 4.964731 17.363019
v -8.274163 5.175634 17.363019
v -4.136044 5.175634 17.363019
v -4.136044 4.964731 17.363019
v 2.516182 4.964731 17.363019
v -0.542872 4.964731 17.363019
v -0.542872 5.175634 17.363019
v 2.516182 5.175634 17.363019
v 3.715103 4.964731 17.363019
v 3.715103 5.175634 17.363019
v -2.339478 4.964731 17.363019
v -3.796157 4.964731 17.363019
v -3.796157 5.175634 17.363019
v -2.339478 5.175634 17.363019
v -0.882753 5.175634 17.363019
v -0.882753 4.964731 17.363019
v -8.584275 4.964731 17.673134
v -8.584275 4.964731 21.627668
v -8.584275 5.175634 21.627668
v -8.584275 5.175634 17.673134
v -8.584275 5.175634 17.363019
v -8.584275 4.964731 17.363019
v 2.516182 5.175634 21.937783
v 2.516182 4.964731 21.937783
v 3.715103 4.964731 21.937783
v 3.715103 5.175634 21.937783
v -0.542872 5.175634 21.937783
v -0.542872 4.964731 21.937783
v -7.195129 4.964731 21.937783
v -4.136044 4.964731 21.937783
v -4.136044 5.175634 21.937783
v -7.195129 5.175634 21.937783
v -8.274163 5.175634 21.937783
v -8.274163 4.964731 21.937783
v -2.339478 5.175634 21.937783
v -3.796157 5.175634 21.937783
v -3.796157 4.964731 21.937783
v -2.339478 4.964731 21.937783
v -0.882753 4.964731 21.937783
v -0.882753 5.175634 21.937783
v -8.584275 5.175634 21.937783
v -8.584275 4.964731 21.937783
v 4.025220 4.964731 21.627668
v 4.025220 4.964731 17.673134
v 4.025220 5.175634 17.673134
v 4.025220 5.175634 21.627668
v 4.025220 4.964731 17.363019
v 4.025220 5.175634 17.363019
v 4.025220 5.175634 21.937783
v 4.025220 4.964731 21.937783
v 3.136358 0.182265 21.627668
v 2.516182 0.802435 21.627668
v 2.599278 0.492351 21.627668
v 2.826278 0.265353 21.627668
v 3.136358 0.182265 17.673134
v 2.826278 0.265353 17.673134
v 2.599278 0.492351 17.673134
v 2.516182 0.802435 17.673134
v -7.278209 0.492351 17.673134
v -7.505209 0.265353 17.673134
v -7.815289 0.182265 17.673134
v -7.195129 0.802435 17.673134
v -7.815289 0.182265 21.627668
v -7.505209 0.265353 21.627668
v -7.278209 0.492351 21.627668
v -7.195129 0.802435 21.627668
vt 0.375000 0.000000
vt 0.625000 0.000000
vt 0.375000 0.250000
vt 0.625000 0.250000
vt 0.375000 0.500000
vt 0.625000 0.500000
vt 0.625000 0.750000
vt 0.375000 1.000000
vt 0.875000 0.000000
vt 0.875000 0.250000
vt 0.125000 0.000000
vt 0.125000 0.250000
vt 0.350000 0.250000
vt 0.375000 0.275000
vt 0.350000 0.000000
vt 0.375000 0.975000
vt 0.650000 0.000000
vt 0.625000 0.275000
vt 0.650000 0.250000
vt 0.147500 0.000000
vt 0.147500 0.250000
vt 0.375000 0.477500
vt 0.625000 0.477500
vt 0.852500 0.250000
vt 0.852500 0.000000
vt 0.248750 0.250000
vt 0.375000 0.376250
vt 0.248750 0.000000
vt 0.375000 0.873750
vt 0.625000 0.873750
vt 0.751250 0.000000
vt 0.625000 0.376250
vt 0.751250 0.250000
vt 0.625000 0.125000
vt 0.375000 0.125000
vt 0.350000 0.125000
vt 0.248750 0.125000
vt 0.147500 0.125000
vt 0.125000 0.125000
vt 0.375000 0.625000
vt 0.625000 0.625000
vt 0.875000 0.125000
vt 0.852500 0.125000
vt 0.751250 0.125000
vt 0.650000 0.125000
vt 0.625000 0.525000
vt 0.875000 0.225000
vt 0.125000 0.225000
vt 0.375000 0.525000
vt 0.147500 0.225000
vt 0.248750 0.225000
vt 0.350000 0.225000
vt 0.375000 0.225000
vt 0.625000 0.225000
vt 0.650000 0.225000
vt 0.751250 0.225000
vt 0.852500 0.225000
vt 0.625000 0.025000
vt 0.375000 0.025000
vt 0.350000 0.025000
vt 0.248750 0.025000
vt 0.147500 0.025000
vt 0.125000 0.025000
vt 0.375000 0.725000
vt 0.625000 0.725000
vt 0.875000 0.025000
vt 0.852500 0.025000
vt 0.751250 0.025000
vt 0.650000 0.025000
vt 0.218375 0.000000
vt 0.375000 0.843375
vt 0.218375 0.025000
vt 0.218375 0.125000
vt 0.218375 0.225000
vt 0.218375 0.250000
vt 0.375000 0.406625
vt 0.625000 0.406625
vt 0.781625 0.250000
vt 0.781625 0.225000
vt 0.781625 0.125000
vt 0.781625 0.025000
vt 0.625000 0.843375
vt 0.781625 0.000000
vt 0.279125 0.250000
vt 0.375000 0.345875
vt 0.279125 0.225000
vt 0.279125 0.125000
vt 0.279125 0.025000
vt 0.279125 0.000000
vt 0.375000 0.904125
vt 0.625000 0.904125
vt 0.720875 0.000000
vt 0.720875 0.025000
vt 0.720875 0.125000
vt 0.720875 0.225000
vt 0.625000 0.345875
vt 0.720875 0.250000
vt 0.211287 0.000000
vt 0.375000 0.836287
vt 0.211287 0.025000
vt 0.211287 0.125000
vt 0.211287 0.225000
vt 0.211287 0.250000
vt 0.375000 0.413712
vt 0.625000 0.413712
vt 0.788713 0.250000
vt 0.788713 0.225000
vt 0.788713 0.125000
vt 0.788713 0.025000
vt 0.625000 0.836287
vt 0.788713 0.000000
vt 0.286212 0.250000
vt 0.375000 0.338787
vt 0.286212 0.225000
vt 0.286212 0.125000
vt 0.286212 0.025000
vt 0.286212 0.000000
vt 0.375000 0.911213
vt 0.625000 0.911213
vt 0.713787 0.000000
vt 0.713787 0.025000
vt 0.713787 0.125000
vt 0.713787 0.225000
vt 0.625000 0.338787
vt 0.713787 0.250000
vt 0.625000 0.135000
vt 0.375000 0.135000
vt 0.350000 0.135000
vt 0.286212 0.135000
vt 0.279125 0.135000
vt 0.248750 0.135000
vt 0.218375 0.135000
vt 0.211287 0.135000
vt 0.147500 0.135000
vt 0.125000 0.135000
vt 0.375000 0.615000
vt 0.625000 0.615000
vt 0.875000 0.135000
vt 0.852500 0.135000
vt 0.788713 0.135000
vt 0.781625 0.135000
vt 0.751250 0.135000
vt 0.720875 0.135000
vt 0.713787 0.135000
vt 0.650000 0.135000
vt 0.350000 0.115000
vt 0.375000 0.115000
vt 0.625000 0.115000
vt 0.650000 0.115000
vt 0.713787 0.115000
vt 0.720875 0.115000
vt 0.751250 0.115000
vt 0.781625 0.115000
vt 0.788713 0.115000
vt 0.852500 0.115000
vt 0.625000 0.635000
vt 0.875000 0.115000
vt 0.125000 0.115000
vt 0.375000 0.635000
vt 0.147500 0.115000
vt 0.211287 0.115000
vt 0.218375 0.115000
vt 0.248750 0.115000
vt 0.279125 0.115000
vt 0.286212 0.115000
vt 0.650000 0.135000
vt 0.650000 0.125000
vt 0.713787 0.125000
vt 0.713787 0.135000
vt 0.788713 0.135000
vt 0.788713 0.125000
vt 0.852500 0.125000
vt 0.852500 0.135000
vt 0.852500 0.115000
vt 0.788713 0.115000
vt 0.713787 0.115000
vt 0.650000 0.115000
vt 0.788713 0.225000
vt 0.852500 0.225000
vt 0.751250 0.135000
vt 0.781625 0.135000
vt 0.781625 0.225000
vt 0.751250 0.225000
vt 0.720875 0.135000
vt 0.720875 0.225000
vt 0.650000 0.225000
vt 0.713787 0.225000
vt 0.713787 0.025000
vt 0.650000 0.025000
vt 0.751250 0.115000
vt 0.720875 0.115000
vt 0.720875 0.025000
vt 0.751250 0.025000
vt 0.781625 0.025000
vt 0.781625 0.115000
vt 0.852500 0.025000
vt 0.788713 0.025000
vt 0.625000 0.512500
vt 0.875000 0.237500
vt 0.125000 0.237500
vt 0.375000 0.512500
vt 0.147500 0.237500
vt 0.211287 0.237500
vt 0.218375 0.237500
vt 0.248750 0.237500
vt 0.279125 0.237500
vt 0.286212 0.237500
vt 0.350000 0.237500
vt 0.375000 0.237500
vt 0.625000 0.237500
vt 0.650000 0.237500
vt 0.713787 0.237500
vt 0.720875 0.237500
vt 0.751250 0.237500
vt 0.781625 0.237500
vt 0.788713 0.237500
vt 0.852500 0.237500
vt 0.852500 0.237500
vt 0.875000 0.237500
vt 0.875000 0.250000
vt 0.852500 0.250000
vt 0.788713 0.237500
vt 0.788713 0.250000
vt 0.650000 0.237500
vt 0.713787 0.237500
vt 0.713787 0.250000
vt 0.650000 0.250000
vt 0.625000 0.250000
vt 0.625000 0.237500
vt 0.751250 0.237500
vt 0.781625 0.237500
vt 0.781625 0.250000
vt 0.751250 0.250000
vt 0.720875 0.250000
vt 0.720875 0.237500
vt 0.625000 0.512500
vt 0.375000 0.512500
vt 0.375000 0.500000
vt 0.625000 0.500000
vt 0.875000 0.250000
vt 0.875000 0.250000
vt 0.875000 0.237500
vt 0.875000 0.237500
vt 0.350000 0.237500
vt 0.375000 0.237500
vt 0.375000 0.250000
vt 0.350000 0.250000
vt 0.286212 0.237500
vt 0.286212 0.250000
vt 0.147500 0.237500
vt 0.211287 0.237500
vt 0.211287 0.250000
vt 0.147500 0.250000
vt 0.125000 0.237500
vt 0.125000 0.250000
vt 0.248750 0.250000
vt 0.218375 0.250000
vt 0.218375 0.237500
vt 0.248750 0.237500
vt 0.279125 0.237500
vt 0.279125 0.250000
vt 0.375000 0.500000
vt 0.375000 0.500000
vt 0.375000 0.512500
vt 0.375000 0.512500
vt 0.375000 0.237500
vt 0.625000 0.237500
vt 0.625000 0.250000
vt 0.375000 0.250000
vt 0.625000 0.237500
vt 0.625000 0.250000
vt 0.375000 0.250000
vt 0.375000 0.237500
vt 0.375000 1.000000
vt 0.625000 0.750000
vt 0.375000 0.772500
vt 0.375000 0.987932
vt 0.625000 0.975000
vt 0.625000 0.759568
vt 0.375000 0.772500
vt 0.375000 0.975000
vt 0.625000 0.975000
vt 0.625000 1.000000
vt 0.625000 1.000000
vt 0.625000 0.987932
vt 0.625000 0.772500
vt 0.625000 0.772500
vt 0.375000 0.750000
vt 0.375000 0.750000
vt 0.375000 0.759568
vt 0.375694 0.980168
vt 0.375585 0.984550
vt 0.624416 0.984542
vt 0.624306 0.980164
vt 0.624268 0.767154
vt 0.624406 0.762902
vt 0.375584 0.762958
vt 0.375693 0.767336
vt 0.788713 0.135000
vt 0.788713 0.125000
vt 0.788713 0.125000
vt 0.788713 0.135000
vt 0.852500 0.125000
vt 0.852500 0.135000
vt 0.852500 0.135000
vt 0.852500 0.125000
vt 0.852500 0.115000
vt 0.852500 0.125000
vt 0.852500 0.125000
vt 0.852500 0.115000
vt 0.788713 0.125000
vt 0.788713 0.115000
vt 0.788713 0.115000
vt 0.788713 0.125000
vt 0.713787 0.115000
vt 0.713787 0.125000
vt 0.713787 0.125000
vt 0.713787 0.115000
vt 0.650000 0.125000
vt 0.650000 0.115000
vt 0.650000 0.115000
vt 0.650000 0.125000
vt 0.788713 0.225000
vt 0.788713 0.135000
vt 0.788713 0.135000
vt 0.788713 0.225000
vt 0.852500 0.135000
vt 0.852500 0.225000
vt 0.852500 0.225000
vt 0.852500 0.135000
vt 0.852500 0.225000
vt 0.788713 0.225000
vt 0.788713 0.225000
vt 0.852500 0.225000
vt 0.751250 0.135000
vt 0.781625 0.135000
vt 0.781625 0.135000
vt 0.751250 0.135000
vt 0.781625 0.135000
vt 0.781625 0.225000
vt 0.781625 0.225000
vt 0.781625 0.135000
vt 0.781625 0.225000
vt 0.751250 0.225000
vt 0.781625 0.225000
vt 0.720875 0.135000
vt 0.751250 0.135000
vt 0.751250 0.135000
vt 0.720875 0.135000
vt 0.751250 0.225000
vt 0.720875 0.225000
vt 0.720875 0.225000
vt 0.751250 0.225000
vt 0.650000 0.225000
vt 0.650000 0.135000
vt 0.650000 0.135000
vt 0.650000 0.225000
vt 0.713787 0.135000
vt 0.713787 0.225000
vt 0.713787 0.225000
vt 0.713787 0.135000
vt 0.713787 0.025000
vt 0.713787 0.115000
vt 0.713787 0.115000
vt 0.713787 0.025000
vt 0.650000 0.115000
vt 0.650000 0.025000
vt 0.650000 0.025000
vt 0.650000 0.115000
vt 0.713787 0.025000
vt 0.713787 0.025000
vt 0.751250 0.115000
vt 0.720875 0.115000
vt 0.720875 0.115000
vt 0.751250 0.115000
vt 0.720875 0.115000
vt 0.720875 0.025000
vt 0.720875 0.025000
vt 0.720875 0.115000
vt 0.751250 0.025000
vt 0.751250 0.025000
vt 0.781625 0.025000
vt 0.781625 0.115000
vt 0.781625 0.115000
vt 0.781625 0.025000
vt 0.751250 0.115000
vt 0.751250 0.115000
vt 0.751250 0.025000
vt 0.781625 0.025000
vt 0.781625 0.025000
vt 0.751250 0.025000
vt 0.852500 0.025000
vt 0.852500 0.115000
vt 0.852500 0.115000
vt 0.852500 0.025000
vt 0.788713 0.115000
vt 0.788713 0.025000
vt 0.788713 0.025000
vt 0.788713 0.115000
vt 0.788713 0.025000
vt 0.788713 0.025000
vt 0.751250 0.225000
vn 1.000000 0.000000 0.000000
vn 1.000000 0.000000 0.000000
vn 1.000000 0.000000 0.000000
vn 1.000000 0.000000 0.000000
vn 0.000000 1.000000 0.000000
vn 0.000000 1.000000 0.000000
vn 0.000000 1.000000 0.000000
vn 0.000000 1.000000 0.000000
vn -1.000000 0.000000 -0.000000
vn -1.000000 0.000000 -0.000000
vn -1.000000 0.000000 -0.000000
vn -1.000000 0.000000 -0.000000
vn -0.093075 -0.995659 0.000000
vn -0.093075 -0.995659 0.000000
vn 0.000000 -1.000000 0.000000
vn 0.000000 -1.000000 0.000000
vn 0.000000 0.000000 -1.000000
vn 0.000000 0.000000 -1.000000
vn 0.000000 0.000000 -1.000000
vn 0.000000 0.000000 -1.000000
vn 0.000000 0.000000 1.000000
vn 0.000000 0.000000 1.000000
vn 0.000000 0.000000 1.000000
vn 0.000000 0.000000 1.000000
vn 0.000000 0.000000 1.000000
vn 0.000000 0.000000 1.000000
vn 0.000000 0.000000 1.000000
vn 0.000000 0.000000 1.000000
vn 0.000000 -1.000000 0.000000
vn 0.000000 -1.000000 0.000000
vn 0.107428 -0.994213 0.000000
vn 0.107428 -0.994213 0.000000
vn 0.000000 0.000000 -1.000000
vn 0.000000 0.000000 -1.000000
vn 0.000000 -0.000000 -1.000000
vn 0.000000 -0.000000 -1.000000
vn 0.000000 1.000000 0.000000
vn 0.000000 1.000000 0.000000
vn 0.000000 1.000000 0.000000
vn 0.000000 1.000000 0.000000
vn 0.000000 0.000000 1.000000
vn 0.000000 0.000000 1.000000
vn 0.000000 1.000000 0.000000
vn 0.000000 1.000000 0.000000
vn 0.000000 0.000000 -1.000000
vn 0.000000 0.000000 -1.000000
vn 0.000000 -1.000000 0.000000
vn 0.000000 -1.000000 0.000000
vn 0.000000 -1.000000 0.000000
vn 0.000000 -1.000000 0.000000
vn 0.000000 0.000000 1.000000
vn 0.000000 0.000000 1.000000
vn 0.000000 -1.000000 0.000000
vn 0.000000 -1.000000 0.000000
vn 0.000000 -1.000000 0.000000
vn 0.000000 -1.000000 0.000000
vn 0.000000 0.000000 -1.000000
vn 0.000000 0.000000 -1.000000
vn 0.000000 1.000000 0.000000
vn 0.000000 1.000000 0.000000
vn 1.000000 0.000000 0.000000
vn 1.000000 0.000000 0.000000
vn 1.000000 0.000000 0.000000
vn 1.000000 0.000000 0.000000
vn 0.000000 0.000000 1.000000
vn 0.000000 0.000000 1.000000
vn 0.000000 0.000000 1.000000
vn 0.000000 0.000000 1.000000
vn 0.000000 0.000000 1.000000
vn 0.000000 0.000000 1.000000
vn 0.000000 0.000000 1.000000
vn 0.000000 0.000000 1.000000
vn 0.000000 0.000000 1.000000
vn 0.000000 0.000000 1.000000
vn 0.000000 0.000000 1.000000
vn 0.000000 0.000000 1.000000
vn -1.000000 0.000000 -0.000000
vn -1.000000 0.000000 -0.000000
vn -1.000000 0.000000 -0.000000
vn -1.000000 0.000000 -0.000000
vn 0.000000 0.000000 -1.000000
vn 0.000000 0.000000 -1.000000
vn 0.000000 0.000000 -1.000000
vn 0.000000 0.000000 -1.000000
vn 0.000000 0.000000 -1.000000
vn 0.000000 0.000000 -1.000000
vn 0.000000 0.000000 -1.000000
vn 0.000000 0.000000 -1.000000
vn 0.000000 0.000000 -1.000000
vn 0.000000 0.000000 -1.000000
vn 0.000000 0.000000 -1.000000
vn 0.000000 0.000000 -1.000000
vn -1.000000 0.000000 -0.000000
vn -1.000000 0.000000 -0.000000
vn -1.000000 0.000000 -0.000000
vn -1.000000 0.000000 -0.000000
vn 0.000000 0.000000 1.000000
vn 0.000000 0.000000 1.000000
vn 0.000000 0.000000 1.000000
vn 0.000000 0.000000 1.000000
vn 0.000000 0.000000 1.000000
vn 0.000000 0.000000 1.000000
vn 0.000000 0.000000 1.000000
vn 0.000000 0.000000 1.000000
vn 0.000000 0.000000 1.000000
vn 0.000000 0.000000 1.000000
vn 0.000000 0.000000 1.000000
vn 0.000000 0.000000 1.000000
vn 1.000000 0.000000 0.000000
vn 1.000000 0.000000 0.000000
vn 1.000000 0.000000 0.000000
vn 1.000000 0.000000 0.000000
vn 0.000000 0.000000 -1.000000
vn 0.000000 0.000000 -1.000000
vn 0.000000 0.000000 -1.000000
vn 0.000000 0.000000 -1.000000
vn 0.000000 0.000000 -1.000000
vn 0.000000 0.000000 -1.000000
vn 0.000000 0.000000 -1.000000
vn 0.000000 0.000000 -1.000000
vn 0.000000 0.000000 -1.000000
vn 0.000000 0.000000 -1.000000
vn 0.000000 0.000000 -1.000000
vn 0.000000 0.000000 -1.000000
vn 0.000000 0.000000 -1.000000
vn 0.000000 0.000000 -1.000000
vn 0.000000 0.000000 -1.000000
vn 0.000000 0.000000 -1.000000
vn 1.000000 0.000000 0.000000
vn 1.000000 0.000000 0.000000
vn 0.000000 0.000000 1.000000
vn 0.000000 0.000000 1.000000
vn 0.000000 0.000000 1.000000
vn 0.000000 0.000000 1.000000
vn 0.000000 0.000000 1.000000
vn 0.000000 0.000000 1.000000
vn -1.000000 0.000000 -0.000000
vn -1.000000 0.000000 -0.000000
vn 0.000000 0.000000 -1.000000
vn 0.000000 0.000000 -1.000000
vn 0.000000 0.000000 -1.000000
vn 0.000000 0.000000 -1.000000
vn 0.000000 0.000000 -1.000000
vn 0.000000 0.000000 -1.000000
vn 0.000000 0.000000 -1.000000
vn 0.000000 0.000000 -1.000000
vn -1.000000 0.000000 -0.000000
vn -1.000000 0.000000 -0.000000
vn -0.984419 -0.175839 0.000000
vn -0.984419 -0.175839 0.000000
vn 1.000000 0.000000 0.000000
vn 1.000000 0.000000 0.000000
vn -1.000000 0.000000 -0.000000
vn -1.000000 0.000000 -0.000000
vn 1.000000 0.000000 0.000000
vn 1.000000 0.000000 0.000000
vn 0.984425 -0.175807 0.000000
vn 0.984425 -0.175807 0.000000
vn 0.000000 0.000000 1.000000
vn 0.000000 0.000000 1.000000
vn 0.000000 0.000000 1.000000
vn 0.000000 0.000000 1.000000
vn 0.000000 0.000000 1.000000
vn 0.000000 0.000000 1.000000
vn 0.000000 0.000000 1.000000
vn 0.000000 0.000000 1.000000
vn 0.000000 0.000000 1.000000
vn 0.000000 0.000000 1.000000
vn 0.000000 0.000000 1.000000
vn 0.000000 0.000000 1.000000
vn 0.000000 0.000000 1.000000
vn 0.000000 0.000000 1.000000
vn 0.000000 1.000000 0.000000
vn 0.000000 1.000000 0.000000
vn 0.000000 1.000000 0.000000
vn 0.000000 1.000000 0.000000
vn 0.000000 0.000000 -1.000000
vn 0.000000 0.000000 -1.000000
vn 0.000000 0.000000 -1.000000
vn 0.000000 0.000000 -1.000000
vn 0.000000 0.000000 -1.000000
vn 0.000000 0.000000 -1.000000
vn 0.000000 0.000000 -1.000000
vn 0.000000 0.000000 -1.000000
vn 0.000000 0.000000 -1.000000
vn 0.000000 0.000000 -1.000000
vn 0.000000 0.000000 -1.000000
vn 0.000000 0.000000 -1.000000
vn 0.000000 0.000000 -1.000000
vn 0.000000 0.000000 -1.000000
vn 0.000000 -1.000000 0.000000
vn 0.000000 -1.000000 0.000000
vn 0.000000 -1.000000 0.000000
vn 0.000000 -1.000000 0.000000
vn 0.000000 0.000000 1.000000
vn 0.000000 0.000000 1.000000
vn 0.000000 0.000000 1.000000
vn 0.000000 0.000000 1.000000
vn 0.000000 0.000000 1.000000
vn 0.000000 0.000000 1.000000
vn 0.000000 0.000000 1.000000
vn 0.000000 -1.000000 0.000000
vn 0.000000 -1.000000 0.000000
vn 0.000000 0.000000 -1.000000
vn 0.000000 0.000000 -1.000000
vn 0.000000 0.000000 -1.000000
vn 0.000000 0.000000 -1.000000
vn 0.000000 0.000000 -1.000000
vn 0.000000 0.000000 -1.000000
vn 0.000000 0.000000 -1.000000
vn 0.000000 1.000000 0.000000
vn 0.000000 1.000000 0.000000
vn 0.000000 0.000000 -1.000000
vn 0.000000 0.000000 -1.000000
vn 0.000000 0.000000 -1.000000
vn 0.000000 0.000000 -1.000000
vn 0.000000 0.000000 -1.000000
vn 0.000000 0.000000 -1.000000
vn 1.000000 0.000000 0.000000
vn 1.000000 0.000000 0.000000
vn -0.000000 0.000000 1.000000
vn -0.000000 0.000000 1.000000
vn 0.000000 0.000000 1.000000
vn 0.000000 0.000000 1.000000
vn -0.000000 0.000000 1.000000
vn 0.000000 0.000000 1.000000
vn 0.000000 0.000000 1.000000
vn 0.000000 0.000000 1.000000
vn 0.000000 0.000000 1.000000
vn -1.000000 0.000000 -0.000000
vn -1.000000 0.000000 -0.000000
vn 0.000000 0.000000 -1.000000
vn -0.000000 0.000000 -1.000000
vn 0.000000 0.000000 -1.000000
vn 0.000000 0.000000 -1.000000
vn 0.000000 0.000000 -1.000000
vn 0.000000 0.000000 -1.000000
vn 0.000000 0.000000 -1.000000
vn 0.000000 0.000000 -1.000000
vn 0.000000 0.000000 -1.000000
vn 0.000000 0.000000 -1.000000
vn 0.000000 0.000000 -1.000000
vn 0.000000 0.000000 -1.000000
vn 0.000000 -0.000001 -1.000000
vn 0.000000 0.000000 -1.000000
vn 0.000000 0.000000 -1.000000
vn 0.000000 0.000000 -1.000000
vn 0.000000 0.000000 -1.000000
vn -0.000000 0.000000 -1.000000
vn 0.000000 0.000000 -1.000000
vn 0.000000 0.000000 -1.000000
vn 0.000000 0.000000 -1.000000
vn 0.000000 0.000000 -1.000000
vn 0.000000 0.000000 -1.000000
vn 0.000000 0.000000 -1.000000
vn 0.000000 0.000000 -1.000000
vn 0.000000 0.000000 -1.000000
vn 0.000000 0.000000 -1.000000
vn 0.000000 0.000000 -1.000000
vn -1.000000 0.000000 -0.000000
vn -1.000000 0.000000 -0.000000
vn -1.000000 0.000000 -0.000000
vn -1.000000 0.000000 -0.000000
vn 1.000000 0.000000 0.000000
vn 1.000000 0.000000 0.000000
vn 1.000000 0.000000 0.000000
vn 1.000000 0.000000 0.000000
vn 1.000000 0.000000 0.000000
vn 1.000000 0.000000 0.000000
vn -1.000000 0.000000 -0.000000
vn -1.000000 0.000000 -0.000000
vn -1.000000 0.000000 -0.000000
vn -1.000000 0.000000 -0.000000
vn 1.000000 0.000000 0.000000
vn 1.000000 0.000000 0.000000
vn 0.000000 -1.000000 0.000000
vn 0.000000 -1.000000 0.000000
vn 0.000000 -1.000000 0.000000
vn 0.000000 -1.000000 0.000000
vn 1.000000 0.000000 0.000000
vn 1.000000 0.000000 0.000000
vn -1.000000 0.000000 -0.000000
vn -1.000000 0.000000 -0.000000
vn 0.000000 1.000000 0.000000
vn 0.000000 1.000000 0.000000
vn 0.000000 1.000000 0.000000
vn 0.000000 1.000000 0.000000
vn -1.000000 0.000000 -0.000000
vn -1.000000 0.000000 -0.000000
vn -1.000000 0.000000 -0.000000
vn -1.000000 0.000000 -0.000000
vn 1.000000 0.000000 0.000000
vn 1.000000 0.000000 0.000000
vn 1.000000 0.000000 0.000000
vn 1.000000 0.000000 0.000000
vn 1.000000 0.000000 0.000000
vn 1.000000 0.000000 0.000000
vn -1.000000 0.000000 -0.000000
vn -1.000000 0.000000 -0.000000
vn -1.000000 0.000000 -0.000000
vn -1.000000 0.000000 -0.000000
vn 1.000000 0.000000 0.000000
vn 1.000000 0.000000 0.000000
vn 0.000000 -1.000000 0.000000
vn 0.000000 -1.000000 0.000000
vn 0.000000 -1.000000 0.000000
vn 0.000000 -1.000000 0.000000
vn 1.000000 0.000000 0.000000
vn 1.000000 0.000000 0.000000
vn -1.000000 0.000000 -0.000000
vn -1.000000 0.000000 -0.000000
vn 0.000000 1.000000 0.000000
vn 0.000000 1.000000 0.000000
vn 0.000000 1.000000 0.000000
vn 0.000000 1.000000 0.000000
vn 0.000000 1.000000 0.000000
vn 0.000000 1.000000 0.000000
vn 0.000000 1.000000 0.000000
vn 0.000000 1.000000 0.000000
vn 1.000000 0.000000 0.000000
vn 1.000000 0.000000 0.000000
vn 1.000000 0.000000 0.000000
vn 1.000000 0.000000 0.000000
vn 0.000000 -1.000000 0.000000
vn 0.000000 -1.000000 0.000000
vn 0.000000 -1.000000 0.000000
vn 0.000000 -1.000000 0.000000
vn 0.000000 1.000000 0.000000
vn 0.000000 1.000000 0.000000
vn 0.000000 -1.000000 0.000000
vn 0.000000 -1.000000 0.000000
vn -1.000000 0.000000 -0.000000
vn -1.000000 0.000000 -0.000000
vn -1.000000 0.000000 -0.000000
vn -1.000000 0.000000 -0.000000
vn 0.000000 -1.000000 0.000000
vn 0.000000 -1.000000 0.000000
vn 0.000000 -1.000000 0.000000
vn 0.000000 -1.000000 0.000000
vn -1.000000 0.000000 -0.000000
vn -1.000000 0.000000 -0.000000
vn -1.000000 0.000000 -0.000000
vn -1.000000 0.000000 -0.000000
vn -0.000000 1.000000 0.000000
vn -0.000000 1.000000 0.000000
vn -0.000000 1.000000 0.000000
vn -0.000000 1.000000 0.000000
vn 1.000000 0.000000 0.000000
vn 1.000000 0.000000 0.000000
vn 1.000000 0.000000 0.000000
vn 1.000000 0.000000 0.000000
vn 0.000000 -1.000000 0.000000
vn 0.000000 -1.000000 0.000000
vn 0.000000 1.000000 0.000000
vn 0.000000 1.000000 0.000000
vn -1.000000 0.000000 -0.000000
vn -1.000000 0.000000 -0.000000
vn 0.000000 0.000000 1.000000
vn 0.000000 0.000000 1.000000
vn 0.000000 0.000000 1.000000
vn -0.000000 0.000001 1.000000
vn -0.000000 0.000001 1.000000
vn 0.000000 0.000000 1.000000
vn 0.000000 0.000001 1.000000
vn -0.000000 0.000001 1.000000
vn -0.000000 0.000001 1.000000
vn 1.000000 0.000000 0.000000
vn 1.000000 0.000000 0.000000
vn -0.000000 0.000000 -1.000000
vn 0.000000 0.000000 -1.000000
vn 0.000000 0.000000 -1.000000
vn 0.000000 -0.000001 -1.000000
vn -0.000000 -0.000001 -1.000000
vn -0.000000 -0.000001 -1.000000
vn 0.000000 0.000000 -1.000000
vn 0.000000 0.000000 -1.000000
vn -0.000000 0.000000 -1.000000
vn 0.000000 0.000001 -1.000000
vn 0.000000 -1.000000 0.000000
vn 0.000000 -1.000000 0.000000
vn 0.000000 -1.000000 0.000000
vn 0.000000 -1.000000 0.000000
vn -1.000000 0.000000 -0.000000
vn -1.000000 0.000000 -0.000000
vn 0.000000 1.000000 0.000000
vn 0.000000 1.000000 0.000000
vn 0.000000 -1.000000 0.000000
vn 0.000000 -1.000000 0.000000
vn 0.000000 1.000000 0.000000
vn 0.000000 -1.000000 0.000000
vn 0.000000 -1.000000 0.000000
vn 0.000000 -1.000000 0.000000
vn 0.000000 -1.000000 0.000000
vn 0.000000 1.000000 0.000000
vn 0.000000 1.000000 0.000000
vn 1.000000 0.000000 0.000000
vn 1.000000 0.000000 0.000000
vn 0.000000 -1.000000 0.000000
vn 0.000000 -1.000000 0.000000
vn 0.000000 1.000000 0.000000
vn 0.000000 -1.000000 0.000000
vn 0.000000 -1.000000 0.000000
vn 0.000000 -1.000000 0.000000
vn 0.000000 -1.000000 0.000000
vn 0.000000 1.000000 0.000000
vn 0.000000 1.000000 0.000000
vn 0.000000 1.000000 0.000000
vn 0.000000 -1.000000 0.000000
vn 0.000000 -1.000000 0.000000
vn 0.000000 -1.000000 0.000000
vn 0.000000 -1.000000 0.000000
vn 0.000000 -1.000000 0.000000
vn 0.000000 0.000000 1.000000
vn 0.000000 0.000000 1.000000
vn 0.000000 1.000000 0.000000
vn 0.000000 1.000000 0.000000
vn 0.000000 1.000000 0.000000
vn 0.000000 0.000000 -1.000000
vn 0.000000 0.000000 -1.000000
vn 0.000000 -1.000000 0.000000
vn 0.000000 -1.000000 0.000000
vn 0.000000 -1.000000 0.000000
vn 0.000000 -1.000000 0.000000
vn 0.000000 -1.000000 0.000000
vn 1.000000 0.000000 0.000000
vn 1.000000 0.000000 0.000000
vn 0.000000 1.000000 0.000000
vn 0.000000 1.000000 0.000000
vn 0.000000 -1.000000 0.000000
vn 0.000000 -1.000000 0.000000
vn 0.000000 1.000000 0.000000
vn 0.000000 -1.000000 0.000000
vn 0.000000 -1.000000 0.000000
vn 0.000000 -1.000000 0.000000
vn 0.000000 -1.000000 0.000000
vn 0.000000 1.000000 0.000000
vn 0.000000 1.000000 0.000000
vn 0.000000 -1.000000 0.000000
vn 0.000000 1.000000 0.000000
vn 0.000000 1.000000 0.000000
vn 0.000000 1.000000 0.000000
vn 0.000000 -1.000000 0.000000
vn 0.000000 -1.000000 0.000000
vn 0.000000 -1.000000 0.000000
vn 0.000000 -1.000000 0.000000
vn 0.000000 -1.000000 0.000000
vn 0.000000 -1.000000 0.000000
vn 0.000000 1.000000 0.000000
vn 0.000000 1.000000 0.000000
vn -1.000000 0.000000 -0.000000
vn -1.000000 0.000000 -0.000000
vn 0.000000 -1.000000 0.000000
vn 0.000000 -1.000000 0.000000
vn 0.000000 -1.000000 0.000000
vn 0.000000 1.000000 0.000000
vn 0.000000 1.000000 0.000000
vn 0.000000 -1.000000 0.000000
vn 0.000000 0.000000 -1.000000
vn 0.000000 0.000000 -1.000000
vn 0.000000 1.000000 0.000000
vn 0.000000 1.000000 0.000000
vn 0.000000 0.000000 1.000000
vn 0.000000 0.000000 1.000000
vn 0.000000 -1.000000 0.000000
vn -0.500002 -0.866024 0.000000
vn -0.500002 -0.866024 0.000000
vn -0.707103 -0.707110 0.000000
vn -0.707103 -0.707110 0.000000
vn -0.965919 -0.258845 0.000000
vn -0.965919 -0.258845 0.000000
vn 0.500002 -0.866024 0.000000
vn 0.500002 -0.866024 0.000000
vn 0.707103 -0.707110 0.000000
vn 0.707103 -0.707110 0.000000
vn 0.965931 -0.258800 0.000000
vn 0.965931 -0.258800 0.000000
vn 0.000000 0.000000 1.000000
vn 0.000000 0.000000 1.000000
vn 0.000000 0.000000 1.000000
vn 0.000000 0.000000 1.000000
vn 0.000000 0.000000 1.000000
vn 0.000000 0.000000 -1.000000
vn 0.000000 0.000000 -1.000000
vn 0.000000 0.000000 -1.000000
vn 0.000000 0.000000 -1.000000
vn 0.000000 0.000000 -1.000000
vn 0.000000 -0.000000 -1.000000
vn 0.000000 -0.000000 -1.000000
vn 0.000000 -0.000000 -1.000000
vn 0.000000 -0.000000 -1.000000
vn 0.000000 -0.000000 -1.000000
vn 0.000000 0.000000 1.000000
vn 0.000000 0.000000 1.000000
vn 0.000000 0.000000 1.000000
vn 0.000000 0.000000 1.000000
vn 0.000000 0.000000 1.000000
s 1
g Draws9
usemtl initialShadingGroup
f 370/694/1002 371/695/1003 410/751/1004 411/752/1005
s 2
f 372/696/1006 373/697/1007 381/711/1008 378/707/1009
s 3
f 377/700/1010 376/981/1011 415/757/1012 416/758/1013
s 4
f 602/970/1014 606/978/1015 420/977/1016 421/967/1017
s 5
f 419/762/1018 410/751/1019 371/695/1020 380/710/1021
s 6
f 411/752/1022 412/753/1023 379/708/1024 370/694/1025
f 414/755/1026 415/756/1027 376/704/1028 382/713/1029
s 8
f 422/982/1030 423/968/1031 612/972/1032 614/983/1033
s 5
f 416/759/1034 417/760/1035 385/718/1036 377/702/1037
s 2
f 383/715/1038 384/716/1039 375/699/1040 374/698/1041
s 6
f 457/809/1042 458/810/1043 379/708/1024 412/753/1023
s 2
f 463/817/1044 454/806/1045 378/707/1009 381/711/1008
s 5
f 459/813/1046 460/814/1047 419/762/1018 380/710/1021
s 11
f 380/975/1048 379/709/1049 458/811/1050 459/812/1051
s 6
f 444/791/1052 445/793/1053 414/755/1026 382/713/1029
s 11
f 453/803/1054 444/792/1055 382/969/1056 385/979/1057
s 5
f 452/802/1058 453/804/1059 385/718/1036 417/760/1035
s 2
f 384/716/1039 383/715/1038 448/797/1060 449/798/1061
s 13
f 594/959/1062 595/960/1063 596/961/1064 597/962/1065
s 14
f 574/940/1066 575/937/1067 576/938/1068 577/939/1069
f 578/942/1070 579/941/1071 575/937/1067 574/940/1066
f 580/943/1072 581/944/1073 582/945/1074 583/946/1075
f 584/948/1076 585/947/1077 580/943/1072 583/946/1075
s 16
f 568/929/1078 569/930/1079 570/931/1080 571/932/1081
s 17
f 550/914/1082 551/911/1083 552/912/1084 553/913/1085
f 554/916/1086 555/915/1087 551/911/1083 550/914/1082
f 556/917/1088 557/918/1089 558/919/1090 559/920/1091
f 561/921/1092 560/922/1093 556/917/1088 559/920/1091
s 3
f 396/734/1094 395/733/1095 473/829/1096 474/830/1097
s 6
f 395/732/1098 394/731/1099 472/827/1100 473/828/1101
f 471/826/1102 472/827/1100 394/731/1099 446/794/1103
f 466/821/1104 467/822/1105 456/808/1106 392/729/1107
f 392/729/1107 391/728/1108 465/820/1109 466/821/1104
s 1
f 391/728/1110 390/727/1111 464/819/1112 465/820/1113
s 5
f 481/838/1114 464/819/1115 390/727/1116 399/738/1117
s 24
f 500/862/1118 501/859/1119 502/860/1120 503/861/1121
s 25
f 510/866/1122 511/863/1123 512/864/1124 513/865/1125
s 5
f 397/736/1126 396/735/1127 474/831/1128 475/832/1129
s 1
f 483/840/1130 484/841/1131 390/727/1111 391/728/1110
s 6
f 391/728/1108 392/729/1107 482/839/1132 483/840/1133
f 499/858/1134 482/839/1132 392/729/1107 456/808/1106
f 494/853/1135 495/854/1136 446/794/1103 394/731/1099
f 394/731/1099 395/732/1098 493/851/1137 494/853/1135
s 3
f 492/849/1138 493/852/1139 395/733/1095 396/734/1094
s 5
f 396/735/1127 397/736/1126 491/848/1140 492/850/1141
s 25
f 514/868/1142 515/867/1143 513/865/1125 512/864/1124
s 24
f 504/870/1144 505/869/1145 503/861/1121 502/860/1120
s 5
f 399/738/1117 390/727/1116 484/841/1146 485/842/1147
s 27
f 379/709/1148 380/975/1149 609/971/1150 603/974/1151
s 1
f 371/976/1003 370/701/1002 421/967/1152 420/977/1153
s 3
f 376/981/1011 377/700/1010 423/968/1154 422/982/1155
s 28
f 385/979/1156 382/969/1157 617/973/1158 613/980/1159
s 6
f 413/754/1160 425/765/1161 424/763/1162 387/721/1163
f 393/730/1164 426/766/1165 496/855/1166 497/856/1167
f 426/766/1165 393/730/1164 469/824/1168 470/825/1169
s 14
f 586/949/1170 587/950/1171 588/951/1172 589/952/1173
s 2
f 429/770/1174 428/769/1175 386/720/1176 389/725/1177
s 17
f 562/923/1178 563/924/1179 564/925/1180 565/926/1181
s 5
f 398/737/1182 431/773/1183 477/834/1184 478/835/1185
f 488/845/1186 489/846/1187 431/773/1183 398/737/1182
f 388/724/1188 433/776/1189 432/774/1190 418/761/1191
s 11
f 387/722/1192 424/764/1193 433/775/1194 388/723/1195
s 14
f 589/952/1173 590/953/1196 591/954/1197 586/949/1170
s 6
f 393/730/1164 436/780/1198 468/823/1199 469/824/1168
f 497/856/1167 498/857/1200 436/780/1198 393/730/1164
f 387/721/1163 438/782/1201 437/781/1202 413/754/1160
s 11
f 439/784/1203 438/783/1204 387/722/1192 388/723/1195
s 5
f 418/761/1191 440/786/1205 439/785/1206 388/724/1188
f 398/737/1182 441/787/1207 487/844/1208 488/845/1186
f 441/787/1207 398/737/1182 478/835/1185 479/836/1209
s 17
f 565/926/1181 566/927/1210 567/928/1211 562/923/1178
s 2
f 386/720/1176 434/778/1212 443/789/1213 389/725/1177
s 6
f 424/763/1162 425/765/1161 445/793/1053 444/791/1052
f 495/854/1136 496/855/1166 426/766/1165 446/794/1103
f 446/794/1103 426/766/1165 470/825/1169 471/826/1102
s 14
f 581/944/1073 588/951/1172 587/950/1171 582/945/1074
s 2
f 449/798/1061 448/797/1060 428/769/1175 429/770/1174
s 17
f 564/925/1180 563/924/1179 555/915/1087 554/916/1086
s 5
f 476/833/1214 477/834/1184 431/773/1183 451/801/1215
f 489/846/1187 490/847/1216 451/801/1215 431/773/1183
f 432/774/1190 433/776/1189 453/804/1059 452/802/1058
s 11
f 433/775/1194 424/764/1193 444/792/1055 453/803/1054
s 14
f 591/954/1197 590/953/1196 579/941/1071 578/942/1070
s 6
f 467/822/1105 468/823/1199 436/780/1198 456/808/1106
f 498/857/1200 499/858/1134 456/808/1106 436/780/1198
f 437/781/1202 438/782/1201 458/810/1043 457/809/1042
s 11
f 459/812/1051 458/811/1050 438/783/1204 439/784/1203
s 5
f 439/785/1206 440/786/1205 460/814/1047 459/813/1046
f 486/843/1217 487/844/1208 441/787/1207 461/815/1218
f 461/815/1218 441/787/1207 479/836/1209 480/837/1219
s 17
f 557/918/1089 567/928/1211 566/927/1210 558/919/1090
s 2
f 443/789/1213 434/778/1212 454/806/1045 463/817/1044
s 1
f 465/820/1113 464/819/1112 406/747/1220 405/746/1221
s 6
f 466/821/1104 465/820/1109 405/746/1222 404/745/1223
f 455/807/1224 467/822/1105 466/821/1104 404/745/1223
f 435/779/1225 468/823/1199 467/822/1105 455/807/1224
f 469/824/1168 468/823/1199 435/779/1225 403/744/1226
f 470/825/1169 469/824/1168 403/744/1226 427/767/1227
f 471/826/1102 470/825/1169 427/767/1227 447/795/1228
f 402/743/1229 472/827/1100 471/826/1102 447/795/1228
f 473/828/1101 472/827/1100 402/743/1229 401/741/1230
s 3
f 474/830/1097 473/829/1096 401/742/1231 400/739/1232
s 5
f 475/832/1129 474/831/1128 400/740/1233 409/750/1234
s 25
f 516/871/1235 511/863/1123 510/866/1122 517/872/1236
s 5
f 430/772/1237 477/834/1184 476/833/1214 450/800/1238
s 32
f 521/873/1239 520/874/1240 522/875/1241 523/876/1242
f 524/877/1243 521/873/1239 523/876/1242 525/878/1244
s 5
f 480/837/1219 479/836/1209 442/788/1245 462/816/1246
s 24
f 506/879/1247 501/859/1119 500/862/1118 507/880/1248
s 5
f 406/747/1249 464/819/1115 481/838/1114 407/748/1250
s 6
f 483/840/1133 482/839/1132 412/753/1023 411/752/1022
s 1
f 411/752/1005 410/751/1004 484/841/1131 483/840/1130
s 5
f 485/842/1147 484/841/1146 410/751/1019 419/762/1018
s 24
f 508/881/1251 505/869/1145 504/870/1144 509/882/1252
s 5
f 440/786/1205 487/844/1208 486/843/1217 460/814/1047
s 33
f 527/883/1253 526/884/1254 528/885/1255 529/886/1256
f 531/887/1257 530/888/1258 527/883/1253 529/886/1256
s 5
f 452/802/1058 490/847/1216 489/846/1187 432/774/1190
s 25
f 518/889/1259 515/867/1143 514/868/1142 519/890/1260
s 5
f 492/850/1141 491/848/1140 417/760/1035 416/759/1034
s 3
f 416/758/1013 415/757/1012 493/852/1139 492/849/1138
s 6
f 494/853/1135 493/851/1137 415/756/1027 414/755/1026
f 445/793/1053 495/854/1136 494/853/1135 414/755/1026
f 425/765/1161 496/855/1166 495/854/1136 445/793/1053
f 497/856/1167 496/855/1166 425/765/1161 413/754/1160
f 437/781/1202 498/857/1200 497/856/1167 413/754/1160
f 457/809/1042 499/858/1134 498/857/1200 437/781/1202
f 412/753/1023 482/839/1132 499/858/1134 457/809/1042
s 34
f 481/838/1261 399/738/1262 502/860/1263 501/859/1264
s 35
f 461/815/1265 480/837/1266 500/862/1267 503/861/1268
f 486/992/1269 461/993/1265 503/994/1268 505/995/1270
s 34
f 399/996/1262 485/997/1271 504/998/1272 502/999/1263
f 407/1000/1273 481/1001/1261 501/1002/1264 506/1003/1274
s 35
f 480/1004/1266 462/1005/1275 507/1006/1276 500/1007/1267
s off
f 462/1008/1277 407/1009/1278 506/1010/1279 507/1011/1280
s 35
f 460/1012/1281 486/1013/1269 505/1014/1270 508/1015/1282
s 34
f 485/1016/1271 419/1017/1283 509/1018/1284 504/1019/1272
s off
f 419/1020/1285 460/1021/1286 508/1022/1287 509/1023/1288
s 36
f 476/1024/1289 451/1025/1290 512/1026/1291 511/1027/1292
s 37
f 397/1028/1293 475/1029/1294 510/1030/1295 513/1031/1296
f 491/1032/1297 397/1033/1293 513/1034/1296 515/1035/1298
s 36
f 451/1036/1290 490/749/1299 514/1037/1300 512/1038/1291
f 450/1039/1301 476/1040/1289 511/1041/1292 516/1042/1302
s 37
f 475/1043/1294 409/1044/1303 517/1045/1304 510/1046/1295
s off
f 409/1044/1305 450/1039/1306 516/1042/1307 517/1045/1308
s 37
f 417/1047/1309 491/1048/1297 515/1049/1298 518/1050/1310
s 36
f 490/1051/1299 452/1052/1311 519/1053/1312 514/1054/1300
s off
f 452/1052/1313 417/1047/1314 518/1050/1315 519/1053/1316
s 38
f 478/1055/1317 477/1056/1318 520/1057/1319 521/1058/1320
s off
f 477/1059/1321 430/1060/1322 522/1061/1323 520/1062/1324
s 39
f 430/1060/1325 408/1063/1326 523/1064/1327 522/1061/1328
s 38
f 479/1065/1329 478/1066/1317 521/1067/1320 524/1068/1330
s 39
f 408/1069/1326 442/1070/1331 525/1071/1332 523/1072/1327
s off
f 442/1070/1333 479/1073/1334 524/1074/1335 525/1071/1336
s 40
f 488/1075/1337 487/1076/1338 526/1077/1339 527/1078/1340
s off
f 487/1076/1341 440/1079/1342 528/1080/1343 526/1077/1344
s 41
f 440/1081/1345 418/1082/1346 529/1083/1347 528/1084/1348
s off
f 432/1085/1349 489/1086/1350 530/1087/1351 531/1088/1352
s 40
f 489/1089/1353 488/1090/1337 527/1091/1340 530/1092/1354
s 41
f 418/1093/1346 432/1085/1355 531/1088/1356 529/1094/1347
s 3
f 400/739/1232 401/742/1231 533/894/1357 532/891/1358
s 6
f 534/895/1359 533/893/1360 401/741/1230 402/743/1229
f 447/795/1228 535/896/1361 534/895/1359 402/743/1229
f 427/767/1227 536/897/1362 535/896/1361 447/795/1228
f 537/898/1363 536/897/1362 427/767/1227 403/744/1226
f 403/744/1226 435/779/1225 538/899/1364 537/898/1363
f 539/900/1365 538/899/1364 435/779/1225 455/807/1224
f 540/901/1366 539/900/1365 455/807/1224 404/745/1223
f 541/902/1367 540/901/1366 404/745/1223 405/746/1222
s 1
f 405/746/1221 406/747/1220 542/903/1368 541/902/1369
s 5
f 543/904/1370 542/903/1371 406/747/1249 407/748/1250
f 462/816/1246 544/905/1372 543/904/1370 407/748/1250
f 442/788/1245 545/906/1373 544/905/1372 462/816/1246
f 546/907/1374 545/906/1373 442/788/1245 408/1095/1375
f 408/1095/1375 430/772/1237 547/908/1376 546/907/1374
f 548/909/1377 547/908/1376 430/772/1237 450/800/1238
f 549/910/1378 548/909/1377 450/800/1238 409/750/1234
f 532/892/1379 549/910/1378 409/750/1234 400/740/1233
s 42
f 549/910/1380 532/892/1381 552/912/1382 551/911/1383
s 16
f 568/936/1078 571/933/1081 572/934/1384 573/935/1385
s 2
f 375/703/1040 384/717/1039 550/914/1386 553/913/1387
s 42
f 548/909/1388 549/910/1380 551/911/1383 555/915/1389
s 2
f 384/717/1039 449/799/1061 554/916/1390 550/914/1386
s 42
f 543/904/1391 544/905/1392 557/918/1393 556/917/1394
s 2
f 463/818/1044 381/712/1008 559/920/1395 558/919/1396
s 13
f 596/961/1064 595/960/1063 598/963/1397 599/964/1398
s 42
f 542/903/1399 543/904/1391 556/917/1394 560/922/1400
s 2
f 381/712/1008 373/697/1007 561/921/1401 559/920/1395
s 42
f 546/907/1402 547/908/1403 563/924/1404 562/923/1405
s 2
f 429/771/1174 389/726/1177 565/926/1406 564/925/1407
f 389/726/1177 443/790/1213 566/927/1408 565/926/1406
s 42
f 545/906/1409 546/907/1402 562/923/1405 567/928/1410
f 547/908/1403 548/909/1388 555/915/1389 563/924/1404
s 2
f 449/799/1061 429/771/1174 564/925/1407 554/916/1390
s 42
f 544/905/1392 545/906/1409 567/928/1410 557/918/1393
s 2
f 443/790/1213 463/818/1044 558/919/1396 566/927/1408
s 42
f 532/891/1381 533/894/1411 569/930/1412 568/929/1413
s 14
f 585/958/1077 584/955/1076 592/956/1414 593/957/1415
s 2
f 374/698/1041 375/699/1040 571/932/1416 570/931/1417
f 375/703/1040 553/913/1387 572/934/1418 571/933/1416
s 17
f 553/913/1085 552/912/1084 573/935/1419 572/934/1420
s 42
f 552/912/1382 532/892/1381 568/936/1413 573/935/1421
f 540/901/1422 541/902/1423 576/938/1424 575/937/1425
s 13
f 594/959/1062 597/962/1065 600/965/1426 601/966/1427
s 2
f 372/696/1006 378/706/1009 574/940/1428 577/939/1429
s 42
f 539/900/1430 540/901/1422 575/937/1425 579/941/1431
s 2
f 378/706/1009 454/805/1045 578/942/1432 574/940/1428
s 42
f 534/895/1433 535/896/1434 581/944/1435 580/943/1436
s 2
f 448/796/1060 383/714/1038 583/946/1437 582/945/1438
s 42
f 533/893/1411 534/895/1433 580/943/1436 585/947/1439
s 2
f 383/714/1038 374/705/1041 584/948/1440 583/946/1437
f 386/719/1176 428/768/1175 587/950/1441 586/949/1442
s 42
f 536/897/1443 537/898/1444 589/952/1445 588/951/1446
f 537/898/1444 538/899/1447 590/953/1448 589/952/1445
s 2
f 434/777/1212 386/719/1176 586/949/1442 591/954/1449
s 42
f 535/896/1434 536/897/1443 588/951/1446 581/944/1435
s 2
f 428/768/1175 448/796/1060 582/945/1438 587/950/1441
s 42
f 538/899/1447 539/900/1430 579/941/1431 590/953/1448
s 2
f 454/805/1045 434/777/1212 591/954/1449 578/942/1432
f 374/698/1041 570/931/1417 592/956/1450 584/955/1440
s 16
f 570/931/1080 569/930/1079 593/957/1451 592/956/1452
s 42
f 569/930/1412 533/894/1411 585/958/1439 593/957/1453
f 541/902/1423 542/903/1399 595/960/1454 594/959/1455
s 2
f 373/697/1007 372/696/1006 597/962/1456 596/961/1457
s 42
f 542/903/1399 560/922/1400 598/963/1458 595/960/1454
s 17
f 560/922/1093 561/921/1092 599/964/1459 598/963/1460
s 2
f 561/921/1401 373/697/1007 596/961/1457 599/964/1461
f 372/696/1006 577/939/1429 600/965/1462 597/962/1456
s 14
f 577/939/1069 576/938/1068 601/966/1463 600/965/1464
s 42
f 576/938/1424 541/902/1423 594/959/1455 601/966/1465
s 4
f 602/970/1014 605/985/1466 607/986/1467 606/978/1015
f 605/985/1466 604/984/1468 608/987/1469 607/986/1467
s 27
f 604/984/1470 603/974/1151 609/971/1150 608/987/1471
s 8
f 612/972/1032 611/989/1472 615/990/1473 614/983/1033
f 611/989/1472 610/988/1474 616/991/1475 615/990/1473
s 28
f 610/988/1476 613/980/1159 617/973/1158 616/991/1477
s 6
f 602/970/1478 421/967/1479 370/701/1025 379/709/1024 603/974/1480 604/984/1481 605/985/1482
s 5
f 380/975/1021 371/976/1020 420/977/1483 606/978/1484 607/986/1485 608/987/1486 609/971/1487
f 610/988/1488 611/989/1489 612/972/1490 423/968/1491 377/700/1037 385/979/1036 613/980/1492
s 6
f 382/969/1029 376/981/1028 422/982/1493 614/983/1494 615/990/1495 616/991/1496 617/973/1497
