# This file uses centimeters as units for non-parametric coordinates.

mtllib Wall_Light.mtl
g default
v -2.837947 8.728044 -18.914020
v -2.840402 8.732860 -18.914020
v -2.844223 8.736682 -18.914020
v -2.849039 8.739135 -18.914020
v -2.854377 8.739981 -18.914020
v -2.859716 8.739135 -18.914020
v -2.864531 8.736682 -18.914020
v -2.868353 8.732860 -18.914020
v -2.870806 8.728044 -18.914020
v -2.871652 8.722706 -18.914020
v -2.870806 8.717368 -18.914020
v -2.868353 8.712552 -18.914020
v -2.864531 8.708730 -18.914020
v -2.859715 8.706277 -18.914020
v -2.854377 8.705431 -18.914020
v -2.849039 8.706277 -18.914020
v -2.844223 8.708730 -18.914020
v -2.840402 8.712552 -18.914020
v -2.837947 8.717368 -18.914020
v -2.837102 8.722706 -18.914020
v -2.837947 8.728044 -18.534274
v -2.840402 8.732860 -18.534275
v -2.844222 8.736682 -18.534274
v -2.849038 8.739135 -18.534275
v -2.854376 8.739981 -18.534275
v -2.859714 8.739135 -18.534275
v -2.864529 8.736682 -18.534275
v -2.868353 8.732860 -18.534275
v -2.870805 8.728044 -18.534275
v -2.871650 8.722706 -18.534274
v -2.870805 8.717368 -18.534275
v -2.868353 8.712552 -18.534275
v -2.864530 8.708730 -18.534275
v -2.859714 8.706277 -18.534275
v -2.854376 8.705431 -18.534275
v -2.849038 8.706277 -18.534275
v -2.844222 8.708730 -18.534275
v -2.840402 8.712552 -18.534275
v -2.837947 8.717368 -18.534274
v -2.837102 8.722706 -18.534274
v -2.854377 8.722706 -18.914020
v -2.854376 8.722706 -18.534275
vt 0.648603 0.107966
vt 0.626409 0.064408
vt 0.591842 0.029841
vt 0.548284 0.007647
vt 0.500000 -0.000000
vt 0.451716 0.007647
vt 0.408159 0.029841
vt 0.373591 0.064409
vt 0.351397 0.107966
vt 0.343750 0.156250
vt 0.351397 0.204534
vt 0.373591 0.248091
vt 0.408159 0.282659
vt 0.451716 0.304853
vt 0.500000 0.312500
vt 0.548284 0.304853
vt 0.591841 0.282659
vt 0.626409 0.248091
vt 0.648603 0.204534
vt 0.656250 0.156250
vt 0.375000 0.312500
vt 0.387500 0.312500
vt 0.400000 0.312500
vt 0.412500 0.312500
vt 0.425000 0.312500
vt 0.437500 0.312500
vt 0.450000 0.312500
vt 0.462500 0.312500
vt 0.475000 0.312500
vt 0.487500 0.312500
vt 0.500000 0.312500
vt 0.512500 0.312500
vt 0.525000 0.312500
vt 0.537500 0.312500
vt 0.550000 0.312500
vt 0.562500 0.312500
vt 0.575000 0.312500
vt 0.587500 0.312500
vt 0.600000 0.312500
vt 0.612500 0.312500
vt 0.625000 0.312500
vt 0.375000 0.687500
vt 0.387500 0.687500
vt 0.400000 0.687500
vt 0.412500 0.687500
vt 0.425000 0.687500
vt 0.437500 0.687500
vt 0.450000 0.687500
vt 0.462500 0.687500
vt 0.475000 0.687500
vt 0.487500 0.687500
vt 0.500000 0.687500
vt 0.512500 0.687500
vt 0.525000 0.687500
vt 0.537500 0.687500
vt 0.550000 0.687500
vt 0.562500 0.687500
vt 0.575000 0.687500
vt 0.587500 0.687500
vt 0.600000 0.687500
vt 0.612500 0.687500
vt 0.625000 0.687500
vt 0.648603 0.795466
vt 0.626409 0.751908
vt 0.591842 0.717341
vt 0.548284 0.695147
vt 0.500000 0.687500
vt 0.451716 0.695147
vt 0.408159 0.717341
vt 0.373591 0.751909
vt 0.351397 0.795466
vt 0.343750 0.843750
vt 0.351397 0.892034
vt 0.373591 0.935591
vt 0.408159 0.970159
vt 0.451716 0.992353
vt 0.500000 1.000000
vt 0.548284 0.992353
vt 0.591841 0.970159
vt 0.626409 0.935591
vt 0.648603 0.892034
vt 0.656250 0.843750
vt 0.500000 0.156250
vt 0.500000 0.843750
vn 0.951031 0.309095 -0.000001
vn 0.809002 0.587807 -0.000001
vn 0.809003 0.587804 -0.000001
vn 0.951031 0.309095 -0.000001
vn 0.587833 0.808982 -0.000000
vn 0.587835 0.808981 -0.000000
vn 0.309017 0.951056 -0.000000
vn 0.309018 0.951056 -0.000000
vn 0.000001 1.000000 0.000001
vn 0.000000 1.000000 0.000001
vn -0.309033 0.951051 0.000001
vn -0.309029 0.951053 0.000001
vn -0.587745 0.809046 0.000002
vn -0.587741 0.809049 0.000002
vn -0.808998 0.587811 0.000001
vn -0.808997 0.587812 0.000001
vn -0.951093 0.308906 0.000002
vn -0.951096 0.308896 0.000002
vn -1.000000 -0.000000 0.000003
vn -1.000000 -0.000001 0.000003
vn -0.951092 -0.308906 0.000002
vn -0.951096 -0.308897 0.000002
vn -0.809007 -0.587799 0.000001
vn -0.809006 -0.587801 0.000001
vn -0.587749 -0.809043 0.000001
vn -0.587745 -0.809046 0.000001
vn -0.309019 -0.951056 0.000001
vn -0.309016 -0.951057 0.000001
vn 0.000006 -1.000000 -0.000000
vn 0.000005 -1.000000 -0.000000
vn 0.309023 -0.951055 -0.000001
vn 0.309023 -0.951055 -0.000001
vn 0.587844 -0.808974 -0.000001
vn 0.587846 -0.808973 -0.000001
vn 0.809002 -0.587807 -0.000001
vn 0.809004 -0.587804 -0.000001
vn 0.951029 -0.309102 -0.000001
vn 0.951029 -0.309102 -0.000001
vn 1.000000 -0.000008 -0.000002
vn 1.000000 -0.000008 -0.000002
vn 0.000008 0.000002 -1.000000
vn -0.000006 0.000013 -1.000000
vn -0.000000 -0.000000 -1.000000
vn 0.000017 -0.000014 -1.000000
vn -0.000004 -0.000005 -1.000000
vn -0.000013 -0.000001 -1.000000
vn -0.000011 -0.000001 -1.000000
vn -0.000000 0.000008 -1.000000
vn 0.000008 0.000011 -1.000000
vn 0.000000 -0.000006 -1.000000
vn -0.000004 0.000000 -1.000000
vn -0.000001 0.000010 -1.000000
vn 0.000011 -0.000013 -1.000000
vn -0.000001 -0.000011 -1.000000
vn -0.000014 0.000003 -1.000000
vn -0.000011 0.000000 -1.000000
vn -0.000006 0.000004 -1.000000
vn 0.000015 0.000014 -1.000000
vn 0.000008 -0.000001 -1.000000
vn -0.000004 -0.000011 -1.000000
vn 0.000000 0.000000 -1.000000
vn -0.000025 0.000004 1.000000
vn -0.000011 0.000020 1.000000
vn -0.000016 -0.000001 1.000000
vn -0.000000 -0.000008 1.000000
vn -0.000017 0.000004 1.000000
vn -0.000006 0.000000 1.000000
vn -0.000045 -0.000012 1.000000
vn -0.000061 -0.000003 1.000000
vn -0.000034 0.000019 1.000000
vn -0.000006 0.000099 1.000000
vn 0.000025 0.000009 1.000000
vn 0.000003 -0.000094 1.000000
vn -0.000028 -0.000018 1.000000
vn -0.000039 0.000004 1.000000
vn -0.000034 0.000008 1.000000
vn -0.000006 0.000000 1.000000
vn 0.000000 -0.000003 1.000000
vn -0.000000 -0.000001 1.000000
vn -0.000011 -0.000028 1.000000
vn -0.000020 -0.000008 1.000000
vn -0.000006 -0.000006 1.000000
s 1
g Hallway_Masters:LampStick Hallway_Masters:LampBase3
usemtl initialShadingGroup
f 1/21/1 2/22/2 22/43/3 21/42/4
f 2/22/2 3/23/5 23/44/6 22/43/3
f 3/23/5 4/24/7 24/45/8 23/44/6
f 4/24/7 5/25/9 25/46/10 24/45/8
f 5/25/9 6/26/11 26/47/12 25/46/10
f 6/26/11 7/27/13 27/48/14 26/47/12
f 7/27/13 8/28/15 28/49/16 27/48/14
f 8/28/15 9/29/17 29/50/18 28/49/16
f 9/29/17 10/30/19 30/51/20 29/50/18
f 10/30/19 11/31/21 31/52/22 30/51/20
f 11/31/21 12/32/23 32/53/24 31/52/22
f 12/32/23 13/33/25 33/54/26 32/53/24
f 13/33/25 14/34/27 34/55/28 33/54/26
f 14/34/27 15/35/29 35/56/30 34/55/28
f 15/35/29 16/36/31 36/57/32 35/56/30
f 16/36/31 17/37/33 37/58/34 36/57/32
f 17/37/33 18/38/35 38/59/36 37/58/34
f 18/38/35 19/39/37 39/60/38 38/59/36
f 19/39/37 20/40/39 40/61/40 39/60/38
f 20/40/39 1/41/1 21/62/4 40/61/40
s 2
f 2/2/41 1/1/42 41/83/43
f 3/3/44 2/2/41 41/83/43
f 4/4/45 3/3/44 41/83/43
f 5/5/46 4/4/45 41/83/43
f 6/6/47 5/5/46 41/83/43
f 7/7/48 6/6/47 41/83/43
f 8/8/49 7/7/48 41/83/43
f 9/9/50 8/8/49 41/83/43
f 10/10/51 9/9/50 41/83/43
f 11/11/52 10/10/51 41/83/43
f 12/12/53 11/11/52 41/83/43
f 13/13/54 12/12/53 41/83/43
f 14/14/55 13/13/54 41/83/43
f 15/15/56 14/14/55 41/83/43
f 16/16/57 15/15/56 41/83/43
f 17/17/58 16/16/57 41/83/43
f 18/18/59 17/17/58 41/83/43
f 19/19/60 18/18/59 41/83/43
f 20/20/61 19/19/60 41/83/43
f 1/1/42 20/20/61 41/83/43
s 3
f 21/81/62 22/80/63 42/84/64
f 22/80/63 23/79/65 42/84/64
f 23/79/65 24/78/66 42/84/64
f 24/78/66 25/77/67 42/84/64
f 25/77/67 26/76/68 42/84/64
f 26/76/68 27/75/69 42/84/64
f 27/75/69 28/74/70 42/84/64
f 28/74/70 29/73/71 42/84/64
f 29/73/71 30/72/72 42/84/64
f 30/72/72 31/71/73 42/84/64
f 31/71/73 32/70/74 42/84/64
f 32/70/74 33/69/75 42/84/64
f 33/69/75 34/68/76 42/84/64
f 34/68/76 35/67/77 42/84/64
f 35/67/77 36/66/78 42/84/64
f 36/66/78 37/65/79 42/84/64
f 37/65/79 38/64/80 42/84/64
f 38/64/80 39/63/81 42/84/64
f 39/63/81 40/82/82 42/84/64
f 40/82/82 21/81/62 42/84/64
g default
v -2.329260 8.493398 -19.203851
v -2.407546 8.493398 -19.357497
v -2.529479 8.493398 -19.479431
v -2.683125 8.493398 -19.557717
v -2.853444 8.493398 -19.584693
v -3.023761 8.493398 -19.557717
v -3.177408 8.493398 -19.479431
v -3.299341 8.493398 -19.357497
v -3.377628 8.493398 -19.203850
v -3.404603 8.493398 -19.033533
v -3.377628 8.493398 -18.863214
v -3.299341 8.493398 -18.709569
v -3.177408 8.493398 -18.587635
v -3.023761 8.493398 -18.509348
v -2.853444 8.493398 -18.482373
v -2.683125 8.493398 -18.509348
v -2.529479 8.493398 -18.587635
v -2.407547 8.493398 -18.709569
v -2.329260 8.493398 -18.863214
v -2.302284 8.493398 -19.033533
v -2.558246 9.355544 -19.129448
v -2.602334 9.355544 -19.215975
v -2.671002 9.355544 -19.284643
v -2.757527 9.355544 -19.328731
v -2.853444 9.355544 -19.343922
v -2.949359 9.355544 -19.328731
v -3.035886 9.355544 -19.284643
v -3.104553 9.355544 -19.215975
v -3.148642 9.355544 -19.129448
v -3.163834 9.355544 -19.033533
v -3.148642 9.355544 -18.937617
v -3.104553 9.355544 -18.851090
v -3.035886 9.355544 -18.782422
v -2.949359 9.355544 -18.738335
v -2.853444 9.355544 -18.723143
v -2.757527 9.355544 -18.738335
v -2.671002 9.355544 -18.782422
v -2.602334 9.355544 -18.851090
v -2.558246 9.355544 -18.937617
v -2.543054 9.355544 -19.033533
v -2.306093 8.493398 -19.211378
v -2.387839 8.493398 -19.371814
v -2.582627 9.355544 -19.230293
v -2.535079 9.355544 -19.136975
v -2.515162 8.493398 -19.499137
v -2.656684 9.355544 -19.304349
v -2.675598 8.493398 -19.580883
v -2.750001 9.355544 -19.351897
v -2.853444 8.493398 -19.609051
v -2.853444 9.355544 -19.368281
v -3.031288 8.493398 -19.580883
v -2.956886 9.355544 -19.351897
v -3.191726 8.493398 -19.499137
v -3.050204 9.355544 -19.304349
v -3.319049 8.493398 -19.371814
v -3.124261 9.355544 -19.230292
v -3.400794 8.493398 -19.211378
v -3.171808 9.355544 -19.136975
v -3.428962 8.493398 -19.033533
v -3.188192 9.355544 -19.033533
v -3.400794 8.493398 -18.855687
v -3.171808 9.355544 -18.930090
v -3.319049 8.493398 -18.695251
v -3.124261 9.355544 -18.836773
v -3.191726 8.493398 -18.567928
v -3.050204 9.355544 -18.762716
v -3.031288 8.493398 -18.486182
v -2.956886 9.355544 -18.715168
v -2.853444 8.493398 -18.458014
v -2.853444 9.355544 -18.698785
v -2.675598 8.493398 -18.486182
v -2.750001 9.355544 -18.715168
v -2.515162 8.493398 -18.567928
v -2.656684 9.355544 -18.762716
v -2.387839 8.493398 -18.695251
v -2.582627 9.355544 -18.836773
v -2.306094 8.493398 -18.855687
v -2.535080 9.355544 -18.930090
v -2.277925 8.493398 -19.033533
v -2.518696 9.355544 -19.033533
vt 0.375000 0.312500
vt 0.387500 0.312500
vt 0.400000 0.312500
vt 0.412500 0.312500
vt 0.425000 0.312500
vt 0.437500 0.312500
vt 0.450000 0.312500
vt 0.462500 0.312500
vt 0.475000 0.312500
vt 0.487500 0.312500
vt 0.500000 0.312500
vt 0.512500 0.312500
vt 0.525000 0.312500
vt 0.537500 0.312500
vt 0.550000 0.312500
vt 0.562500 0.312500
vt 0.575000 0.312500
vt 0.587500 0.312500
vt 0.600000 0.312500
vt 0.612500 0.312500
vt 0.625000 0.312500
vt 0.375000 0.687500
vt 0.387500 0.687500
vt 0.400000 0.687500
vt 0.412500 0.687500
vt 0.425000 0.687500
vt 0.437500 0.687500
vt 0.450000 0.687500
vt 0.462500 0.687500
vt 0.475000 0.687500
vt 0.487500 0.687500
vt 0.500000 0.687500
vt 0.512500 0.687500
vt 0.525000 0.687500
vt 0.537500 0.687500
vt 0.550000 0.687500
vt 0.562500 0.687500
vt 0.575000 0.687500
vt 0.587500 0.687500
vt 0.600000 0.687500
vt 0.612500 0.687500
vt 0.625000 0.687500
vt 0.375000 0.312500
vt 0.387500 0.312500
vt 0.387500 0.687500
vt 0.375000 0.687500
vt 0.400000 0.312500
vt 0.400000 0.687500
vt 0.412500 0.312500
vt 0.412500 0.687500
vt 0.425000 0.312500
vt 0.425000 0.687500
vt 0.437500 0.312500
vt 0.437500 0.687500
vt 0.450000 0.312500
vt 0.450000 0.687500
vt 0.462500 0.312500
vt 0.462500 0.687500
vt 0.475000 0.312500
vt 0.475000 0.687500
vt 0.487500 0.312500
vt 0.487500 0.687500
vt 0.500000 0.312500
vt 0.500000 0.687500
vt 0.512500 0.312500
vt 0.512500 0.687500
vt 0.525000 0.312500
vt 0.525000 0.687500
vt 0.537500 0.312500
vt 0.537500 0.687500
vt 0.550000 0.312500
vt 0.550000 0.687500
vt 0.562500 0.312500
vt 0.562500 0.687500
vt 0.575000 0.312500
vt 0.575000 0.687500
vt 0.587500 0.312500
vt 0.587500 0.687500
vt 0.600000 0.312500
vt 0.600000 0.687500
vt 0.612500 0.312500
vt 0.612500 0.687500
vt 0.625000 0.312500
vt 0.625000 0.687500
vt 0.375000 0.312500
vt 0.387500 0.312500
vt 0.387500 0.687500
vt 0.375000 0.687500
vt 0.400000 0.312500
vt 0.400000 0.687500
vt 0.412500 0.312500
vt 0.412500 0.687500
vt 0.425000 0.312500
vt 0.425000 0.687500
vt 0.437500 0.312500
vt 0.437500 0.687500
vt 0.450000 0.312500
vt 0.450000 0.687500
vt 0.462500 0.312500
vt 0.462500 0.687500
vt 0.475000 0.312500
vt 0.475000 0.687500
vt 0.487500 0.312500
vt 0.487500 0.687500
vt 0.500000 0.312500
vt 0.500000 0.687500
vt 0.512500 0.312500
vt 0.512500 0.687500
vt 0.525000 0.312500
vt 0.525000 0.687500
vt 0.537500 0.312500
vt 0.537500 0.687500
vt 0.550000 0.312500
vt 0.550000 0.687500
vt 0.562500 0.312500
vt 0.562500 0.687500
vt 0.575000 0.312500
vt 0.575000 0.687500
vt 0.587500 0.312500
vt 0.587500 0.687500
vt 0.600000 0.312500
vt 0.600000 0.687500
vt 0.612500 0.312500
vt 0.612500 0.687500
vt 0.625000 0.312500
vt 0.625000 0.687500
vn 0.916007 0.268977 -0.297628
vn 0.779202 0.268977 -0.566123
vn 0.779202 0.268977 -0.566123
vn 0.916007 0.268977 -0.297628
vn 0.566123 0.268978 -0.779202
vn 0.566123 0.268978 -0.779202
vn 0.297628 0.268977 -0.916007
vn 0.297628 0.268977 -0.916007
vn -0.000000 0.268977 -0.963147
vn -0.000000 0.268977 -0.963147
vn -0.297628 0.268977 -0.916007
vn -0.297628 0.268977 -0.916007
vn -0.566121 0.268977 -0.779203
vn -0.566121 0.268977 -0.779203
vn -0.779202 0.268977 -0.566123
vn -0.779202 0.268977 -0.566123
vn -0.916008 0.268976 -0.297627
vn -0.916008 0.268976 -0.297626
vn -0.963147 0.268976 0.000000
vn -0.963147 0.268976 -0.000000
vn -0.916008 0.268977 0.297627
vn -0.916008 0.268977 0.297627
vn -0.779202 0.268977 0.566123
vn -0.779202 0.268977 0.566123
vn -0.566121 0.268977 0.779204
vn -0.566121 0.268977 0.779204
vn -0.297628 0.268977 0.916007
vn -0.297628 0.268977 0.916007
vn 0.000000 0.268977 0.963147
vn 0.000000 0.268977 0.963147
vn 0.297628 0.268977 0.916007
vn 0.297628 0.268977 0.916007
vn 0.566123 0.268977 0.779202
vn 0.566123 0.268977 0.779202
vn 0.779202 0.268977 0.566123
vn 0.779202 0.268977 0.566123
vn 0.916007 0.268977 0.297629
vn 0.916007 0.268977 0.297629
vn 0.963147 0.268977 0.000001
vn 0.963147 0.268977 0.000001
vn -0.916006 -0.268977 0.297630
vn -0.916006 -0.268977 0.297630
vn -0.779203 -0.268977 0.566122
vn -0.779203 -0.268977 0.566122
vn -0.566125 -0.268978 0.779200
vn -0.566125 -0.268978 0.779200
vn -0.297628 -0.268977 0.916007
vn -0.297628 -0.268977 0.916007
vn 0.000000 -0.268977 0.963147
vn 0.000000 -0.268977 0.963147
vn 0.297629 -0.268977 0.916007
vn 0.297629 -0.268977 0.916007
vn 0.566123 -0.268977 0.779202
vn 0.566123 -0.268977 0.779202
vn 0.779203 -0.268977 0.566122
vn 0.779203 -0.268977 0.566122
vn 0.916007 -0.268977 0.297630
vn 0.916007 -0.268977 0.297630
vn 0.963147 -0.268976 0.000000
vn 0.963147 -0.268976 -0.000000
vn 0.916006 -0.268977 -0.297630
vn 0.916006 -0.268977 -0.297630
vn 0.779202 -0.268977 -0.566123
vn 0.779202 -0.268977 -0.566123
vn 0.566122 -0.268977 -0.779202
vn 0.566123 -0.268977 -0.779202
vn 0.297628 -0.268977 -0.916007
vn 0.297628 -0.268977 -0.916007
vn -0.000000 -0.268977 -0.963147
vn -0.000000 -0.268977 -0.963147
vn -0.297628 -0.268977 -0.916007
vn -0.297628 -0.268977 -0.916007
vn -0.566125 -0.268977 -0.779200
vn -0.566126 -0.268977 -0.779200
vn -0.779203 -0.268977 -0.566122
vn -0.779203 -0.268977 -0.566122
vn -0.916006 -0.268976 -0.297632
vn -0.916006 -0.268976 -0.297631
vn -0.963147 -0.268977 -0.000001
vn -0.963147 -0.268977 -0.000001
vn 0.000000 -1.000000 0.000000
vn 0.000000 -1.000000 0.000001
vn 0.000000 -1.000000 0.000001
vn 0.000000 -1.000000 -0.000000
vn 0.000000 1.000000 0.000003
vn 0.000000 1.000000 0.000001
vn 0.000000 1.000000 0.000001
vn 0.000000 1.000000 0.000003
vn 0.000000 -1.000000 0.000000
vn 0.000000 -1.000000 0.000000
vn 0.000000 1.000000 0.000003
vn 0.000000 1.000000 0.000003
vn 0.000000 -1.000000 -0.000000
vn 0.000000 -1.000000 -0.000000
vn 0.000000 1.000000 0.000000
vn 0.000000 1.000000 0.000000
vn 0.000000 -1.000000 -0.000000
vn 0.000000 -1.000000 -0.000000
vn 0.000000 1.000000 0.000002
vn 0.000000 1.000000 0.000002
vn 0.000000 -1.000000 -0.000001
vn 0.000000 -1.000000 -0.000001
vn 0.000000 1.000000 0.000000
vn 0.000000 1.000000 0.000000
vn 0.000000 -1.000000 -0.000001
vn 0.000000 -1.000000 -0.000001
vn 0.000000 1.000000 -0.000001
vn 0.000000 1.000000 -0.000001
vn 0.000000 -1.000000 -0.000001
vn 0.000000 -1.000000 -0.000001
vn 0.000000 1.000000 0.000000
vn 0.000000 1.000000 -0.000000
vn 0.000000 -1.000000 -0.000001
vn 0.000000 -1.000000 -0.000001
vn 0.000000 1.000000 -0.000001
vn 0.000000 1.000000 -0.000001
vn 0.000000 -1.000000 0.000000
vn 0.000000 -1.000000 0.000000
vn 0.000000 1.000000 0.000000
vn 0.000000 1.000000 0.000000
vn 0.000000 -1.000000 -0.000000
vn 0.000000 -1.000000 -0.000000
vn 0.000000 1.000000 0.000003
vn 0.000000 1.000000 0.000003
vn 0.000000 -1.000000 -0.000001
vn 0.000000 -1.000000 -0.000001
vn 0.000000 1.000000 0.000001
vn 0.000000 1.000000 0.000001
vn 0.000000 -1.000000 -0.000001
vn 0.000000 -1.000000 -0.000001
vn 0.000000 1.000000 -0.000004
vn 0.000000 1.000000 -0.000004
vn 0.000000 -1.000000 0.000001
vn 0.000000 -1.000000 0.000001
vn 0.000000 1.000000 0.000001
vn 0.000000 1.000000 0.000001
vn 0.000000 -1.000000 0.000001
vn 0.000000 -1.000000 0.000001
vn 0.000000 1.000000 0.000002
vn 0.000000 1.000000 0.000002
vn 0.000000 -1.000000 -0.000000
vn 0.000000 -1.000000 -0.000000
vn 0.000000 1.000000 -0.000003
vn 0.000000 1.000000 -0.000003
vn 0.000000 -1.000000 -0.000002
vn 0.000000 -1.000000 -0.000002
vn 0.000000 1.000000 -0.000003
vn 0.000000 1.000000 -0.000003
vn 0.000000 -1.000000 -0.000002
vn 0.000000 -1.000000 -0.000002
vn 0.000000 1.000000 -0.000001
vn 0.000000 1.000000 -0.000001
vn 0.000000 -1.000000 -0.000000
vn 0.000000 -1.000000 -0.000000
vn 0.000000 1.000000 0.000001
vn 0.000000 1.000000 0.000001
vn 0.000000 -1.000000 0.000000
vn 0.000000 -1.000000 0.000000
vn 0.000000 1.000000 0.000001
vn 0.000000 1.000000 0.000001
s 1
g Hallway_Masters:LampBase3 Hallway_Masters:LampCover
usemtl initialShadingGroup
f 83/169/83 84/170/84 85/171/85 86/172/86
f 84/170/84 87/173/87 88/174/88 85/171/85
f 87/173/87 89/175/89 90/176/90 88/174/88
f 89/175/89 91/177/91 92/178/92 90/176/90
f 91/177/91 93/179/93 94/180/94 92/178/92
f 93/179/93 95/181/95 96/182/96 94/180/94
f 95/181/95 97/183/97 98/184/98 96/182/96
f 97/183/97 99/185/99 100/186/100 98/184/98
f 99/185/99 101/187/101 102/188/102 100/186/100
f 101/187/101 103/189/103 104/190/104 102/188/102
f 103/189/103 105/191/105 106/192/106 104/190/104
f 105/191/105 107/193/107 108/194/108 106/192/106
f 107/193/107 109/195/109 110/196/110 108/194/108
f 109/195/109 111/197/111 112/198/112 110/196/110
f 111/197/111 113/199/113 114/200/114 112/198/112
f 113/199/113 115/201/115 116/202/116 114/200/114
f 115/201/115 117/203/117 118/204/118 116/202/116
f 117/203/117 119/205/119 120/206/120 118/204/118
f 119/205/119 121/207/121 122/208/122 120/206/120
f 121/207/121 83/209/83 86/210/86 122/208/122
s 2
f 43/127/123 63/130/124 64/129/125 44/128/126
f 44/128/126 64/129/125 65/132/127 45/131/128
f 45/131/128 65/132/127 66/134/129 46/133/130
f 46/133/130 66/134/129 67/136/131 47/135/132
f 47/135/132 67/136/131 68/138/133 48/137/134
f 48/137/134 68/138/133 69/140/135 49/139/136
f 49/139/136 69/140/135 70/142/137 50/141/138
f 50/141/138 70/142/137 71/144/139 51/143/140
f 51/143/140 71/144/139 72/146/141 52/145/142
f 52/145/142 72/146/141 73/148/143 53/147/144
f 53/147/144 73/148/143 74/150/145 54/149/146
f 54/149/146 74/150/145 75/152/147 55/151/148
f 55/151/148 75/152/147 76/154/149 56/153/150
f 56/153/150 76/154/149 77/156/151 57/155/152
f 57/155/152 77/156/151 78/158/153 58/157/154
f 58/157/154 78/158/153 79/160/155 59/159/156
f 59/159/156 79/160/155 80/162/157 60/161/158
f 60/161/158 80/162/157 81/164/159 61/163/160
f 61/163/160 81/164/159 82/166/161 62/165/162
f 62/165/162 82/166/161 63/168/124 43/167/123
s 3
f 43/85/163 44/86/164 84/170/165 83/169/166
s 4
f 64/107/167 63/106/168 86/172/169 85/171/170
s 3
f 44/86/164 45/87/171 87/173/172 84/170/165
s 4
f 65/108/173 64/107/167 85/171/170 88/174/174
s 3
f 45/87/171 46/88/175 89/175/176 87/173/172
s 4
f 66/109/177 65/108/173 88/174/174 90/176/178
s 3
f 46/88/175 47/89/179 91/177/180 89/175/176
s 4
f 67/110/181 66/109/177 90/176/178 92/178/182
s 3
f 47/89/179 48/90/183 93/179/184 91/177/180
s 4
f 68/111/185 67/110/181 92/178/182 94/180/186
s 3
f 48/90/183 49/91/187 95/181/188 93/179/184
s 4
f 69/112/189 68/111/185 94/180/186 96/182/190
s 3
f 49/91/187 50/92/191 97/183/192 95/181/188
s 4
f 70/113/193 69/112/189 96/182/190 98/184/194
s 3
f 50/92/191 51/93/195 99/185/196 97/183/192
s 4
f 71/114/197 70/113/193 98/184/194 100/186/198
s 3
f 51/93/195 52/94/199 101/187/200 99/185/196
s 4
f 72/115/201 71/114/197 100/186/198 102/188/202
s 3
f 52/94/199 53/95/203 103/189/204 101/187/200
s 4
f 73/116/205 72/115/201 102/188/202 104/190/206
s 3
f 53/95/203 54/96/207 105/191/208 103/189/204
s 4
f 74/117/209 73/116/205 104/190/206 106/192/210
s 3
f 54/96/207 55/97/211 107/193/212 105/191/208
s 4
f 75/118/213 74/117/209 106/192/210 108/194/214
s 3
f 55/97/211 56/98/215 109/195/216 107/193/212
s 4
f 76/119/217 75/118/213 108/194/214 110/196/218
s 3
f 56/98/215 57/99/219 111/197/220 109/195/216
s 4
f 77/120/221 76/119/217 110/196/218 112/198/222
s 3
f 57/99/219 58/100/223 113/199/224 111/197/220
s 4
f 78/121/225 77/120/221 112/198/222 114/200/226
s 3
f 58/100/223 59/101/227 115/201/228 113/199/224
s 4
f 79/122/229 78/121/225 114/200/226 116/202/230
s 3
f 59/101/227 60/102/231 117/203/232 115/201/228
s 4
f 80/123/233 79/122/229 116/202/230 118/204/234
s 3
f 60/102/231 61/103/235 119/205/236 117/203/232
s 4
f 81/124/237 80/123/233 118/204/234 120/206/238
s 3
f 61/103/235 62/104/239 121/207/240 119/205/236
s 4
f 82/125/241 81/124/237 120/206/238 122/208/242
s 3
f 62/104/239 43/105/163 83/209/166 121/207/240
s 4
f 63/126/168 82/125/241 122/208/242 86/210/169
g default
v -3.355615 8.724028 -19.042304
v -3.355615 8.728843 -19.039850
v -3.355615 8.732665 -19.036028
v -3.355615 8.735119 -19.031213
v -3.355615 8.735964 -19.025874
v -3.355615 8.735119 -19.020536
v -3.355615 8.732665 -19.015721
v -3.355615 8.728843 -19.011899
v -3.355615 8.724028 -19.009445
v -3.355615 8.718689 -19.008600
v -3.355615 8.713351 -19.009445
v -3.355615 8.708536 -19.011899
v -3.355615 8.704714 -19.015721
v -3.355615 8.702260 -19.020536
v -3.355615 8.701415 -19.025874
v -3.355615 8.702260 -19.031213
v -3.355615 8.704714 -19.036028
v -3.355615 8.708536 -19.039850
v -3.355615 8.713351 -19.042304
v -3.355615 8.718689 -19.043149
v -2.974178 8.724028 -19.042304
v -2.974178 8.728843 -19.039850
v -2.974178 8.732665 -19.036028
v -2.974178 8.735119 -19.031213
v -2.974178 8.735964 -19.025874
v -2.974178 8.735119 -19.020536
v -2.974178 8.732665 -19.015721
v -2.974178 8.728843 -19.011899
v -2.974178 8.724028 -19.009445
v -2.974178 8.718689 -19.008600
v -2.974178 8.713351 -19.009445
v -2.974178 8.708535 -19.011899
v -2.974178 8.704714 -19.015721
v -2.974178 8.702260 -19.020536
v -2.974178 8.701414 -19.025874
v -2.974178 8.702260 -19.031213
v -2.974178 8.704714 -19.036028
v -2.974178 8.708535 -19.039850
v -2.974178 8.713351 -19.042304
v -2.974178 8.718689 -19.043149
v -3.355615 8.718689 -19.025874
v -2.974178 8.718689 -19.025874
vt 0.648603 0.107966
vt 0.626409 0.064408
vt 0.591842 0.029841
vt 0.548284 0.007647
vt 0.500000 -0.000000
vt 0.451716 0.007647
vt 0.408159 0.029841
vt 0.373591 0.064409
vt 0.351397 0.107966
vt 0.343750 0.156250
vt 0.351397 0.204534
vt 0.373591 0.248091
vt 0.408159 0.282659
vt 0.451716 0.304853
vt 0.500000 0.312500
vt 0.548284 0.304853
vt 0.591841 0.282659
vt 0.626409 0.248091
vt 0.648603 0.204534
vt 0.656250 0.156250
vt 0.375000 0.312500
vt 0.387500 0.312500
vt 0.400000 0.312500
vt 0.412500 0.312500
vt 0.425000 0.312500
vt 0.437500 0.312500
vt 0.450000 0.312500
vt 0.462500 0.312500
vt 0.475000 0.312500
vt 0.487500 0.312500
vt 0.500000 0.312500
vt 0.512500 0.312500
vt 0.525000 0.312500
vt 0.537500 0.312500
vt 0.550000 0.312500
vt 0.562500 0.312500
vt 0.575000 0.312500
vt 0.587500 0.312500
vt 0.600000 0.312500
vt 0.612500 0.312500
vt 0.625000 0.312500
vt 0.375000 0.687500
vt 0.387500 0.687500
vt 0.400000 0.687500
vt 0.412500 0.687500
vt 0.425000 0.687500
vt 0.437500 0.687500
vt 0.450000 0.687500
vt 0.462500 0.687500
vt 0.475000 0.687500
vt 0.487500 0.687500
vt 0.500000 0.687500
vt 0.512500 0.687500
vt 0.525000 0.687500
vt 0.537500 0.687500
vt 0.550000 0.687500
vt 0.562500 0.687500
vt 0.575000 0.687500
vt 0.587500 0.687500
vt 0.600000 0.687500
vt 0.612500 0.687500
vt 0.625000 0.687500
vt 0.648603 0.795466
vt 0.626409 0.751908
vt 0.591842 0.717341
vt 0.548284 0.695147
vt 0.500000 0.687500
vt 0.451716 0.695147
vt 0.408159 0.717341
vt 0.373591 0.751909
vt 0.351397 0.795466
vt 0.343750 0.843750
vt 0.351397 0.892034
vt 0.373591 0.935591
vt 0.408159 0.970159
vt 0.451716 0.992353
vt 0.500000 1.000000
vt 0.548284 0.992353
vt 0.591841 0.970159
vt 0.626409 0.935591
vt 0.648603 0.892034
vt 0.656250 0.843750
vt 0.500000 0.156250
vt 0.500000 0.843750
vn -0.000000 0.309022 -0.951055
vn -0.000000 0.587778 -0.809022
vn -0.000000 0.587777 -0.809023
vn -0.000000 0.309022 -0.951055
vn 0.000000 0.809014 -0.587789
vn 0.000000 0.809014 -0.587790
vn 0.000000 0.951062 -0.309000
vn 0.000000 0.951062 -0.309000
vn 0.000000 1.000000 -0.000016
vn 0.000000 1.000000 -0.000018
vn 0.000000 0.951062 0.309000
vn 0.000000 0.951063 0.308999
vn 0.000000 0.809005 0.587802
vn 0.000000 0.809006 0.587801
vn -0.000000 0.587777 0.809023
vn -0.000000 0.587777 0.809023
vn -0.000000 0.309018 0.951056
vn -0.000000 0.309016 0.951057
vn -0.000000 -0.000002 1.000000
vn -0.000000 -0.000002 1.000000
vn -0.000000 -0.309022 0.951055
vn -0.000000 -0.309020 0.951055
vn -0.000000 -0.587783 0.809018
vn -0.000000 -0.587785 0.809017
vn 0.000000 -0.809013 0.587791
vn 0.000000 -0.809013 0.587791
vn 0.000000 -0.951058 0.309014
vn 0.000000 -0.951058 0.309013
vn 0.000000 -1.000000 -0.000014
vn 0.000000 -1.000000 -0.000017
vn 0.000000 -0.951057 -0.309016
vn 0.000000 -0.951057 -0.309016
vn 0.000000 -0.809014 -0.587790
vn 0.000000 -0.809014 -0.587790
vn -0.000000 -0.587784 -0.809018
vn -0.000000 -0.587784 -0.809018
vn -0.000000 -0.309024 -0.951054
vn -0.000000 -0.309024 -0.951054
vn -0.000000 -0.000001 -1.000000
vn -0.000000 0.000000 -1.000000
vn -1.000000 0.000008 -0.000003
vn -1.000000 0.000011 -0.000001
vn -1.000000 0.000000 -0.000006
vn -1.000000 -0.000000 -0.000010
vn -1.000000 -0.000003 -0.000008
vn -1.000000 -0.000001 0.000000
vn -1.000000 0.000004 -0.000011
vn -1.000000 0.000006 -0.000019
vn -1.000000 -0.000006 -0.000009
vn -1.000000 0.000000 -0.000005
vn -1.000000 -0.000000 -0.000007
vn -1.000000 -0.000000 -0.000005
vn -1.000000 -0.000006 -0.000014
vn -1.000000 -0.000001 -0.000003
vn -1.000000 0.000009 -0.000006
vn -1.000000 -0.000002 -0.000021
vn -1.000000 -0.000004 -0.000001
vn -1.000000 -0.000003 0.000000
vn -1.000000 -0.000006 -0.000003
vn -1.000000 -0.000006 0.000002
vn -1.000000 0.000006 0.000000
vn 1.000000 0.000011 0.000005
vn 1.000000 0.000034 0.000004
vn 1.000000 -0.000002 0.000004
vn 1.000000 -0.000006 -0.000007
vn 1.000000 -0.000006 -0.000006
vn 1.000000 0.000000 0.000018
vn 1.000000 -0.000003 0.000009
vn 1.000000 0.000003 0.000002
vn 1.000000 0.000006 0.000012
vn 1.000000 0.000000 0.000003
vn 1.000000 0.000000 0.000004
vn 1.000000 0.000000 0.000003
vn 1.000000 -0.000011 0.000012
vn 1.000000 -0.000011 0.000002
vn 1.000000 -0.000003 0.000009
vn 1.000000 0.000000 0.000012
vn 1.000000 -0.000011 -0.000001
vn 1.000000 -0.000008 -0.000000
vn 1.000000 -0.000006 -0.000003
vn 1.000000 -0.000011 0.000002
vn 1.000000 -0.000022 0.000000
s 1
g Hallway_Masters:LampBase3 Hallway_Masters:LampStick2
usemtl initialShadingGroup
f 123/231/243 124/232/244 144/253/245 143/252/246
f 124/232/244 125/233/247 145/254/248 144/253/245
f 125/233/247 126/234/249 146/255/250 145/254/248
f 126/234/249 127/235/251 147/256/252 146/255/250
f 127/235/251 128/236/253 148/257/254 147/256/252
f 128/236/253 129/237/255 149/258/256 148/257/254
f 129/237/255 130/238/257 150/259/258 149/258/256
f 130/238/257 131/239/259 151/260/260 150/259/258
f 131/239/259 132/240/261 152/261/262 151/260/260
f 132/240/261 133/241/263 153/262/264 152/261/262
f 133/241/263 134/242/265 154/263/266 153/262/264
f 134/242/265 135/243/267 155/264/268 154/263/266
f 135/243/267 136/244/269 156/265/270 155/264/268
f 136/244/269 137/245/271 157/266/272 156/265/270
f 137/245/271 138/246/273 158/267/274 157/266/272
f 138/246/273 139/247/275 159/268/276 158/267/274
f 139/247/275 140/248/277 160/269/278 159/268/276
f 140/248/277 141/249/279 161/270/280 160/269/278
f 141/249/279 142/250/281 162/271/282 161/270/280
f 142/250/281 123/251/243 143/272/246 162/271/282
s 2
f 124/212/283 123/211/284 163/293/285
f 125/213/286 124/212/283 163/293/285
f 126/214/287 125/213/286 163/293/285
f 127/215/288 126/214/287 163/293/285
f 128/216/289 127/215/288 163/293/285
f 129/217/290 128/216/289 163/293/285
f 130/218/291 129/217/290 163/293/285
f 131/219/292 130/218/291 163/293/285
f 132/220/293 131/219/292 163/293/285
f 133/221/294 132/220/293 163/293/285
f 134/222/295 133/221/294 163/293/285
f 135/223/296 134/222/295 163/293/285
f 136/224/297 135/223/296 163/293/285
f 137/225/298 136/224/297 163/293/285
f 138/226/299 137/225/298 163/293/285
f 139/227/300 138/226/299 163/293/285
f 140/228/301 139/227/300 163/293/285
f 141/229/302 140/228/301 163/293/285
f 142/230/303 141/229/302 163/293/285
f 123/211/284 142/230/303 163/293/285
s 3
f 143/291/304 144/290/305 164/294/306
f 144/290/305 145/289/307 164/294/306
f 145/289/307 146/288/308 164/294/306
f 146/288/308 147/287/309 164/294/306
f 147/287/309 148/286/310 164/294/306
f 148/286/310 149/285/311 164/294/306
f 149/285/311 150/284/312 164/294/306
f 150/284/312 151/283/313 164/294/306
f 151/283/313 152/282/314 164/294/306
f 152/282/314 153/281/315 164/294/306
f 153/281/315 154/280/316 164/294/306
f 154/280/316 155/279/317 164/294/306
f 155/279/317 156/278/318 164/294/306
f 156/278/318 157/277/319 164/294/306
f 157/277/319 158/276/320 164/294/306
f 158/276/320 159/275/321 164/294/306
f 159/275/321 160/274/322 164/294/306
f 160/274/322 161/273/323 164/294/306
f 161/273/323 162/292/324 164/294/306
f 162/292/324 143/291/304 164/294/306
g default
v -3.681964 8.019257 -19.106958
v -3.681964 7.981905 -19.180265
v -3.681964 7.923729 -19.238442
v -3.681964 7.850422 -19.275793
v -3.681964 7.769160 -19.288664
v -3.681964 7.687899 -19.275793
v -3.681964 7.614592 -19.238442
v -3.681964 7.556415 -19.180265
v -3.681964 7.519064 -19.106958
v -3.681964 7.506193 -19.025697
v -3.681964 7.519064 -18.944435
v -3.681964 7.556415 -18.871128
v -3.681964 7.614592 -18.812952
v -3.681964 7.687899 -18.775600
v -3.681964 7.769160 -18.762729
v -3.681964 7.850422 -18.775600
v -3.681964 7.923728 -18.812952
v -3.681964 7.981905 -18.871128
v -3.681964 8.019257 -18.944435
v -3.681964 8.032127 -19.025697
v -3.713672 8.019257 -19.106958
v -3.713672 7.981905 -19.180265
v -3.713672 7.923729 -19.238442
v -3.713672 7.850422 -19.275793
v -3.713672 7.769160 -19.288664
v -3.713672 7.687899 -19.275793
v -3.713672 7.614592 -19.238442
v -3.713672 7.556415 -19.180265
v -3.713672 7.519064 -19.106958
v -3.713672 7.506193 -19.025697
v -3.713672 7.519064 -18.944435
v -3.713672 7.556415 -18.871128
v -3.713672 7.614592 -18.812952
v -3.713672 7.687899 -18.775600
v -3.713672 7.769160 -18.762729
v -3.713672 7.850422 -18.775600
v -3.713672 7.923728 -18.812952
v -3.713672 7.981905 -18.871128
v -3.713672 8.019257 -18.944435
v -3.713672 8.032127 -19.025697
v -3.713672 7.769160 -19.025697
v -3.647557 7.999000 -19.100376
v -3.647557 7.964673 -19.167745
v -3.647557 7.911209 -19.221210
v -3.647557 7.843840 -19.255536
v -3.647557 7.769160 -19.267364
v -3.647557 7.694481 -19.255536
v -3.647557 7.627112 -19.221210
v -3.647557 7.573647 -19.167745
v -3.647557 7.539321 -19.100376
v -3.647557 7.527493 -19.025697
v -3.647557 7.539321 -18.951017
v -3.647557 7.573647 -18.883648
v -3.647557 7.627111 -18.830183
v -3.647557 7.694481 -18.795857
v -3.647557 7.769160 -18.784029
v -3.647557 7.843840 -18.795857
v -3.647557 7.911209 -18.830183
v -3.647557 7.964673 -18.883648
v -3.647557 7.999000 -18.951017
v -3.647557 8.010828 -19.025697
v -3.647557 7.978743 -19.093794
v -3.647557 7.947442 -19.155226
v -3.647557 7.898689 -19.203978
v -3.647557 7.837258 -19.235279
v -3.647557 7.769160 -19.246065
v -3.647557 7.701063 -19.235279
v -3.647557 7.639631 -19.203978
v -3.647557 7.590879 -19.155226
v -3.647557 7.559578 -19.093794
v -3.647557 7.548792 -19.025697
v -3.647557 7.559578 -18.957599
v -3.647557 7.590879 -18.896168
v -3.647557 7.639631 -18.847415
v -3.647557 7.701063 -18.816114
v -3.647557 7.769160 -18.805329
v -3.647557 7.837258 -18.816114
v -3.647557 7.898689 -18.847415
v -3.647557 7.947442 -18.896168
v -3.647557 7.978743 -18.957599
v -3.647557 7.989528 -19.025697
v -3.614071 7.958485 -19.087212
v -3.614071 7.930210 -19.142706
v -3.614071 7.886170 -19.186746
v -3.614071 7.830676 -19.215022
v -3.614071 7.769160 -19.224765
v -3.614071 7.707645 -19.215022
v -3.614071 7.652151 -19.186746
v -3.614071 7.608111 -19.142706
v -3.614071 7.579835 -19.087212
v -3.614071 7.570092 -19.025697
v -3.614071 7.579835 -18.964181
v -3.614071 7.608111 -18.908687
v -3.614071 7.652151 -18.864647
v -3.614071 7.707645 -18.836371
v -3.614071 7.769160 -18.826628
v -3.614071 7.830676 -18.836371
v -3.614071 7.886169 -18.864647
v -3.614071 7.930210 -18.908687
v -3.614071 7.958485 -18.964181
v -3.614071 7.968228 -19.025697
v -3.614071 7.938228 -19.080630
v -3.614071 7.912978 -19.130187
v -3.614071 7.873650 -19.169515
v -3.614071 7.824094 -19.194765
v -3.614071 7.769160 -19.203465
v -3.614071 7.714226 -19.194765
v -3.614071 7.664670 -19.169515
v -3.614071 7.625342 -19.130186
v -3.614071 7.600092 -19.080630
v -3.614071 7.591391 -19.025697
v -3.614071 7.600092 -18.970763
v -3.614071 7.625342 -18.921207
v -3.614071 7.664670 -18.881879
v -3.614071 7.714226 -18.856628
v -3.614071 7.769160 -18.847928
v -3.614071 7.824094 -18.856628
v -3.614071 7.873650 -18.881879
v -3.614071 7.912978 -18.921207
v -3.614071 7.938228 -18.970763
v -3.614071 7.946929 -19.025697
v -3.532811 7.882521 -19.062530
v -3.532811 7.865591 -19.095758
v -3.532811 7.839221 -19.122127
v -3.532811 7.805994 -19.139058
v -3.532812 7.769160 -19.144892
v -3.532811 7.732327 -19.139058
v -3.532811 7.699099 -19.122127
v -3.532811 7.672730 -19.095758
v -3.532811 7.655799 -19.062530
v -3.532812 7.649965 -19.025697
v -3.532811 7.655799 -18.988863
v -3.532811 7.672730 -18.955636
v -3.532811 7.699099 -18.929266
v -3.532812 7.732327 -18.912336
v -3.532812 7.769160 -18.906502
v -3.532812 7.805994 -18.912336
v -3.532811 7.839221 -18.929266
v -3.532811 7.865591 -18.955636
v -3.532812 7.882521 -18.988863
v -3.532812 7.888355 -19.025697
v -3.532811 7.862264 -19.055948
v -3.532812 7.848359 -19.083238
v -3.532812 7.826702 -19.104896
v -3.532812 7.799412 -19.118801
v -3.532812 7.769160 -19.123592
v -3.532812 7.738909 -19.118801
v -3.532812 7.711619 -19.104896
v -3.532812 7.689961 -19.083238
v -3.532812 7.676056 -19.055948
v -3.532811 7.671265 -19.025697
v -3.532811 7.676056 -18.995445
v -3.532812 7.689961 -18.968155
v -3.532812 7.711619 -18.946498
v -3.532812 7.738909 -18.932593
v -3.532812 7.769160 -18.927801
v -3.532812 7.799411 -18.932593
v -3.532812 7.826701 -18.946498
v -3.532812 7.848359 -18.968155
v -3.532812 7.862264 -18.995445
v -3.532811 7.867055 -19.025697
v -3.509612 7.842007 -19.049366
v -3.509612 7.831127 -19.070718
v -3.509612 7.814182 -19.087664
v -3.509612 7.792830 -19.098543
v -3.509612 7.769160 -19.102292
v -3.509612 7.745491 -19.098543
v -3.509612 7.724138 -19.087664
v -3.509612 7.707193 -19.070718
v -3.509612 7.696313 -19.049366
v -3.509612 7.692565 -19.025697
v -3.509612 7.696313 -19.002027
v -3.509612 7.707193 -18.980675
v -3.509612 7.724138 -18.963729
v -3.509612 7.745491 -18.952850
v -3.509612 7.769160 -18.949101
v -3.509612 7.792829 -18.952850
v -3.509612 7.814182 -18.963729
v -3.509612 7.831127 -18.980675
v -3.509612 7.842007 -19.002027
v -3.509612 7.845756 -19.025697
v -3.509612 7.821750 -19.042784
v -3.509612 7.813896 -19.058199
v -3.509612 7.801662 -19.070432
v -3.509612 7.786248 -19.078286
v -3.509612 7.769160 -19.080993
v -3.509612 7.752073 -19.078286
v -3.509612 7.736658 -19.070432
v -3.509612 7.724425 -19.058199
v -3.509612 7.716571 -19.042784
v -3.509612 7.713864 -19.025697
v -3.509612 7.716571 -19.008609
v -3.509612 7.724425 -18.993194
v -3.509612 7.736658 -18.980961
v -3.509612 7.752073 -18.973107
v -3.509612 7.769160 -18.970401
v -3.509612 7.786248 -18.973107
v -3.509612 7.801663 -18.980961
v -3.509612 7.813896 -18.993194
v -3.509612 7.821750 -19.008609
v -3.509612 7.824456 -19.025697
v -2.980645 7.803555 -19.036872
v -2.980645 7.798418 -19.046954
v -2.980646 7.769161 -19.025697
v -2.980645 7.790417 -19.054955
v -2.980645 7.780336 -19.060091
v -2.980645 7.769161 -19.061861
v -2.980646 7.757985 -19.060091
v -2.980646 7.747903 -19.054954
v -2.980646 7.739902 -19.046954
v -2.980645 7.734766 -19.036872
v -2.980645 7.732995 -19.025697
v -2.980645 7.734766 -19.014521
v -2.980645 7.739902 -19.004439
v -2.980645 7.747903 -18.996439
v -2.980645 7.757985 -18.991302
v -2.980646 7.769161 -18.989532
v -2.980645 7.780335 -18.991302
v -2.980645 7.790418 -18.996439
v -2.980645 7.798418 -19.004440
v -2.980645 7.803555 -19.014521
v -2.980645 7.805325 -19.025697
vt 0.648603 0.107966
vt 0.626409 0.064408
vt 0.591842 0.029841
vt 0.548284 0.007647
vt 0.500000 -0.000000
vt 0.451716 0.007647
vt 0.408159 0.029841
vt 0.373591 0.064409
vt 0.351397 0.107966
vt 0.343750 0.156250
vt 0.351397 0.204534
vt 0.373591 0.248091
vt 0.408159 0.282659
vt 0.451716 0.304853
vt 0.500000 0.312500
vt 0.548284 0.304853
vt 0.591841 0.282659
vt 0.626409 0.248091
vt 0.648603 0.204534
vt 0.656250 0.156250
vt 0.375000 0.312500
vt 0.387500 0.312500
vt 0.400000 0.312500
vt 0.412500 0.312500
vt 0.425000 0.312500
vt 0.437500 0.312500
vt 0.450000 0.312500
vt 0.462500 0.312500
vt 0.475000 0.312500
vt 0.487500 0.312500
vt 0.500000 0.312500
vt 0.512500 0.312500
vt 0.525000 0.312500
vt 0.537500 0.312500
vt 0.550000 0.312500
vt 0.562500 0.312500
vt 0.575000 0.312500
vt 0.587500 0.312500
vt 0.600000 0.312500
vt 0.612500 0.312500
vt 0.625000 0.312500
vt 0.375000 0.687500
vt 0.387500 0.687500
vt 0.400000 0.687500
vt 0.412500 0.687500
vt 0.425000 0.687500
vt 0.437500 0.687500
vt 0.450000 0.687500
vt 0.462500 0.687500
vt 0.475000 0.687500
vt 0.487500 0.687500
vt 0.500000 0.687500
vt 0.512500 0.687500
vt 0.525000 0.687500
vt 0.537500 0.687500
vt 0.550000 0.687500
vt 0.562500 0.687500
vt 0.575000 0.687500
vt 0.587500 0.687500
vt 0.600000 0.687500
vt 0.612500 0.687500
vt 0.625000 0.687500
vt 0.648603 0.795466
vt 0.626409 0.751908
vt 0.591842 0.717341
vt 0.548284 0.695147
vt 0.500000 0.687500
vt 0.451716 0.695147
vt 0.408159 0.717341
vt 0.373591 0.751909
vt 0.351397 0.795466
vt 0.343750 0.843750
vt 0.351397 0.892034
vt 0.373591 0.935591
vt 0.408159 0.970159
vt 0.451716 0.992353
vt 0.500000 1.000000
vt 0.548284 0.992353
vt 0.591841 0.970159
vt 0.626409 0.935591
vt 0.648603 0.892034
vt 0.656250 0.843750
vt 0.500000 0.156250
vt 0.500000 0.843750
vt 0.626409 0.064408
vt 0.648603 0.107966
vt 0.591842 0.029841
vt 0.548284 0.007647
vt 0.500000 -0.000000
vt 0.451716 0.007647
vt 0.408159 0.029841
vt 0.373591 0.064409
vt 0.351397 0.107966
vt 0.343750 0.156250
vt 0.351397 0.204534
vt 0.373591 0.248091
vt 0.408159 0.282659
vt 0.451716 0.304853
vt 0.500000 0.312500
vt 0.548284 0.304853
vt 0.591841 0.282659
vt 0.626409 0.248091
vt 0.648603 0.204534
vt 0.656250 0.156250
vt 0.626409 0.064408
vt 0.648603 0.107966
vt 0.591842 0.029841
vt 0.548284 0.007647
vt 0.500000 -0.000000
vt 0.451716 0.007647
vt 0.408159 0.029841
vt 0.373591 0.064409
vt 0.351397 0.107966
vt 0.343750 0.156250
vt 0.351397 0.204534
vt 0.373591 0.248091
vt 0.408159 0.282659
vt 0.451716 0.304853
vt 0.500000 0.312500
vt 0.548284 0.304853
vt 0.591841 0.282659
vt 0.626409 0.248091
vt 0.648603 0.204534
vt 0.656250 0.156250
vt 0.626409 0.064408
vt 0.648603 0.107966
vt 0.591842 0.029841
vt 0.548284 0.007647
vt 0.500000 -0.000000
vt 0.451716 0.007647
vt 0.408159 0.029841
vt 0.373591 0.064409
vt 0.351397 0.107966
vt 0.343750 0.156250
vt 0.351397 0.204534
vt 0.373591 0.248091
vt 0.408159 0.282659
vt 0.451716 0.304853
vt 0.500000 0.312500
vt 0.548284 0.304853
vt 0.591841 0.282659
vt 0.626409 0.248091
vt 0.648603 0.204534
vt 0.656250 0.156250
vt 0.626409 0.064408
vt 0.648603 0.107966
vt 0.591842 0.029841
vt 0.548284 0.007647
vt 0.500000 -0.000000
vt 0.451716 0.007647
vt 0.408159 0.029841
vt 0.373591 0.064409
vt 0.351397 0.107966
vt 0.343750 0.156250
vt 0.351397 0.204534
vt 0.373591 0.248091
vt 0.408159 0.282659
vt 0.451716 0.304853
vt 0.500000 0.312500
vt 0.548284 0.304853
vt 0.591841 0.282659
vt 0.626409 0.248091
vt 0.648603 0.204534
vt 0.656250 0.156250
vt 0.626409 0.064408
vt 0.648603 0.107966
vt 0.591842 0.029841
vt 0.548284 0.007647
vt 0.500000 -0.000000
vt 0.451716 0.007647
vt 0.408159 0.029841
vt 0.373591 0.064409
vt 0.351397 0.107966
vt 0.343750 0.156250
vt 0.351397 0.204534
vt 0.373591 0.248091
vt 0.408159 0.282659
vt 0.451716 0.304853
vt 0.500000 0.312500
vt 0.548284 0.304853
vt 0.591841 0.282659
vt 0.626409 0.248091
vt 0.648603 0.204534
vt 0.656250 0.156250
vt 0.626409 0.064408
vt 0.648603 0.107966
vt 0.591842 0.029841
vt 0.548284 0.007647
vt 0.500000 -0.000000
vt 0.451716 0.007647
vt 0.408159 0.029841
vt 0.373591 0.064409
vt 0.351397 0.107966
vt 0.343750 0.156250
vt 0.351397 0.204534
vt 0.373591 0.248091
vt 0.408159 0.282659
vt 0.451716 0.304853
vt 0.500000 0.312500
vt 0.548284 0.304853
vt 0.591841 0.282659
vt 0.626409 0.248091
vt 0.648603 0.204534
vt 0.656250 0.156250
vt 0.626409 0.064408
vt 0.648603 0.107966
vt 0.591842 0.029841
vt 0.548284 0.007647
vt 0.500000 -0.000000
vt 0.451716 0.007647
vt 0.408159 0.029841
vt 0.373591 0.064409
vt 0.351397 0.107966
vt 0.343750 0.156250
vt 0.351397 0.204534
vt 0.373591 0.248091
vt 0.408159 0.282659
vt 0.451716 0.304853
vt 0.500000 0.312500
vt 0.548284 0.304853
vt 0.591841 0.282659
vt 0.626409 0.248091
vt 0.648603 0.204534
vt 0.656250 0.156250
vt 0.626409 0.064408
vt 0.648603 0.107966
vt 0.591842 0.029841
vt 0.548284 0.007647
vt 0.500000 -0.000000
vt 0.451716 0.007647
vt 0.408159 0.029841
vt 0.373591 0.064409
vt 0.351397 0.107966
vt 0.343750 0.156250
vt 0.351397 0.204534
vt 0.373591 0.248091
vt 0.408159 0.282659
vt 0.451716 0.304853
vt 0.500000 0.312500
vt 0.548284 0.304853
vt 0.591841 0.282659
vt 0.626409 0.248091
vt 0.648603 0.204534
vt 0.656250 0.156250
vt 0.626409 0.064408
vt 0.648603 0.107966
vt 0.591842 0.029841
vt 0.548284 0.007647
vt 0.500000 -0.000000
vt 0.451716 0.007647
vt 0.408159 0.029841
vt 0.373591 0.064409
vt 0.351397 0.107966
vt 0.343750 0.156250
vt 0.351397 0.204534
vt 0.373591 0.248091
vt 0.408159 0.282659
vt 0.451716 0.304853
vt 0.500000 0.312500
vt 0.548284 0.304853
vt 0.591841 0.282659
vt 0.626409 0.248091
vt 0.648603 0.204534
vt 0.656250 0.156250
vn -0.000001 0.951057 -0.309017
vn 0.000000 0.809017 -0.587785
vn 0.000000 0.809017 -0.587785
vn -0.000001 0.951057 -0.309017
vn -0.000000 0.587785 -0.809017
vn -0.000000 0.587785 -0.809017
vn -0.000001 0.309017 -0.951057
vn -0.000001 0.309016 -0.951057
vn -0.000000 -0.000000 -1.000000
vn -0.000000 -0.000000 -1.000000
vn 0.000000 -0.309017 -0.951056
vn 0.000000 -0.309017 -0.951056
vn 0.000001 -0.587785 -0.809017
vn 0.000001 -0.587786 -0.809017
vn 0.000001 -0.809017 -0.587785
vn 0.000001 -0.809017 -0.587785
vn 0.000001 -0.951057 -0.309017
vn 0.000001 -0.951057 -0.309016
vn 0.000002 -1.000000 0.000000
vn 0.000002 -1.000000 0.000000
vn 0.000001 -0.951057 0.309017
vn 0.000001 -0.951057 0.309017
vn 0.000001 -0.809017 0.587785
vn 0.000001 -0.809017 0.587785
vn 0.000001 -0.587785 0.809017
vn 0.000001 -0.587785 0.809017
vn 0.000000 -0.309017 0.951056
vn 0.000000 -0.309017 0.951056
vn 0.000000 -0.000000 1.000000
vn 0.000000 -0.000000 1.000000
vn -0.000000 0.309017 0.951056
vn -0.000000 0.309017 0.951056
vn -0.000000 0.587785 0.809017
vn -0.000000 0.587785 0.809017
vn -0.000001 0.809017 0.587786
vn -0.000001 0.809017 0.587786
vn -0.000002 0.951056 0.309017
vn -0.000002 0.951056 0.309017
vn -0.000002 1.000000 0.000002
vn -0.000002 1.000000 0.000002
vn 1.000000 -0.000003 0.000008
vn 1.000000 -0.000004 0.000001
vn 1.000000 -0.000000 -0.000001
vn 1.000000 0.000000 0.000003
vn 1.000000 0.000000 0.000002
vn 1.000000 -0.000005 0.000003
vn 1.000000 -0.000015 0.000003
vn 1.000000 -0.000005 -0.000001
vn 1.000000 0.000010 -0.000007
vn 1.000000 0.000008 -0.000007
vn 1.000000 0.000006 -0.000003
vn 1.000000 0.000006 0.000001
vn 1.000000 0.000008 -0.000002
vn 1.000000 0.000010 -0.000004
vn 1.000000 0.000010 -0.000001
vn 1.000000 0.000000 0.000000
vn 1.000000 -0.000015 0.000000
vn 1.000000 -0.000008 -0.000004
vn 1.000000 0.000000 -0.000003
vn 1.000000 -0.000005 -0.000002
vn 1.000000 -0.000004 -0.000008
vn -1.000000 -0.000000 0.000000
vn -1.000000 -0.000000 -0.000000
vn -1.000000 0.000000 -0.000000
vn -1.000000 0.000000 0.000000
vn -1.000000 0.000000 0.000000
vn -1.000000 0.000000 0.000000
vn -1.000000 0.000000 -0.000000
vn -1.000000 0.000000 0.000000
vn -1.000000 -0.000000 0.000000
vn -1.000000 0.000000 -0.000000
vn -1.000000 0.000000 0.000000
vn -1.000000 0.000000 0.000000
vn -1.000000 -0.000000 -0.000000
vn -1.000000 -0.000000 -0.000000
vn -1.000000 0.000000 -0.000000
vn -1.000000 0.000000 0.000000
vn -1.000000 -0.000000 0.000000
vn -1.000000 0.000000 0.000000
vn -1.000000 0.000000 0.000000
vn -1.000000 0.000000 0.000000
vn -1.000000 0.000000 0.000000
vn 0.526355 0.687879 -0.499773
vn 0.526355 0.808650 -0.262746
vn 0.526355 0.808650 -0.262746
vn 0.526355 0.687879 -0.499773
vn 0.526354 0.499774 -0.687879
vn 0.526354 0.499774 -0.687879
vn 0.526354 0.262746 -0.808651
vn 0.526354 0.262746 -0.808651
vn 0.526353 0.000000 -0.850266
vn 0.526353 -0.000000 -0.850266
vn 0.526354 -0.262747 -0.808650
vn 0.526354 -0.262747 -0.808650
vn 0.526356 -0.499773 -0.687878
vn 0.526356 -0.499773 -0.687878
vn 0.526356 -0.687878 -0.499773
vn 0.526356 -0.687878 -0.499773
vn 0.526355 -0.808650 -0.262746
vn 0.526355 -0.808650 -0.262746
vn 0.526355 -0.850265 0.000000
vn 0.526355 -0.850265 0.000000
vn 0.526355 -0.808650 0.262747
vn 0.526355 -0.808650 0.262747
vn 0.526355 -0.687879 0.499773
vn 0.526355 -0.687878 0.499773
vn 0.526354 -0.499773 0.687879
vn 0.526354 -0.499774 0.687879
vn 0.526353 -0.262746 0.808651
vn 0.526353 -0.262747 0.808651
vn 0.526353 0.000001 0.850266
vn 0.526353 -0.000000 0.850266
vn 0.526354 0.262747 0.808651
vn 0.526354 0.262746 0.808651
vn 0.526354 0.499774 0.687879
vn 0.526354 0.499774 0.687879
vn 0.526354 0.687879 0.499774
vn 0.526354 0.687879 0.499774
vn 0.526353 0.808651 0.262747
vn 0.526353 0.808651 0.262747
vn 0.526353 0.850266 0.000001
vn 0.526353 0.850266 0.000001
vn 1.000000 0.000001 -0.000001
vn 1.000000 0.000001 -0.000000
vn 1.000000 0.000001 -0.000000
vn 1.000000 0.000001 -0.000001
vn 1.000000 0.000000 -0.000001
vn 1.000000 0.000000 -0.000001
vn 1.000000 -0.000000 0.000000
vn 1.000000 -0.000000 0.000000
vn 1.000000 -0.000000 -0.000001
vn 1.000000 -0.000000 -0.000001
vn 1.000000 -0.000001 -0.000000
vn 1.000000 -0.000001 -0.000000
vn 1.000000 0.000001 0.000001
vn 1.000000 0.000001 0.000001
vn 1.000000 0.000002 0.000001
vn 1.000000 0.000002 0.000001
vn 1.000000 0.000001 0.000000
vn 1.000000 0.000001 0.000000
vn 1.000000 -0.000001 0.000000
vn 1.000000 -0.000001 0.000000
vn 1.000000 0.000000 -0.000000
vn 1.000000 0.000000 -0.000000
vn 1.000000 0.000000 0.000000
vn 1.000000 0.000000 0.000000
vn 1.000000 -0.000000 -0.000000
vn 1.000000 -0.000000 -0.000000
vn 1.000000 -0.000000 -0.000003
vn 1.000000 -0.000000 -0.000003
vn 1.000000 -0.000000 -0.000002
vn 1.000000 -0.000000 -0.000002
vn 1.000000 0.000000 0.000000
vn 1.000000 0.000000 0.000000
vn 1.000000 0.000000 0.000001
vn 1.000000 0.000000 0.000001
vn 1.000000 0.000001 0.000001
vn 1.000000 0.000001 0.000001
vn 1.000000 0.000001 0.000000
vn 1.000000 0.000001 0.000000
vn 1.000000 -0.000000 0.000000
vn 1.000000 -0.000000 0.000000
vn 0.536707 0.682623 -0.495955
vn 0.536707 0.802472 -0.260739
vn 0.536707 0.802472 -0.260739
vn 0.536707 0.682623 -0.495955
vn 0.536707 0.495955 -0.682623
vn 0.536707 0.495955 -0.682623
vn 0.536705 0.260739 -0.802473
vn 0.536705 0.260739 -0.802473
vn 0.536705 -0.000000 -0.843770
vn 0.536705 0.000000 -0.843770
vn 0.536703 -0.260740 -0.802474
vn 0.536703 -0.260740 -0.802474
vn 0.536702 -0.495958 -0.682625
vn 0.536702 -0.495958 -0.682625
vn 0.536701 -0.682626 -0.495957
vn 0.536701 -0.682626 -0.495957
vn 0.536701 -0.802475 -0.260741
vn 0.536701 -0.802475 -0.260741
vn 0.536700 -0.843773 -0.000000
vn 0.536700 -0.843773 -0.000000
vn 0.536701 -0.802475 0.260741
vn 0.536701 -0.802475 0.260741
vn 0.536702 -0.682626 0.495957
vn 0.536702 -0.682626 0.495957
vn 0.536702 -0.495957 0.682626
vn 0.536702 -0.495957 0.682626
vn 0.536702 -0.260740 0.802475
vn 0.536702 -0.260740 0.802474
vn 0.536704 -0.000001 0.843770
vn 0.536704 -0.000000 0.843771
vn 0.536706 0.260739 0.802472
vn 0.536706 0.260739 0.802472
vn 0.536708 0.495955 0.682622
vn 0.536708 0.495954 0.682623
vn 0.536709 0.682622 0.495954
vn 0.536709 0.682622 0.495954
vn 0.536709 0.802471 0.260738
vn 0.536709 0.802471 0.260739
vn 0.536707 0.843769 0.000001
vn 0.536707 0.843769 0.000001
vn 1.000000 0.000004 -0.000002
vn 1.000000 0.000002 -0.000000
vn 1.000000 0.000002 -0.000000
vn 1.000000 0.000004 -0.000002
vn 1.000000 0.000003 -0.000002
vn 1.000000 0.000003 -0.000002
vn 1.000000 0.000000 0.000000
vn 1.000000 0.000000 0.000000
vn 1.000000 0.000000 0.000002
vn 1.000000 0.000000 0.000002
vn 1.000000 0.000002 0.000003
vn 1.000000 0.000002 0.000003
vn 1.000000 0.000001 0.000002
vn 1.000000 0.000001 0.000002
vn 1.000000 -0.000000 -0.000000
vn 1.000000 -0.000000 -0.000000
vn 1.000000 0.000001 -0.000000
vn 1.000000 0.000001 -0.000000
vn 1.000000 0.000002 0.000000
vn 1.000000 0.000002 0.000000
vn 1.000000 0.000001 0.000000
vn 1.000000 0.000001 0.000000
vn 1.000000 -0.000000 0.000000
vn 1.000000 -0.000000 0.000000
vn 1.000000 0.000001 -0.000001
vn 1.000000 0.000001 -0.000001
vn 1.000000 0.000002 -0.000002
vn 1.000000 0.000002 -0.000002
vn 1.000000 0.000000 -0.000000
vn 1.000000 0.000000 -0.000000
vn 1.000000 0.000001 0.000001
vn 1.000000 0.000001 0.000001
vn 1.000000 0.000004 0.000003
vn 1.000000 0.000004 0.000003
vn 1.000000 0.000004 0.000002
vn 1.000000 0.000004 0.000002
vn 1.000000 0.000002 0.000000
vn 1.000000 0.000002 0.000000
vn 1.000000 -0.000000 0.000000
vn 1.000000 -0.000000 0.000000
vn 0.584745 0.656289 -0.476822
vn 0.584745 0.771514 -0.250677
vn 0.584745 0.771514 -0.250677
vn 0.584745 0.656289 -0.476821
vn 0.584745 0.476822 -0.656288
vn 0.584745 0.476822 -0.656288
vn 0.584746 0.250679 -0.771513
vn 0.584745 0.250680 -0.771513
vn 0.584745 -0.000000 -0.811217
vn 0.584745 0.000000 -0.811217
vn 0.584746 -0.250680 -0.771513
vn 0.584746 -0.250679 -0.771513
vn 0.584747 -0.476822 -0.656287
vn 0.584746 -0.476821 -0.656287
vn 0.584747 -0.656287 -0.476821
vn 0.584747 -0.656287 -0.476821
vn 0.584747 -0.771512 -0.250679
vn 0.584747 -0.771512 -0.250679
vn 0.584746 -0.811216 0.000000
vn 0.584746 -0.811216 0.000000
vn 0.584747 -0.771512 0.250679
vn 0.584747 -0.771512 0.250679
vn 0.584746 -0.656288 0.476821
vn 0.584746 -0.656287 0.476821
vn 0.584746 -0.476821 0.656288
vn 0.584746 -0.476821 0.656288
vn 0.584746 -0.250679 0.771513
vn 0.584746 -0.250679 0.771513
vn 0.584746 -0.000000 0.811217
vn 0.584746 0.000000 0.811217
vn 0.584746 0.250680 0.771513
vn 0.584746 0.250680 0.771513
vn 0.584745 0.476822 0.656288
vn 0.584745 0.476822 0.656288
vn 0.584745 0.656289 0.476820
vn 0.584745 0.656289 0.476820
vn 0.584745 0.771514 0.250678
vn 0.584745 0.771514 0.250678
vn 0.584745 0.811217 0.000002
vn 0.584745 0.811217 0.000002
vn 1.000000 -0.000002 0.000001
vn 1.000000 0.000000 -0.000000
vn 1.000000 0.000000 -0.000000
vn 1.000000 -0.000002 0.000001
vn 1.000000 -0.000001 0.000002
vn 1.000000 -0.000001 0.000002
vn 1.000000 -0.000001 0.000002
vn 1.000000 -0.000001 0.000002
vn 1.000000 -0.000001 0.000002
vn 1.000000 -0.000001 0.000002
vn 1.000000 0.000002 0.000003
vn 1.000000 0.000002 0.000003
vn 1.000000 0.000002 0.000003
vn 1.000000 0.000002 0.000003
vn 1.000000 0.000002 0.000002
vn 1.000000 0.000002 0.000002
vn 1.000000 0.000002 0.000001
vn 1.000000 0.000002 0.000001
vn 1.000000 -0.000001 -0.000000
vn 1.000000 -0.000001 -0.000000
vn 1.000000 0.000000 -0.000000
vn 1.000000 0.000000 -0.000000
vn 1.000000 0.000003 -0.000001
vn 1.000000 0.000003 -0.000001
vn 1.000000 0.000003 -0.000003
vn 1.000000 0.000003 -0.000003
vn 1.000000 0.000001 -0.000003
vn 1.000000 0.000001 -0.000003
vn 1.000000 -0.000001 -0.000001
vn 1.000000 -0.000001 -0.000001
vn 1.000000 -0.000001 -0.000000
vn 1.000000 -0.000001 -0.000000
vn 1.000000 -0.000003 -0.000003
vn 1.000000 -0.000003 -0.000003
vn 1.000000 -0.000004 -0.000004
vn 1.000000 -0.000004 -0.000004
vn 1.000000 -0.000000 -0.000000
vn 1.000000 -0.000000 -0.000000
vn 1.000000 0.000003 0.000001
vn 1.000000 0.000003 0.000001
vn 0.676305 0.595940 -0.432974
vn 0.676305 0.700567 -0.227634
vn 0.676305 0.700567 -0.227634
vn 0.676305 0.595941 -0.432974
vn 0.676305 0.432978 -0.595937
vn 0.676305 0.432978 -0.595937
vn 0.676305 0.227628 -0.700569
vn 0.676305 0.227628 -0.700569
vn 0.676306 -0.000001 -0.736621
vn 0.676306 -0.000001 -0.736621
vn 0.676306 -0.227629 -0.700568
vn 0.676306 -0.227628 -0.700568
vn 0.676307 -0.432974 -0.595938
vn 0.676307 -0.432974 -0.595937
vn 0.676307 -0.595938 -0.432974
vn 0.676307 -0.595938 -0.432975
vn 0.676306 -0.700567 -0.227631
vn 0.676306 -0.700567 -0.227630
vn 0.676305 -0.736622 -0.000001
vn 0.676305 -0.736622 -0.000001
vn 0.676307 -0.700567 0.227630
vn 0.676307 -0.700567 0.227630
vn 0.676307 -0.595937 0.432975
vn 0.676307 -0.595937 0.432976
vn 0.676306 -0.432975 0.595938
vn 0.676306 -0.432976 0.595938
vn 0.676306 -0.227629 0.700568
vn 0.676306 -0.227629 0.700568
vn 0.676306 -0.000001 0.736620
vn 0.676306 -0.000000 0.736620
vn 0.676307 0.227630 0.700567
vn 0.676307 0.227629 0.700567
vn 0.676306 0.432975 0.595939
vn 0.676306 0.432975 0.595939
vn 0.676304 0.595940 0.432977
vn 0.676304 0.595940 0.432976
vn 0.676304 0.700568 0.227632
vn 0.676304 0.700568 0.227632
vn 0.676306 0.736621 0.000001
vn 0.676306 0.736621 0.000001
vn 1.000000 0.000002 -0.000001
vn 1.000000 0.000002 -0.000001
vn 1.000000 0.000002 -0.000001
vn 1.000000 0.000002 -0.000001
vn 1.000000 0.000002 -0.000001
vn 1.000000 0.000002 -0.000001
vn 1.000000 0.000002 -0.000000
vn 1.000000 0.000002 -0.000000
vn 1.000000 -0.000001 0.000000
vn 1.000000 -0.000001 0.000000
vn 1.000000 -0.000003 -0.000000
vn 1.000000 -0.000003 -0.000000
vn 1.000000 -0.000001 -0.000000
vn 1.000000 -0.000001 -0.000000
vn 1.000000 0.000000 0.000000
vn 1.000000 0.000000 0.000000
vn 1.000000 -0.000002 -0.000000
vn 1.000000 -0.000002 -0.000000
vn 1.000000 -0.000003 0.000001
vn 1.000000 -0.000003 0.000001
vn 1.000000 -0.000001 -0.000000
vn 1.000000 -0.000001 -0.000000
vn 1.000000 0.000000 -0.000001
vn 1.000000 0.000000 -0.000001
vn 1.000000 -0.000001 0.000001
vn 1.000000 -0.000001 0.000001
vn 1.000000 -0.000004 0.000002
vn 1.000000 -0.000004 0.000002
vn 1.000000 -0.000002 0.000000
vn 1.000000 -0.000002 0.000000
vn 1.000000 0.000002 -0.000001
vn 1.000000 0.000002 -0.000001
vn 1.000000 0.000000 -0.000001
vn 1.000000 -0.000000 -0.000001
vn 1.000000 -0.000001 -0.000001
vn 1.000000 -0.000001 -0.000001
vn 1.000000 0.000000 -0.000000
vn 1.000000 0.000000 -0.000000
vn 1.000000 0.000002 -0.000000
vn 1.000000 0.000002 -0.000000
vn 0.036143 0.808482 -0.587410
vn 0.036143 0.950435 -0.308815
vn 0.036143 0.950435 -0.308815
vn 0.036143 0.808482 -0.587410
vn 0.036144 0.587406 -0.808485
vn 0.036144 0.587407 -0.808484
vn 0.036144 0.308817 -0.950435
vn 0.036144 0.308817 -0.950434
vn 0.036144 -0.000000 -0.999347
vn 0.036144 0.000001 -0.999347
vn 0.036144 -0.308815 -0.950435
vn 0.036144 -0.308814 -0.950436
vn 0.036143 -0.587401 -0.808488
vn 0.036143 -0.587401 -0.808488
vn 0.036143 -0.808491 -0.587398
vn 0.036143 -0.808491 -0.587397
vn 0.036143 -0.950435 -0.308816
vn 0.036143 -0.950435 -0.308815
vn 0.036144 -0.999347 0.000000
vn 0.036144 -0.999347 0.000000
vn 0.036143 -0.950436 0.308813
vn 0.036143 -0.950436 0.308813
vn 0.036143 -0.808492 0.587397
vn 0.036143 -0.808492 0.587397
vn 0.036143 -0.587399 0.808490
vn 0.036143 -0.587399 0.808490
vn 0.036144 -0.308814 0.950436
vn 0.036144 -0.308814 0.950435
vn 0.036144 -0.000000 0.999347
vn 0.036144 0.000000 0.999347
vn 0.036144 0.308813 0.950436
vn 0.036144 0.308814 0.950435
vn 0.036144 0.587401 0.808488
vn 0.036144 0.587401 0.808488
vn 0.036143 0.808492 0.587397
vn 0.036143 0.808492 0.587397
vn 0.036144 0.950436 0.308812
vn 0.036144 0.950436 0.308812
vn 0.036144 0.999347 -0.000004
vn 0.036144 0.999347 -0.000004
s 1
g Hallway_Masters:LampBase3
usemtl initialShadingGroup
f 165/315/325 166/316/326 186/337/327 185/336/328
f 166/316/326 167/317/329 187/338/330 186/337/327
f 167/317/329 168/318/331 188/339/332 187/338/330
f 168/318/331 169/319/333 189/340/334 188/339/332
f 169/319/333 170/320/335 190/341/336 189/340/334
f 170/320/335 171/321/337 191/342/338 190/341/336
f 171/321/337 172/322/339 192/343/340 191/342/338
f 172/322/339 173/323/341 193/344/342 192/343/340
f 173/323/341 174/324/343 194/345/344 193/344/342
f 174/324/343 175/325/345 195/346/346 194/345/344
f 175/325/345 176/326/347 196/347/348 195/346/346
f 176/326/347 177/327/349 197/348/350 196/347/348
f 177/327/349 178/328/351 198/349/352 197/348/350
f 178/328/351 179/329/353 199/350/354 198/349/352
f 179/329/353 180/330/355 200/351/356 199/350/354
f 180/330/355 181/331/357 201/352/358 200/351/356
f 181/331/357 182/332/359 202/353/360 201/352/358
f 182/332/359 183/333/361 203/354/362 202/353/360
f 183/333/361 184/334/363 204/355/364 203/354/362
f 184/334/363 165/335/325 185/356/328 204/355/364
s 2
f 367/539/365 366/540/366 368/377/367
f 369/541/368 367/539/365 368/377/367
f 370/542/369 369/541/368 368/377/367
f 371/543/370 370/542/369 368/377/367
f 372/544/371 371/543/370 368/377/367
f 373/545/372 372/544/371 368/377/367
f 374/546/373 373/545/372 368/377/367
f 375/547/374 374/546/373 368/377/367
f 376/548/375 375/547/374 368/377/367
f 377/549/376 376/548/375 368/377/367
f 378/550/377 377/549/376 368/377/367
f 379/551/378 378/550/377 368/377/367
f 380/552/379 379/551/378 368/377/367
f 381/553/380 380/552/379 368/377/367
f 382/554/381 381/553/380 368/377/367
f 383/555/382 382/554/381 368/377/367
f 384/556/383 383/555/382 368/377/367
f 385/557/384 384/556/383 368/377/367
f 386/558/385 385/557/384 368/377/367
f 366/540/366 386/558/385 368/377/367
s 3
f 185/375/386 186/374/387 205/378/388
f 186/374/387 187/373/389 205/378/388
f 187/373/389 188/372/390 205/378/388
f 188/372/390 189/371/391 205/378/388
f 189/371/391 190/370/392 205/378/388
f 190/370/392 191/369/393 205/378/388
f 191/369/393 192/368/394 205/378/388
f 192/368/394 193/367/395 205/378/388
f 193/367/395 194/366/396 205/378/388
f 194/366/396 195/365/397 205/378/388
f 195/365/397 196/364/398 205/378/388
f 196/364/398 197/363/399 205/378/388
f 197/363/399 198/362/400 205/378/388
f 198/362/400 199/361/401 205/378/388
f 199/361/401 200/360/402 205/378/388
f 200/360/402 201/359/403 205/378/388
f 201/359/403 202/358/404 205/378/388
f 202/358/404 203/357/405 205/378/388
f 203/357/405 204/376/406 205/378/388
f 204/376/406 185/375/386 205/378/388
s 4
f 166/296/407 165/295/408 206/380/409 207/379/410
f 167/297/411 166/296/407 207/379/410 208/381/412
f 168/298/413 167/297/411 208/381/412 209/382/414
f 169/299/415 168/298/413 209/382/414 210/383/416
f 170/300/417 169/299/415 210/383/416 211/384/418
f 171/301/419 170/300/417 211/384/418 212/385/420
f 172/302/421 171/301/419 212/385/420 213/386/422
f 173/303/423 172/302/421 213/386/422 214/387/424
f 174/304/425 173/303/423 214/387/424 215/388/426
f 175/305/427 174/304/425 215/388/426 216/389/428
f 176/306/429 175/305/427 216/389/428 217/390/430
f 177/307/431 176/306/429 217/390/430 218/391/432
f 178/308/433 177/307/431 218/391/432 219/392/434
f 179/309/435 178/308/433 219/392/434 220/393/436
f 180/310/437 179/309/435 220/393/436 221/394/438
f 181/311/439 180/310/437 221/394/438 222/395/440
f 182/312/441 181/311/439 222/395/440 223/396/442
f 183/313/443 182/312/441 223/396/442 224/397/444
f 184/314/445 183/313/443 224/397/444 225/398/446
f 165/295/408 184/314/445 225/398/446 206/380/409
s 5
f 207/379/447 206/380/448 226/400/449 227/399/450
f 208/381/451 207/379/447 227/399/450 228/401/452
f 209/382/453 208/381/451 228/401/452 229/402/454
f 210/383/455 209/382/453 229/402/454 230/403/456
f 211/384/457 210/383/455 230/403/456 231/404/458
f 212/385/459 211/384/457 231/404/458 232/405/460
f 213/386/461 212/385/459 232/405/460 233/406/462
f 214/387/463 213/386/461 233/406/462 234/407/464
f 215/388/465 214/387/463 234/407/464 235/408/466
f 216/389/467 215/388/465 235/408/466 236/409/468
f 217/390/469 216/389/467 236/409/468 237/410/470
f 218/391/471 217/390/469 237/410/470 238/411/472
f 219/392/473 218/391/471 238/411/472 239/412/474
f 220/393/475 219/392/473 239/412/474 240/413/476
f 221/394/477 220/393/475 240/413/476 241/414/478
f 222/395/479 221/394/477 241/414/478 242/415/480
f 223/396/481 222/395/479 242/415/480 243/416/482
f 224/397/483 223/396/481 243/416/482 244/417/484
f 225/398/485 224/397/483 244/417/484 245/418/486
f 206/380/448 225/398/485 245/418/486 226/400/449
s 6
f 227/399/487 226/400/488 246/420/489 247/419/490
f 228/401/491 227/399/487 247/419/490 248/421/492
f 229/402/493 228/401/491 248/421/492 249/422/494
f 230/403/495 229/402/493 249/422/494 250/423/496
f 231/404/497 230/403/495 250/423/496 251/424/498
f 232/405/499 231/404/497 251/424/498 252/425/500
f 233/406/501 232/405/499 252/425/500 253/426/502
f 234/407/503 233/406/501 253/426/502 254/427/504
f 235/408/505 234/407/503 254/427/504 255/428/506
f 236/409/507 235/408/505 255/428/506 256/429/508
f 237/410/509 236/409/507 256/429/508 257/430/510
f 238/411/511 237/410/509 257/430/510 258/431/512
f 239/412/513 238/411/511 258/431/512 259/432/514
f 240/413/515 239/412/513 259/432/514 260/433/516
f 241/414/517 240/413/515 260/433/516 261/434/518
f 242/415/519 241/414/517 261/434/518 262/435/520
f 243/416/521 242/415/519 262/435/520 263/436/522
f 244/417/523 243/416/521 263/436/522 264/437/524
f 245/418/525 244/417/523 264/437/524 265/438/526
f 226/400/488 245/418/525 265/438/526 246/420/489
s 7
f 247/419/527 246/420/528 266/440/529 267/439/530
f 248/421/531 247/419/527 267/439/530 268/441/532
f 249/422/533 248/421/531 268/441/532 269/442/534
f 250/423/535 249/422/533 269/442/534 270/443/536
f 251/424/537 250/423/535 270/443/536 271/444/538
f 252/425/539 251/424/537 271/444/538 272/445/540
f 253/426/541 252/425/539 272/445/540 273/446/542
f 254/427/543 253/426/541 273/446/542 274/447/544
f 255/428/545 254/427/543 274/447/544 275/448/546
f 256/429/547 255/428/545 275/448/546 276/449/548
f 257/430/549 256/429/547 276/449/548 277/450/550
f 258/431/551 257/430/549 277/450/550 278/451/552
f 259/432/553 258/431/551 278/451/552 279/452/554
f 260/433/555 259/432/553 279/452/554 280/453/556
f 261/434/557 260/433/555 280/453/556 281/454/558
f 262/435/559 261/434/557 281/454/558 282/455/560
f 263/436/561 262/435/559 282/455/560 283/456/562
f 264/437/563 263/436/561 283/456/562 284/457/564
f 265/438/565 264/437/563 284/457/564 285/458/566
f 246/420/528 265/438/565 285/458/566 266/440/529
s 8
f 267/439/567 266/440/568 286/460/569 287/459/570
f 268/441/571 267/439/567 287/459/570 288/461/572
f 269/442/573 268/441/571 288/461/572 289/462/574
f 270/443/575 269/442/573 289/462/574 290/463/576
f 271/444/577 270/443/575 290/463/576 291/464/578
f 272/445/579 271/444/577 291/464/578 292/465/580
f 273/446/581 272/445/579 292/465/580 293/466/582
f 274/447/583 273/446/581 293/466/582 294/467/584
f 275/448/585 274/447/583 294/467/584 295/468/586
f 276/449/587 275/448/585 295/468/586 296/469/588
f 277/450/589 276/449/587 296/469/588 297/470/590
f 278/451/591 277/450/589 297/470/590 298/471/592
f 279/452/593 278/451/591 298/471/592 299/472/594
f 280/453/595 279/452/593 299/472/594 300/473/596
f 281/454/597 280/453/595 300/473/596 301/474/598
f 282/455/599 281/454/597 301/474/598 302/475/600
f 283/456/601 282/455/599 302/475/600 303/476/602
f 284/457/603 283/456/601 303/476/602 304/477/604
f 285/458/605 284/457/603 304/477/604 305/478/606
f 266/440/568 285/458/605 305/478/606 286/460/569
s 9
f 287/459/607 286/460/608 306/480/609 307/479/610
f 288/461/611 287/459/607 307/479/610 308/481/612
f 289/462/613 288/461/611 308/481/612 309/482/614
f 290/463/615 289/462/613 309/482/614 310/483/616
f 291/464/617 290/463/615 310/483/616 311/484/618
f 292/465/619 291/464/617 311/484/618 312/485/620
f 293/466/621 292/465/619 312/485/620 313/486/622
f 294/467/623 293/466/621 313/486/622 314/487/624
f 295/468/625 294/467/623 314/487/624 315/488/626
f 296/469/627 295/468/625 315/488/626 316/489/628
f 297/470/629 296/469/627 316/489/628 317/490/630
f 298/471/631 297/470/629 317/490/630 318/491/632
f 299/472/633 298/471/631 318/491/632 319/492/634
f 300/473/635 299/472/633 319/492/634 320/493/636
f 301/474/637 300/473/635 320/493/636 321/494/638
f 302/475/639 301/474/637 321/494/638 322/495/640
f 303/476/641 302/475/639 322/495/640 323/496/642
f 304/477/643 303/476/641 323/496/642 324/497/644
f 305/478/645 304/477/643 324/497/644 325/498/646
f 286/460/608 305/478/645 325/498/646 306/480/609
s 10
f 307/479/647 306/480/648 326/500/649 327/499/650
f 308/481/651 307/479/647 327/499/650 328/501/652
f 309/482/653 308/481/651 328/501/652 329/502/654
f 310/483/655 309/482/653 329/502/654 330/503/656
f 311/484/657 310/483/655 330/503/656 331/504/658
f 312/485/659 311/484/657 331/504/658 332/505/660
f 313/486/661 312/485/659 332/505/660 333/506/662
f 314/487/663 313/486/661 333/506/662 334/507/664
f 315/488/665 314/487/663 334/507/664 335/508/666
f 316/489/667 315/488/665 335/508/666 336/509/668
f 317/490/669 316/489/667 336/509/668 337/510/670
f 318/491/671 317/490/669 337/510/670 338/511/672
f 319/492/673 318/491/671 338/511/672 339/512/674
f 320/493/675 319/492/673 339/512/674 340/513/676
f 321/494/677 320/493/675 340/513/676 341/514/678
f 322/495/679 321/494/677 341/514/678 342/515/680
f 323/496/681 322/495/679 342/515/680 343/516/682
f 324/497/683 323/496/681 343/516/682 344/517/684
f 325/498/685 324/497/683 344/517/684 345/518/686
f 306/480/648 325/498/685 345/518/686 326/500/649
s 11
f 327/499/687 326/500/688 346/520/689 347/519/690
f 328/501/691 327/499/687 347/519/690 348/521/692
f 329/502/693 328/501/691 348/521/692 349/522/694
f 330/503/695 329/502/693 349/522/694 350/523/696
f 331/504/697 330/503/695 350/523/696 351/524/698
f 332/505/699 331/504/697 351/524/698 352/525/700
f 333/506/701 332/505/699 352/525/700 353/526/702
f 334/507/703 333/506/701 353/526/702 354/527/704
f 335/508/705 334/507/703 354/527/704 355/528/706
f 336/509/707 335/508/705 355/528/706 356/529/708
f 337/510/709 336/509/707 356/529/708 357/530/710
f 338/511/711 337/510/709 357/530/710 358/531/712
f 339/512/713 338/511/711 358/531/712 359/532/714
f 340/513/715 339/512/713 359/532/714 360/533/716
f 341/514/717 340/513/715 360/533/716 361/534/718
f 342/515/719 341/514/717 361/534/718 362/535/720
f 343/516/721 342/515/719 362/535/720 363/536/722
f 344/517/723 343/516/721 363/536/722 364/537/724
f 345/518/725 344/517/723 364/537/724 365/538/726
f 326/500/688 345/518/725 365/538/726 346/520/689
s 12
f 347/519/727 346/520/728 366/540/729 367/539/730
f 348/521/731 347/519/727 367/539/730 369/541/732
f 349/522/733 348/521/731 369/541/732 370/542/734
f 350/523/735 349/522/733 370/542/734 371/543/736
f 351/524/737 350/523/735 371/543/736 372/544/738
f 352/525/739 351/524/737 372/544/738 373/545/740
f 353/526/741 352/525/739 373/545/740 374/546/742
f 354/527/743 353/526/741 374/546/742 375/547/744
f 355/528/745 354/527/743 375/547/744 376/548/746
f 356/529/747 355/528/745 376/548/746 377/549/748
f 357/530/749 356/529/747 377/549/748 378/550/750
f 358/531/751 357/530/749 378/550/750 379/551/752
f 359/532/753 358/531/751 379/551/752 380/552/754
f 360/533/755 359/532/753 380/552/754 381/553/756
f 361/534/757 360/533/755 381/553/756 382/554/758
f 362/535/759 361/534/757 382/554/758 383/555/760
f 363/536/761 362/535/759 383/555/760 384/556/762
f 364/537/763 363/536/761 384/556/762 385/557/764
f 365/538/765 364/537/763 385/557/764 386/558/766
f 346/520/728 365/538/765 386/558/766 366/540/729
g default
v -2.837948 8.728044 -19.524934
v -2.840403 8.732860 -19.524934
v -2.844224 8.736682 -19.524934
v -2.849040 8.739135 -19.524935
v -2.854378 8.739981 -19.524935
v -2.859716 8.739135 -19.524935
v -2.864531 8.736682 -19.524934
v -2.868353 8.732860 -19.524935
v -2.870807 8.728044 -19.524935
v -2.871653 8.722706 -19.524935
v -2.870807 8.717368 -19.524934
v -2.868353 8.712552 -19.524935
v -2.864531 8.708730 -19.524934
v -2.859716 8.706277 -19.524935
v -2.854378 8.705431 -19.524935
v -2.849040 8.706277 -19.524934
v -2.844224 8.708730 -19.524934
v -2.840403 8.712552 -19.524934
v -2.837948 8.717368 -19.524934
v -2.837104 8.722706 -19.524935
v -2.837947 8.728044 -19.145188
v -2.840402 8.732860 -19.145188
v -2.844223 8.736682 -19.145188
v -2.849039 8.739135 -19.145188
v -2.854377 8.739981 -19.145188
v -2.859716 8.739135 -19.145188
v -2.864530 8.736682 -19.145188
v -2.868353 8.732860 -19.145188
v -2.870806 8.728044 -19.145188
v -2.871652 8.722706 -19.145188
v -2.870806 8.717368 -19.145188
v -2.868353 8.712552 -19.145188
v -2.864530 8.708730 -19.145188
v -2.859716 8.706277 -19.145188
v -2.854377 8.705431 -19.145188
v -2.849039 8.706277 -19.145188
v -2.844223 8.708730 -19.145188
v -2.840402 8.712552 -19.145188
v -2.837947 8.717368 -19.145188
v -2.837102 8.722706 -19.145188
v -2.854378 8.722706 -19.524935
v -2.854377 8.722706 -19.145188
vt 0.648603 0.107966
vt 0.626409 0.064408
vt 0.591842 0.029841
vt 0.548284 0.007647
vt 0.500000 -0.000000
vt 0.451716 0.007647
vt 0.408159 0.029841
vt 0.373591 0.064409
vt 0.351397 0.107966
vt 0.343750 0.156250
vt 0.351397 0.204534
vt 0.373591 0.248091
vt 0.408159 0.282659
vt 0.451716 0.304853
vt 0.500000 0.312500
vt 0.548284 0.304853
vt 0.591841 0.282659
vt 0.626409 0.248091
vt 0.648603 0.204534
vt 0.656250 0.156250
vt 0.375000 0.312500
vt 0.387500 0.312500
vt 0.400000 0.312500
vt 0.412500 0.312500
vt 0.425000 0.312500
vt 0.437500 0.312500
vt 0.450000 0.312500
vt 0.462500 0.312500
vt 0.475000 0.312500
vt 0.487500 0.312500
vt 0.500000 0.312500
vt 0.512500 0.312500
vt 0.525000 0.312500
vt 0.537500 0.312500
vt 0.550000 0.312500
vt 0.562500 0.312500
vt 0.575000 0.312500
vt 0.587500 0.312500
vt 0.600000 0.312500
vt 0.612500 0.312500
vt 0.625000 0.312500
vt 0.375000 0.687500
vt 0.387500 0.687500
vt 0.400000 0.687500
vt 0.412500 0.687500
vt 0.425000 0.687500
vt 0.437500 0.687500
vt 0.450000 0.687500
vt 0.462500 0.687500
vt 0.475000 0.687500
vt 0.487500 0.687500
vt 0.500000 0.687500
vt 0.512500 0.687500
vt 0.525000 0.687500
vt 0.537500 0.687500
vt 0.550000 0.687500
vt 0.562500 0.687500
vt 0.575000 0.687500
vt 0.587500 0.687500
vt 0.600000 0.687500
vt 0.612500 0.687500
vt 0.625000 0.687500
vt 0.648603 0.795466
vt 0.626409 0.751908
vt 0.591842 0.717341
vt 0.548284 0.695147
vt 0.500000 0.687500
vt 0.451716 0.695147
vt 0.408159 0.717341
vt 0.373591 0.751909
vt 0.351397 0.795466
vt 0.343750 0.843750
vt 0.351397 0.892034
vt 0.373591 0.935591
vt 0.408159 0.970159
vt 0.451716 0.992353
vt 0.500000 1.000000
vt 0.548284 0.992353
vt 0.591841 0.970159
vt 0.626409 0.935591
vt 0.648603 0.892034
vt 0.656250 0.843750
vt 0.500000 0.156250
vt 0.500000 0.843750
vn 0.951052 0.309031 -0.000003
vn 0.809004 0.587803 -0.000002
vn 0.809005 0.587802 -0.000002
vn 0.951050 0.309038 -0.000003
vn 0.587828 0.808986 -0.000001
vn 0.587831 0.808984 -0.000001
vn 0.309007 0.951060 -0.000001
vn 0.309012 0.951058 -0.000001
vn -0.000001 1.000000 -0.000000
vn -0.000001 1.000000 -0.000000
vn -0.309021 0.951055 0.000000
vn -0.309024 0.951054 0.000000
vn -0.587794 0.809011 0.000001
vn -0.587791 0.809013 0.000001
vn -0.809008 0.587797 0.000001
vn -0.809008 0.587797 0.000001
vn -0.951064 0.308995 0.000002
vn -0.951064 0.308993 0.000002
vn -1.000000 0.000000 0.000002
vn -1.000000 0.000000 0.000002
vn -0.951064 -0.308994 0.000002
vn -0.951064 -0.308993 0.000002
vn -0.809004 -0.587803 0.000001
vn -0.809004 -0.587803 0.000001
vn -0.587782 -0.809019 0.000001
vn -0.587780 -0.809021 0.000001
vn -0.309023 -0.951055 0.000001
vn -0.309026 -0.951054 0.000001
vn -0.000001 -1.000000 -0.000000
vn -0.000001 -1.000000 -0.000000
vn 0.309006 -0.951060 -0.000001
vn 0.309012 -0.951058 -0.000001
vn 0.587822 -0.808990 -0.000001
vn 0.587823 -0.808989 -0.000001
vn 0.809001 -0.587807 -0.000002
vn 0.809003 -0.587805 -0.000002
vn 0.951053 -0.309029 -0.000003
vn 0.951051 -0.309034 -0.000003
vn 1.000000 0.000009 -0.000003
vn 1.000000 0.000008 -0.000003
vn 0.000039 0.000026 -1.000000
vn 0.000011 0.000096 -1.000000
vn 0.000008 0.000000 -1.000000
vn 0.000061 0.000008 -1.000000
vn 0.000067 -0.000000 -1.000000
vn 0.000000 0.000000 -1.000000
vn -0.000039 0.000008 -1.000000
vn -0.000000 0.000028 -1.000000
vn -0.000000 0.000008 -1.000000
vn -0.000022 -0.000011 -1.000000
vn -0.000020 -0.000003 -1.000000
vn -0.000025 0.000007 -1.000000
vn -0.000006 -0.000009 -1.000000
vn -0.000000 -0.000028 -1.000000
vn -0.000050 -0.000005 -1.000000
vn 0.000006 0.000004 -1.000000
vn 0.000073 -0.000001 -1.000000
vn 0.000034 -0.000017 -1.000000
vn 0.000031 -0.000008 -1.000000
vn 0.000020 -0.000084 -1.000000
vn -0.000011 -0.000012 -1.000000
vn -0.000008 0.000003 1.000000
vn -0.000010 0.000015 1.000000
vn -0.000001 -0.000000 1.000000
vn 0.000001 0.000005 1.000000
vn 0.000007 -0.000000 1.000000
vn 0.000013 0.000000 1.000000
vn 0.000003 -0.000004 1.000000
vn -0.000013 -0.000009 1.000000
vn -0.000003 0.000002 1.000000
vn 0.000001 -0.000002 1.000000
vn -0.000005 -0.000001 1.000000
vn 0.000000 0.000001 1.000000
vn -0.000001 -0.000003 1.000000
vn -0.000014 0.000009 1.000000
vn 0.000000 0.000006 1.000000
vn 0.000010 0.000000 1.000000
vn 0.000006 0.000002 1.000000
vn 0.000008 0.000001 1.000000
vn -0.000006 -0.000017 1.000000
vn -0.000010 -0.000009 1.000000
vn -0.000002 -0.000000 1.000000
s 1
g Hallway_Masters:LampBase3 Hallway_Masters:LampStick1
usemtl initialShadingGroup
f 387/579/767 388/580/768 408/601/769 407/600/770
f 388/580/768 389/581/771 409/602/772 408/601/769
f 389/581/771 390/582/773 410/603/774 409/602/772
f 390/582/773 391/583/775 411/604/776 410/603/774
f 391/583/775 392/584/777 412/605/778 411/604/776
f 392/584/777 393/585/779 413/606/780 412/605/778
f 393/585/779 394/586/781 414/607/782 413/606/780
f 394/586/781 395/587/783 415/608/784 414/607/782
f 395/587/783 396/588/785 416/609/786 415/608/784
f 396/588/785 397/589/787 417/610/788 416/609/786
f 397/589/787 398/590/789 418/611/790 417/610/788
f 398/590/789 399/591/791 419/612/792 418/611/790
f 399/591/791 400/592/793 420/613/794 419/612/792
f 400/592/793 401/593/795 421/614/796 420/613/794
f 401/593/795 402/594/797 422/615/798 421/614/796
f 402/594/797 403/595/799 423/616/800 422/615/798
f 403/595/799 404/596/801 424/617/802 423/616/800
f 404/596/801 405/597/803 425/618/804 424/617/802
f 405/597/803 406/598/805 426/619/806 425/618/804
f 406/598/805 387/599/767 407/620/770 426/619/806
s 2
f 388/560/807 387/559/808 427/641/809
f 389/561/810 388/560/807 427/641/809
f 390/562/811 389/561/810 427/641/809
f 391/563/812 390/562/811 427/641/809
f 392/564/813 391/563/812 427/641/809
f 393/565/814 392/564/813 427/641/809
f 394/566/815 393/565/814 427/641/809
f 395/567/816 394/566/815 427/641/809
f 396/568/817 395/567/816 427/641/809
f 397/569/818 396/568/817 427/641/809
f 398/570/819 397/569/818 427/641/809
f 399/571/820 398/570/819 427/641/809
f 400/572/821 399/571/820 427/641/809
f 401/573/822 400/572/821 427/641/809
f 402/574/823 401/573/822 427/641/809
f 403/575/824 402/574/823 427/641/809
f 404/576/825 403/575/824 427/641/809
f 405/577/826 404/576/825 427/641/809
f 406/578/827 405/577/826 427/641/809
f 387/559/808 406/578/827 427/641/809
s 3
f 407/639/828 408/638/829 428/642/830
f 408/638/829 409/637/831 428/642/830
f 409/637/831 410/636/832 428/642/830
f 410/636/832 411/635/833 428/642/830
f 411/635/833 412/634/834 428/642/830
f 412/634/834 413/633/835 428/642/830
f 413/633/835 414/632/836 428/642/830
f 414/632/836 415/631/837 428/642/830
f 415/631/837 416/630/838 428/642/830
f 416/630/838 417/629/839 428/642/830
f 417/629/839 418/628/840 428/642/830
f 418/628/840 419/627/841 428/642/830
f 419/627/841 420/626/842 428/642/830
f 420/626/842 421/625/843 428/642/830
f 421/625/843 422/624/844 428/642/830
f 422/624/844 423/623/845 428/642/830
f 423/623/845 424/622/846 428/642/830
f 424/622/846 425/621/847 428/642/830
f 425/621/847 426/640/848 428/642/830
f 426/640/848 407/639/828 428/642/830
g default
v -2.660343 7.361581 -19.080925
v -2.689164 7.361581 -19.137489
v -2.734054 7.361581 -19.182379
v -2.790618 7.361581 -19.211200
v -2.853320 7.361581 -19.221131
v -2.916022 7.361581 -19.211200
v -2.972586 7.361581 -19.182379
v -3.017475 7.361581 -19.137489
v -3.046296 7.361581 -19.080925
v -3.056226 7.361581 -19.018223
v -3.046296 7.361581 -18.955522
v -3.017475 7.361581 -18.898957
v -2.972586 7.361581 -18.854068
v -2.916022 7.361581 -18.825247
v -2.853320 7.361581 -18.815316
v -2.790618 7.361581 -18.825247
v -2.734054 7.361581 -18.854068
v -2.689164 7.361581 -18.898957
v -2.660343 7.361581 -18.955522
v -2.650412 7.361581 -19.018223
v -2.853320 7.361581 -19.018223
v -2.668159 7.396450 -19.078386
v -2.695812 7.396450 -19.132659
v -2.738884 7.396450 -19.175731
v -2.793157 7.396450 -19.203385
v -2.853320 7.396450 -19.212913
v -2.913482 7.396450 -19.203384
v -2.967756 7.396450 -19.175731
v -3.010827 7.396450 -19.132659
v -3.038480 7.396450 -19.078386
v -3.048010 7.396450 -19.018223
v -3.038480 7.396450 -18.958061
v -3.010827 7.396450 -18.903788
v -2.967756 7.396450 -18.860716
v -2.913482 7.396450 -18.833062
v -2.853320 7.396450 -18.823533
v -2.793157 7.396450 -18.833062
v -2.738884 7.396450 -18.860716
v -2.695812 7.396450 -18.903788
v -2.668159 7.396450 -18.958061
v -2.658630 7.396450 -19.018223
v -2.735964 7.442083 -19.056355
v -2.753491 7.442083 -19.090753
v -2.780790 7.442083 -19.118052
v -2.815188 7.442083 -19.135579
v -2.853320 7.442083 -19.141618
v -2.891450 7.442083 -19.135579
v -2.925849 7.442083 -19.118052
v -2.953148 7.442083 -19.090753
v -2.970675 7.442083 -19.056354
v -2.976714 7.442083 -19.018223
v -2.970675 7.442083 -18.980092
v -2.953148 7.442083 -18.945694
v -2.925849 7.442083 -18.918395
v -2.891450 7.442083 -18.900868
v -2.853320 7.442083 -18.894829
v -2.815189 7.442083 -18.900868
v -2.780790 7.442083 -18.918395
v -2.753491 7.442083 -18.945694
v -2.735965 7.442083 -18.980092
v -2.729925 7.442083 -19.018223
v -2.737796 7.478366 -19.055759
v -2.755050 7.478366 -19.089620
v -2.781923 7.478366 -19.116492
v -2.815784 7.478366 -19.133746
v -2.853320 7.478366 -19.139691
v -2.890855 7.478366 -19.133746
v -2.924716 7.478366 -19.116492
v -2.951589 7.478366 -19.089620
v -2.968842 7.478366 -19.055759
v -2.974787 7.478366 -19.018223
v -2.968842 7.478366 -18.980688
v -2.951589 7.478366 -18.946827
v -2.924716 7.478366 -18.919954
v -2.890855 7.478366 -18.902701
v -2.853320 7.478366 -18.896756
v -2.815784 7.478366 -18.902701
v -2.781923 7.478366 -18.919954
v -2.755050 7.478366 -18.946827
v -2.737796 7.478366 -18.980688
v -2.731853 7.478366 -19.018223
v -2.718007 7.528643 -19.062189
v -2.738216 7.528643 -19.101851
v -2.769692 7.528643 -19.133327
v -2.809354 7.528643 -19.153536
v -2.853320 7.528643 -19.160499
v -2.897285 7.528643 -19.153536
v -2.936948 7.528643 -19.133327
v -2.968423 7.528643 -19.101851
v -2.988632 7.528643 -19.062189
v -2.995595 7.528643 -19.018223
v -2.988632 7.528643 -18.974258
v -2.968423 7.528643 -18.934596
v -2.936948 7.528643 -18.903120
v -2.897285 7.528643 -18.882911
v -2.853320 7.528643 -18.875948
v -2.809354 7.528643 -18.882911
v -2.769692 7.528643 -18.903120
v -2.738216 7.528643 -18.934596
v -2.718007 7.528643 -18.974258
v -2.711044 7.528643 -19.018223
v -2.711863 7.646774 -19.064186
v -2.732989 7.646774 -19.105649
v -2.765894 7.646774 -19.138554
v -2.807357 7.646774 -19.159681
v -2.853320 7.646774 -19.166961
v -2.899282 7.646774 -19.159681
v -2.940745 7.646774 -19.138554
v -2.973650 7.646774 -19.105649
v -2.994776 7.646774 -19.064186
v -3.002057 7.646774 -19.018223
v -2.994776 7.646774 -18.972261
v -2.973650 7.646774 -18.930798
v -2.940745 7.646774 -18.897893
v -2.899282 7.646774 -18.876766
v -2.853320 7.646774 -18.869486
v -2.807357 7.646774 -18.876766
v -2.765894 7.646774 -18.897893
v -2.732989 7.646774 -18.930798
v -2.711863 7.646774 -18.972261
v -2.704582 7.646774 -19.018223
v -2.698691 7.699662 -19.068465
v -2.721785 7.699662 -19.113789
v -2.757754 7.699662 -19.149758
v -2.803077 7.699662 -19.172852
v -2.853320 7.699662 -19.180809
v -2.903561 7.699662 -19.172852
v -2.948885 7.699662 -19.149758
v -2.984854 7.699662 -19.113789
v -3.007948 7.699662 -19.068465
v -3.015905 7.699662 -19.018223
v -3.007948 7.699662 -18.967982
v -2.984854 7.699662 -18.922658
v -2.948885 7.699662 -18.886689
v -2.903561 7.699662 -18.863595
v -2.853320 7.699662 -18.855637
v -2.803077 7.699662 -18.863595
v -2.757754 7.699662 -18.886689
v -2.721785 7.699662 -18.922658
v -2.698692 7.699662 -18.967981
v -2.690734 7.699662 -19.018223
v -2.716171 7.699662 -19.062786
v -2.736654 7.699662 -19.102986
v -2.768557 7.699662 -19.134889
v -2.808757 7.699662 -19.155372
v -2.853320 7.699662 -19.162430
v -2.897882 7.699662 -19.155372
v -2.938082 7.699662 -19.134889
v -2.969985 7.699662 -19.102986
v -2.990468 7.699662 -19.062786
v -2.997526 7.699662 -19.018223
v -2.990468 7.699662 -18.973661
v -2.969985 7.699662 -18.933461
v -2.938082 7.699662 -18.901558
v -2.897882 7.699662 -18.881075
v -2.853320 7.699662 -18.874017
v -2.808757 7.699662 -18.881075
v -2.768557 7.699662 -18.901558
v -2.736654 7.699662 -18.933461
v -2.716171 7.699662 -18.973661
v -2.709113 7.699662 -19.018223
v -2.699383 7.744150 -19.068240
v -2.722374 7.744150 -19.113361
v -2.758181 7.744150 -19.149169
v -2.803302 7.744150 -19.172160
v -2.853320 7.744150 -19.180082
v -2.903336 7.744150 -19.172160
v -2.948457 7.744150 -19.149169
v -2.984266 7.744150 -19.113361
v -3.007256 7.744150 -19.068240
v -3.015178 7.744150 -19.018223
v -3.007256 7.744150 -18.968207
v -2.984266 7.744150 -18.923086
v -2.948457 7.744150 -18.887277
v -2.903336 7.744150 -18.864287
v -2.853320 7.744150 -18.856365
v -2.803302 7.744150 -18.864287
v -2.758182 7.744150 -18.887277
v -2.722374 7.744150 -18.923086
v -2.699383 7.744150 -18.968206
v -2.691461 7.744150 -19.018223
v -2.699383 7.797339 -19.068240
v -2.722374 7.797339 -19.113361
v -2.758181 7.797339 -19.149169
v -2.803302 7.797339 -19.172160
v -2.853320 7.797339 -19.180082
v -2.903336 7.797339 -19.172160
v -2.948457 7.797339 -19.149169
v -2.984266 7.797339 -19.113361
v -3.007256 7.797339 -19.068240
v -3.015178 7.797339 -19.018223
v -3.007256 7.797339 -18.968207
v -2.984266 7.797339 -18.923086
v -2.948457 7.797339 -18.887277
v -2.903336 7.797339 -18.864287
v -2.853320 7.797339 -18.856365
v -2.803302 7.797339 -18.864287
v -2.758182 7.797339 -18.887277
v -2.722374 7.797339 -18.923086
v -2.699383 7.797339 -18.968206
v -2.691461 7.797339 -19.018223
v -2.716171 7.841827 -19.062786
v -2.736654 7.841827 -19.102986
v -2.768557 7.841827 -19.134889
v -2.808757 7.841827 -19.155372
v -2.853320 7.841827 -19.162430
v -2.897882 7.841827 -19.155372
v -2.938082 7.841827 -19.134889
v -2.969985 7.841827 -19.102986
v -2.990468 7.841827 -19.062786
v -2.997526 7.841827 -19.018223
v -2.990468 7.841827 -18.973661
v -2.969985 7.841827 -18.933461
v -2.938082 7.841827 -18.901558
v -2.897882 7.841827 -18.881075
v -2.853320 7.841827 -18.874017
v -2.808757 7.841827 -18.881075
v -2.768557 7.841827 -18.901558
v -2.736654 7.841827 -18.933461
v -2.716171 7.841827 -18.973661
v -2.709113 7.841827 -19.018223
v -2.716171 7.870946 -19.062786
v -2.736654 7.870946 -19.102986
v -2.768557 7.870946 -19.134889
v -2.808757 7.870946 -19.155372
v -2.853320 7.870946 -19.162430
v -2.897882 7.870946 -19.155372
v -2.938082 7.870946 -19.134889
v -2.969985 7.870946 -19.102986
v -2.990468 7.870946 -19.062786
v -2.997526 7.870946 -19.018223
v -2.990468 7.870946 -18.973661
v -2.969985 7.870946 -18.933461
v -2.938082 7.870946 -18.901558
v -2.897882 7.870946 -18.881075
v -2.853320 7.870946 -18.874017
v -2.808757 7.870946 -18.881075
v -2.768557 7.870946 -18.901558
v -2.736654 7.870946 -18.933461
v -2.716171 7.870946 -18.973661
v -2.709113 7.870946 -19.018224
v -2.991343 7.913279 -18.973377
v -2.970730 7.913279 -18.932921
v -2.938623 7.913279 -18.900814
v -2.898166 7.913279 -18.880200
v -2.853320 7.913279 -18.873097
v -2.808473 7.913279 -18.880200
v -2.768017 7.913279 -18.900814
v -2.735910 7.913279 -18.932920
v -2.715296 7.913279 -18.973377
v -2.708194 7.913279 -19.018223
v -2.715296 7.913279 -19.063070
v -2.735910 7.913279 -19.103526
v -2.768017 7.913279 -19.135633
v -2.808473 7.913279 -19.156247
v -2.853320 7.913279 -19.163350
v -2.898166 7.913279 -19.156247
v -2.938623 7.913279 -19.135633
v -2.970730 7.913279 -19.103526
v -2.991343 7.913279 -19.063070
v -2.998446 7.913279 -19.018224
v -2.976548 7.949770 -18.978185
v -2.958144 7.949770 -18.942065
v -2.929477 7.949770 -18.913400
v -2.893359 7.949770 -18.894996
v -2.853319 7.949770 -18.888654
v -2.813280 7.949770 -18.894996
v -2.777161 7.949770 -18.913400
v -2.748496 7.949770 -18.942064
v -2.730092 7.949770 -18.978184
v -2.723750 7.949770 -19.018223
v -2.730092 7.949770 -19.058263
v -2.748496 7.949770 -19.094382
v -2.777161 7.949770 -19.123047
v -2.813281 7.949770 -19.141451
v -2.853320 7.949770 -19.147793
v -2.893359 7.949770 -19.141451
v -2.929478 7.949770 -19.123047
v -2.958144 7.949770 -19.094382
v -2.976548 7.949770 -19.058262
v -2.982889 7.949770 -19.018224
v -2.956384 7.985171 -18.984737
v -2.940991 7.985171 -18.954528
v -2.917016 7.985171 -18.930553
v -2.886806 7.985171 -18.915160
v -2.853319 7.985171 -18.909856
v -2.819832 7.985171 -18.915160
v -2.789623 7.985171 -18.930553
v -2.765648 7.985171 -18.954527
v -2.750256 7.985171 -18.984736
v -2.744952 7.985171 -19.018223
v -2.750256 7.985171 -19.051711
v -2.765648 7.985171 -19.081920
v -2.789623 7.985171 -19.105894
v -2.819833 7.985171 -19.121287
v -2.853320 7.985171 -19.126591
v -2.886807 7.985171 -19.121287
v -2.917016 7.985171 -19.105894
v -2.940991 7.985171 -19.081920
v -2.956383 7.985171 -19.051710
v -2.961687 7.985171 -19.018224
v -2.925929 8.013527 -18.994632
v -2.915085 8.013527 -18.973350
v -2.898194 8.013527 -18.956459
v -2.876911 8.013527 -18.945614
v -2.853319 8.013527 -18.941878
v -2.829727 8.013527 -18.945614
v -2.808445 8.013527 -18.956459
v -2.791555 8.013527 -18.973349
v -2.780711 8.013527 -18.994632
v -2.776974 8.013527 -19.018223
v -2.780711 8.013527 -19.041815
v -2.791555 8.013527 -19.063098
v -2.808445 8.013527 -19.079988
v -2.829728 8.013527 -19.090833
v -2.853320 8.013527 -19.094569
v -2.876912 8.013527 -19.090832
v -2.898195 8.013527 -19.079988
v -2.915085 8.013527 -19.063098
v -2.925929 8.013527 -19.041815
v -2.929665 8.013527 -19.018223
v -2.925929 8.037221 -18.994632
v -2.915085 8.037221 -18.973350
v -2.898194 8.037221 -18.956459
v -2.876911 8.037221 -18.945614
v -2.853319 8.037221 -18.941878
v -2.829727 8.037221 -18.945614
v -2.808445 8.037221 -18.956459
v -2.791555 8.037221 -18.973349
v -2.780711 8.037221 -18.994632
v -2.776974 8.037221 -19.018223
v -2.780711 8.037221 -19.041815
v -2.791555 8.037221 -19.063098
v -2.808445 8.037221 -19.079988
v -2.829728 8.037221 -19.090833
v -2.853320 8.037221 -19.094569
v -2.876912 8.037221 -19.090832
v -2.898195 8.037221 -19.079988
v -2.915085 8.037221 -19.063098
v -2.925929 8.037221 -19.041815
v -2.929665 8.037221 -19.018223
v -2.949964 8.060915 -18.986823
v -2.935530 8.060915 -18.958496
v -2.913049 8.060915 -18.936014
v -2.884721 8.060915 -18.921580
v -2.853319 8.060915 -18.916606
v -2.821917 8.060915 -18.921580
v -2.793591 8.060915 -18.936013
v -2.771110 8.060915 -18.958494
v -2.756676 8.060915 -18.986822
v -2.751702 8.060915 -19.018223
v -2.756676 8.060915 -19.049625
v -2.771109 8.060915 -19.077952
v -2.793591 8.060915 -19.100434
v -2.821919 8.060915 -19.114867
v -2.853320 8.060915 -19.119841
v -2.884722 8.060915 -19.114867
v -2.913049 8.060915 -19.100433
v -2.935530 8.060915 -19.077952
v -2.949964 8.060915 -19.049624
v -2.954937 8.060915 -19.018223
v -2.971814 8.084609 -18.979723
v -2.954116 8.084609 -18.944992
v -2.926552 8.084609 -18.917428
v -2.891819 8.084609 -18.899730
v -2.853319 8.084609 -18.893632
v -2.814818 8.084609 -18.899730
v -2.780087 8.084609 -18.917427
v -2.752523 8.084609 -18.944991
v -2.734826 8.084609 -18.979723
v -2.728728 8.084609 -19.018223
v -2.734826 8.084609 -19.056724
v -2.752523 8.084609 -19.091456
v -2.780087 8.084609 -19.119020
v -2.814820 8.084609 -19.136717
v -2.853320 8.084609 -19.142815
v -2.891820 8.084609 -19.136717
v -2.926552 8.084609 -19.119020
v -2.954116 8.084609 -19.091456
v -2.971813 8.084609 -19.056724
v -2.977912 8.084609 -19.018223
v -2.993663 8.131997 -18.972624
v -2.972703 8.131998 -18.931488
v -2.940056 8.131998 -18.898841
v -2.898919 8.131998 -18.877880
v -2.853318 8.131997 -18.870658
v -2.807719 8.131997 -18.877880
v -2.766583 8.131997 -18.898841
v -2.733936 8.131997 -18.931487
v -2.712977 8.131997 -18.972624
v -2.705754 8.131997 -19.018223
v -2.712977 8.131997 -19.063823
v -2.733936 8.131998 -19.104960
v -2.766584 8.131997 -19.137607
v -2.807720 8.131997 -19.158567
v -2.853320 8.131997 -19.165789
v -2.898920 8.131997 -19.158566
v -2.940056 8.131997 -19.137607
v -2.972703 8.131997 -19.104960
v -2.993663 8.131997 -19.063823
v -3.000886 8.131997 -19.018223
v -2.993663 8.155691 -18.972624
v -2.972703 8.155692 -18.931488
v -2.940056 8.155692 -18.898841
v -2.898919 8.155692 -18.877880
v -2.853318 8.155691 -18.870658
v -2.807719 8.155692 -18.877880
v -2.766583 8.155692 -18.898841
v -2.733936 8.155692 -18.931487
v -2.712977 8.155692 -18.972624
v -2.705754 8.155691 -19.018223
v -2.712977 8.155692 -19.063823
v -2.733936 8.155692 -19.104960
v -2.766584 8.155692 -19.137607
v -2.807720 8.155691 -19.158567
v -2.853320 8.155691 -19.165789
v -2.898920 8.155692 -19.158566
v -2.940056 8.155691 -19.137607
v -2.972703 8.155692 -19.104960
v -2.993663 8.155692 -19.063823
v -3.000886 8.155691 -19.018223
v -2.967444 8.155691 -18.981144
v -2.950399 8.155692 -18.947693
v -2.923853 8.155692 -18.921145
v -2.890399 8.155692 -18.904100
v -2.853318 8.155691 -18.898227
v -2.816238 8.155692 -18.904100
v -2.782787 8.155692 -18.921144
v -2.756240 8.155691 -18.947691
v -2.739196 8.155691 -18.981143
v -2.733323 8.155691 -19.018223
v -2.739196 8.155691 -19.055304
v -2.756240 8.155692 -19.088755
v -2.782788 8.155692 -19.115303
v -2.816241 8.155691 -19.132347
v -2.853320 8.155691 -19.138220
v -2.890400 8.155692 -19.132347
v -2.923853 8.155691 -19.115303
v -2.950399 8.155692 -19.088756
v -2.967443 8.155691 -19.055304
v -2.973316 8.155691 -19.018223
v -2.968049 8.174043 -18.980947
v -2.950914 8.174043 -18.947319
v -2.924225 8.174043 -18.920631
v -2.890594 8.174043 -18.903495
v -2.853318 8.174043 -18.897591
v -2.816042 8.174043 -18.903495
v -2.782414 8.174043 -18.920630
v -2.755726 8.174043 -18.947318
v -2.738591 8.174043 -18.980947
v -2.732687 8.174043 -19.018223
v -2.738591 8.174043 -19.055500
v -2.755726 8.174043 -19.089129
v -2.782415 8.174043 -19.115818
v -2.816043 8.174043 -19.132952
v -2.853320 8.174043 -19.138856
v -2.890597 8.174043 -19.132951
v -2.924226 8.174043 -19.115817
v -2.950913 8.174043 -19.089129
v -2.968049 8.174043 -19.055500
v -2.973952 8.174043 -19.018223
v -2.993027 8.176796 -18.972831
v -2.972162 8.176796 -18.931882
v -2.939662 8.176796 -18.899383
v -2.898711 8.176796 -18.878517
v -2.853318 8.176796 -18.871327
v -2.807926 8.176796 -18.878517
v -2.766976 8.176796 -18.899382
v -2.734478 8.176796 -18.931880
v -2.713613 8.176796 -18.972831
v -2.706423 8.176796 -19.018223
v -2.713613 8.176796 -19.063615
v -2.734478 8.176796 -19.104566
v -2.766978 8.176796 -19.137065
v -2.807928 8.176796 -19.157930
v -2.853320 8.176796 -19.165120
v -2.898713 8.176796 -19.157930
v -2.939663 8.176796 -19.137065
v -2.972162 8.176796 -19.104567
v -2.993026 8.176796 -19.063616
v -3.000216 8.176796 -19.018223
v -2.993027 8.201141 -18.972831
v -2.972162 8.201141 -18.931882
v -2.939662 8.201141 -18.899383
v -2.898711 8.201141 -18.878517
v -2.853318 8.201141 -18.871327
v -2.807927 8.201141 -18.878517
v -2.766976 8.201141 -18.899382
v -2.734478 8.201141 -18.931880
v -2.713613 8.201141 -18.972831
v -2.706423 8.201141 -19.018223
v -2.713613 8.201141 -19.063615
v -2.734478 8.201141 -19.104566
v -2.766978 8.201141 -19.137065
v -2.807928 8.201141 -19.157930
v -2.853320 8.201141 -19.165119
v -2.898713 8.201141 -19.157930
v -2.939663 8.201141 -19.137065
v -2.972162 8.201141 -19.104567
v -2.993026 8.201141 -19.063616
v -3.000216 8.201141 -19.018223
v -2.993027 8.201141 -18.972831
v -2.972162 8.201141 -18.931882
v -2.939662 8.201141 -18.899383
v -2.898711 8.201141 -18.878517
v -2.853318 8.201141 -18.871327
v -2.807927 8.201141 -18.878517
v -2.766976 8.201141 -18.899382
v -2.734478 8.201141 -18.931880
v -2.713613 8.201141 -18.972831
v -2.706423 8.201141 -19.018223
v -2.713613 8.201141 -19.063615
v -2.734478 8.201141 -19.104566
v -2.766978 8.201141 -19.137065
v -2.807928 8.201141 -19.157930
v -2.853320 8.201141 -19.165119
v -2.898713 8.201141 -19.157930
v -2.939663 8.201141 -19.137065
v -2.972162 8.201141 -19.104567
v -2.993026 8.201141 -19.063616
v -3.000216 8.201141 -19.018223
v -2.972498 7.893130 -18.979500
v -2.973490 7.870997 -18.979177
v -2.954699 7.893130 -18.944567
v -2.955544 7.870997 -18.943953
v -2.926976 7.893130 -18.916844
v -2.927590 7.870997 -18.915999
v -2.892043 7.893130 -18.899045
v -2.892366 7.870997 -18.898052
v -2.853320 7.893130 -18.892912
v -2.853320 7.870997 -18.891867
v -2.814596 7.893130 -18.899045
v -2.814273 7.870997 -18.898051
v -2.779663 7.893130 -18.916844
v -2.779049 7.870997 -18.915999
v -2.751940 7.893130 -18.944567
v -2.751096 7.870997 -18.943953
v -2.734141 7.893130 -18.979500
v -2.733149 7.870997 -18.979177
v -2.728008 7.893130 -19.018223
v -2.726963 7.870997 -19.018223
v -2.734141 7.893130 -19.056947
v -2.733149 7.870997 -19.057270
v -2.751940 7.893130 -19.091880
v -2.751095 7.870997 -19.092494
v -2.779663 7.893130 -19.119603
v -2.779049 7.870997 -19.120448
v -2.814596 7.893130 -19.137402
v -2.814273 7.870997 -19.138396
v -2.853320 7.893130 -19.143535
v -2.853320 7.870997 -19.144580
v -2.892044 7.893130 -19.137402
v -2.892366 7.870997 -19.138395
v -2.926976 7.893130 -19.119603
v -2.927590 7.870997 -19.120448
v -2.954699 7.893130 -19.091880
v -2.955544 7.870997 -19.092494
v -2.972498 7.893130 -19.056947
v -2.973490 7.870997 -19.057270
v -2.978631 7.893130 -19.018224
v -2.979676 7.870997 -19.018224
v -2.971177 8.247210 -18.979931
v -2.953575 8.247210 -18.945387
v -2.926158 8.247210 -18.917970
v -2.891610 8.247210 -18.900367
v -2.853318 8.247210 -18.894302
v -2.815026 8.247210 -18.900367
v -2.780480 8.247210 -18.917969
v -2.753065 8.247210 -18.945385
v -2.735463 8.247210 -18.979931
v -2.729399 8.247210 -19.018223
v -2.735463 8.247210 -19.056516
v -2.753065 8.247210 -19.091062
v -2.780483 8.247210 -19.118479
v -2.815027 8.247210 -19.136080
v -2.853320 8.247210 -19.142145
v -2.891614 8.247210 -19.136080
v -2.926159 8.247210 -19.118478
v -2.953575 8.247210 -19.091063
v -2.971176 8.247210 -19.056516
v -2.977241 8.247210 -19.018223
v -2.943030 8.284371 -18.989077
v -2.929632 8.284371 -18.962783
v -2.908763 8.284371 -18.941914
v -2.882465 8.284371 -18.928514
v -2.853318 8.284371 -18.923897
v -2.824172 8.284371 -18.928514
v -2.797875 8.284371 -18.941913
v -2.777008 8.284371 -18.962780
v -2.763610 8.284371 -18.989076
v -2.758992 8.284371 -19.018223
v -2.763610 8.284371 -19.047369
v -2.777008 8.284371 -19.073665
v -2.797879 8.284371 -19.094535
v -2.824173 8.284371 -19.107933
v -2.853319 8.284371 -19.112550
v -2.882470 8.284371 -19.107933
v -2.908763 8.284371 -19.094535
v -2.929631 8.284371 -19.073667
v -2.943030 8.284371 -19.047371
v -2.947646 8.284371 -19.018223
v -2.905627 8.308040 -19.001230
v -2.897816 8.308041 -18.985899
v -2.885647 8.308041 -18.973730
v -2.870312 8.308041 -18.965917
v -2.853318 8.308040 -18.963225
v -2.836325 8.308041 -18.965917
v -2.820993 8.308041 -18.973729
v -2.808825 8.308040 -18.985897
v -2.801013 8.308041 -19.001229
v -2.798321 8.308041 -19.018223
v -2.801012 8.308041 -19.035216
v -2.808825 8.308041 -19.050549
v -2.820994 8.308041 -19.062719
v -2.836326 8.308040 -19.070531
v -2.853319 8.308041 -19.073222
v -2.870315 8.308041 -19.070530
v -2.885647 8.308041 -19.062718
v -2.897814 8.308041 -19.050551
v -2.905626 8.308041 -19.035218
v -2.908318 8.308041 -19.018223
v -2.774528 8.386661 -19.043829
v -2.786296 8.386661 -19.066924
v -2.804621 8.386661 -19.085249
v -2.827714 8.386662 -19.097015
v -2.853318 8.386662 -19.101071
v -2.878923 8.386662 -19.097015
v -2.902016 8.386661 -19.085249
v -2.920345 8.386662 -19.066920
v -2.932111 8.386662 -19.043826
v -2.936167 8.386661 -19.018224
v -2.932111 8.386662 -18.992619
v -2.920344 8.386662 -18.969524
v -2.902018 8.386662 -18.951199
v -2.878923 8.386662 -18.939431
v -2.853318 8.386661 -18.935376
v -2.827719 8.386661 -18.939431
v -2.804623 8.386662 -18.951198
v -2.786294 8.386662 -18.969528
v -2.774527 8.386661 -18.992621
v -2.770472 8.386662 -19.018222
v -2.752678 8.464530 -19.050930
v -2.767709 8.464529 -19.080428
v -2.791115 8.464530 -19.103835
v -2.820614 8.464531 -19.118865
v -2.853318 8.464530 -19.124046
v -2.886023 8.464530 -19.118865
v -2.915520 8.464530 -19.103836
v -2.938930 8.464531 -19.080425
v -2.953961 8.464531 -19.050925
v -2.959142 8.464530 -19.018223
v -2.953961 8.464530 -18.985519
v -2.938932 8.464530 -18.956020
v -2.915522 8.464530 -18.932612
v -2.886022 8.464530 -18.917581
v -2.853318 8.464530 -18.912401
v -2.820620 8.464530 -18.917580
v -2.791120 8.464530 -18.932611
v -2.767707 8.464530 -18.956024
v -2.752677 8.464530 -18.985521
v -2.747498 8.464530 -19.018222
v -2.752677 8.649737 -19.050932
v -2.767707 8.649736 -19.080429
v -2.791113 8.649737 -19.103834
v -2.820613 8.649737 -19.118865
v -2.853319 8.649737 -19.124047
v -2.886023 8.649737 -19.118866
v -2.915520 8.649736 -19.103838
v -2.938929 8.649737 -19.080429
v -2.953960 8.649738 -19.050924
v -2.959143 8.649737 -19.018221
v -2.953962 8.649737 -18.985519
v -2.938932 8.649737 -18.956020
v -2.915522 8.649737 -18.932612
v -2.886021 8.649737 -18.917580
v -2.853317 8.649737 -18.912400
v -2.820620 8.649736 -18.917578
v -2.791122 8.649737 -18.932610
v -2.767706 8.649737 -18.956026
v -2.752676 8.649736 -18.985521
v -2.747498 8.649737 -19.018222
v -2.730828 8.649736 -19.058031
v -2.749121 8.649736 -19.093933
v -2.777609 8.649736 -19.122421
v -2.813513 8.649737 -19.140714
v -2.853319 8.649737 -19.147021
v -2.893124 8.649737 -19.140715
v -2.929024 8.649736 -19.122425
v -2.957515 8.649737 -19.093932
v -2.975810 8.649738 -19.058024
v -2.982117 8.649737 -19.018221
v -2.975811 8.649737 -18.978420
v -2.957518 8.649737 -18.942516
v -2.929026 8.649737 -18.914025
v -2.893120 8.649737 -18.895730
v -2.853317 8.649736 -18.889426
v -2.813521 8.649736 -18.895729
v -2.777617 8.649737 -18.914024
v -2.749119 8.649737 -18.942522
v -2.730826 8.649736 -18.978422
v -2.724524 8.649737 -19.018222
v -2.730828 8.673431 -19.058032
v -2.749121 8.673430 -19.093933
v -2.777608 8.673431 -19.122421
v -2.813513 8.673431 -19.140714
v -2.853319 8.673431 -19.147021
v -2.893124 8.673431 -19.140715
v -2.929024 8.673430 -19.122425
v -2.957515 8.673431 -19.093932
v -2.975810 8.673432 -19.058024
v -2.982117 8.673431 -19.018221
v -2.975811 8.673431 -18.978420
v -2.957518 8.673431 -18.942516
v -2.929026 8.673431 -18.914025
v -2.893120 8.673431 -18.895730
v -2.853317 8.673431 -18.889426
v -2.813521 8.673430 -18.895728
v -2.777617 8.673431 -18.914024
v -2.749119 8.673431 -18.942522
v -2.730826 8.673430 -18.978422
v -2.724524 8.673431 -19.018222
v -2.752678 8.673431 -19.050932
v -2.767707 8.673430 -19.080429
v -2.791112 8.673431 -19.103834
v -2.820613 8.673431 -19.118865
v -2.853319 8.673431 -19.124047
v -2.886023 8.673431 -19.118866
v -2.915520 8.673430 -19.103838
v -2.938928 8.673431 -19.080429
v -2.953960 8.673432 -19.050924
v -2.959143 8.673431 -19.018220
v -2.953962 8.673431 -18.985519
v -2.938932 8.673431 -18.956020
v -2.915522 8.673431 -18.932612
v -2.886021 8.673431 -18.917579
v -2.853317 8.673431 -18.912400
v -2.820620 8.673430 -18.917578
v -2.791122 8.673431 -18.932610
v -2.767706 8.673431 -18.956026
v -2.752676 8.673431 -18.985521
v -2.747498 8.673431 -19.018222
v -2.752678 8.697125 -19.050933
v -2.767707 8.697125 -19.080429
v -2.791112 8.697125 -19.103834
v -2.820613 8.697126 -19.118865
v -2.853319 8.697125 -19.124047
v -2.886025 8.697125 -19.118866
v -2.915520 8.697125 -19.103839
v -2.938928 8.697126 -19.080429
v -2.953960 8.697126 -19.050924
v -2.959143 8.697125 -19.018220
v -2.953962 8.697125 -18.985519
v -2.938932 8.697125 -18.956020
v -2.915522 8.697125 -18.932612
v -2.886021 8.697125 -18.917579
v -2.853317 8.697125 -18.912400
v -2.820621 8.697125 -18.917578
v -2.791122 8.697125 -18.932610
v -2.767706 8.697126 -18.956026
v -2.752676 8.697125 -18.985521
v -2.747498 8.697125 -19.018222
v -2.730828 8.697125 -19.058032
v -2.749121 8.697124 -19.093933
v -2.777608 8.697125 -19.122421
v -2.813513 8.697126 -19.140714
v -2.853319 8.697125 -19.147021
v -2.893124 8.697125 -19.140715
v -2.929024 8.697125 -19.122425
v -2.957515 8.697126 -19.093933
v -2.975810 8.697126 -19.058023
v -2.982117 8.697125 -19.018220
v -2.975812 8.697125 -18.978420
v -2.957518 8.697125 -18.942516
v -2.929026 8.697125 -18.914025
v -2.893120 8.697125 -18.895729
v -2.853317 8.697125 -18.889426
v -2.813521 8.697125 -18.895728
v -2.777617 8.697125 -18.914023
v -2.749119 8.697125 -18.942522
v -2.730826 8.697125 -18.978422
v -2.724524 8.697125 -19.018222
v -2.730828 8.741567 -19.058033
v -2.749121 8.741567 -19.093934
v -2.853319 8.741567 -19.018224
v -2.777608 8.741567 -19.122421
v -2.813513 8.741568 -19.140714
v -2.853319 8.741567 -19.147021
v -2.893124 8.741567 -19.140715
v -2.929024 8.741567 -19.122426
v -2.957514 8.741568 -19.093933
v -2.975810 8.741568 -19.058023
v -2.982117 8.741567 -19.018220
v -2.975812 8.741567 -18.978420
v -2.957518 8.741567 -18.942516
v -2.929026 8.741567 -18.914025
v -2.893120 8.741567 -18.895729
v -2.853317 8.741567 -18.889425
v -2.813521 8.741567 -18.895728
v -2.777617 8.741567 -18.914023
v -2.749119 8.741567 -18.942522
v -2.730825 8.741567 -18.978422
v -2.724524 8.741567 -19.018222
v -2.730829 8.368510 -19.058028
v -2.735948 8.381345 -19.056365
v -2.748306 8.386661 -19.052349
v -2.749124 8.368510 -19.093932
v -2.753478 8.381344 -19.090768
v -2.763991 8.386661 -19.083130
v -2.777613 8.368510 -19.122422
v -2.780777 8.381345 -19.118067
v -2.788415 8.386661 -19.107554
v -2.813514 8.368511 -19.140715
v -2.815178 8.381345 -19.135595
v -2.819194 8.386662 -19.123237
v -2.853318 8.368510 -19.147020
v -2.853318 8.381345 -19.141637
v -2.853318 8.386662 -19.128642
v -2.893122 8.368510 -19.140715
v -2.891459 8.381345 -19.135596
v -2.887443 8.386662 -19.123237
v -2.929024 8.368510 -19.122422
v -2.925860 8.381345 -19.118067
v -2.918222 8.386661 -19.107554
v -2.957518 8.368511 -19.093928
v -2.953163 8.381345 -19.090764
v -2.942650 8.386662 -19.083126
v -2.975810 8.368511 -19.058026
v -2.970691 8.381346 -19.056362
v -2.958332 8.386662 -19.052347
v -2.982115 8.368510 -19.018224
v -2.976733 8.381345 -19.018224
v -2.963738 8.386661 -19.018224
v -2.975810 8.368510 -18.978420
v -2.970691 8.381345 -18.980083
v -2.958332 8.386662 -18.984099
v -2.957517 8.368510 -18.942516
v -2.953163 8.381345 -18.945680
v -2.942649 8.386662 -18.953318
v -2.929026 8.368511 -18.914026
v -2.925862 8.381345 -18.918381
v -2.918224 8.386662 -18.928894
v -2.893120 8.368510 -18.895732
v -2.891457 8.381345 -18.900851
v -2.887441 8.386661 -18.913209
v -2.853318 8.368510 -18.889428
v -2.853318 8.381345 -18.894810
v -2.853318 8.386661 -18.907805
v -2.813520 8.368510 -18.895731
v -2.815183 8.381345 -18.900850
v -2.819199 8.386661 -18.913209
v -2.777615 8.368510 -18.914025
v -2.780779 8.381345 -18.918380
v -2.788417 8.386662 -18.928893
v -2.749121 8.368511 -18.942520
v -2.753476 8.381345 -18.945684
v -2.763989 8.386662 -18.953322
v -2.730828 8.368510 -18.978422
v -2.735947 8.381345 -18.980086
v -2.748306 8.386661 -18.984101
v -2.724524 8.368511 -19.018222
v -2.729907 8.381345 -19.018222
v -2.742901 8.386662 -19.018222
v -2.748295 8.308039 -19.052351
v -2.735945 8.313352 -19.056364
v -2.730829 8.326178 -19.058027
v -2.763983 8.308039 -19.083137
v -2.753476 8.313352 -19.090770
v -2.749124 8.326178 -19.093932
v -2.788410 8.308039 -19.107564
v -2.780776 8.313352 -19.118070
v -2.777614 8.326178 -19.122422
v -2.819190 8.308040 -19.123248
v -2.815177 8.313352 -19.135599
v -2.813515 8.326179 -19.140714
v -2.853318 8.308039 -19.128654
v -2.853318 8.313352 -19.141640
v -2.853318 8.326179 -19.147019
v -2.887446 8.308039 -19.123248
v -2.891459 8.313352 -19.135599
v -2.893122 8.326179 -19.140715
v -2.918229 8.308039 -19.107563
v -2.925862 8.313352 -19.118069
v -2.929024 8.326178 -19.122421
v -2.942659 8.308040 -19.083132
v -2.953166 8.313352 -19.090766
v -2.957518 8.326179 -19.093927
v -2.958343 8.308040 -19.052350
v -2.970694 8.313353 -19.056364
v -2.975810 8.326179 -19.058026
v -2.963749 8.308039 -19.018224
v -2.976736 8.313352 -19.018224
v -2.982115 8.326179 -19.018224
v -2.958343 8.308040 -18.984095
v -2.970694 8.313352 -18.980082
v -2.975810 8.326179 -18.978419
v -2.942658 8.308039 -18.953312
v -2.953164 8.313352 -18.945678
v -2.957517 8.326179 -18.942517
v -2.918230 8.308040 -18.928885
v -2.925864 8.313352 -18.918378
v -2.929026 8.326179 -18.914027
v -2.887447 8.308039 -18.913199
v -2.891459 8.313352 -18.900848
v -2.893121 8.326179 -18.895732
v -2.853318 8.308039 -18.907794
v -2.853318 8.313352 -18.894807
v -2.853318 8.326178 -18.889428
v -2.819195 8.308039 -18.913198
v -2.815182 8.313352 -18.900848
v -2.813519 8.326178 -18.895732
v -2.788411 8.308040 -18.928884
v -2.780778 8.313352 -18.918377
v -2.777615 8.326179 -18.914026
v -2.763980 8.308040 -18.953315
v -2.753473 8.313352 -18.945682
v -2.749122 8.326179 -18.942520
v -2.748295 8.308039 -18.984097
v -2.735944 8.313352 -18.980084
v -2.730828 8.326178 -18.978422
v -2.742890 8.308040 -19.018222
v -2.729903 8.313352 -19.018222
v -2.724525 8.326179 -19.018222
vt 0.648603 0.107966
vt 0.626409 0.064408
vt 0.591842 0.029841
vt 0.548284 0.007647
vt 0.500000 -0.000000
vt 0.451716 0.007647
vt 0.408159 0.029841
vt 0.373591 0.064409
vt 0.351397 0.107966
vt 0.343750 0.156250
vt 0.351397 0.204534
vt 0.373591 0.248091
vt 0.408159 0.282659
vt 0.451716 0.304853
vt 0.500000 0.312500
vt 0.548284 0.304853
vt 0.591841 0.282659
vt 0.626409 0.248091
vt 0.648603 0.204534
vt 0.656250 0.156250
vt 0.375000 0.312500
vt 0.387500 0.312500
vt 0.400000 0.312500
vt 0.412500 0.312500
vt 0.425000 0.312500
vt 0.437500 0.312500
vt 0.450000 0.312500
vt 0.462500 0.312500
vt 0.475000 0.312500
vt 0.487500 0.312500
vt 0.500000 0.312500
vt 0.512500 0.312500
vt 0.525000 0.312500
vt 0.537500 0.312500
vt 0.550000 0.312500
vt 0.562500 0.312500
vt 0.575000 0.312500
vt 0.587500 0.312500
vt 0.600000 0.312500
vt 0.612500 0.312500
vt 0.625000 0.312500
vt 0.500000 0.156250
vt 0.500000 0.843750
vt 0.648603 0.892034
vt 0.626409 0.935591
vt 0.591841 0.970159
vt 0.548284 0.992353
vt 0.500000 1.000000
vt 0.451716 0.992353
vt 0.408159 0.970159
vt 0.373591 0.935591
vt 0.351397 0.892034
vt 0.343750 0.843750
vt 0.351397 0.795466
vt 0.373591 0.751909
vt 0.408159 0.717341
vt 0.451716 0.695147
vt 0.500000 0.687500
vt 0.548284 0.695147
vt 0.591842 0.717341
vt 0.626409 0.751908
vt 0.648603 0.795466
vt 0.656250 0.843750
vt 0.648603 0.892034
vt 0.626409 0.935591
vt 0.591841 0.970159
vt 0.548284 0.992353
vt 0.500000 1.000000
vt 0.451716 0.992353
vt 0.408159 0.970159
vt 0.373591 0.935591
vt 0.351397 0.892034
vt 0.343750 0.843750
vt 0.351397 0.795466
vt 0.373591 0.751909
vt 0.408159 0.717341
vt 0.451716 0.695147
vt 0.500000 0.687500
vt 0.548284 0.695147
vt 0.591842 0.717341
vt 0.626409 0.751908
vt 0.648603 0.795466
vt 0.656250 0.843750
vt 0.648603 0.892034
vt 0.626409 0.935591
vt 0.591841 0.970159
vt 0.548284 0.992353
vt 0.500000 1.000000
vt 0.451716 0.992353
vt 0.408159 0.970159
vt 0.373591 0.935591
vt 0.351397 0.892034
vt 0.343750 0.843750
vt 0.351397 0.795466
vt 0.373591 0.751909
vt 0.408159 0.717341
vt 0.451716 0.695147
vt 0.500000 0.687500
vt 0.548284 0.695147
vt 0.591842 0.717341
vt 0.626409 0.751908
vt 0.648603 0.795466
vt 0.656250 0.843750
vt 0.648603 0.892034
vt 0.626409 0.935591
vt 0.591841 0.970159
vt 0.548284 0.992353
vt 0.500000 1.000000
vt 0.451716 0.992353
vt 0.408159 0.970159
vt 0.373591 0.935591
vt 0.351397 0.892034
vt 0.343750 0.843750
vt 0.351397 0.795466
vt 0.373591 0.751909
vt 0.408159 0.717341
vt 0.451716 0.695147
vt 0.500000 0.687500
vt 0.548284 0.695147
vt 0.591842 0.717341
vt 0.626409 0.751908
vt 0.648603 0.795466
vt 0.656250 0.843750
vt 0.648603 0.892034
vt 0.626409 0.935591
vt 0.591841 0.970159
vt 0.548284 0.992353
vt 0.500000 1.000000
vt 0.451716 0.992353
vt 0.408159 0.970159
vt 0.373591 0.935591
vt 0.351397 0.892034
vt 0.343750 0.843750
vt 0.351397 0.795466
vt 0.373591 0.751909
vt 0.408159 0.717341
vt 0.451716 0.695147
vt 0.500000 0.687500
vt 0.548284 0.695147
vt 0.591842 0.717341
vt 0.626409 0.751908
vt 0.648603 0.795466
vt 0.656250 0.843750
vt 0.648603 0.892034
vt 0.626409 0.935591
vt 0.591841 0.970159
vt 0.548284 0.992353
vt 0.500000 1.000000
vt 0.451716 0.992353
vt 0.408159 0.970159
vt 0.373591 0.935591
vt 0.351397 0.892034
vt 0.343750 0.843750
vt 0.351397 0.795466
vt 0.373591 0.751909
vt 0.408159 0.717341
vt 0.451716 0.695147
vt 0.500000 0.687500
vt 0.548284 0.695147
vt 0.591842 0.717341
vt 0.626409 0.751908
vt 0.648603 0.795466
vt 0.656250 0.843750
vt 0.648603 0.892034
vt 0.626409 0.935591
vt 0.591841 0.970159
vt 0.548284 0.992353
vt 0.500000 1.000000
vt 0.451716 0.992353
vt 0.408159 0.970159
vt 0.373591 0.935591
vt 0.351397 0.892034
vt 0.343750 0.843750
vt 0.351397 0.795466
vt 0.373591 0.751909
vt 0.408159 0.717341
vt 0.451716 0.695147
vt 0.500000 0.687500
vt 0.548284 0.695147
vt 0.591842 0.717341
vt 0.626409 0.751908
vt 0.648603 0.795466
vt 0.656250 0.843750
vt 0.648603 0.892034
vt 0.626409 0.935591
vt 0.591841 0.970159
vt 0.548284 0.992353
vt 0.500000 1.000000
vt 0.451716 0.992353
vt 0.408159 0.970159
vt 0.373591 0.935591
vt 0.351397 0.892034
vt 0.343750 0.843750
vt 0.351397 0.795466
vt 0.373591 0.751909
vt 0.408159 0.717341
vt 0.451716 0.695147
vt 0.500000 0.687500
vt 0.548284 0.695147
vt 0.591842 0.717341
vt 0.626409 0.751908
vt 0.648603 0.795466
vt 0.656250 0.843750
vt 0.648603 0.892034
vt 0.626409 0.935591
vt 0.591841 0.970159
vt 0.548284 0.992353
vt 0.500000 1.000000
vt 0.451716 0.992353
vt 0.408159 0.970159
vt 0.373591 0.935591
vt 0.351397 0.892034
vt 0.343750 0.843750
vt 0.351397 0.795466
vt 0.373591 0.751909
vt 0.408159 0.717341
vt 0.451716 0.695147
vt 0.500000 0.687500
vt 0.548284 0.695147
vt 0.591842 0.717341
vt 0.626409 0.751908
vt 0.648603 0.795466
vt 0.656250 0.843750
vt 0.648603 0.892034
vt 0.626409 0.935591
vt 0.591841 0.970159
vt 0.548284 0.992353
vt 0.500000 1.000000
vt 0.451716 0.992353
vt 0.408159 0.970159
vt 0.373591 0.935591
vt 0.351397 0.892034
vt 0.343750 0.843750
vt 0.351397 0.795466
vt 0.373591 0.751909
vt 0.408159 0.717341
vt 0.451716 0.695147
vt 0.500000 0.687500
vt 0.548284 0.695147
vt 0.591842 0.717341
vt 0.626409 0.751908
vt 0.648603 0.795466
vt 0.656250 0.843750
vt 0.648603 0.892034
vt 0.626409 0.935591
vt 0.591841 0.970159
vt 0.548284 0.992353
vt 0.500000 1.000000
vt 0.451716 0.992353
vt 0.408159 0.970159
vt 0.373591 0.935591
vt 0.351397 0.892034
vt 0.343750 0.843750
vt 0.351397 0.795466
vt 0.373591 0.751909
vt 0.408159 0.717341
vt 0.451716 0.695147
vt 0.500000 0.687500
vt 0.548284 0.695147
vt 0.591842 0.717341
vt 0.626409 0.751908
vt 0.648603 0.795466
vt 0.656250 0.843750
vt 0.648603 0.892034
vt 0.626409 0.935591
vt 0.591841 0.970159
vt 0.548284 0.992353
vt 0.500000 1.000000
vt 0.451716 0.992353
vt 0.408159 0.970159
vt 0.373591 0.935591
vt 0.351397 0.892034
vt 0.343750 0.843750
vt 0.351397 0.795466
vt 0.373591 0.751909
vt 0.408159 0.717341
vt 0.451716 0.695147
vt 0.500000 0.687500
vt 0.548284 0.695147
vt 0.591842 0.717341
vt 0.626409 0.751908
vt 0.648603 0.795466
vt 0.656250 0.843750
vt 0.648603 0.892034
vt 0.626409 0.935591
vt 0.591841 0.970159
vt 0.548284 0.992353
vt 0.500000 1.000000
vt 0.451716 0.992353
vt 0.408159 0.970159
vt 0.373591 0.935591
vt 0.351397 0.892034
vt 0.343750 0.843750
vt 0.351397 0.795466
vt 0.373591 0.751909
vt 0.408159 0.717341
vt 0.451716 0.695147
vt 0.500000 0.687500
vt 0.548284 0.695147
vt 0.591842 0.717341
vt 0.626409 0.751908
vt 0.648603 0.795466
vt 0.656250 0.843750
vt 0.648603 0.892034
vt 0.626409 0.935591
vt 0.591841 0.970159
vt 0.548284 0.992353
vt 0.500000 1.000000
vt 0.451716 0.992353
vt 0.408159 0.970159
vt 0.373591 0.935591
vt 0.351397 0.892034
vt 0.343750 0.843750
vt 0.351397 0.795466
vt 0.373591 0.751909
vt 0.408159 0.717341
vt 0.451716 0.695147
vt 0.500000 0.687500
vt 0.548284 0.695147
vt 0.591842 0.717341
vt 0.626409 0.751908
vt 0.648603 0.795466
vt 0.656250 0.843750
vt 0.648603 0.892034
vt 0.626409 0.935591
vt 0.591841 0.970159
vt 0.548284 0.992353
vt 0.500000 1.000000
vt 0.451716 0.992353
vt 0.408159 0.970159
vt 0.373591 0.935591
vt 0.351397 0.892034
vt 0.343750 0.843750
vt 0.351397 0.795466
vt 0.373591 0.751909
vt 0.408159 0.717341
vt 0.451716 0.695147
vt 0.500000 0.687500
vt 0.548284 0.695147
vt 0.591842 0.717341
vt 0.626409 0.751908
vt 0.648603 0.795466
vt 0.656250 0.843750
vt 0.648603 0.892034
vt 0.626409 0.935591
vt 0.591841 0.970159
vt 0.548284 0.992353
vt 0.500000 1.000000
vt 0.451716 0.992353
vt 0.408159 0.970159
vt 0.373591 0.935591
vt 0.351397 0.892034
vt 0.343750 0.843750
vt 0.351397 0.795466
vt 0.373591 0.751909
vt 0.408159 0.717341
vt 0.451716 0.695147
vt 0.500000 0.687500
vt 0.548284 0.695147
vt 0.591842 0.717341
vt 0.626409 0.751908
vt 0.648603 0.795466
vt 0.656250 0.843750
vt 0.648603 0.892034
vt 0.626409 0.935591
vt 0.591841 0.970159
vt 0.548284 0.992353
vt 0.500000 1.000000
vt 0.451716 0.992353
vt 0.408159 0.970159
vt 0.373591 0.935591
vt 0.351397 0.892034
vt 0.343750 0.843750
vt 0.351397 0.795466
vt 0.373591 0.751909
vt 0.408159 0.717341
vt 0.451716 0.695147
vt 0.500000 0.687500
vt 0.548284 0.695147
vt 0.591842 0.717341
vt 0.626409 0.751908
vt 0.648603 0.795466
vt 0.656250 0.843750
vt 0.648603 0.892034
vt 0.626409 0.935591
vt 0.591841 0.970159
vt 0.548284 0.992353
vt 0.500000 1.000000
vt 0.451716 0.992353
vt 0.408159 0.970159
vt 0.373591 0.935591
vt 0.351397 0.892034
vt 0.343750 0.843750
vt 0.351397 0.795466
vt 0.373591 0.751909
vt 0.408159 0.717341
vt 0.451716 0.695147
vt 0.500000 0.687500
vt 0.548284 0.695147
vt 0.591842 0.717341
vt 0.626409 0.751908
vt 0.648603 0.795466
vt 0.656250 0.843750
vt 0.648603 0.892034
vt 0.626409 0.935591
vt 0.591841 0.970159
vt 0.548284 0.992353
vt 0.500000 1.000000
vt 0.451716 0.992353
vt 0.408159 0.970159
vt 0.373591 0.935591
vt 0.351397 0.892034
vt 0.343750 0.843750
vt 0.351397 0.795466
vt 0.373591 0.751909
vt 0.408159 0.717341
vt 0.451716 0.695147
vt 0.500000 0.687500
vt 0.548284 0.695147
vt 0.591842 0.717341
vt 0.626409 0.751908
vt 0.648603 0.795466
vt 0.656250 0.843750
vt 0.648603 0.892034
vt 0.626409 0.935591
vt 0.591841 0.970159
vt 0.548284 0.992353
vt 0.500000 1.000000
vt 0.451716 0.992353
vt 0.408159 0.970159
vt 0.373591 0.935591
vt 0.351397 0.892034
vt 0.343750 0.843750
vt 0.351397 0.795466
vt 0.373591 0.751909
vt 0.408159 0.717341
vt 0.451716 0.695147
vt 0.500000 0.687500
vt 0.548284 0.695147
vt 0.591842 0.717341
vt 0.626409 0.751908
vt 0.648603 0.795466
vt 0.656250 0.843750
vt 0.648603 0.892034
vt 0.626409 0.935591
vt 0.591841 0.970159
vt 0.548284 0.992353
vt 0.500000 1.000000
vt 0.451716 0.992353
vt 0.408159 0.970159
vt 0.373591 0.935591
vt 0.351397 0.892034
vt 0.343750 0.843750
vt 0.351397 0.795466
vt 0.373591 0.751909
vt 0.408159 0.717341
vt 0.451716 0.695147
vt 0.500000 0.687500
vt 0.548284 0.695147
vt 0.591842 0.717341
vt 0.626409 0.751908
vt 0.648603 0.795466
vt 0.656250 0.843750
vt 0.648603 0.892034
vt 0.626409 0.935591
vt 0.591841 0.970159
vt 0.548284 0.992353
vt 0.500000 1.000000
vt 0.451716 0.992353
vt 0.408159 0.970159
vt 0.373591 0.935591
vt 0.351397 0.892034
vt 0.343750 0.843750
vt 0.351397 0.795466
vt 0.373591 0.751909
vt 0.408159 0.717341
vt 0.451716 0.695147
vt 0.500000 0.687500
vt 0.548284 0.695147
vt 0.591842 0.717341
vt 0.626409 0.751908
vt 0.648603 0.795466
vt 0.656250 0.843750
vt 0.648603 0.892034
vt 0.626409 0.935591
vt 0.591841 0.970159
vt 0.548284 0.992353
vt 0.500000 1.000000
vt 0.451716 0.992353
vt 0.408159 0.970159
vt 0.373591 0.935591
vt 0.351397 0.892034
vt 0.343750 0.843750
vt 0.351397 0.795466
vt 0.373591 0.751909
vt 0.408159 0.717341
vt 0.451716 0.695147
vt 0.500000 0.687500
vt 0.548284 0.695147
vt 0.591842 0.717341
vt 0.626409 0.751908
vt 0.648603 0.795466
vt 0.656250 0.843750
vt 0.626409 0.935591
vt 0.648603 0.892034
vt 0.591841 0.970159
vt 0.626409 0.935591
vt 0.548284 0.992353
vt 0.591841 0.970159
vt 0.500000 1.000000
vt 0.548284 0.992353
vt 0.451716 0.992353
vt 0.500000 1.000000
vt 0.408159 0.970159
vt 0.451716 0.992353
vt 0.373591 0.935592
vt 0.408159 0.970159
vt 0.351397 0.892034
vt 0.373591 0.935591
vt 0.343750 0.843750
vt 0.351397 0.892034
vt 0.351397 0.795466
vt 0.343750 0.843750
vt 0.373591 0.751909
vt 0.351397 0.795466
vt 0.408159 0.717341
vt 0.373591 0.751909
vt 0.451716 0.695147
vt 0.408159 0.717341
vt 0.500000 0.687500
vt 0.451716 0.695147
vt 0.548284 0.695147
vt 0.500000 0.687500
vt 0.591842 0.717341
vt 0.548284 0.695147
vt 0.626409 0.751908
vt 0.591842 0.717341
vt 0.648603 0.795466
vt 0.626409 0.751908
vt 0.656250 0.843750
vt 0.648603 0.795466
vt 0.648603 0.892034
vt 0.656250 0.843750
vt 0.591841 0.970159
vt 0.499986 0.843740
vt 0.548284 0.992353
vt 0.499990 0.843736
vt 0.500000 1.000000
vt 0.499995 0.843734
vt 0.451716 0.992353
vt 0.500000 0.843734
vt 0.408159 0.970159
vt 0.500005 0.843734
vt 0.373591 0.935591
vt 0.500009 0.843737
vt 0.351397 0.892034
vt 0.500013 0.843741
vt 0.343750 0.843750
vt 0.500015 0.843745
vt 0.351397 0.795466
vt 0.500016 0.843750
vt 0.373591 0.751909
vt 0.500015 0.843755
vt 0.408159 0.717341
vt 0.500014 0.843760
vt 0.451716 0.695147
vt 0.500011 0.843765
vt 0.500000 0.687500
vt 0.500005 0.843767
vt 0.548284 0.695147
vt 0.500000 0.843766
vt 0.591842 0.717341
vt 0.499995 0.843765
vt 0.626409 0.751908
vt 0.499990 0.843764
vt 0.648603 0.795466
vt 0.499986 0.843760
vt 0.656250 0.843750
vt 0.499985 0.843755
vt 0.648603 0.892034
vt 0.499984 0.843750
vt 0.626409 0.935591
vt 0.499984 0.843745
vt 0.648603 0.892034
vt 0.626409 0.935591
vt 0.591841 0.970159
vt 0.548284 0.992353
vt 0.500000 1.000000
vt 0.451716 0.992353
vt 0.408159 0.970159
vt 0.373591 0.935591
vt 0.351397 0.892034
vt 0.343750 0.843750
vt 0.351397 0.795466
vt 0.373591 0.751909
vt 0.408159 0.717341
vt 0.451716 0.695147
vt 0.500000 0.687500
vt 0.548284 0.695147
vt 0.591842 0.717341
vt 0.626409 0.751908
vt 0.648603 0.795466
vt 0.656250 0.843750
vt 0.648603 0.892034
vt 0.626409 0.935591
vt 0.591841 0.970159
vt 0.548284 0.992353
vt 0.500000 1.000000
vt 0.451716 0.992353
vt 0.408159 0.970159
vt 0.373591 0.935591
vt 0.351397 0.892034
vt 0.343750 0.843750
vt 0.351397 0.795466
vt 0.373591 0.751909
vt 0.408159 0.717341
vt 0.451716 0.695147
vt 0.500000 0.687500
vt 0.548284 0.695147
vt 0.591842 0.717341
vt 0.626409 0.751908
vt 0.648603 0.795466
vt 0.656250 0.843750
vt 0.648603 0.892034
vt 0.626409 0.935591
vt 0.591841 0.970159
vt 0.548284 0.992353
vt 0.500000 1.000000
vt 0.451716 0.992353
vt 0.408159 0.970159
vt 0.373591 0.935591
vt 0.351397 0.892034
vt 0.343750 0.843750
vt 0.351397 0.795466
vt 0.373591 0.751909
vt 0.408159 0.717341
vt 0.451716 0.695147
vt 0.500000 0.687500
vt 0.548284 0.695147
vt 0.591842 0.717341
vt 0.626409 0.751908
vt 0.648603 0.795466
vt 0.656250 0.843750
vt 0.648603 0.892034
vt 0.626409 0.935591
vt 0.591841 0.970159
vt 0.548284 0.992353
vt 0.500000 1.000000
vt 0.451716 0.992353
vt 0.408159 0.970159
vt 0.373591 0.935591
vt 0.351397 0.892034
vt 0.343750 0.843750
vt 0.351397 0.795466
vt 0.373591 0.751909
vt 0.408159 0.717341
vt 0.451716 0.695147
vt 0.500000 0.687500
vt 0.548284 0.695147
vt 0.591842 0.717341
vt 0.626409 0.751908
vt 0.648603 0.795466
vt 0.656250 0.843750
vt 0.648603 0.892034
vt 0.626409 0.935591
vt 0.591841 0.970159
vt 0.548284 0.992353
vt 0.500000 1.000000
vt 0.451716 0.992353
vt 0.408159 0.970159
vt 0.373591 0.935591
vt 0.351397 0.892034
vt 0.343750 0.843750
vt 0.351397 0.795466
vt 0.373591 0.751909
vt 0.408159 0.717341
vt 0.451716 0.695147
vt 0.500000 0.687500
vt 0.548284 0.695147
vt 0.591842 0.717341
vt 0.626409 0.751908
vt 0.648603 0.795466
vt 0.656250 0.843750
vt 0.648603 0.892034
vt 0.626409 0.935591
vt 0.591841 0.970159
vt 0.548284 0.992353
vt 0.500000 1.000000
vt 0.451716 0.992353
vt 0.408159 0.970159
vt 0.373591 0.935591
vt 0.351397 0.892034
vt 0.343750 0.843750
vt 0.351397 0.795466
vt 0.373591 0.751909
vt 0.408159 0.717341
vt 0.451716 0.695147
vt 0.500000 0.687500
vt 0.548284 0.695147
vt 0.591842 0.717341
vt 0.626409 0.751908
vt 0.648603 0.795466
vt 0.656250 0.843750
vt 0.648603 0.892034
vt 0.626409 0.935591
vt 0.591841 0.970159
vt 0.548284 0.992353
vt 0.500000 1.000000
vt 0.451716 0.992353
vt 0.408159 0.970159
vt 0.373591 0.935591
vt 0.351397 0.892034
vt 0.343750 0.843750
vt 0.351397 0.795466
vt 0.373591 0.751909
vt 0.408159 0.717341
vt 0.451716 0.695147
vt 0.500000 0.687500
vt 0.548284 0.695147
vt 0.591842 0.717341
vt 0.626409 0.751908
vt 0.648603 0.795466
vt 0.656250 0.843750
vt 0.648603 0.892034
vt 0.626409 0.935591
vt 0.591841 0.970159
vt 0.548284 0.992353
vt 0.500000 1.000000
vt 0.451716 0.992353
vt 0.408159 0.970159
vt 0.373591 0.935591
vt 0.351397 0.892034
vt 0.343750 0.843750
vt 0.351397 0.795466
vt 0.373591 0.751909
vt 0.408159 0.717341
vt 0.451716 0.695147
vt 0.500000 0.687500
vt 0.548284 0.695147
vt 0.591842 0.717341
vt 0.626409 0.751908
vt 0.648603 0.795466
vt 0.656250 0.843750
vt 0.648603 0.892034
vt 0.626409 0.935591
vt 0.591841 0.970159
vt 0.548284 0.992353
vt 0.500000 1.000000
vt 0.451716 0.992353
vt 0.408159 0.970159
vt 0.373591 0.935591
vt 0.351397 0.892034
vt 0.343750 0.843750
vt 0.351397 0.795466
vt 0.373591 0.751909
vt 0.408159 0.717341
vt 0.451716 0.695147
vt 0.500000 0.687500
vt 0.548284 0.695147
vt 0.591842 0.717341
vt 0.626409 0.751908
vt 0.648603 0.795466
vt 0.656250 0.843750
vt 0.648603 0.892034
vt 0.626409 0.935591
vt 0.591841 0.970159
vt 0.548284 0.992353
vt 0.500000 1.000000
vt 0.451716 0.992353
vt 0.408159 0.970159
vt 0.373591 0.935591
vt 0.351397 0.892034
vt 0.343750 0.843750
vt 0.351397 0.795466
vt 0.373591 0.751909
vt 0.408159 0.717341
vt 0.451716 0.695147
vt 0.500000 0.687500
vt 0.548284 0.695147
vt 0.591842 0.717341
vt 0.626409 0.751908
vt 0.648603 0.795466
vt 0.656250 0.843750
vt 0.626409 0.935592
vt 0.648603 0.892034
vt 0.591841 0.970159
vt 0.626409 0.935591
vt 0.548284 0.992353
vt 0.591841 0.970159
vt 0.500000 1.000000
vt 0.548284 0.992353
vt 0.451716 0.992353
vt 0.500000 1.000000
vt 0.408158 0.970159
vt 0.451716 0.992353
vt 0.373591 0.935592
vt 0.408159 0.970159
vt 0.351397 0.892034
vt 0.373591 0.935591
vt 0.343750 0.843750
vt 0.351397 0.892034
vt 0.351397 0.795466
vt 0.343750 0.843750
vt 0.373591 0.751909
vt 0.351397 0.795466
vt 0.408158 0.717341
vt 0.373591 0.751909
vt 0.451717 0.695147
vt 0.408159 0.717341
vt 0.500000 0.687500
vt 0.451716 0.695147
vt 0.548284 0.695147
vt 0.500000 0.687500
vt 0.591842 0.717341
vt 0.548284 0.695147
vt 0.626409 0.751908
vt 0.591842 0.717341
vt 0.648603 0.795466
vt 0.626409 0.751908
vt 0.656250 0.843750
vt 0.648603 0.795466
vt 0.648603 0.892034
vt 0.656250 0.843750
vt 0.648603 0.892034
vt 0.626409 0.935591
vt 0.591841 0.970159
vt 0.548284 0.992353
vt 0.500000 1.000000
vt 0.451716 0.992353
vt 0.408159 0.970159
vt 0.373591 0.935591
vt 0.351397 0.892034
vt 0.343750 0.843750
vt 0.351397 0.795466
vt 0.373591 0.751909
vt 0.408159 0.717341
vt 0.451716 0.695147
vt 0.500000 0.687500
vt 0.548284 0.695147
vt 0.591842 0.717341
vt 0.626409 0.751908
vt 0.648603 0.795466
vt 0.656250 0.843750
vt 0.626409 0.935591
vt 0.645438 0.898245
vt 0.591841 0.970159
vt 0.621479 0.940521
vt 0.548284 0.992353
vt 0.591841 0.970159
vt 0.500000 1.000000
vt 0.541399 0.993443
vt 0.451716 0.992353
vt 0.493115 0.998910
vt 0.408159 0.970159
vt 0.451716 0.992353
vt 0.373591 0.935591
vt 0.403229 0.965230
vt 0.351397 0.892034
vt 0.370426 0.929380
vt 0.343750 0.843750
vt 0.350307 0.885149
vt 0.351397 0.795466
vt 0.343750 0.843750
vt 0.373591 0.751909
vt 0.351397 0.795466
vt 0.408159 0.717341
vt 0.373591 0.751909
vt 0.451716 0.695147
vt 0.408159 0.717341
vt 0.500000 0.687500
vt 0.451716 0.695147
vt 0.548284 0.695147
vt 0.500000 0.687500
vt 0.591842 0.717341
vt 0.548284 0.695147
vt 0.626409 0.751908
vt 0.596771 0.722270
vt 0.648603 0.795466
vt 0.626409 0.751909
vt 0.656250 0.843750
vt 0.648603 0.795466
vt 0.648603 0.892034
vt 0.655160 0.850635
vt 0.626409 0.935591
vt 0.648603 0.892034
vt 0.591841 0.970159
vt 0.626409 0.935591
vt 0.548284 0.992353
vt 0.591841 0.970159
vt 0.500000 1.000000
vt 0.548284 0.992353
vt 0.451716 0.992353
vt 0.500000 1.000000
vt 0.408159 0.970159
vt 0.451716 0.992353
vt 0.373591 0.935592
vt 0.408159 0.970159
vt 0.351397 0.892034
vt 0.373591 0.935592
vt 0.343750 0.843750
vt 0.351397 0.892034
vt 0.351397 0.795466
vt 0.343750 0.843750
vt 0.373591 0.751909
vt 0.351397 0.795466
vt 0.408158 0.717341
vt 0.373591 0.751909
vt 0.451716 0.695147
vt 0.408159 0.717341
vt 0.500000 0.687500
vt 0.451716 0.695147
vt 0.548284 0.695147
vt 0.500000 0.687500
vt 0.591842 0.717341
vt 0.548284 0.695147
vt 0.626409 0.751908
vt 0.591842 0.717341
vt 0.648603 0.795466
vt 0.626409 0.751908
vt 0.656250 0.843750
vt 0.648603 0.795466
vt 0.648603 0.892034
vt 0.656250 0.843750
vt 0.648603 0.892034
vt 0.626409 0.935591
vt 0.591841 0.970159
vt 0.548284 0.992353
vt 0.500000 1.000000
vt 0.451716 0.992353
vt 0.408159 0.970159
vt 0.373591 0.935591
vt 0.351397 0.892034
vt 0.343750 0.843750
vt 0.351397 0.795466
vt 0.373591 0.751909
vt 0.408159 0.717341
vt 0.451716 0.695147
vt 0.500000 0.687500
vt 0.548284 0.695147
vt 0.591842 0.717341
vt 0.626409 0.751908
vt 0.648603 0.795466
vt 0.656250 0.843750
vn 0.000000 -1.000000 -0.000000
vn 0.000001 -1.000000 0.000000
vn -0.000000 -1.000000 -0.000000
vn 0.000000 -1.000000 -0.000000
vn 0.000000 -1.000000 -0.000000
vn -0.000000 -1.000000 -0.000001
vn -0.000000 -1.000000 -0.000000
vn -0.000000 -1.000000 -0.000000
vn -0.000000 -1.000000 -0.000001
vn -0.000001 -1.000000 -0.000000
vn -0.000001 -1.000000 0.000000
vn -0.000001 -1.000000 0.000000
vn -0.000000 -1.000000 0.000001
vn -0.000000 -1.000000 0.000000
vn -0.000000 -1.000000 0.000000
vn 0.000000 -1.000000 0.000001
vn 0.000000 -1.000000 0.000001
vn 0.000000 -1.000000 0.000000
vn 0.000000 -1.000000 0.000000
vn 0.000001 -1.000000 0.000000
vn 0.000001 -1.000000 0.000000
vn 0.000000 1.000000 -0.000006
vn 0.000006 1.000000 -0.000003
vn 0.000001 1.000000 0.000000
vn 0.000014 1.000000 0.000005
vn 0.000002 1.000000 0.000003
vn -0.000006 1.000000 -0.000002
vn -0.000007 1.000000 0.000000
vn 0.000002 1.000000 -0.000010
vn 0.000012 1.000000 -0.000014
vn 0.000002 1.000000 0.000010
vn -0.000003 1.000000 0.000010
vn -0.000001 1.000000 0.000000
vn 0.000000 1.000000 0.000003
vn 0.000002 1.000000 0.000002
vn 0.000004 1.000000 0.000003
vn 0.000005 1.000000 0.000003
vn -0.000004 1.000000 0.000007
vn -0.000008 1.000000 0.000004
vn 0.000005 1.000000 -0.000011
vn 0.000005 1.000000 -0.000000
vn -0.000000 1.000000 0.000006
vn 0.787446 0.229382 -0.572112
vn 0.787446 0.229382 -0.572112
vn 0.925698 0.229387 -0.300775
vn 0.925698 0.229387 -0.300775
vn 0.572112 0.229382 -0.787446
vn 0.572113 0.229382 -0.787446
vn 0.300777 0.229384 -0.925698
vn 0.300777 0.229384 -0.925698
vn -0.000000 0.229385 -0.973336
vn -0.000000 0.229385 -0.973336
vn -0.300777 0.229384 -0.925697
vn -0.300778 0.229384 -0.925697
vn -0.572114 0.229379 -0.787445
vn -0.572116 0.229379 -0.787444
vn -0.787447 0.229378 -0.572113
vn -0.787448 0.229378 -0.572111
vn -0.925699 0.229380 -0.300776
vn -0.925699 0.229380 -0.300776
vn -0.973337 0.229379 -0.000000
vn -0.973337 0.229379 -0.000000
vn -0.925699 0.229382 0.300775
vn -0.925699 0.229382 0.300776
vn -0.787447 0.229379 0.572112
vn -0.787448 0.229379 0.572111
vn -0.572114 0.229379 0.787445
vn -0.572115 0.229379 0.787445
vn -0.300777 0.229384 0.925698
vn -0.300778 0.229384 0.925697
vn 0.000000 0.229385 0.973336
vn 0.000000 0.229385 0.973336
vn 0.300777 0.229384 0.925698
vn 0.300777 0.229384 0.925698
vn 0.572112 0.229380 0.787447
vn 0.572113 0.229380 0.787446
vn 0.787446 0.229381 0.572112
vn 0.787447 0.229381 0.572111
vn 0.925698 0.229384 0.300776
vn 0.925698 0.229384 0.300776
vn 0.973335 0.229389 0.000001
vn 0.973335 0.229389 0.000001
vn 0.512703 0.842250 -0.166586
vn 0.436130 0.842251 -0.316866
vn 0.436130 0.842251 -0.316866
vn 0.512703 0.842250 -0.166585
vn 0.316867 0.842251 -0.436130
vn 0.316867 0.842251 -0.436130
vn 0.166587 0.842251 -0.512702
vn 0.166587 0.842251 -0.512701
vn -0.000000 0.842251 -0.539086
vn -0.000000 0.842251 -0.539086
vn -0.166587 0.842250 -0.512702
vn -0.166587 0.842250 -0.512702
vn -0.316867 0.842251 -0.436129
vn -0.316867 0.842251 -0.436130
vn -0.436130 0.842251 -0.316866
vn -0.436130 0.842251 -0.316866
vn -0.512702 0.842250 -0.166587
vn -0.512702 0.842250 -0.166587
vn -0.539087 0.842250 0.000000
vn -0.539087 0.842250 0.000000
vn -0.512702 0.842250 0.166587
vn -0.512702 0.842250 0.166587
vn -0.436130 0.842251 0.316866
vn -0.436130 0.842251 0.316866
vn -0.316867 0.842251 0.436130
vn -0.316867 0.842251 0.436130
vn -0.166587 0.842251 0.512701
vn -0.166587 0.842251 0.512702
vn 0.000000 0.842251 0.539086
vn 0.000000 0.842251 0.539086
vn 0.166587 0.842250 0.512702
vn 0.166587 0.842250 0.512702
vn 0.316867 0.842251 0.436130
vn 0.316866 0.842251 0.436130
vn 0.436130 0.842251 0.316866
vn 0.436130 0.842251 0.316866
vn 0.512703 0.842250 0.166586
vn 0.512703 0.842250 0.166586
vn 0.539087 0.842250 0.000000
vn 0.539087 0.842250 0.000000
vn 0.949720 0.053030 -0.308577
vn 0.807872 0.053036 -0.586966
vn 0.788407 -0.224250 -0.572823
vn 0.926836 -0.224253 -0.301141
vn 0.586958 0.053045 -0.807878
vn 0.572815 -0.224250 -0.788413
vn 0.308581 0.053047 -0.949718
vn 0.301148 -0.224250 -0.926834
vn 0.000000 0.053048 -0.998592
vn -0.000000 -0.224249 -0.974532
vn -0.308581 0.053047 -0.949718
vn -0.301148 -0.224251 -0.926834
vn -0.586957 0.053045 -0.807878
vn -0.572815 -0.224251 -0.788413
vn -0.807877 0.053042 -0.586959
vn -0.788413 -0.224251 -0.572815
vn -0.949718 0.053045 -0.308581
vn -0.926835 -0.224250 -0.301145
vn -0.998592 0.053049 -0.000000
vn -0.974532 -0.224249 -0.000000
vn -0.949718 0.053045 0.308581
vn -0.926835 -0.224251 0.301145
vn -0.807877 0.053043 0.586960
vn -0.788413 -0.224251 0.572815
vn -0.586957 0.053045 0.807878
vn -0.572814 -0.224251 0.788413
vn -0.308581 0.053047 0.949718
vn -0.301148 -0.224251 0.926834
vn -0.000000 0.053048 0.998592
vn -0.000000 -0.224249 0.974532
vn 0.308581 0.053047 0.949718
vn 0.301148 -0.224250 0.926834
vn 0.586957 0.053045 0.807878
vn 0.572815 -0.224249 0.788413
vn 0.807873 0.053034 0.586966
vn 0.788408 -0.224250 0.572822
vn 0.949720 0.053026 0.308578
vn 0.926836 -0.224252 0.301141
vn 0.998593 0.053031 0.000001
vn 0.974532 -0.224250 0.000001
vn 0.799887 -0.149802 -0.581155
vn 0.940326 -0.149800 -0.305529
vn 0.581153 -0.149804 -0.799888
vn 0.305529 -0.149804 -0.940325
vn -0.000000 -0.149804 -0.988716
vn -0.305529 -0.149804 -0.940325
vn -0.581154 -0.149803 -0.799887
vn -0.799890 -0.149802 -0.581150
vn -0.940325 -0.149801 -0.305529
vn -0.988716 -0.149801 -0.000000
vn -0.940325 -0.149801 0.305529
vn -0.799890 -0.149802 0.581150
vn -0.581153 -0.149803 0.799887
vn -0.305529 -0.149804 0.940325
vn -0.000000 -0.149804 0.988716
vn 0.305529 -0.149803 0.940325
vn 0.581153 -0.149803 0.799888
vn 0.799887 -0.149801 0.581154
vn 0.940325 -0.149799 0.305530
vn 0.988716 -0.149800 0.000002
vn 0.802950 -0.122244 -0.583376
vn 0.943924 -0.122243 -0.306699
vn 0.583377 -0.122245 -0.802949
vn 0.306699 -0.122245 -0.943924
vn -0.000000 -0.122245 -0.992500
vn -0.306700 -0.122244 -0.943923
vn -0.583379 -0.122244 -0.802948
vn -0.802952 -0.122244 -0.583373
vn -0.943924 -0.122243 -0.306699
vn -0.992500 -0.122243 -0.000000
vn -0.943924 -0.122243 0.306699
vn -0.802952 -0.122244 0.583374
vn -0.583377 -0.122244 0.802949
vn -0.306700 -0.122244 0.943923
vn -0.000000 -0.122245 0.992500
vn 0.306699 -0.122245 0.943924
vn 0.583377 -0.122244 0.802949
vn 0.802950 -0.122244 0.583376
vn 0.943923 -0.122243 0.306700
vn 0.992500 -0.122243 0.000002
vn 0.782631 -0.253312 -0.568613
vn 0.920038 -0.253312 -0.298937
vn 0.568615 -0.253311 -0.782631
vn 0.298939 -0.253312 -0.920037
vn -0.000000 -0.253312 -0.967385
vn -0.298939 -0.253311 -0.920037
vn -0.568616 -0.253311 -0.782630
vn -0.782633 -0.253314 -0.568611
vn -0.920037 -0.253315 -0.298937
vn -0.967384 -0.253315 0.000000
vn -0.920037 -0.253316 0.298937
vn -0.782632 -0.253315 0.568611
vn -0.568614 -0.253312 0.782631
vn -0.298939 -0.253312 0.920037
vn -0.000000 -0.253312 0.967385
vn 0.298939 -0.253312 0.920037
vn 0.568615 -0.253311 0.782631
vn 0.782631 -0.253312 0.568613
vn 0.920037 -0.253312 0.298938
vn 0.967385 -0.253313 0.000002
vn 0.000000 1.000000 -0.000001
vn 0.000000 1.000000 0.000001
vn 0.000000 1.000000 0.000001
vn 0.000000 1.000000 -0.000001
vn 0.000000 1.000000 0.000002
vn 0.000000 1.000000 0.000002
vn 0.000000 1.000000 0.000001
vn 0.000000 1.000000 0.000001
vn 0.000000 1.000000 0.000000
vn 0.000000 1.000000 0.000000
vn 0.000000 1.000000 -0.000001
vn 0.000000 1.000000 -0.000001
vn 0.000000 1.000000 -0.000000
vn 0.000000 1.000000 -0.000000
vn 0.000000 1.000000 0.000001
vn 0.000000 1.000000 0.000001
vn 0.000000 1.000000 0.000000
vn 0.000000 1.000000 0.000000
vn 0.000000 1.000000 0.000001
vn 0.000000 1.000000 0.000001
vn 0.000000 1.000000 0.000001
vn 0.000000 1.000000 0.000001
vn 0.000000 1.000000 0.000001
vn 0.000000 1.000000 0.000001
vn 0.000000 1.000000 0.000001
vn 0.000000 1.000000 0.000001
vn 0.000000 1.000000 0.000001
vn 0.000000 1.000000 0.000001
vn 0.000000 1.000000 0.000000
vn 0.000000 1.000000 0.000000
vn 0.000000 1.000000 0.000000
vn 0.000000 1.000000 0.000000
vn 0.000000 1.000000 -0.000000
vn 0.000000 1.000000 -0.000000
vn 0.000000 1.000000 -0.000001
vn 0.000000 1.000000 -0.000001
vn 0.000000 1.000000 0.000001
vn 0.000000 1.000000 0.000001
vn 0.000000 1.000000 -0.000000
vn 0.000000 1.000000 -0.000000
vn 0.884014 -0.368802 -0.287235
vn 0.751989 -0.368802 -0.546350
vn 0.797369 -0.169088 -0.579320
vn 0.937362 -0.169087 -0.304568
vn 0.546353 -0.368802 -0.751987
vn 0.579323 -0.169088 -0.797367
vn 0.287233 -0.368802 -0.884015
vn 0.304566 -0.169087 -0.937363
vn -0.000000 -0.368800 -0.929509
vn -0.000000 -0.169087 -0.985601
vn -0.287235 -0.368799 -0.884015
vn -0.304568 -0.169086 -0.937362
vn -0.546352 -0.368799 -0.751988
vn -0.579322 -0.169086 -0.797368
vn -0.751990 -0.368800 -0.546350
vn -0.797369 -0.169086 -0.579321
vn -0.884015 -0.368801 -0.287233
vn -0.937363 -0.169087 -0.304566
vn -0.929508 -0.368803 -0.000000
vn -0.985601 -0.169088 -0.000000
vn -0.884015 -0.368801 0.287233
vn -0.937363 -0.169087 0.304566
vn -0.751990 -0.368799 0.546350
vn -0.797369 -0.169086 0.579321
vn -0.546351 -0.368799 0.751989
vn -0.579321 -0.169086 0.797369
vn -0.287235 -0.368799 0.884015
vn -0.304568 -0.169086 0.937362
vn -0.000000 -0.368799 0.929509
vn -0.000000 -0.169087 0.985601
vn 0.287234 -0.368800 0.884015
vn 0.304567 -0.169087 0.937363
vn 0.546353 -0.368802 0.751987
vn 0.579324 -0.169087 0.797367
vn 0.751988 -0.368803 0.546350
vn 0.797368 -0.169088 0.579321
vn 0.884013 -0.368803 0.287237
vn 0.937361 -0.169088 0.304570
vn 0.929508 -0.368803 0.000001
vn 0.985601 -0.169088 0.000001
vn 0.797369 0.169088 -0.579320
vn 0.937362 0.169088 -0.304568
vn 0.579323 0.169087 -0.797367
vn 0.304566 0.169087 -0.937363
vn -0.000000 0.169086 -0.985601
vn -0.304568 0.169085 -0.937362
vn -0.579322 0.169085 -0.797368
vn -0.797369 0.169085 -0.579321
vn -0.937363 0.169086 -0.304566
vn -0.985601 0.169087 0.000000
vn -0.937363 0.169087 0.304567
vn -0.797369 0.169086 0.579321
vn -0.579321 0.169085 0.797369
vn -0.304568 0.169086 0.937362
vn -0.000000 0.169086 0.985601
vn 0.304567 0.169086 0.937363
vn 0.579324 0.169087 0.797367
vn 0.797368 0.169088 0.579321
vn 0.937361 0.169088 0.304570
vn 0.985601 0.169088 0.000001
vn 0.785089 0.241415 -0.570398
vn 0.922926 0.241415 -0.299879
vn 0.570402 0.241415 -0.785086
vn 0.299877 0.241414 -0.922926
vn -0.000000 0.241412 -0.970423
vn -0.299879 0.241412 -0.922926
vn -0.570401 0.241412 -0.785088
vn -0.785090 0.241413 -0.570398
vn -0.922927 0.241413 -0.299875
vn -0.970422 0.241414 0.000000
vn -0.922927 0.241413 0.299876
vn -0.785090 0.241413 0.570398
vn -0.570400 0.241411 0.785089
vn -0.299878 0.241412 0.922927
vn 0.000000 0.241412 0.970423
vn 0.299877 0.241413 0.922926
vn 0.570401 0.241414 0.785087
vn 0.785088 0.241415 0.570399
vn 0.922925 0.241416 0.299879
vn 0.970422 0.241416 0.000001
vn 0.809019 -0.000000 -0.587783
vn 0.951056 0.000001 -0.309019
vn 0.587788 0.000000 -0.809015
vn 0.309017 -0.000000 -0.951056
vn -0.000000 -0.000001 -1.000000
vn -0.309019 -0.000001 -0.951056
vn -0.587786 -0.000000 -0.809017
vn -0.809018 0.000000 -0.587783
vn -0.951057 0.000000 -0.309015
vn -1.000000 0.000000 0.000000
vn -0.951057 0.000000 0.309016
vn -0.809019 -0.000000 0.587782
vn -0.587785 -0.000001 0.809017
vn -0.309018 -0.000001 0.951056
vn 0.000000 -0.000001 1.000000
vn 0.309017 -0.000000 0.951056
vn 0.587787 -0.000000 0.809016
vn 0.809018 -0.000000 0.587784
vn 0.951056 -0.000001 0.309019
vn 1.000000 0.000001 0.000002
vn -0.874871 0.392170 0.284260
vn -0.744202 0.392183 0.540700
vn -0.723239 0.448112 0.525472
vn -0.850226 0.448107 0.276254
vn -0.540701 0.392182 0.744201
vn -0.525466 0.448113 0.723242
vn -0.284263 0.392173 0.874869
vn -0.276258 0.448110 0.850223
vn 0.000002 0.392168 0.919893
vn 0.000002 0.448107 0.893980
vn 0.284264 0.392170 0.874870
vn 0.276257 0.448108 0.850224
vn 0.540699 0.392172 0.744208
vn 0.525468 0.448108 0.723244
vn 0.744206 0.392176 0.540699
vn 0.723243 0.448110 0.525469
vn 0.874868 0.392175 0.284261
vn 0.850224 0.448109 0.276255
vn 0.919893 0.392170 -0.000000
vn 0.893980 0.448108 -0.000000
vn 0.874868 0.392175 -0.284260
vn 0.850224 0.448111 -0.276254
vn 0.744205 0.392178 -0.540699
vn 0.723242 0.448112 -0.525469
vn 0.540698 0.392172 -0.744209
vn 0.525466 0.448109 -0.723245
vn 0.284262 0.392168 -0.874871
vn 0.276255 0.448107 -0.850225
vn -0.000000 0.392168 -0.919894
vn -0.000000 0.448107 -0.893980
vn -0.284262 0.392167 -0.874871
vn -0.276256 0.448108 -0.850225
vn -0.540700 0.392170 -0.744209
vn -0.525467 0.448109 -0.723245
vn -0.744207 0.392174 -0.540699
vn -0.723243 0.448110 -0.525469
vn -0.874871 0.392169 -0.284261
vn -0.850225 0.448108 -0.276254
vn -0.919895 0.392164 -0.000000
vn -0.893981 0.448104 -0.000001
vn -0.635898 0.618206 0.462012
vn -0.747544 0.618207 0.242893
vn -0.462011 0.618208 0.635897
vn -0.242892 0.618210 0.747543
vn 0.000002 0.618208 0.786015
vn 0.242895 0.618208 0.747543
vn 0.462008 0.618208 0.635899
vn 0.635900 0.618207 0.462007
vn 0.747544 0.618208 0.242893
vn 0.786014 0.618208 -0.000000
vn 0.747544 0.618208 -0.242892
vn 0.635899 0.618208 -0.462008
vn 0.462007 0.618208 -0.635900
vn 0.242891 0.618208 -0.747545
vn -0.000001 0.618208 -0.786015
vn -0.242891 0.618209 -0.747543
vn -0.462007 0.618208 -0.635899
vn -0.635899 0.618208 -0.462008
vn -0.747543 0.618209 -0.242892
vn -0.786015 0.618208 -0.000001
vn -0.536340 0.748660 0.389676
vn -0.630504 0.748663 0.204863
vn -0.389674 0.748661 0.536340
vn -0.204865 0.748660 0.630507
vn 0.000001 0.748661 0.662953
vn 0.204866 0.748662 0.630504
vn 0.389675 0.748661 0.536340
vn 0.536340 0.748663 0.389671
vn 0.630505 0.748662 0.204863
vn 0.662952 0.748662 -0.000000
vn 0.630506 0.748661 -0.204864
vn 0.536340 0.748661 -0.389674
vn 0.389673 0.748660 -0.536342
vn 0.204864 0.748661 -0.630506
vn -0.000001 0.748662 -0.662952
vn -0.204865 0.748661 -0.630506
vn -0.389673 0.748660 -0.536342
vn -0.536341 0.748661 -0.389673
vn -0.630505 0.748662 -0.204862
vn -0.662951 0.748663 -0.000002
vn -0.951056 0.000003 0.309017
vn -0.809013 0.000004 0.587791
vn -0.809013 0.000004 0.587790
vn -0.951057 0.000003 0.309017
vn -0.587786 0.000005 0.809016
vn -0.587786 0.000005 0.809016
vn -0.309023 0.000005 0.951054
vn -0.309023 0.000005 0.951054
vn -0.000002 0.000001 1.000000
vn -0.000001 0.000001 1.000000
vn 0.309023 0.000000 0.951055
vn 0.309023 0.000000 0.951054
vn 0.587788 0.000001 0.809015
vn 0.587789 0.000001 0.809015
vn 0.809019 0.000002 0.587782
vn 0.809019 0.000002 0.587782
vn 0.951056 0.000001 0.309019
vn 0.951056 0.000001 0.309019
vn 1.000000 0.000000 0.000000
vn 1.000000 0.000000 0.000000
vn 0.951056 0.000001 -0.309019
vn 0.951056 0.000001 -0.309019
vn 0.809018 0.000002 -0.587784
vn 0.809018 0.000002 -0.587784
vn 0.587785 0.000003 -0.809017
vn 0.587785 0.000003 -0.809017
vn 0.309019 0.000003 -0.951056
vn 0.309018 0.000003 -0.951056
vn -0.000004 0.000002 -1.000000
vn -0.000004 0.000002 -1.000000
vn -0.309018 0.000001 -0.951056
vn -0.309019 0.000001 -0.951056
vn -0.587781 0.000001 -0.809020
vn -0.587781 0.000001 -0.809020
vn -0.809018 0.000002 -0.587784
vn -0.809018 0.000002 -0.587783
vn -0.951058 0.000001 -0.309011
vn -0.951059 0.000001 -0.309011
vn -1.000000 0.000001 -0.000003
vn -1.000000 0.000001 -0.000003
vn -0.650491 -0.729511 0.211362
vn -0.553340 -0.729509 0.402034
vn -0.569509 -0.710241 0.413783
vn -0.669500 -0.710244 0.217540
vn -0.402029 -0.729508 0.553345
vn -0.413777 -0.710241 0.569514
vn -0.211367 -0.729507 0.650494
vn -0.217544 -0.710243 0.669500
vn -0.000006 -0.729509 0.683971
vn -0.000004 -0.710244 0.703956
vn 0.211364 -0.729511 0.650492
vn 0.217542 -0.710244 0.669499
vn 0.402034 -0.729510 0.553339
vn 0.413780 -0.710244 0.569509
vn 0.553344 -0.729509 0.402028
vn 0.569513 -0.710244 0.413775
vn 0.650494 -0.729510 0.211361
vn 0.669503 -0.710242 0.217537
vn 0.683969 -0.729511 0.000000
vn 0.703957 -0.710242 0.000000
vn 0.650493 -0.729509 -0.211364
vn 0.669501 -0.710243 -0.217539
vn 0.553347 -0.729506 -0.402030
vn 0.569513 -0.710243 -0.413775
vn 0.402033 -0.729507 -0.553343
vn 0.413778 -0.710243 -0.569510
vn 0.211361 -0.729509 -0.650494
vn 0.217536 -0.710244 -0.669501
vn -0.000004 -0.729511 -0.683969
vn -0.000004 -0.710244 -0.703955
vn -0.211358 -0.729512 -0.650492
vn -0.217540 -0.710243 -0.669501
vn -0.402029 -0.729510 -0.553342
vn -0.413778 -0.710241 -0.569514
vn -0.553346 -0.729509 -0.402026
vn -0.569515 -0.710242 -0.413775
vn -0.650496 -0.729508 -0.211358
vn -0.669502 -0.710243 -0.217536
vn -0.683969 -0.729511 -0.000005
vn -0.703954 -0.710245 -0.000004
vn -0.688844 -0.524411 0.500487
vn -0.809789 -0.524412 0.263124
vn -0.500479 -0.524410 0.688850
vn -0.263126 -0.524412 0.809789
vn -0.000004 -0.524415 0.851463
vn 0.263122 -0.524413 0.809789
vn 0.500482 -0.524412 0.688847
vn 0.688850 -0.524414 0.500476
vn 0.809791 -0.524413 0.263117
vn 0.851465 -0.524412 0.000000
vn 0.809791 -0.524412 -0.263118
vn 0.688850 -0.524412 -0.500477
vn 0.500480 -0.524413 -0.688848
vn 0.263117 -0.524415 -0.809789
vn -0.000005 -0.524415 -0.851463
vn -0.263119 -0.524412 -0.809790
vn -0.500477 -0.524411 -0.688851
vn -0.688850 -0.524412 -0.500478
vn -0.809791 -0.524411 -0.263119
vn -0.851465 -0.524412 -0.000004
vn -0.772861 -0.295588 0.561527
vn -0.908557 -0.295587 0.295216
vn -0.561522 -0.295586 0.772866
vn -0.295217 -0.295585 0.908557
vn -0.000003 -0.295588 0.955315
vn 0.295215 -0.295589 0.908557
vn 0.561522 -0.295588 0.772865
vn 0.772868 -0.295589 0.561517
vn 0.908559 -0.295590 0.295206
vn 0.955315 -0.295589 0.000000
vn 0.908560 -0.295588 -0.295207
vn 0.772868 -0.295585 -0.561520
vn 0.561520 -0.295588 -0.772866
vn 0.295210 -0.295591 -0.908558
vn -0.000005 -0.295589 -0.955315
vn -0.295212 -0.295588 -0.908558
vn -0.561518 -0.295589 -0.772867
vn -0.772868 -0.295589 -0.561518
vn -0.908559 -0.295586 -0.295210
vn -0.955316 -0.295586 -0.000005
vn -0.809013 0.000002 0.587791
vn -0.951055 0.000001 0.309022
vn -0.587785 0.000003 0.809017
vn -0.309022 0.000004 0.951055
vn -0.000002 0.000003 1.000000
vn 0.309025 0.000001 0.951054
vn 0.587786 0.000000 0.809017
vn 0.809019 -0.000000 0.587782
vn 0.951058 0.000000 0.309012
vn 1.000000 0.000001 -0.000000
vn 0.951057 0.000001 -0.309015
vn 0.809018 0.000003 -0.587784
vn 0.587786 0.000001 -0.809016
vn 0.309018 -0.000001 -0.951056
vn -0.000007 0.000001 -1.000000
vn -0.309020 0.000001 -0.951056
vn -0.587784 0.000001 -0.809018
vn -0.809021 0.000001 -0.587780
vn -0.951057 0.000001 -0.309016
vn -1.000000 0.000000 -0.000006
vn 0.000006 1.000000 -0.000004
vn 0.000002 1.000000 -0.000011
vn 0.000002 1.000000 -0.000011
vn 0.000006 1.000000 -0.000004
vn 0.000002 1.000000 -0.000006
vn 0.000002 1.000000 -0.000006
vn 0.000009 1.000000 -0.000005
vn 0.000009 1.000000 -0.000005
vn 0.000002 1.000000 -0.000005
vn 0.000002 1.000000 -0.000005
vn -0.000004 1.000000 -0.000002
vn -0.000004 1.000000 -0.000002
vn -0.000000 1.000000 -0.000002
vn -0.000000 1.000000 -0.000002
vn -0.000002 1.000000 -0.000003
vn -0.000002 1.000000 -0.000003
vn -0.000006 1.000000 -0.000005
vn -0.000006 1.000000 -0.000005
vn -0.000008 1.000000 -0.000001
vn -0.000008 1.000000 -0.000001
vn -0.000005 1.000000 0.000008
vn -0.000005 1.000000 0.000008
vn -0.000003 1.000000 0.000003
vn -0.000003 1.000000 0.000003
vn -0.000008 1.000000 -0.000005
vn -0.000008 1.000000 -0.000005
vn -0.000001 1.000000 -0.000004
vn -0.000001 1.000000 -0.000004
vn 0.000006 1.000000 -0.000002
vn 0.000006 1.000000 -0.000002
vn 0.000000 1.000000 -0.000001
vn 0.000000 1.000000 -0.000001
vn -0.000000 1.000000 -0.000000
vn -0.000000 1.000000 -0.000000
vn 0.000002 1.000000 0.000002
vn 0.000002 1.000000 0.000002
vn 0.000002 1.000000 0.000003
vn 0.000002 1.000000 0.000003
vn 0.000005 1.000000 0.000003
vn 0.000005 1.000000 0.000003
vn -0.808532 -0.034620 0.587433
vn -0.808533 -0.034620 0.587431
vn -0.950484 -0.034642 0.308837
vn -0.950483 -0.034642 0.308839
vn -0.587434 -0.034599 0.808532
vn -0.587426 -0.034599 0.808538
vn -0.308842 -0.034614 0.950483
vn -0.308832 -0.034614 0.950486
vn -0.000002 -0.034632 0.999400
vn -0.000003 -0.034632 0.999400
vn 0.308837 -0.034628 0.950484
vn 0.308839 -0.034628 0.950484
vn 0.587437 -0.034622 0.808529
vn 0.587432 -0.034622 0.808532
vn 0.808533 -0.034629 0.587432
vn 0.808533 -0.034629 0.587431
vn 0.950485 -0.034634 0.308834
vn 0.950486 -0.034634 0.308832
vn 0.999400 -0.034626 0.000000
vn 0.999400 -0.034626 0.000000
vn 0.950484 -0.034624 -0.308839
vn 0.950485 -0.034624 -0.308835
vn 0.808529 -0.034624 -0.587437
vn 0.808529 -0.034624 -0.587436
vn 0.587431 -0.034630 -0.808533
vn 0.587427 -0.034630 -0.808536
vn 0.308828 -0.034637 -0.950487
vn 0.308836 -0.034637 -0.950484
vn -0.000006 -0.034634 -0.999400
vn -0.000007 -0.034634 -0.999400
vn -0.308830 -0.034629 -0.950487
vn -0.308833 -0.034629 -0.950486
vn -0.587432 -0.034617 -0.808533
vn -0.587426 -0.034617 -0.808537
vn -0.808534 -0.034625 -0.587430
vn -0.808534 -0.034625 -0.587430
vn -0.950483 -0.034648 -0.308839
vn -0.950484 -0.034648 -0.308836
vn -0.999400 -0.034648 -0.000001
vn -0.999400 -0.034648 -0.000002
vn -0.099158 -0.994550 0.032220
vn -0.084344 -0.994550 0.061289
vn -0.084345 -0.994550 0.061288
vn -0.099158 -0.994550 0.032221
vn -0.061282 -0.994549 0.084357
vn -0.061282 -0.994549 0.084357
vn -0.032226 -0.994549 0.099163
vn -0.032226 -0.994549 0.099162
vn -0.000003 -0.994550 0.104261
vn -0.000003 -0.994550 0.104261
vn 0.032220 -0.994550 0.099155
vn 0.032219 -0.994550 0.099156
vn 0.061280 -0.994550 0.084347
vn 0.061280 -0.994550 0.084347
vn 0.084349 -0.994550 0.061284
vn 0.084349 -0.994550 0.061284
vn 0.099161 -0.994550 0.032221
vn 0.099161 -0.994550 0.032222
vn 0.104264 -0.994550 0.000001
vn 0.104264 -0.994550 0.000001
vn 0.099159 -0.994550 -0.032225
vn 0.099159 -0.994550 -0.032225
vn 0.084350 -0.994550 -0.061287
vn 0.084350 -0.994550 -0.061287
vn 0.061286 -0.994550 -0.084346
vn 0.061286 -0.994550 -0.084346
vn 0.032220 -0.994550 -0.099158
vn 0.032220 -0.994550 -0.099158
vn -0.000002 -0.994550 -0.104261
vn -0.000002 -0.994550 -0.104261
vn -0.032218 -0.994550 -0.099157
vn -0.032218 -0.994550 -0.099157
vn -0.061282 -0.994550 -0.084348
vn -0.061282 -0.994550 -0.084348
vn -0.084348 -0.994550 -0.061282
vn -0.084348 -0.994550 -0.061282
vn -0.099159 -0.994550 -0.032219
vn -0.099159 -0.994550 -0.032219
vn -0.104265 -0.994550 0.000000
vn -0.104265 -0.994549 0.000000
vn -0.951056 0.000006 0.309018
vn -0.809009 0.000006 0.587797
vn -0.809009 0.000006 0.587797
vn -0.951056 0.000006 0.309018
vn -0.587784 0.000007 0.809018
vn -0.587784 0.000007 0.809018
vn -0.309029 0.000008 0.951053
vn -0.309028 0.000008 0.951053
vn -0.000001 0.000005 1.000000
vn -0.000001 0.000005 1.000000
vn 0.309024 0.000004 0.951054
vn 0.309024 0.000004 0.951054
vn 0.587781 0.000004 0.809020
vn 0.587781 0.000004 0.809020
vn 0.809020 0.000005 0.587781
vn 0.809021 0.000005 0.587780
vn 0.951055 0.000006 0.309021
vn 0.951055 0.000006 0.309021
vn 1.000000 0.000002 0.000001
vn 1.000000 0.000002 0.000001
vn 0.951054 0.000001 -0.309025
vn 0.951054 0.000001 -0.309025
vn 0.809012 0.000005 -0.587793
vn 0.809012 0.000005 -0.587793
vn 0.587782 0.000005 -0.809020
vn 0.587783 0.000005 -0.809019
vn 0.309017 0.000003 -0.951057
vn 0.309017 0.000003 -0.951057
vn -0.000008 0.000004 -1.000000
vn -0.000008 0.000004 -1.000000
vn -0.309018 0.000005 -0.951056
vn -0.309018 0.000005 -0.951056
vn -0.587784 0.000003 -0.809018
vn -0.587785 0.000003 -0.809017
vn -0.809018 0.000004 -0.587784
vn -0.809018 0.000004 -0.587784
vn -0.951057 0.000004 -0.309014
vn -0.951057 0.000004 -0.309015
vn -1.000000 0.000003 -0.000005
vn -1.000000 0.000003 -0.000005
vn 0.000000 0.000000 0.000000
vn 0.000000 0.000000 0.000000
vn 0.000000 0.000000 0.000000
vn 0.000000 0.000000 0.000000
vn 0.000000 0.000000 0.000000
vn 0.000000 0.000000 0.000000
vn 0.000000 0.000000 0.000000
vn 0.000000 0.000000 0.000000
vn 0.000000 0.000000 -0.000000
vn 0.535930 0.000000 -0.844262
vn 0.535930 0.000000 -0.844262
vn 0.000000 0.000000 -0.000000
vn 0.108718 0.000000 -0.994073
vn 0.000000 0.000000 -0.000000
vn 0.000000 0.000000 -0.000000
vn 0.108718 0.000000 -0.994073
vn 0.000000 0.000000 0.000000
vn 0.000000 0.000000 0.000000
vn 0.000000 0.000000 0.000000
vn 0.000000 0.000000 0.000000
vn 0.000000 0.000000 0.000000
vn 0.000000 0.000000 0.000000
vn 0.000000 0.000000 0.000000
vn 0.000000 0.000000 0.000000
vn 0.000000 0.000000 0.000000
vn 0.000000 0.000000 0.000000
vn 0.000000 0.000000 0.000000
vn 0.000000 0.000000 0.000000
vn 0.000000 0.000000 0.000000
vn 0.000000 0.000000 0.000000
vn 0.000000 0.000000 0.000000
vn 0.000000 0.000000 0.000000
vn 0.000000 0.000000 0.000000
vn 0.000000 0.000000 0.000000
vn 0.000000 0.000000 0.000000
vn 0.000000 0.000000 0.000000
vn 0.000000 0.000000 0.000000
vn 0.000000 0.000000 0.000000
vn 0.000000 0.000000 0.000000
vn 0.000000 0.000000 0.000000
vn -0.000000 0.000000 0.000000
vn -0.638914 0.000000 0.769279
vn -0.638914 0.000000 0.769278
vn -0.000000 0.000000 0.000000
vn -0.443155 0.000000 0.896445
vn -0.000000 0.000000 0.000000
vn -0.000000 0.000000 0.000000
vn -0.443156 0.000000 0.896445
vn 0.000000 0.000000 0.000000
vn 0.000000 0.000000 0.000000
vn 0.000000 0.000000 0.000000
vn 0.000000 0.000000 0.000000
vn 0.000000 0.000000 0.000000
vn 0.000000 0.000000 0.000000
vn 0.000000 0.000000 0.000000
vn 0.000000 0.000000 0.000000
vn 0.000000 0.000000 0.000000
vn 0.000000 0.000000 0.000000
vn 0.000000 0.000000 0.000000
vn 0.000000 0.000000 0.000000
vn 0.000000 0.000000 0.000000
vn 0.000000 0.000000 0.000000
vn 0.000000 0.000000 0.000000
vn 0.000000 0.000000 0.000000
vn 0.000000 0.000000 0.000000
vn 0.000000 0.000000 0.000000
vn 0.000000 0.000000 0.000000
vn 0.000000 0.000000 0.000000
vn 0.000000 0.000000 0.000000
vn 0.000000 0.000000 0.000000
vn 0.000000 0.000000 0.000000
vn 0.000000 0.000000 0.000000
vn 0.000000 0.000000 0.000000
vn 0.000000 0.000000 0.000000
vn 0.000000 0.000000 0.000000
vn 0.000000 0.000000 0.000000
vn 0.000000 0.000000 0.000000
vn 0.000000 0.000000 0.000000
vn 0.000000 0.000000 0.000000
vn 0.000000 0.000000 0.000000
vn -0.950002 0.047113 0.308668
vn -0.950001 0.047113 0.308673
vn -0.808122 0.047124 0.587128
vn -0.808124 0.047124 0.587125
vn -0.998890 0.047112 -0.000001
vn -0.998890 0.047112 0.000001
vn -0.587134 0.047139 0.808116
vn -0.587135 0.047139 0.808116
vn -0.308677 0.047143 0.949998
vn -0.308674 0.047143 0.949999
vn -0.000001 0.047144 0.998888
vn -0.000001 0.047144 0.998888
vn 0.308672 0.047141 0.950000
vn 0.308674 0.047141 0.949999
vn 0.587131 0.047131 0.808118
vn 0.587134 0.047131 0.808117
vn 0.808124 0.047116 0.587126
vn 0.808125 0.047116 0.587124
vn 0.950000 0.047114 0.308675
vn 0.950001 0.047114 0.308672
vn 0.998889 0.047118 -0.000000
vn 0.998889 0.047118 0.000000
vn 0.950001 0.047116 -0.308673
vn 0.950001 0.047116 -0.308671
vn 0.808122 0.047126 -0.587127
vn 0.808123 0.047126 -0.587125
vn 0.587131 0.047136 -0.808118
vn 0.587133 0.047136 -0.808117
vn 0.308671 0.047140 -0.950000
vn 0.308674 0.047140 -0.949999
vn -0.000001 0.047144 -0.998888
vn -0.000001 0.047144 -0.998888
vn -0.308674 0.047142 -0.949999
vn -0.308675 0.047142 -0.949998
vn -0.587135 0.047137 -0.808115
vn -0.587136 0.047137 -0.808115
vn -0.808122 0.047122 -0.587127
vn -0.808125 0.047122 -0.587123
vn -0.950002 0.047109 -0.308671
vn -0.950003 0.047109 -0.308666
vn -0.678098 -0.701170 0.220325
vn -0.576825 -0.701166 0.419093
vn -0.576826 -0.701166 0.419092
vn -0.678098 -0.701170 0.220325
vn -0.419093 -0.701160 0.576832
vn -0.419093 -0.701160 0.576832
vn -0.220335 -0.701161 0.678105
vn -0.220335 -0.701161 0.678105
vn -0.000002 -0.701164 0.713000
vn -0.000002 -0.701164 0.713000
vn 0.220331 -0.701163 0.678103
vn 0.220331 -0.701163 0.678103
vn 0.419095 -0.701159 0.576832
vn 0.419093 -0.701159 0.576833
vn 0.576830 -0.701162 0.419092
vn 0.576830 -0.701162 0.419093
vn 0.678100 -0.701167 0.220327
vn 0.678101 -0.701167 0.220327
vn 0.712997 -0.701168 0.000000
vn 0.712997 -0.701167 0.000000
vn 0.678100 -0.701168 -0.220326
vn 0.678100 -0.701168 -0.220325
vn 0.576828 -0.701164 -0.419092
vn 0.576828 -0.701164 -0.419092
vn 0.419095 -0.701159 -0.576832
vn 0.419093 -0.701159 -0.576833
vn 0.220332 -0.701162 -0.678104
vn 0.220330 -0.701162 -0.678105
vn -0.000001 -0.701165 -0.712999
vn -0.000000 -0.701165 -0.712999
vn -0.220330 -0.701164 -0.678103
vn -0.220328 -0.701164 -0.678104
vn -0.419090 -0.701166 -0.576828
vn -0.419090 -0.701166 -0.576827
vn -0.576825 -0.701170 -0.419087
vn -0.576826 -0.701170 -0.419086
vn -0.678099 -0.701170 -0.220323
vn -0.678099 -0.701170 -0.220323
vn -0.712994 -0.701170 -0.000001
vn -0.712994 -0.701170 -0.000001
vn 0.002332 0.999996 -0.001696
vn 0.001694 0.999996 -0.002332
vn 0.001694 0.999996 -0.002332
vn 0.002332 0.999996 -0.001696
vn 0.000889 0.999996 -0.002736
vn 0.000889 0.999996 -0.002736
vn -0.000000 0.999996 -0.002874
vn -0.000000 0.999996 -0.002874
vn -0.000888 0.999996 -0.002736
vn -0.000888 0.999996 -0.002736
vn -0.001690 0.999996 -0.002326
vn -0.001690 0.999996 -0.002326
vn -0.002326 0.999996 -0.001689
vn -0.002326 0.999996 -0.001689
vn -0.002735 0.999996 -0.000888
vn -0.002735 0.999996 -0.000888
vn -0.002873 0.999996 0.000001
vn -0.002873 0.999996 0.000001
vn -0.002734 0.999996 0.000889
vn -0.002734 0.999996 0.000889
vn -0.002335 0.999996 0.001695
vn -0.002335 0.999996 0.001695
vn -0.001700 0.999996 0.002339
vn -0.001700 0.999996 0.002339
vn -0.000891 0.999996 0.002746
vn -0.000891 0.999996 0.002746
vn 0.000001 0.999996 0.002878
vn 0.000001 0.999996 0.002878
vn 0.000889 0.999996 0.002737
vn 0.000889 0.999996 0.002737
vn 0.001694 0.999996 0.002331
vn 0.001694 0.999996 0.002331
vn 0.002332 0.999996 0.001694
vn 0.002332 0.999996 0.001694
vn 0.002738 0.999996 0.000889
vn 0.002738 0.999996 0.000889
vn 0.002875 0.999996 -0.000000
vn 0.002875 0.999996 0.000000
vn 0.002738 0.999996 -0.000889
vn 0.002738 0.999996 -0.000889
vn -0.851095 0.446279 0.276537
vn -0.723979 0.446279 0.526013
vn -0.691136 0.519779 0.502155
vn -0.812490 0.519775 0.263994
vn -0.526000 0.446283 0.723985
vn -0.502140 0.519782 0.691145
vn -0.276548 0.446282 0.851090
vn -0.264001 0.519780 0.812485
vn -0.000002 0.446279 0.894894
vn -0.000002 0.519775 0.854303
vn 0.276546 0.446277 0.851093
vn 0.264003 0.519776 0.812487
vn 0.526004 0.446281 0.723984
vn 0.502145 0.519777 0.691145
vn 0.723985 0.446282 0.526002
vn 0.691146 0.519779 0.502142
vn 0.851094 0.446283 0.276534
vn 0.812489 0.519779 0.263992
vn 0.894890 0.446288 0.000001
vn 0.854301 0.519778 0.000002
vn 0.851091 0.446285 -0.276538
vn 0.812487 0.519779 -0.263997
vn 0.723976 0.446284 -0.526012
vn 0.691135 0.519783 -0.502153
vn 0.526006 0.446282 -0.723982
vn 0.502145 0.519782 -0.691142
vn 0.276540 0.446279 -0.851094
vn 0.263997 0.519778 -0.812488
vn -0.000007 0.446278 -0.894894
vn -0.000008 0.519777 -0.854302
vn -0.276539 0.446279 -0.851094
vn -0.263994 0.519777 -0.812489
vn -0.526004 0.446280 -0.723985
vn -0.502146 0.519776 -0.691146
vn -0.723985 0.446280 -0.526004
vn -0.691145 0.519778 -0.502144
vn -0.851095 0.446281 -0.276533
vn -0.812491 0.519777 -0.263989
vn -0.894893 0.446280 -0.000007
vn -0.854303 0.519776 -0.000007
vn -0.562853 0.718303 0.408947
vn -0.661682 0.718300 0.214993
vn -0.408936 0.718305 0.562858
vn -0.215003 0.718303 0.661676
vn -0.000002 0.718300 0.695734
vn 0.215001 0.718301 0.661678
vn 0.408945 0.718302 0.562856
vn 0.562861 0.718303 0.408935
vn 0.661678 0.718302 0.214997
vn 0.695738 0.718295 0.000003
vn 0.661679 0.718301 -0.215000
vn 0.562851 0.718305 -0.408946
vn 0.408941 0.718305 -0.562854
vn 0.214998 0.718301 -0.661679
vn -0.000006 0.718302 -0.695731
vn -0.214996 0.718302 -0.661679
vn -0.408943 0.718300 -0.562859
vn -0.562859 0.718304 -0.408936
vn -0.661680 0.718303 -0.214987
vn -0.695733 0.718300 -0.000007
vn -0.417179 0.856791 0.303103
vn -0.490424 0.856793 0.159343
vn -0.303101 0.856789 0.417184
vn -0.159356 0.856791 0.490422
vn -0.000003 0.856792 0.515662
vn 0.159355 0.856793 0.490421
vn 0.303101 0.856793 0.417175
vn 0.417184 0.856792 0.303091
vn 0.490423 0.856790 0.159359
vn 0.515661 0.856792 0.000004
vn 0.490422 0.856790 -0.159361
vn 0.417179 0.856790 -0.303105
vn 0.303105 0.856789 -0.417181
vn 0.159356 0.856790 -0.490425
vn -0.000004 0.856792 -0.515662
vn -0.159348 0.856791 -0.490425
vn -0.303100 0.856791 -0.417180
vn -0.417180 0.856794 -0.303091
vn -0.490422 0.856794 -0.159341
vn -0.515659 0.856794 -0.000008
vn 0.806519 -0.078540 -0.585968
vn 0.948127 -0.078535 -0.308037
vn 0.912187 -0.282988 -0.296367
vn 0.775946 -0.282991 -0.563758
vn 0.585952 -0.078534 -0.806532
vn 0.563745 -0.282985 -0.775958
vn 0.308066 -0.078527 -0.948119
vn 0.296388 -0.282980 -0.912182
vn 0.000008 -0.078532 -0.996912
vn 0.000004 -0.282983 -0.959125
vn -0.308046 -0.078534 -0.948125
vn -0.296374 -0.282985 -0.912185
vn -0.585972 -0.078539 -0.806516
vn -0.563769 -0.282987 -0.775940
vn -0.806537 -0.078529 -0.585945
vn -0.775958 -0.282978 -0.563748
vn -0.948115 -0.078522 -0.308079
vn -0.912181 -0.282974 -0.296397
vn -0.996911 -0.078535 -0.000016
vn -0.959124 -0.282985 -0.000009
vn -0.948122 -0.078535 0.308055
vn -0.912186 -0.282986 0.296372
vn -0.806515 -0.078531 0.585974
vn -0.775946 -0.282988 0.563760
vn -0.585952 -0.078530 0.806532
vn -0.563742 -0.282983 0.775961
vn -0.308060 -0.078534 0.948120
vn -0.296381 -0.282986 0.912183
vn -0.000013 -0.078536 0.996911
vn -0.000009 -0.282987 0.959124
vn 0.308076 -0.078537 0.948114
vn 0.296396 -0.282986 0.912178
vn 0.585987 -0.078528 0.806506
vn 0.563770 -0.282981 0.775941
vn 0.806503 -0.078528 0.585991
vn 0.775941 -0.282980 0.563771
vn 0.948118 -0.078536 0.308067
vn 0.912179 -0.282986 0.296391
vn 0.996912 -0.078530 -0.000017
vn 0.959124 -0.282985 -0.000012
vn 0.809019 -0.000008 -0.587783
vn 0.951066 -0.000005 -0.308988
vn 0.587765 -0.000006 -0.809032
vn 0.309022 -0.000002 -0.951055
vn 0.000009 -0.000002 -1.000000
vn -0.308997 -0.000004 -0.951063
vn -0.587785 -0.000007 -0.809017
vn -0.809038 -0.000003 -0.587756
vn -0.951051 0.000001 -0.309035
vn -1.000000 -0.000003 -0.000018
vn -0.951058 -0.000004 0.309012
vn -0.809013 -0.000002 0.587791
vn -0.587767 -0.000002 0.809030
vn -0.309015 -0.000004 0.951057
vn -0.000014 -0.000006 1.000000
vn 0.309033 -0.000006 0.951051
vn 0.587804 -0.000001 0.809003
vn 0.808999 -0.000002 0.587810
vn 0.951056 -0.000004 0.309020
vn 1.000000 -0.000003 -0.000019
vn -0.000003 -1.000000 0.000015
vn -0.000008 -1.000000 0.000006
vn -0.000008 -1.000000 0.000006
vn -0.000003 -1.000000 0.000015
vn -0.000016 -1.000000 -0.000007
vn -0.000016 -1.000000 -0.000007
vn -0.000004 -1.000000 0.000005
vn -0.000004 -1.000000 0.000005
vn 0.000005 -1.000000 0.000014
vn 0.000005 -1.000000 0.000014
vn 0.000008 -1.000000 0.000006
vn 0.000008 -1.000000 0.000006
vn 0.000002 -1.000000 0.000013
vn 0.000002 -1.000000 0.000013
vn -0.000006 -1.000000 0.000019
vn -0.000006 -1.000000 0.000019
vn 0.000002 -1.000000 -0.000009
vn 0.000002 -1.000000 -0.000009
vn 0.000007 -1.000000 -0.000012
vn 0.000007 -1.000000 -0.000012
vn 0.000005 -1.000000 0.000005
vn 0.000005 -1.000000 0.000005
vn 0.000005 -1.000000 0.000004
vn 0.000005 -1.000000 0.000004
vn 0.000001 -1.000000 -0.000002
vn 0.000001 -1.000000 -0.000002
vn -0.000002 -1.000000 -0.000007
vn -0.000002 -1.000000 -0.000007
vn -0.000004 -1.000000 -0.000008
vn -0.000004 -1.000000 -0.000008
vn 0.000002 -1.000000 -0.000013
vn 0.000002 -1.000000 -0.000013
vn 0.000006 -1.000000 -0.000008
vn 0.000006 -1.000000 -0.000008
vn -0.000007 -1.000000 0.000004
vn -0.000007 -1.000000 0.000004
vn -0.000010 -1.000000 -0.000006
vn -0.000010 -1.000000 -0.000006
vn -0.000004 -1.000000 -0.000005
vn -0.000004 -1.000000 -0.000005
vn 0.951066 -0.000008 -0.308989
vn 0.809020 -0.000010 -0.587781
vn 0.809019 -0.000010 -0.587782
vn 0.951065 -0.000008 -0.308990
vn 0.587768 -0.000006 -0.809030
vn 0.587768 -0.000006 -0.809029
vn 0.309023 -0.000003 -0.951055
vn 0.309024 -0.000003 -0.951054
vn 0.000013 -0.000006 -1.000000
vn 0.000012 -0.000006 -1.000000
vn -0.308995 -0.000010 -0.951064
vn -0.308996 -0.000010 -0.951063
vn -0.587785 -0.000009 -0.809017
vn -0.587786 -0.000009 -0.809016
vn -0.809044 -0.000004 -0.587748
vn -0.809045 -0.000004 -0.587747
vn -0.951050 0.000001 -0.309039
vn -0.951049 0.000001 -0.309039
vn -1.000000 -0.000003 -0.000022
vn -1.000000 -0.000003 -0.000022
vn -0.951053 -0.000004 0.309028
vn -0.951053 -0.000004 0.309027
vn -0.809016 -0.000002 0.587787
vn -0.809016 -0.000002 0.587787
vn -0.587772 -0.000003 0.809026
vn -0.587772 -0.000003 0.809026
vn -0.309019 -0.000006 0.951056
vn -0.309019 -0.000006 0.951056
vn -0.000015 -0.000008 1.000000
vn -0.000014 -0.000008 1.000000
vn 0.309033 -0.000007 0.951051
vn 0.309034 -0.000007 0.951051
vn 0.587808 -0.000003 0.809001
vn 0.587808 -0.000003 0.809000
vn 0.808999 -0.000002 0.587810
vn 0.809000 -0.000002 0.587809
vn 0.951060 -0.000002 0.309008
vn 0.951059 -0.000002 0.309008
vn 1.000000 -0.000002 -0.000021
vn 1.000000 -0.000002 -0.000021
vn -0.000000 1.000000 -0.000010
vn 0.000003 1.000000 -0.000004
vn 0.000003 1.000000 -0.000004
vn -0.000000 1.000000 -0.000010
vn 0.000011 1.000000 0.000004
vn 0.000011 1.000000 0.000004
vn 0.000003 1.000000 0.000002
vn 0.000003 1.000000 0.000002
vn -0.000004 1.000000 -0.000002
vn -0.000004 1.000000 -0.000002
vn -0.000006 1.000000 -0.000001
vn -0.000006 1.000000 -0.000001
vn -0.000001 1.000000 -0.000006
vn -0.000001 1.000000 -0.000006
vn 0.000008 1.000000 -0.000012
vn 0.000008 1.000000 -0.000012
vn -0.000001 1.000000 0.000007
vn -0.000001 1.000000 0.000007
vn -0.000007 1.000000 0.000010
vn -0.000007 1.000000 0.000010
vn -0.000004 1.000000 -0.000002
vn -0.000004 1.000000 -0.000002
vn -0.000002 1.000000 0.000002
vn -0.000002 1.000000 0.000002
vn 0.000000 1.000000 0.000006
vn 0.000000 1.000000 0.000006
vn 0.000002 1.000000 0.000007
vn 0.000002 1.000000 0.000007
vn 0.000003 1.000000 0.000003
vn 0.000003 1.000000 0.000003
vn -0.000004 1.000000 0.000002
vn -0.000004 1.000000 0.000002
vn -0.000006 1.000000 0.000007
vn -0.000006 1.000000 0.000007
vn 0.000007 1.000000 -0.000002
vn 0.000007 1.000000 -0.000002
vn 0.000008 1.000000 -0.000000
vn 0.000008 1.000000 -0.000000
vn 0.000002 1.000000 0.000002
vn 0.000002 1.000000 0.000002
vn 0.951069 -0.000003 -0.308977
vn 0.809025 -0.000005 -0.587775
vn 0.809024 -0.000005 -0.587775
vn 0.951069 -0.000003 -0.308977
vn 0.587762 -0.000004 -0.809034
vn 0.587762 -0.000004 -0.809034
vn 0.309020 -0.000002 -0.951055
vn 0.309021 -0.000002 -0.951055
vn 0.000015 -0.000004 -1.000000
vn 0.000014 -0.000004 -1.000000
vn -0.308984 -0.000015 -0.951067
vn -0.308996 -0.000015 -0.951063
vn -0.587779 -0.000013 -0.809021
vn -0.587779 -0.000013 -0.809021
vn -0.809052 0.000001 -0.587738
vn -0.809051 0.000001 -0.587739
vn -0.951049 0.000001 -0.309041
vn -0.951049 0.000001 -0.309041
vn -1.000000 -0.000002 -0.000028
vn -1.000000 -0.000002 -0.000028
vn -0.951054 -0.000000 0.309025
vn -0.951054 -0.000000 0.309026
vn -0.809010 -0.000001 0.587794
vn -0.809010 -0.000001 0.587795
vn -0.587772 -0.000003 0.809027
vn -0.587772 -0.000003 0.809027
vn -0.309020 -0.000006 0.951056
vn -0.309019 -0.000006 0.951056
vn -0.000020 -0.000009 1.000000
vn -0.000019 -0.000009 1.000000
vn 0.309038 -0.000008 0.951050
vn 0.309037 -0.000008 0.951050
vn 0.587817 -0.000007 0.808994
vn 0.587818 -0.000007 0.808994
vn 0.808991 -0.000009 0.587820
vn 0.808992 -0.000009 0.587819
vn 0.951058 -0.000006 0.309012
vn 0.951058 -0.000006 0.309011
vn 1.000000 -0.000001 -0.000028
vn 1.000000 -0.000001 -0.000028
vn -0.000002 -1.000000 0.000015
vn -0.000006 -1.000000 0.000001
vn -0.000006 -1.000000 0.000001
vn -0.000002 -1.000000 0.000015
vn -0.000015 -1.000000 -0.000010
vn -0.000015 -1.000000 -0.000010
vn -0.000003 -1.000000 0.000001
vn -0.000003 -1.000000 0.000001
vn 0.000006 -1.000000 0.000011
vn 0.000006 -1.000000 0.000011
vn 0.000008 -1.000000 0.000004
vn 0.000008 -1.000000 0.000004
vn -0.000001 -1.000000 0.000010
vn -0.000001 -1.000000 0.000010
vn -0.000011 -1.000000 0.000017
vn -0.000011 -1.000000 0.000017
vn -0.000001 -1.000000 -0.000006
vn -0.000001 -1.000000 -0.000006
vn 0.000003 -1.000000 -0.000007
vn 0.000003 -1.000000 -0.000007
vn 0.000000 -1.000000 0.000002
vn 0.000000 -1.000000 0.000002
vn 0.000001 -1.000000 -0.000002
vn 0.000001 -1.000000 -0.000002
vn -0.000002 -1.000000 -0.000004
vn -0.000002 -1.000000 -0.000004
vn -0.000004 -1.000000 -0.000004
vn -0.000004 -1.000000 -0.000004
vn -0.000004 -1.000000 -0.000005
vn -0.000004 -1.000000 -0.000005
vn 0.000004 -1.000000 -0.000011
vn 0.000004 -1.000000 -0.000011
vn 0.000007 -1.000000 -0.000005
vn 0.000007 -1.000000 -0.000005
vn -0.000008 -1.000000 0.000007
vn -0.000008 -1.000000 0.000007
vn -0.000009 -1.000000 -0.000006
vn -0.000009 -1.000000 -0.000006
vn -0.000003 -1.000000 -0.000005
vn -0.000003 -1.000000 -0.000005
vn 0.951067 -0.000005 -0.308984
vn 0.809020 -0.000010 -0.587781
vn 0.809020 -0.000010 -0.587781
vn 0.951067 -0.000005 -0.308984
vn 0.587763 -0.000006 -0.809033
vn 0.587763 -0.000006 -0.809033
vn 0.309024 -0.000001 -0.951054
vn 0.309024 -0.000001 -0.951054
vn 0.000015 -0.000001 -1.000000
vn 0.000015 -0.000001 -1.000000
vn -0.308992 -0.000004 -0.951065
vn -0.308991 -0.000004 -0.951065
vn -0.587787 -0.000004 -0.809016
vn -0.587787 -0.000004 -0.809016
vn -0.809049 0.000001 -0.587740
vn -0.809049 0.000001 -0.587741
vn -0.951048 0.000002 -0.309043
vn -0.951048 0.000002 -0.309043
vn -1.000000 -0.000002 -0.000024
vn -1.000000 -0.000002 -0.000025
vn -0.951051 -0.000002 0.309033
vn -0.951051 -0.000002 0.309032
vn -0.809014 -0.000002 0.587789
vn -0.809014 -0.000002 0.587789
vn -0.587773 -0.000006 0.809026
vn -0.587773 -0.000006 0.809026
vn -0.309019 -0.000006 0.951056
vn -0.309020 -0.000006 0.951056
vn -0.000017 -0.000006 1.000000
vn -0.000018 -0.000006 1.000000
vn 0.309033 -0.000005 0.951051
vn 0.309033 -0.000005 0.951051
vn 0.587811 -0.000003 0.808998
vn 0.587812 -0.000003 0.808997
vn 0.808999 -0.000004 0.587809
vn 0.808999 -0.000004 0.587809
vn 0.951061 -0.000005 0.309005
vn 0.951060 -0.000005 0.309005
vn 1.000000 -0.000003 -0.000025
vn 1.000000 -0.000003 -0.000025
vn 0.156984 0.986282 -0.051021
vn 0.133542 0.986282 -0.097027
vn 0.000007 1.000000 -0.000008
vn 0.000003 1.000000 -0.000015
vn 0.097034 0.986283 -0.133533
vn 0.000016 1.000000 0.000001
vn 0.051013 0.986283 -0.156980
vn 0.000008 1.000000 -0.000004
vn -0.000002 0.986283 -0.165064
vn -0.000002 1.000000 -0.000007
vn -0.051010 0.986284 -0.156980
vn -0.000007 1.000000 -0.000005
vn -0.097022 0.986282 -0.133542
vn -0.000002 1.000000 -0.000009
vn -0.133528 0.986284 -0.097030
vn 0.000007 1.000000 -0.000014
vn -0.156976 0.986285 -0.050999
vn -0.000002 1.000000 0.000005
vn -0.165063 0.986283 0.000008
vn -0.000007 1.000000 0.000008
vn -0.156982 0.986284 0.051002
vn -0.000005 1.000000 -0.000003
vn -0.133541 0.986283 0.097022
vn -0.000004 1.000000 0.000003
vn -0.097016 0.986284 0.133537
vn 0.000001 1.000000 0.000003
vn -0.050999 0.986283 0.156984
vn 0.000005 1.000000 0.000008
vn 0.000003 0.986283 0.165064
vn 0.000004 1.000000 0.000007
vn 0.051003 0.986283 0.156985
vn -0.000003 1.000000 0.000007
vn 0.097014 0.986284 0.133539
vn -0.000004 1.000000 0.000008
vn 0.133535 0.986285 0.097011
vn 0.000004 1.000000 -0.000003
vn 0.156983 0.986283 0.051007
vn 0.000004 1.000000 0.000003
vn 0.165058 0.986284 -0.000002
vn 0.000001 1.000000 0.000000
vn 0.946961 0.092711 -0.307683
vn 0.877056 0.386735 -0.284972
vn 0.922192 0.386732 -0.000010
vn 0.995693 0.092716 -0.000007
vn 0.360129 0.925533 -0.117026
vn 0.378661 0.925535 -0.000004
vn 0.306347 0.925533 -0.222578
vn 0.805534 0.092708 -0.585253
vn 0.746068 0.386737 -0.542049
vn 0.222578 0.925537 -0.306335
vn 0.585256 0.092711 -0.805531
vn 0.542056 0.386740 -0.746062
vn 0.117018 0.925538 -0.360119
vn 0.307687 0.092716 -0.946960
vn 0.284977 0.386743 -0.877051
vn -0.000001 0.925537 -0.378656
vn 0.000001 0.092713 -0.995693
vn 0.000000 0.386740 -0.922189
vn -0.117013 0.925538 -0.360121
vn -0.307682 0.092713 -0.946961
vn -0.284970 0.386737 -0.877056
vn -0.222569 0.925537 -0.306340
vn -0.585260 0.092711 -0.805528
vn -0.542059 0.386739 -0.746059
vn -0.306330 0.925539 -0.222575
vn -0.805533 0.092715 -0.585252
vn -0.746066 0.386741 -0.542049
vn -0.360113 0.925543 -0.117003
vn -0.946959 0.092717 -0.307688
vn -0.877055 0.386735 -0.284974
vn -0.378644 0.925542 0.000008
vn -0.995693 0.092711 0.000000
vn -0.922193 0.386730 0.000001
vn -0.360119 0.925540 0.117005
vn -0.946962 0.092712 0.307681
vn -0.877060 0.386728 0.284968
vn -0.306338 0.925539 0.222563
vn -0.805535 0.092711 0.585250
vn -0.746066 0.386739 0.542050
vn -0.222560 0.925541 0.306336
vn -0.585239 0.092716 0.805543
vn -0.542031 0.386745 0.746077
vn -0.117003 0.925539 0.360121
vn -0.307678 0.092716 0.946962
vn -0.284964 0.386742 0.877056
vn 0.000001 0.925536 0.378659
vn -0.000005 0.092712 0.995693
vn -0.000003 0.386738 0.922190
vn 0.117010 0.925537 0.360126
vn 0.307691 0.092713 0.946958
vn 0.284976 0.386741 0.877052
vn 0.222562 0.925540 0.306336
vn 0.585259 0.092718 0.805528
vn 0.542052 0.386744 0.746062
vn 0.306335 0.925542 0.222555
vn 0.805530 0.092718 0.585255
vn 0.746066 0.386740 0.542049
vn 0.360122 0.925538 0.117010
vn 0.946960 0.092713 0.307687
vn 0.877054 0.386737 0.284974
vn -0.000005 -1.000000 0.000012
vn -0.000011 -1.000000 0.000000
vn 0.094248 -0.993191 -0.068479
vn 0.110785 -0.993193 -0.035986
vn -0.000021 -1.000000 -0.000006
vn 0.068477 -0.993188 -0.094282
vn -0.000005 -1.000000 -0.000003
vn 0.036000 -0.993189 -0.110816
vn 0.000004 -1.000000 0.000007
vn 0.000003 -0.993192 -0.116487
vn 0.000002 -1.000000 0.000003
vn -0.035998 -0.993191 -0.110798
vn 0.000008 -1.000000 0.000013
vn -0.068478 -0.993191 -0.094250
vn -0.000004 -1.000000 0.000026
vn -0.094266 -0.993190 -0.068464
vn 0.000002 -1.000000 -0.000006
vn -0.110803 -0.993190 -0.036008
vn 0.000011 -1.000000 -0.000012
vn -0.116484 -0.993192 -0.000009
vn 0.000006 -1.000000 0.000006
vn -0.110793 -0.993191 0.036005
vn 0.000006 -1.000000 -0.000006
vn -0.094265 -0.993189 0.068487
vn -0.000003 -1.000000 -0.000012
vn -0.068489 -0.993189 0.094258
vn -0.000008 -1.000000 -0.000009
vn -0.036007 -0.993191 0.110789
vn -0.000000 -1.000000 -0.000006
vn -0.000002 -0.993191 0.116495
vn 0.000007 -1.000000 -0.000012
vn 0.036012 -0.993190 0.110801
vn 0.000008 -1.000000 -0.000012
vn 0.068489 -0.993190 0.094247
vn -0.000010 -1.000000 0.000009
vn 0.094251 -0.993190 0.068491
vn -0.000012 -1.000000 -0.000006
vn 0.110800 -0.993191 0.036000
vn -0.000002 -1.000000 -0.000006
vn 0.116495 -0.993191 -0.000005
vn 0.946964 -0.092683 -0.307682
vn 0.805536 -0.092689 -0.585253
vn 0.585255 -0.092683 -0.805535
vn 0.307686 -0.092678 -0.946964
vn 0.000001 -0.092680 -0.995696
vn -0.307682 -0.092680 -0.946965
vn -0.585261 -0.092682 -0.805530
vn -0.805537 -0.092677 -0.585253
vn -0.946963 -0.092678 -0.307689
vn -0.995696 -0.092682 -0.000000
vn -0.946964 -0.092682 0.307682
vn -0.805537 -0.092686 0.585252
vn -0.585242 -0.092682 0.805544
vn -0.307683 -0.092679 0.946965
vn -0.000005 -0.092681 0.995696
vn 0.307693 -0.092681 0.946961
vn 0.585260 -0.092677 0.805532
vn 0.805532 -0.092677 0.585259
vn 0.946963 -0.092679 0.307688
vn 0.995696 -0.092676 -0.000006
vn 0.360110 -0.925545 -0.116995
vn 0.378644 -0.925542 -0.000002
vn 0.877049 -0.386758 -0.284963
vn 0.922186 -0.386746 -0.000004
vn 0.746060 -0.386766 -0.542039
vn 0.306325 -0.925546 -0.222551
vn 0.542043 -0.386757 -0.746062
vn 0.222552 -0.925542 -0.306337
vn 0.284966 -0.386752 -0.877050
vn 0.117001 -0.925540 -0.360121
vn 0.000001 -0.386753 -0.922183
vn 0.000002 -0.925541 -0.378648
vn -0.284965 -0.386751 -0.877051
vn -0.117002 -0.925540 -0.360120
vn -0.542055 -0.386751 -0.746056
vn -0.222564 -0.925542 -0.306328
vn -0.746067 -0.386750 -0.542042
vn -0.306335 -0.925542 -0.222554
vn -0.877047 -0.386754 -0.284972
vn -0.360116 -0.925540 -0.117012
vn -0.922179 -0.386762 -0.000001
vn -0.378642 -0.925543 -0.000002
vn -0.877047 -0.386757 0.284968
vn -0.360111 -0.925542 0.117010
vn -0.746056 -0.386764 0.542045
vn -0.306328 -0.925543 0.222562
vn -0.542031 -0.386763 0.746068
vn -0.222561 -0.925541 0.306335
vn -0.284968 -0.386754 0.877049
vn -0.117012 -0.925541 0.360113
vn -0.000006 -0.386751 0.922184
vn -0.000006 -0.925543 0.378644
vn 0.284977 -0.386751 0.877047
vn 0.117016 -0.925540 0.360114
vn 0.542047 -0.386752 0.746062
vn 0.222571 -0.925540 0.306330
vn 0.746057 -0.386750 0.542054
vn 0.306329 -0.925541 0.222568
vn 0.877049 -0.386749 0.284974
vn 0.360112 -0.925542 0.117008
s 1
g Hallway_Masters:LampBase3 Hallway_Masters:LampMiddle
usemtl initialShadingGroup
f 430/644/849 429/643/850 449/684/851
f 431/645/852 430/644/849 449/684/851
f 432/646/853 431/645/852 449/684/851
f 433/647/854 432/646/853 449/684/851
f 434/648/855 433/647/854 449/684/851
f 435/649/856 434/648/855 449/684/851
f 436/650/857 435/649/856 449/684/851
f 437/651/858 436/650/857 449/684/851
f 438/652/859 437/651/858 449/684/851
f 439/653/860 438/652/859 449/684/851
f 440/654/861 439/653/860 449/684/851
f 441/655/862 440/654/861 449/684/851
f 442/656/863 441/655/862 449/684/851
f 443/657/864 442/656/863 449/684/851
f 444/658/865 443/657/864 449/684/851
f 445/659/866 444/658/865 449/684/851
f 446/660/867 445/659/866 449/684/851
f 447/661/868 446/660/867 449/684/851
f 448/662/869 447/661/868 449/684/851
f 429/643/850 448/662/869 449/684/851
s 2
f 1210/1406/870 1211/1407/871 1212/685/872
f 1211/1407/871 1213/1408/873 1212/685/872
f 1213/1408/873 1214/1409/874 1212/685/872
f 1214/1409/874 1215/1410/875 1212/685/872
f 1215/1410/875 1216/1411/876 1212/685/872
f 1216/1411/876 1217/1412/877 1212/685/872
f 1217/1412/877 1218/1413/878 1212/685/872
f 1218/1413/878 1219/1414/879 1212/685/872
f 1219/1414/879 1220/1415/880 1212/685/872
f 1220/1415/880 1221/1416/881 1212/685/872
f 1221/1416/881 1222/1417/882 1212/685/872
f 1222/1417/882 1223/1418/883 1212/685/872
f 1223/1418/883 1224/1419/884 1212/685/872
f 1224/1419/884 1225/1420/885 1212/685/872
f 1225/1420/885 1226/1421/886 1212/685/872
f 1226/1421/886 1227/1422/887 1212/685/872
f 1227/1422/887 1228/1423/888 1212/685/872
f 1228/1423/888 1229/1424/889 1212/685/872
f 1229/1424/889 1230/1425/890 1212/685/872
f 1230/1425/890 1210/1406/870 1212/685/872
s 3
f 430/664/891 451/687/892 450/686/893 429/663/894
f 431/665/895 452/688/896 451/687/892 430/664/891
f 432/666/897 453/689/898 452/688/896 431/665/895
f 433/667/899 454/690/900 453/689/898 432/666/897
f 434/668/901 455/691/902 454/690/900 433/667/899
f 435/669/903 456/692/904 455/691/902 434/668/901
f 436/670/905 457/693/906 456/692/904 435/669/903
f 437/671/907 458/694/908 457/693/906 436/670/905
f 438/672/909 459/695/910 458/694/908 437/671/907
f 439/673/911 460/696/912 459/695/910 438/672/909
f 440/674/913 461/697/914 460/696/912 439/673/911
f 441/675/915 462/698/916 461/697/914 440/674/913
f 442/676/917 463/699/918 462/698/916 441/675/915
f 443/677/919 464/700/920 463/699/918 442/676/917
f 444/678/921 465/701/922 464/700/920 443/677/919
f 445/679/923 466/702/924 465/701/922 444/678/921
f 446/680/925 467/703/926 466/702/924 445/679/923
f 447/681/927 468/704/928 467/703/926 446/680/925
f 448/682/929 469/705/930 468/704/928 447/681/927
f 429/683/894 450/686/893 469/705/930 448/682/929
s 4
f 450/686/931 451/687/932 471/707/933 470/706/934
f 451/687/932 452/688/935 472/708/936 471/707/933
f 452/688/935 453/689/937 473/709/938 472/708/936
f 453/689/937 454/690/939 474/710/940 473/709/938
f 454/690/939 455/691/941 475/711/942 474/710/940
f 455/691/941 456/692/943 476/712/944 475/711/942
f 456/692/943 457/693/945 477/713/946 476/712/944
f 457/693/945 458/694/947 478/714/948 477/713/946
f 458/694/947 459/695/949 479/715/950 478/714/948
f 459/695/949 460/696/951 480/716/952 479/715/950
f 460/696/951 461/697/953 481/717/954 480/716/952
f 461/697/953 462/698/955 482/718/956 481/717/954
f 462/698/955 463/699/957 483/719/958 482/718/956
f 463/699/957 464/700/959 484/720/960 483/719/958
f 464/700/959 465/701/961 485/721/962 484/720/960
f 465/701/961 466/702/963 486/722/964 485/721/962
f 466/702/963 467/703/965 487/723/966 486/722/964
f 467/703/965 468/704/967 488/724/968 487/723/966
f 468/704/967 469/705/969 489/725/970 488/724/968
f 469/705/969 450/686/931 470/706/934 489/725/970
s 5
f 470/706/971 471/707/972 491/727/973 490/726/974
f 471/707/972 472/708/975 492/728/976 491/727/973
f 472/708/975 473/709/977 493/729/978 492/728/976
f 473/709/977 474/710/979 494/730/980 493/729/978
f 474/710/979 475/711/981 495/731/982 494/730/980
f 475/711/981 476/712/983 496/732/984 495/731/982
f 476/712/983 477/713/985 497/733/986 496/732/984
f 477/713/985 478/714/987 498/734/988 497/733/986
f 478/714/987 479/715/989 499/735/990 498/734/988
f 479/715/989 480/716/991 500/736/992 499/735/990
f 480/716/991 481/717/993 501/737/994 500/736/992
f 481/717/993 482/718/995 502/738/996 501/737/994
f 482/718/995 483/719/997 503/739/998 502/738/996
f 483/719/997 484/720/999 504/740/1000 503/739/998
f 484/720/999 485/721/1001 505/741/1002 504/740/1000
f 485/721/1001 486/722/1003 506/742/1004 505/741/1002
f 486/722/1003 487/723/1005 507/743/1006 506/742/1004
f 487/723/1005 488/724/1007 508/744/1008 507/743/1006
f 488/724/1007 489/725/1009 509/745/1010 508/744/1008
f 489/725/1009 470/706/971 490/726/974 509/745/1010
f 490/726/974 491/727/973 511/747/1011 510/746/1012
f 491/727/973 492/728/976 512/748/1013 511/747/1011
f 492/728/976 493/729/978 513/749/1014 512/748/1013
f 493/729/978 494/730/980 514/750/1015 513/749/1014
f 494/730/980 495/731/982 515/751/1016 514/750/1015
f 495/731/982 496/732/984 516/752/1017 515/751/1016
f 496/732/984 497/733/986 517/753/1018 516/752/1017
f 497/733/986 498/734/988 518/754/1019 517/753/1018
f 498/734/988 499/735/990 519/755/1020 518/754/1019
f 499/735/990 500/736/992 520/756/1021 519/755/1020
f 500/736/992 501/737/994 521/757/1022 520/756/1021
f 501/737/994 502/738/996 522/758/1023 521/757/1022
f 502/738/996 503/739/998 523/759/1024 522/758/1023
f 503/739/998 504/740/1000 524/760/1025 523/759/1024
f 504/740/1000 505/741/1002 525/761/1026 524/760/1025
f 505/741/1002 506/742/1004 526/762/1027 525/761/1026
f 506/742/1004 507/743/1006 527/763/1028 526/762/1027
f 507/743/1006 508/744/1008 528/764/1029 527/763/1028
f 508/744/1008 509/745/1010 529/765/1030 528/764/1029
f 509/745/1010 490/726/974 510/746/1012 529/765/1030
f 510/746/1012 511/747/1011 531/767/1031 530/766/1032
f 511/747/1011 512/748/1013 532/768/1033 531/767/1031
f 512/748/1013 513/749/1014 533/769/1034 532/768/1033
f 513/749/1014 514/750/1015 534/770/1035 533/769/1034
f 514/750/1015 515/751/1016 535/771/1036 534/770/1035
f 515/751/1016 516/752/1017 536/772/1037 535/771/1036
f 516/752/1017 517/753/1018 537/773/1038 536/772/1037
f 517/753/1018 518/754/1019 538/774/1039 537/773/1038
f 518/754/1019 519/755/1020 539/775/1040 538/774/1039
f 519/755/1020 520/756/1021 540/776/1041 539/775/1040
f 520/756/1021 521/757/1022 541/777/1042 540/776/1041
f 521/757/1022 522/758/1023 542/778/1043 541/777/1042
f 522/758/1023 523/759/1024 543/779/1044 542/778/1043
f 523/759/1024 524/760/1025 544/780/1045 543/779/1044
f 524/760/1025 525/761/1026 545/781/1046 544/780/1045
f 525/761/1026 526/762/1027 546/782/1047 545/781/1046
f 526/762/1027 527/763/1028 547/783/1048 546/782/1047
f 527/763/1028 528/764/1029 548/784/1049 547/783/1048
f 528/764/1029 529/765/1030 549/785/1050 548/784/1049
f 529/765/1030 510/746/1012 530/766/1032 549/785/1050
f 530/766/1032 531/767/1031 551/787/1051 550/786/1052
f 531/767/1031 532/768/1033 552/788/1053 551/787/1051
f 532/768/1033 533/769/1034 553/789/1054 552/788/1053
f 533/769/1034 534/770/1035 554/790/1055 553/789/1054
f 534/770/1035 535/771/1036 555/791/1056 554/790/1055
f 535/771/1036 536/772/1037 556/792/1057 555/791/1056
f 536/772/1037 537/773/1038 557/793/1058 556/792/1057
f 537/773/1038 538/774/1039 558/794/1059 557/793/1058
f 538/774/1039 539/775/1040 559/795/1060 558/794/1059
f 539/775/1040 540/776/1041 560/796/1061 559/795/1060
f 540/776/1041 541/777/1042 561/797/1062 560/796/1061
f 541/777/1042 542/778/1043 562/798/1063 561/797/1062
f 542/778/1043 543/779/1044 563/799/1064 562/798/1063
f 543/779/1044 544/780/1045 564/800/1065 563/799/1064
f 544/780/1045 545/781/1046 565/801/1066 564/800/1065
f 545/781/1046 546/782/1047 566/802/1067 565/801/1066
f 546/782/1047 547/783/1048 567/803/1068 566/802/1067
f 547/783/1048 548/784/1049 568/804/1069 567/803/1068
f 548/784/1049 549/785/1050 569/805/1070 568/804/1069
f 549/785/1050 530/766/1032 550/786/1052 569/805/1070
s 6
f 550/786/1071 551/787/1072 571/807/1073 570/806/1074
f 551/787/1072 552/788/1075 572/808/1076 571/807/1073
f 552/788/1075 553/789/1077 573/809/1078 572/808/1076
f 553/789/1077 554/790/1079 574/810/1080 573/809/1078
f 554/790/1079 555/791/1081 575/811/1082 574/810/1080
f 555/791/1081 556/792/1083 576/812/1084 575/811/1082
f 556/792/1083 557/793/1085 577/813/1086 576/812/1084
f 557/793/1085 558/794/1087 578/814/1088 577/813/1086
f 558/794/1087 559/795/1089 579/815/1090 578/814/1088
f 559/795/1089 560/796/1091 580/816/1092 579/815/1090
f 560/796/1091 561/797/1093 581/817/1094 580/816/1092
f 561/797/1093 562/798/1095 582/818/1096 581/817/1094
f 562/798/1095 563/799/1097 583/819/1098 582/818/1096
f 563/799/1097 564/800/1099 584/820/1100 583/819/1098
f 564/800/1099 565/801/1101 585/821/1102 584/820/1100
f 565/801/1101 566/802/1103 586/822/1104 585/821/1102
f 566/802/1103 567/803/1105 587/823/1106 586/822/1104
f 567/803/1105 568/804/1107 588/824/1108 587/823/1106
f 568/804/1107 569/805/1109 589/825/1110 588/824/1108
f 569/805/1109 550/786/1071 570/806/1074 589/825/1110
s 7
f 570/806/1111 571/807/1112 591/827/1113 590/826/1114
f 571/807/1112 572/808/1115 592/828/1116 591/827/1113
f 572/808/1115 573/809/1117 593/829/1118 592/828/1116
f 573/809/1117 574/810/1119 594/830/1120 593/829/1118
f 574/810/1119 575/811/1121 595/831/1122 594/830/1120
f 575/811/1121 576/812/1123 596/832/1124 595/831/1122
f 576/812/1123 577/813/1125 597/833/1126 596/832/1124
f 577/813/1125 578/814/1127 598/834/1128 597/833/1126
f 578/814/1127 579/815/1129 599/835/1130 598/834/1128
f 579/815/1129 580/816/1131 600/836/1132 599/835/1130
f 580/816/1131 581/817/1133 601/837/1134 600/836/1132
f 581/817/1133 582/818/1135 602/838/1136 601/837/1134
f 582/818/1135 583/819/1137 603/839/1138 602/838/1136
f 583/819/1137 584/820/1139 604/840/1140 603/839/1138
f 584/820/1139 585/821/1141 605/841/1142 604/840/1140
f 585/821/1141 586/822/1143 606/842/1144 605/841/1142
f 586/822/1143 587/823/1145 607/843/1146 606/842/1144
f 587/823/1145 588/824/1147 608/844/1148 607/843/1146
f 588/824/1147 589/825/1149 609/845/1150 608/844/1148
f 589/825/1149 570/806/1111 590/826/1114 609/845/1150
f 590/826/1114 591/827/1113 611/847/1151 610/846/1152
f 591/827/1113 592/828/1116 612/848/1153 611/847/1151
f 592/828/1116 593/829/1118 613/849/1154 612/848/1153
f 593/829/1118 594/830/1120 614/850/1155 613/849/1154
f 594/830/1120 595/831/1122 615/851/1156 614/850/1155
f 595/831/1122 596/832/1124 616/852/1157 615/851/1156
f 596/832/1124 597/833/1126 617/853/1158 616/852/1157
f 597/833/1126 598/834/1128 618/854/1159 617/853/1158
f 598/834/1128 599/835/1130 619/855/1160 618/854/1159
f 599/835/1130 600/836/1132 620/856/1161 619/855/1160
f 600/836/1132 601/837/1134 621/857/1162 620/856/1161
f 601/837/1134 602/838/1136 622/858/1163 621/857/1162
f 602/838/1136 603/839/1138 623/859/1164 622/858/1163
f 603/839/1138 604/840/1140 624/860/1165 623/859/1164
f 604/840/1140 605/841/1142 625/861/1166 624/860/1165
f 605/841/1142 606/842/1144 626/862/1167 625/861/1166
f 606/842/1144 607/843/1146 627/863/1168 626/862/1167
f 607/843/1146 608/844/1148 628/864/1169 627/863/1168
f 608/844/1148 609/845/1150 629/865/1170 628/864/1169
f 609/845/1150 590/826/1114 610/846/1152 629/865/1170
f 610/846/1152 611/847/1151 631/867/1171 630/866/1172
f 611/847/1151 612/848/1153 632/868/1173 631/867/1171
f 612/848/1153 613/849/1154 633/869/1174 632/868/1173
f 613/849/1154 614/850/1155 634/870/1175 633/869/1174
f 614/850/1155 615/851/1156 635/871/1176 634/870/1175
f 615/851/1156 616/852/1157 636/872/1177 635/871/1176
f 616/852/1157 617/853/1158 637/873/1178 636/872/1177
f 617/853/1158 618/854/1159 638/874/1179 637/873/1178
f 618/854/1159 619/855/1160 639/875/1180 638/874/1179
f 619/855/1160 620/856/1161 640/876/1181 639/875/1180
f 620/856/1161 621/857/1162 641/877/1182 640/876/1181
f 621/857/1162 622/858/1163 642/878/1183 641/877/1182
f 622/858/1163 623/859/1164 643/879/1184 642/878/1183
f 623/859/1164 624/860/1165 644/880/1185 643/879/1184
f 624/860/1165 625/861/1166 645/881/1186 644/880/1185
f 625/861/1166 626/862/1167 646/882/1187 645/881/1186
f 626/862/1167 627/863/1168 647/883/1188 646/882/1187
f 627/863/1168 628/864/1169 648/884/1189 647/883/1188
f 628/864/1169 629/865/1170 649/885/1190 648/884/1189
f 629/865/1170 610/846/1152 630/866/1172 649/885/1190
f 630/866/1172 631/867/1171 651/1224/1191 650/1222/1192
f 631/867/1171 632/868/1173 652/1186/1193 651/1224/1191
f 632/868/1173 633/869/1174 653/1188/1194 652/1186/1193
f 633/869/1174 634/870/1175 654/1190/1195 653/1188/1194
f 634/870/1175 635/871/1176 655/1192/1196 654/1190/1195
f 635/871/1176 636/872/1177 656/1194/1197 655/1192/1196
f 636/872/1177 637/873/1178 657/1196/1198 656/1194/1197
f 637/873/1178 638/874/1179 658/1198/1199 657/1196/1198
f 638/874/1179 639/875/1180 659/1200/1200 658/1198/1199
f 639/875/1180 640/876/1181 660/1202/1201 659/1200/1200
f 640/876/1181 641/877/1182 661/1204/1202 660/1202/1201
f 641/877/1182 642/878/1183 662/1206/1203 661/1204/1202
f 642/878/1183 643/879/1184 663/1208/1204 662/1206/1203
f 643/879/1184 644/880/1185 664/1210/1205 663/1208/1204
f 644/880/1185 645/881/1186 665/1212/1206 664/1210/1205
f 645/881/1186 646/882/1187 666/1214/1207 665/1212/1206
f 646/882/1187 647/883/1188 667/1216/1208 666/1214/1207
f 647/883/1188 648/884/1189 668/1218/1209 667/1216/1208
f 648/884/1189 649/885/1190 669/1220/1210 668/1218/1209
f 649/885/1190 630/866/1172 650/1222/1192 669/1220/1210
s 8
f 670/1147/1211 671/1149/1212 691/887/1213 690/886/1214
f 671/1149/1212 672/1151/1215 692/888/1216 691/887/1213
f 672/1151/1215 673/1153/1217 693/889/1218 692/888/1216
f 673/1153/1217 674/1155/1219 694/890/1220 693/889/1218
f 674/1155/1219 675/1157/1221 695/891/1222 694/890/1220
f 675/1157/1221 676/1159/1223 696/892/1224 695/891/1222
f 676/1159/1223 677/1161/1225 697/893/1226 696/892/1224
f 677/1161/1225 678/1163/1227 698/894/1228 697/893/1226
f 678/1163/1227 679/1165/1229 699/895/1230 698/894/1228
f 679/1165/1229 680/1167/1231 700/896/1232 699/895/1230
f 680/1167/1231 681/1169/1233 701/897/1234 700/896/1232
f 681/1169/1233 682/1171/1235 702/898/1236 701/897/1234
f 682/1171/1235 683/1173/1237 703/899/1238 702/898/1236
f 683/1173/1237 684/1175/1239 704/900/1240 703/899/1238
f 684/1175/1239 685/1177/1241 705/901/1242 704/900/1240
f 685/1177/1241 686/1179/1243 706/902/1244 705/901/1242
f 686/1179/1243 687/1181/1245 707/903/1246 706/902/1244
f 687/1181/1245 688/1183/1247 708/904/1248 707/903/1246
f 688/1183/1247 689/1185/1249 709/905/1250 708/904/1248
f 689/1185/1249 670/1147/1211 690/886/1214 709/905/1250
f 690/886/1214 691/887/1213 711/907/1251 710/906/1252
f 691/887/1213 692/888/1216 712/908/1253 711/907/1251
f 692/888/1216 693/889/1218 713/909/1254 712/908/1253
f 693/889/1218 694/890/1220 714/910/1255 713/909/1254
f 694/890/1220 695/891/1222 715/911/1256 714/910/1255
f 695/891/1222 696/892/1224 716/912/1257 715/911/1256
f 696/892/1224 697/893/1226 717/913/1258 716/912/1257
f 697/893/1226 698/894/1228 718/914/1259 717/913/1258
f 698/894/1228 699/895/1230 719/915/1260 718/914/1259
f 699/895/1230 700/896/1232 720/916/1261 719/915/1260
f 700/896/1232 701/897/1234 721/917/1262 720/916/1261
f 701/897/1234 702/898/1236 722/918/1263 721/917/1262
f 702/898/1236 703/899/1238 723/919/1264 722/918/1263
f 703/899/1238 704/900/1240 724/920/1265 723/919/1264
f 704/900/1240 705/901/1242 725/921/1266 724/920/1265
f 705/901/1242 706/902/1244 726/922/1267 725/921/1266
f 706/902/1244 707/903/1246 727/923/1268 726/922/1267
f 707/903/1246 708/904/1248 728/924/1269 727/923/1268
f 708/904/1248 709/905/1250 729/925/1270 728/924/1269
f 709/905/1250 690/886/1214 710/906/1252 729/925/1270
f 710/906/1252 711/907/1251 731/927/1271 730/926/1272
f 711/907/1251 712/908/1253 732/928/1273 731/927/1271
f 712/908/1253 713/909/1254 733/929/1274 732/928/1273
f 713/909/1254 714/910/1255 734/930/1275 733/929/1274
f 714/910/1255 715/911/1256 735/931/1276 734/930/1275
f 715/911/1256 716/912/1257 736/932/1277 735/931/1276
f 716/912/1257 717/913/1258 737/933/1278 736/932/1277
f 717/913/1258 718/914/1259 738/934/1279 737/933/1278
f 718/914/1259 719/915/1260 739/935/1280 738/934/1279
f 719/915/1260 720/916/1261 740/936/1281 739/935/1280
f 720/916/1261 721/917/1262 741/937/1282 740/936/1281
f 721/917/1262 722/918/1263 742/938/1283 741/937/1282
f 722/918/1263 723/919/1264 743/939/1284 742/938/1283
f 723/919/1264 724/920/1265 744/940/1285 743/939/1284
f 724/920/1265 725/921/1266 745/941/1286 744/940/1285
f 725/921/1266 726/922/1267 746/942/1287 745/941/1286
f 726/922/1267 727/923/1268 747/943/1288 746/942/1287
f 727/923/1268 728/924/1269 748/944/1289 747/943/1288
f 728/924/1269 729/925/1270 749/945/1290 748/944/1289
f 729/925/1270 710/906/1252 730/926/1272 749/945/1290
s 9
f 730/926/1291 731/927/1292 751/947/1293 750/946/1294
f 731/927/1292 732/928/1295 752/948/1296 751/947/1293
f 732/928/1295 733/929/1297 753/949/1298 752/948/1296
f 733/929/1297 734/930/1299 754/950/1300 753/949/1298
f 734/930/1299 735/931/1301 755/951/1302 754/950/1300
f 735/931/1301 736/932/1303 756/952/1304 755/951/1302
f 736/932/1303 737/933/1305 757/953/1306 756/952/1304
f 737/933/1305 738/934/1307 758/954/1308 757/953/1306
f 738/934/1307 739/935/1309 759/955/1310 758/954/1308
f 739/935/1309 740/936/1311 760/956/1312 759/955/1310
f 740/936/1311 741/937/1313 761/957/1314 760/956/1312
f 741/937/1313 742/938/1315 762/958/1316 761/957/1314
f 742/938/1315 743/939/1317 763/959/1318 762/958/1316
f 743/939/1317 744/940/1319 764/960/1320 763/959/1318
f 744/940/1319 745/941/1321 765/961/1322 764/960/1320
f 745/941/1321 746/942/1323 766/962/1324 765/961/1322
f 746/942/1323 747/943/1325 767/963/1326 766/962/1324
f 747/943/1325 748/944/1327 768/964/1328 767/963/1326
f 748/944/1327 749/945/1329 769/965/1330 768/964/1328
f 749/945/1329 730/926/1291 750/946/1294 769/965/1330
s 10
f 750/946/1331 751/947/1332 771/967/1333 770/966/1334
f 751/947/1332 752/948/1335 772/968/1336 771/967/1333
f 752/948/1335 753/949/1337 773/969/1338 772/968/1336
f 753/949/1337 754/950/1339 774/970/1340 773/969/1338
f 754/950/1339 755/951/1341 775/971/1342 774/970/1340
f 755/951/1341 756/952/1343 776/972/1344 775/971/1342
f 756/952/1343 757/953/1345 777/973/1346 776/972/1344
f 757/953/1345 758/954/1347 778/974/1348 777/973/1346
f 758/954/1347 759/955/1349 779/975/1350 778/974/1348
f 759/955/1349 760/956/1351 780/976/1352 779/975/1350
f 760/956/1351 761/957/1353 781/977/1354 780/976/1352
f 761/957/1353 762/958/1355 782/978/1356 781/977/1354
f 762/958/1355 763/959/1357 783/979/1358 782/978/1356
f 763/959/1357 764/960/1359 784/980/1360 783/979/1358
f 764/960/1359 765/961/1361 785/981/1362 784/980/1360
f 765/961/1361 766/962/1363 786/982/1364 785/981/1362
f 766/962/1363 767/963/1365 787/983/1366 786/982/1364
f 767/963/1365 768/964/1367 788/984/1368 787/983/1366
f 768/964/1367 769/965/1369 789/985/1370 788/984/1368
f 769/965/1369 750/946/1331 770/966/1334 789/985/1370
f 770/966/1334 771/967/1333 791/987/1371 790/986/1372
f 771/967/1333 772/968/1336 792/988/1373 791/987/1371
f 772/968/1336 773/969/1338 793/989/1374 792/988/1373
f 773/969/1338 774/970/1340 794/990/1375 793/989/1374
f 774/970/1340 775/971/1342 795/991/1376 794/990/1375
f 775/971/1342 776/972/1344 796/992/1377 795/991/1376
f 776/972/1344 777/973/1346 797/993/1378 796/992/1377
f 777/973/1346 778/974/1348 798/994/1379 797/993/1378
f 778/974/1348 779/975/1350 799/995/1380 798/994/1379
f 779/975/1350 780/976/1352 800/996/1381 799/995/1380
f 780/976/1352 781/977/1354 801/997/1382 800/996/1381
f 781/977/1354 782/978/1356 802/998/1383 801/997/1382
f 782/978/1356 783/979/1358 803/999/1384 802/998/1383
f 783/979/1358 784/980/1360 804/1000/1385 803/999/1384
f 784/980/1360 785/981/1362 805/1001/1386 804/1000/1385
f 785/981/1362 786/982/1364 806/1002/1387 805/1001/1386
f 786/982/1364 787/983/1366 807/1003/1388 806/1002/1387
f 787/983/1366 788/984/1368 808/1004/1389 807/1003/1388
f 788/984/1368 789/985/1370 809/1005/1390 808/1004/1389
f 789/985/1370 770/966/1334 790/986/1372 809/1005/1390
f 790/986/1372 791/987/1371 811/1007/1391 810/1006/1392
f 791/987/1371 792/988/1373 812/1008/1393 811/1007/1391
f 792/988/1373 793/989/1374 813/1009/1394 812/1008/1393
f 793/989/1374 794/990/1375 814/1010/1395 813/1009/1394
f 794/990/1375 795/991/1376 815/1011/1396 814/1010/1395
f 795/991/1376 796/992/1377 816/1012/1397 815/1011/1396
f 796/992/1377 797/993/1378 817/1013/1398 816/1012/1397
f 797/993/1378 798/994/1379 818/1014/1399 817/1013/1398
f 798/994/1379 799/995/1380 819/1015/1400 818/1014/1399
f 799/995/1380 800/996/1381 820/1016/1401 819/1015/1400
f 800/996/1381 801/997/1382 821/1017/1402 820/1016/1401
f 801/997/1382 802/998/1383 822/1018/1403 821/1017/1402
f 802/998/1383 803/999/1384 823/1019/1404 822/1018/1403
f 803/999/1384 804/1000/1385 824/1020/1405 823/1019/1404
f 804/1000/1385 805/1001/1386 825/1021/1406 824/1020/1405
f 805/1001/1386 806/1002/1387 826/1022/1407 825/1021/1406
f 806/1002/1387 807/1003/1388 827/1023/1408 826/1022/1407
f 807/1003/1388 808/1004/1389 828/1024/1409 827/1023/1408
f 808/1004/1389 809/1005/1390 829/1025/1410 828/1024/1409
f 809/1005/1390 790/986/1372 810/1006/1392 829/1025/1410
f 810/1006/1392 811/1007/1391 831/1027/1411 830/1026/1412
f 811/1007/1391 812/1008/1393 832/1028/1413 831/1027/1411
f 812/1008/1393 813/1009/1394 833/1029/1414 832/1028/1413
f 813/1009/1394 814/1010/1395 834/1030/1415 833/1029/1414
f 814/1010/1395 815/1011/1396 835/1031/1416 834/1030/1415
f 815/1011/1396 816/1012/1397 836/1032/1417 835/1031/1416
f 816/1012/1397 817/1013/1398 837/1033/1418 836/1032/1417
f 817/1013/1398 818/1014/1399 838/1034/1419 837/1033/1418
f 818/1014/1399 819/1015/1400 839/1035/1420 838/1034/1419
f 819/1015/1400 820/1016/1401 840/1036/1421 839/1035/1420
f 820/1016/1401 821/1017/1402 841/1037/1422 840/1036/1421
f 821/1017/1402 822/1018/1403 842/1038/1423 841/1037/1422
f 822/1018/1403 823/1019/1404 843/1039/1424 842/1038/1423
f 823/1019/1404 824/1020/1405 844/1040/1425 843/1039/1424
f 824/1020/1405 825/1021/1406 845/1041/1426 844/1040/1425
f 825/1021/1406 826/1022/1407 846/1042/1427 845/1041/1426
f 826/1022/1407 827/1023/1408 847/1043/1428 846/1042/1427
f 827/1023/1408 828/1024/1409 848/1044/1429 847/1043/1428
f 828/1024/1409 829/1025/1410 849/1045/1430 848/1044/1429
f 829/1025/1410 810/1006/1392 830/1026/1412 849/1045/1430
s 11
f 830/1026/1431 831/1027/1432 851/1047/1433 850/1046/1434
f 831/1027/1432 832/1028/1435 852/1048/1436 851/1047/1433
f 832/1028/1435 833/1029/1437 853/1049/1438 852/1048/1436
f 833/1029/1437 834/1030/1439 854/1050/1440 853/1049/1438
f 834/1030/1439 835/1031/1441 855/1051/1442 854/1050/1440
f 835/1031/1441 836/1032/1443 856/1052/1444 855/1051/1442
f 836/1032/1443 837/1033/1445 857/1053/1446 856/1052/1444
f 837/1033/1445 838/1034/1447 858/1054/1448 857/1053/1446
f 838/1034/1447 839/1035/1449 859/1055/1450 858/1054/1448
f 839/1035/1449 840/1036/1451 860/1056/1452 859/1055/1450
f 840/1036/1451 841/1037/1453 861/1057/1454 860/1056/1452
f 841/1037/1453 842/1038/1455 862/1058/1456 861/1057/1454
f 842/1038/1455 843/1039/1457 863/1059/1458 862/1058/1456
f 843/1039/1457 844/1040/1459 864/1060/1460 863/1059/1458
f 844/1040/1459 845/1041/1461 865/1061/1462 864/1060/1460
f 845/1041/1461 846/1042/1463 866/1062/1464 865/1061/1462
f 846/1042/1463 847/1043/1465 867/1063/1466 866/1062/1464
f 847/1043/1465 848/1044/1467 868/1064/1468 867/1063/1466
f 848/1044/1467 849/1045/1469 869/1065/1470 868/1064/1468
f 849/1045/1469 830/1026/1431 850/1046/1434 869/1065/1470
s 12
f 851/1047/1471 871/1067/1472 870/1066/1473 850/1046/1474
f 852/1048/1475 872/1068/1476 871/1067/1472 851/1047/1471
f 853/1049/1477 873/1069/1478 872/1068/1476 852/1048/1475
f 854/1050/1479 874/1070/1480 873/1069/1478 853/1049/1477
f 855/1051/1481 875/1071/1482 874/1070/1480 854/1050/1479
f 856/1052/1483 876/1072/1484 875/1071/1482 855/1051/1481
f 857/1053/1485 877/1073/1486 876/1072/1484 856/1052/1483
f 858/1054/1487 878/1074/1488 877/1073/1486 857/1053/1485
f 859/1055/1489 879/1075/1490 878/1074/1488 858/1054/1487
f 860/1056/1491 880/1076/1492 879/1075/1490 859/1055/1489
f 861/1057/1493 881/1077/1494 880/1076/1492 860/1056/1491
f 862/1058/1495 882/1078/1496 881/1077/1494 861/1057/1493
f 863/1059/1497 883/1079/1498 882/1078/1496 862/1058/1495
f 864/1060/1499 884/1080/1500 883/1079/1498 863/1059/1497
f 865/1061/1501 885/1081/1502 884/1080/1500 864/1060/1499
f 866/1062/1503 886/1082/1504 885/1081/1502 865/1061/1501
f 867/1063/1505 887/1083/1506 886/1082/1504 866/1062/1503
f 868/1064/1507 888/1084/1508 887/1083/1506 867/1063/1505
f 869/1065/1509 889/1085/1510 888/1084/1508 868/1064/1507
f 850/1046/1474 870/1066/1473 889/1085/1510 869/1065/1509
s 13
f 870/1066/1511 871/1067/1512 891/1087/1513 890/1086/1514
f 871/1067/1512 872/1068/1515 892/1088/1516 891/1087/1513
f 872/1068/1515 873/1069/1517 893/1089/1518 892/1088/1516
f 873/1069/1517 874/1070/1519 894/1090/1520 893/1089/1518
f 874/1070/1519 875/1071/1521 895/1091/1522 894/1090/1520
f 875/1071/1521 876/1072/1523 896/1092/1524 895/1091/1522
f 876/1072/1523 877/1073/1525 897/1093/1526 896/1092/1524
f 877/1073/1525 878/1074/1527 898/1094/1528 897/1093/1526
f 878/1074/1527 879/1075/1529 899/1095/1530 898/1094/1528
f 879/1075/1529 880/1076/1531 900/1096/1532 899/1095/1530
f 880/1076/1531 881/1077/1533 901/1097/1534 900/1096/1532
f 881/1077/1533 882/1078/1535 902/1098/1536 901/1097/1534
f 882/1078/1535 883/1079/1537 903/1099/1538 902/1098/1536
f 883/1079/1537 884/1080/1539 904/1100/1540 903/1099/1538
f 884/1080/1539 885/1081/1541 905/1101/1542 904/1100/1540
f 885/1081/1541 886/1082/1543 906/1102/1544 905/1101/1542
f 886/1082/1543 887/1083/1545 907/1103/1546 906/1102/1544
f 887/1083/1545 888/1084/1547 908/1104/1548 907/1103/1546
f 888/1084/1547 889/1085/1549 909/1105/1550 908/1104/1548
f 889/1085/1549 870/1066/1511 890/1086/1514 909/1105/1550
s 14
f 890/1086/1551 891/1087/1552 911/1107/1553 910/1106/1554
f 891/1087/1552 892/1088/1555 912/1108/1556 911/1107/1553
f 892/1088/1555 893/1089/1557 913/1109/1558 912/1108/1556
f 893/1089/1557 894/1090/1559 914/1110/1560 913/1109/1558
f 894/1090/1559 895/1091/1561 915/1111/1562 914/1110/1560
f 895/1091/1561 896/1092/1563 916/1112/1564 915/1111/1562
f 896/1092/1563 897/1093/1565 917/1113/1566 916/1112/1564
f 897/1093/1565 898/1094/1567 918/1114/1568 917/1113/1566
f 898/1094/1567 899/1095/1569 919/1115/1570 918/1114/1568
f 899/1095/1569 900/1096/1571 920/1116/1572 919/1115/1570
f 900/1096/1571 901/1097/1573 921/1117/1574 920/1116/1572
f 901/1097/1573 902/1098/1575 922/1118/1576 921/1117/1574
f 902/1098/1575 903/1099/1577 923/1119/1578 922/1118/1576
f 903/1099/1577 904/1100/1579 924/1120/1580 923/1119/1578
f 904/1100/1579 905/1101/1581 925/1121/1582 924/1120/1580
f 905/1101/1581 906/1102/1583 926/1122/1584 925/1121/1582
f 906/1102/1583 907/1103/1585 927/1123/1586 926/1122/1584
f 907/1103/1585 908/1104/1587 928/1124/1588 927/1123/1586
f 908/1104/1587 909/1105/1589 929/1125/1590 928/1124/1588
f 909/1105/1589 890/1086/1551 910/1106/1554 929/1125/1590
s off
f 910/1106/1591 911/1107/1592 931/1127/1593 930/1126/1594
f 911/1107/1595 912/1108/1596 932/1128/1597 931/1127/1598
f 912/1108/1599 913/1109/1600 933/1129/1601 932/1128/1602
f 913/1109/1603 914/1110/1604 934/1130/1605 933/1129/1606
f 914/1110/1607 915/1111/1608 935/1131/1609 934/1130/1610
f 915/1111/1611 916/1112/1612 936/1132/1613 935/1131/1614
f 916/1112/1615 917/1113/1616 937/1133/1617 936/1132/1618
f 917/1113/1619 918/1114/1620 938/1134/1621 937/1133/1622
f 918/1114/1623 919/1115/1624 939/1135/1625 938/1134/1626
f 919/1115/1627 920/1116/1628 940/1136/1629 939/1135/1630
f 920/1116/1631 921/1117/1632 941/1137/1633 940/1136/1634
f 921/1117/1635 922/1118/1636 942/1138/1637 941/1137/1638
f 922/1118/1639 923/1119/1640 943/1139/1641 942/1138/1642
f 923/1119/1643 924/1120/1644 944/1140/1645 943/1139/1646
f 924/1120/1647 925/1121/1648 945/1141/1649 944/1140/1650
f 925/1121/1651 926/1122/1652 946/1142/1653 945/1141/1654
f 926/1122/1655 927/1123/1656 947/1143/1657 946/1142/1658
f 927/1123/1659 928/1124/1660 948/1144/1661 947/1143/1662
f 928/1124/1663 929/1125/1664 949/1145/1665 948/1144/1666
f 929/1125/1667 910/1106/1668 930/1126/1669 949/1145/1670
s 15
f 950/1184/1671 951/1205/1672 953/1207/1673 952/1146/1674
f 951/1205/1672 950/1184/1671 988/1182/1675 989/1203/1676
f 952/1146/1674 953/1207/1673 955/1209/1677 954/1148/1678
f 954/1148/1678 955/1209/1677 957/1211/1679 956/1150/1680
f 956/1150/1680 957/1211/1679 959/1213/1681 958/1152/1682
f 958/1152/1682 959/1213/1681 961/1215/1683 960/1154/1684
f 960/1154/1684 961/1215/1683 963/1217/1685 962/1156/1686
f 962/1156/1686 963/1217/1685 965/1219/1687 964/1158/1688
f 964/1158/1688 965/1219/1687 967/1221/1689 966/1160/1690
f 966/1160/1690 967/1221/1689 969/1223/1691 968/1162/1692
f 968/1162/1692 969/1223/1691 971/1225/1693 970/1164/1694
f 970/1164/1694 971/1225/1693 973/1187/1695 972/1166/1696
f 972/1166/1696 973/1187/1695 975/1189/1697 974/1168/1698
f 974/1168/1698 975/1189/1697 977/1191/1699 976/1170/1700
f 976/1170/1700 977/1191/1699 979/1193/1701 978/1172/1702
f 978/1172/1702 979/1193/1701 981/1195/1703 980/1174/1704
f 980/1174/1704 981/1195/1703 983/1197/1705 982/1176/1706
f 982/1176/1706 983/1197/1705 985/1199/1707 984/1178/1708
f 984/1178/1708 985/1199/1707 987/1201/1709 986/1180/1710
f 986/1180/1710 987/1201/1709 989/1203/1676 988/1182/1675
s 16
f 950/1184/1711 952/1146/1712 671/1149/1713 670/1147/1714
f 952/1146/1712 954/1148/1715 672/1151/1716 671/1149/1713
f 954/1148/1715 956/1150/1717 673/1153/1718 672/1151/1716
f 956/1150/1717 958/1152/1719 674/1155/1720 673/1153/1718
f 958/1152/1719 960/1154/1721 675/1157/1722 674/1155/1720
f 960/1154/1721 962/1156/1723 676/1159/1724 675/1157/1722
f 962/1156/1723 964/1158/1725 677/1161/1726 676/1159/1724
f 964/1158/1725 966/1160/1727 678/1163/1728 677/1161/1726
f 966/1160/1727 968/1162/1729 679/1165/1730 678/1163/1728
f 968/1162/1729 970/1164/1731 680/1167/1732 679/1165/1730
f 970/1164/1731 972/1166/1733 681/1169/1734 680/1167/1732
f 972/1166/1733 974/1168/1735 682/1171/1736 681/1169/1734
f 974/1168/1735 976/1170/1737 683/1173/1738 682/1171/1736
f 976/1170/1737 978/1172/1739 684/1175/1740 683/1173/1738
f 978/1172/1739 980/1174/1741 685/1177/1742 684/1175/1740
f 980/1174/1741 982/1176/1743 686/1179/1744 685/1177/1742
f 982/1176/1743 984/1178/1745 687/1181/1746 686/1179/1744
f 984/1178/1745 986/1180/1747 688/1183/1748 687/1181/1746
f 986/1180/1747 988/1182/1749 689/1185/1750 688/1183/1748
f 988/1182/1749 950/1184/1711 670/1147/1714 689/1185/1750
s 17
f 651/1224/1751 652/1186/1752 975/1189/1753 973/1187/1754
f 652/1186/1752 653/1188/1755 977/1191/1756 975/1189/1753
f 653/1188/1755 654/1190/1757 979/1193/1758 977/1191/1756
f 654/1190/1757 655/1192/1759 981/1195/1760 979/1193/1758
f 655/1192/1759 656/1194/1761 983/1197/1762 981/1195/1760
f 656/1194/1761 657/1196/1763 985/1199/1764 983/1197/1762
f 657/1196/1763 658/1198/1765 987/1201/1766 985/1199/1764
f 658/1198/1765 659/1200/1767 989/1203/1768 987/1201/1766
f 659/1200/1767 660/1202/1769 951/1205/1770 989/1203/1768
f 660/1202/1769 661/1204/1771 953/1207/1772 951/1205/1770
f 661/1204/1771 662/1206/1773 955/1209/1774 953/1207/1772
f 662/1206/1773 663/1208/1775 957/1211/1776 955/1209/1774
f 663/1208/1775 664/1210/1777 959/1213/1778 957/1211/1776
f 664/1210/1777 665/1212/1779 961/1215/1780 959/1213/1778
f 665/1212/1779 666/1214/1781 963/1217/1782 961/1215/1780
f 666/1214/1781 667/1216/1783 965/1219/1784 963/1217/1782
f 667/1216/1783 668/1218/1785 967/1221/1786 965/1219/1784
f 668/1218/1785 669/1220/1787 969/1223/1788 967/1221/1786
f 669/1220/1787 650/1222/1789 971/1225/1790 969/1223/1788
f 650/1222/1789 651/1224/1751 973/1187/1754 971/1225/1790
s 18
f 930/1126/1791 931/1127/1792 991/1227/1793 990/1226/1794
f 931/1127/1792 932/1128/1795 992/1228/1796 991/1227/1793
f 932/1128/1795 933/1129/1797 993/1229/1798 992/1228/1796
f 933/1129/1797 934/1130/1799 994/1230/1800 993/1229/1798
f 934/1130/1799 935/1131/1801 995/1231/1802 994/1230/1800
f 935/1131/1801 936/1132/1803 996/1232/1804 995/1231/1802
f 936/1132/1803 937/1133/1805 997/1233/1806 996/1232/1804
f 937/1133/1805 938/1134/1807 998/1234/1808 997/1233/1806
f 938/1134/1807 939/1135/1809 999/1235/1810 998/1234/1808
f 939/1135/1809 940/1136/1811 1000/1236/1812 999/1235/1810
f 940/1136/1811 941/1137/1813 1001/1237/1814 1000/1236/1812
f 941/1137/1813 942/1138/1815 1002/1238/1816 1001/1237/1814
f 942/1138/1815 943/1139/1817 1003/1239/1818 1002/1238/1816
f 943/1139/1817 944/1140/1819 1004/1240/1820 1003/1239/1818
f 944/1140/1819 945/1141/1821 1005/1241/1822 1004/1240/1820
f 945/1141/1821 946/1142/1823 1006/1242/1824 1005/1241/1822
f 946/1142/1823 947/1143/1825 1007/1243/1826 1006/1242/1824
f 947/1143/1825 948/1144/1827 1008/1244/1828 1007/1243/1826
f 948/1144/1827 949/1145/1829 1009/1245/1830 1008/1244/1828
f 949/1145/1829 930/1126/1791 990/1226/1794 1009/1245/1830
f 990/1226/1794 991/1227/1793 1011/1247/1831 1010/1246/1832
f 991/1227/1793 992/1228/1796 1012/1248/1833 1011/1247/1831
f 992/1228/1796 993/1229/1798 1013/1249/1834 1012/1248/1833
f 993/1229/1798 994/1230/1800 1014/1250/1835 1013/1249/1834
f 994/1230/1800 995/1231/1802 1015/1251/1836 1014/1250/1835
f 995/1231/1802 996/1232/1804 1016/1252/1837 1015/1251/1836
f 996/1232/1804 997/1233/1806 1017/1253/1838 1016/1252/1837
f 997/1233/1806 998/1234/1808 1018/1254/1839 1017/1253/1838
f 998/1234/1808 999/1235/1810 1019/1255/1840 1018/1254/1839
f 999/1235/1810 1000/1236/1812 1020/1256/1841 1019/1255/1840
f 1000/1236/1812 1001/1237/1814 1021/1257/1842 1020/1256/1841
f 1001/1237/1814 1002/1238/1816 1022/1258/1843 1021/1257/1842
f 1002/1238/1816 1003/1239/1818 1023/1259/1844 1022/1258/1843
f 1003/1239/1818 1004/1240/1820 1024/1260/1845 1023/1259/1844
f 1004/1240/1820 1005/1241/1822 1025/1261/1846 1024/1260/1845
f 1005/1241/1822 1006/1242/1824 1026/1262/1847 1025/1261/1846
f 1006/1242/1824 1007/1243/1826 1027/1263/1848 1026/1262/1847
f 1007/1243/1826 1008/1244/1828 1028/1264/1849 1027/1263/1848
f 1008/1244/1828 1009/1245/1830 1029/1265/1850 1028/1264/1849
f 1009/1245/1830 990/1226/1794 1010/1246/1832 1029/1265/1850
f 1010/1246/1832 1011/1247/1831 1031/1486/1851 1030/1524/1852
f 1011/1247/1831 1012/1248/1833 1032/1488/1853 1031/1486/1851
f 1012/1248/1833 1013/1249/1834 1033/1490/1854 1032/1488/1853
f 1013/1249/1834 1014/1250/1835 1034/1492/1855 1033/1490/1854
f 1014/1250/1835 1015/1251/1836 1035/1494/1856 1034/1492/1855
f 1015/1251/1836 1016/1252/1837 1036/1496/1857 1035/1494/1856
f 1016/1252/1837 1017/1253/1838 1037/1498/1858 1036/1496/1857
f 1017/1253/1838 1018/1254/1839 1038/1500/1859 1037/1498/1858
f 1018/1254/1839 1019/1255/1840 1039/1502/1860 1038/1500/1859
f 1019/1255/1840 1020/1256/1841 1040/1504/1861 1039/1502/1860
f 1020/1256/1841 1021/1257/1842 1041/1506/1862 1040/1504/1861
f 1021/1257/1842 1022/1258/1843 1042/1508/1863 1041/1506/1862
f 1022/1258/1843 1023/1259/1844 1043/1510/1864 1042/1508/1863
f 1023/1259/1844 1024/1260/1845 1044/1512/1865 1043/1510/1864
f 1024/1260/1845 1025/1261/1846 1045/1514/1866 1044/1512/1865
f 1025/1261/1846 1026/1262/1847 1046/1516/1867 1045/1514/1866
f 1026/1262/1847 1027/1263/1848 1047/1518/1868 1046/1516/1867
f 1027/1263/1848 1028/1264/1849 1048/1520/1869 1047/1518/1868
f 1028/1264/1849 1029/1265/1850 1049/1522/1870 1048/1520/1869
f 1029/1265/1850 1010/1246/1832 1030/1524/1852 1049/1522/1870
s 19
f 1071/1267/1871 1070/1266/1872 1050/1427/1873 1051/1429/1874
f 1072/1268/1875 1071/1267/1871 1051/1429/1874 1052/1431/1876
f 1073/1269/1877 1072/1268/1875 1052/1431/1876 1053/1433/1878
f 1074/1270/1879 1073/1269/1877 1053/1433/1878 1054/1435/1880
f 1075/1271/1881 1074/1270/1879 1054/1435/1880 1055/1437/1882
f 1076/1272/1883 1075/1271/1881 1055/1437/1882 1056/1439/1884
f 1077/1273/1885 1076/1272/1883 1056/1439/1884 1057/1441/1886
f 1078/1274/1887 1077/1273/1885 1057/1441/1886 1058/1443/1888
f 1079/1275/1889 1078/1274/1887 1058/1443/1888 1059/1445/1890
f 1080/1276/1891 1079/1275/1889 1059/1445/1890 1060/1447/1892
f 1081/1277/1893 1080/1276/1891 1060/1447/1892 1061/1449/1894
f 1082/1278/1895 1081/1277/1893 1061/1449/1894 1062/1451/1896
f 1083/1279/1897 1082/1278/1895 1062/1451/1896 1063/1453/1898
f 1084/1280/1899 1083/1279/1897 1063/1453/1898 1064/1455/1900
f 1085/1281/1901 1084/1280/1899 1064/1455/1900 1065/1457/1902
f 1086/1282/1903 1085/1281/1901 1065/1457/1902 1066/1459/1904
f 1087/1283/1905 1086/1282/1903 1066/1459/1904 1067/1461/1906
f 1088/1284/1907 1087/1283/1905 1067/1461/1906 1068/1463/1908
f 1089/1285/1909 1088/1284/1907 1068/1463/1908 1069/1465/1910
f 1050/1427/1873 1070/1266/1872 1089/1285/1909 1069/1465/1910
f 1070/1266/1872 1071/1267/1871 1091/1287/1911 1090/1286/1912
f 1071/1267/1871 1072/1268/1875 1092/1288/1913 1091/1287/1911
f 1072/1268/1875 1073/1269/1877 1093/1289/1914 1092/1288/1913
f 1073/1269/1877 1074/1270/1879 1094/1290/1915 1093/1289/1914
f 1074/1270/1879 1075/1271/1881 1095/1291/1916 1094/1290/1915
f 1075/1271/1881 1076/1272/1883 1096/1292/1917 1095/1291/1916
f 1076/1272/1883 1077/1273/1885 1097/1293/1918 1096/1292/1917
f 1077/1273/1885 1078/1274/1887 1098/1294/1919 1097/1293/1918
f 1078/1274/1887 1079/1275/1889 1099/1295/1920 1098/1294/1919
f 1079/1275/1889 1080/1276/1891 1100/1296/1921 1099/1295/1920
f 1080/1276/1891 1081/1277/1893 1101/1297/1922 1100/1296/1921
f 1081/1277/1893 1082/1278/1895 1102/1298/1923 1101/1297/1922
f 1082/1278/1895 1083/1279/1897 1103/1299/1924 1102/1298/1923
f 1083/1279/1897 1084/1280/1899 1104/1300/1925 1103/1299/1924
f 1084/1280/1899 1085/1281/1901 1105/1301/1926 1104/1300/1925
f 1085/1281/1901 1086/1282/1903 1106/1302/1927 1105/1301/1926
f 1086/1282/1903 1087/1283/1905 1107/1303/1928 1106/1302/1927
f 1087/1283/1905 1088/1284/1907 1108/1304/1929 1107/1303/1928
f 1088/1284/1907 1089/1285/1909 1109/1305/1930 1108/1304/1929
f 1089/1285/1909 1070/1266/1872 1090/1286/1912 1109/1305/1930
s 20
f 1090/1286/1931 1091/1287/1932 1111/1307/1933 1110/1306/1934
f 1091/1287/1932 1092/1288/1935 1112/1308/1936 1111/1307/1933
f 1092/1288/1935 1093/1289/1937 1113/1309/1938 1112/1308/1936
f 1093/1289/1937 1094/1290/1939 1114/1310/1940 1113/1309/1938
f 1094/1290/1939 1095/1291/1941 1115/1311/1942 1114/1310/1940
f 1095/1291/1941 1096/1292/1943 1116/1312/1944 1115/1311/1942
f 1096/1292/1943 1097/1293/1945 1117/1313/1946 1116/1312/1944
f 1097/1293/1945 1098/1294/1947 1118/1314/1948 1117/1313/1946
f 1098/1294/1947 1099/1295/1949 1119/1315/1950 1118/1314/1948
f 1099/1295/1949 1100/1296/1951 1120/1316/1952 1119/1315/1950
f 1100/1296/1951 1101/1297/1953 1121/1317/1954 1120/1316/1952
f 1101/1297/1953 1102/1298/1955 1122/1318/1956 1121/1317/1954
f 1102/1298/1955 1103/1299/1957 1123/1319/1958 1122/1318/1956
f 1103/1299/1957 1104/1300/1959 1124/1320/1960 1123/1319/1958
f 1104/1300/1959 1105/1301/1961 1125/1321/1962 1124/1320/1960
f 1105/1301/1961 1106/1302/1963 1126/1322/1964 1125/1321/1962
f 1106/1302/1963 1107/1303/1965 1127/1323/1966 1126/1322/1964
f 1107/1303/1965 1108/1304/1967 1128/1324/1968 1127/1323/1966
f 1108/1304/1967 1109/1305/1969 1129/1325/1970 1128/1324/1968
f 1109/1305/1969 1090/1286/1931 1110/1306/1934 1129/1325/1970
s 21
f 1110/1306/1971 1111/1307/1972 1131/1327/1973 1130/1326/1974
f 1111/1307/1972 1112/1308/1975 1132/1328/1976 1131/1327/1973
f 1112/1308/1975 1113/1309/1977 1133/1329/1978 1132/1328/1976
f 1113/1309/1977 1114/1310/1979 1134/1330/1980 1133/1329/1978
f 1114/1310/1979 1115/1311/1981 1135/1331/1982 1134/1330/1980
f 1115/1311/1981 1116/1312/1983 1136/1332/1984 1135/1331/1982
f 1116/1312/1983 1117/1313/1985 1137/1333/1986 1136/1332/1984
f 1117/1313/1985 1118/1314/1987 1138/1334/1988 1137/1333/1986
f 1118/1314/1987 1119/1315/1989 1139/1335/1990 1138/1334/1988
f 1119/1315/1989 1120/1316/1991 1140/1336/1992 1139/1335/1990
f 1120/1316/1991 1121/1317/1993 1141/1337/1994 1140/1336/1992
f 1121/1317/1993 1122/1318/1995 1142/1338/1996 1141/1337/1994
f 1122/1318/1995 1123/1319/1997 1143/1339/1998 1142/1338/1996
f 1123/1319/1997 1124/1320/1999 1144/1340/2000 1143/1339/1998
f 1124/1320/1999 1125/1321/2001 1145/1341/2002 1144/1340/2000
f 1125/1321/2001 1126/1322/2003 1146/1342/2004 1145/1341/2002
f 1126/1322/2003 1127/1323/2005 1147/1343/2006 1146/1342/2004
f 1127/1323/2005 1128/1324/2007 1148/1344/2008 1147/1343/2006
f 1128/1324/2007 1129/1325/2009 1149/1345/2010 1148/1344/2008
f 1129/1325/2009 1110/1306/1971 1130/1326/1974 1149/1345/2010
s 22
f 1130/1326/2011 1131/1327/2012 1151/1347/2013 1150/1346/2014
f 1131/1327/2012 1132/1328/2015 1152/1348/2016 1151/1347/2013
f 1132/1328/2015 1133/1329/2017 1153/1349/2018 1152/1348/2016
f 1133/1329/2017 1134/1330/2019 1154/1350/2020 1153/1349/2018
f 1134/1330/2019 1135/1331/2021 1155/1351/2022 1154/1350/2020
f 1135/1331/2021 1136/1332/2023 1156/1352/2024 1155/1351/2022
f 1136/1332/2023 1137/1333/2025 1157/1353/2026 1156/1352/2024
f 1137/1333/2025 1138/1334/2027 1158/1354/2028 1157/1353/2026
f 1138/1334/2027 1139/1335/2029 1159/1355/2030 1158/1354/2028
f 1139/1335/2029 1140/1336/2031 1160/1356/2032 1159/1355/2030
f 1140/1336/2031 1141/1337/2033 1161/1357/2034 1160/1356/2032
f 1141/1337/2033 1142/1338/2035 1162/1358/2036 1161/1357/2034
f 1142/1338/2035 1143/1339/2037 1163/1359/2038 1162/1358/2036
f 1143/1339/2037 1144/1340/2039 1164/1360/2040 1163/1359/2038
f 1144/1340/2039 1145/1341/2041 1165/1361/2042 1164/1360/2040
f 1145/1341/2041 1146/1342/2043 1166/1362/2044 1165/1361/2042
f 1146/1342/2043 1147/1343/2045 1167/1363/2046 1166/1362/2044
f 1147/1343/2045 1148/1344/2047 1168/1364/2048 1167/1363/2046
f 1148/1344/2047 1149/1345/2049 1169/1365/2050 1168/1364/2048
f 1149/1345/2049 1130/1326/2011 1150/1346/2014 1169/1365/2050
s 23
f 1150/1346/2051 1151/1347/2052 1171/1367/2053 1170/1366/2054
f 1151/1347/2052 1152/1348/2055 1172/1368/2056 1171/1367/2053
f 1152/1348/2055 1153/1349/2057 1173/1369/2058 1172/1368/2056
f 1153/1349/2057 1154/1350/2059 1174/1370/2060 1173/1369/2058
f 1154/1350/2059 1155/1351/2061 1175/1371/2062 1174/1370/2060
f 1155/1351/2061 1156/1352/2063 1176/1372/2064 1175/1371/2062
f 1156/1352/2063 1157/1353/2065 1177/1373/2066 1176/1372/2064
f 1157/1353/2065 1158/1354/2067 1178/1374/2068 1177/1373/2066
f 1158/1354/2067 1159/1355/2069 1179/1375/2070 1178/1374/2068
f 1159/1355/2069 1160/1356/2071 1180/1376/2072 1179/1375/2070
f 1160/1356/2071 1161/1357/2073 1181/1377/2074 1180/1376/2072
f 1161/1357/2073 1162/1358/2075 1182/1378/2076 1181/1377/2074
f 1162/1358/2075 1163/1359/2077 1183/1379/2078 1182/1378/2076
f 1163/1359/2077 1164/1360/2079 1184/1380/2080 1183/1379/2078
f 1164/1360/2079 1165/1361/2081 1185/1381/2082 1184/1380/2080
f 1165/1361/2081 1166/1362/2083 1186/1382/2084 1185/1381/2082
f 1166/1362/2083 1167/1363/2085 1187/1383/2086 1186/1382/2084
f 1167/1363/2085 1168/1364/2087 1188/1384/2088 1187/1383/2086
f 1168/1364/2087 1169/1365/2089 1189/1385/2090 1188/1384/2088
f 1169/1365/2089 1150/1346/2051 1170/1366/2054 1189/1385/2090
s 24
f 1170/1366/2091 1171/1367/2092 1191/1387/2093 1190/1386/2094
f 1171/1367/2092 1172/1368/2095 1192/1388/2096 1191/1387/2093
f 1172/1368/2095 1173/1369/2097 1193/1389/2098 1192/1388/2096
f 1173/1369/2097 1174/1370/2099 1194/1390/2100 1193/1389/2098
f 1174/1370/2099 1175/1371/2101 1195/1391/2102 1194/1390/2100
f 1175/1371/2101 1176/1372/2103 1196/1392/2104 1195/1391/2102
f 1176/1372/2103 1177/1373/2105 1197/1393/2106 1196/1392/2104
f 1177/1373/2105 1178/1374/2107 1198/1394/2108 1197/1393/2106
f 1178/1374/2107 1179/1375/2109 1199/1395/2110 1198/1394/2108
f 1179/1375/2109 1180/1376/2111 1200/1396/2112 1199/1395/2110
f 1180/1376/2111 1181/1377/2113 1201/1397/2114 1200/1396/2112
f 1181/1377/2113 1182/1378/2115 1202/1398/2116 1201/1397/2114
f 1182/1378/2115 1183/1379/2117 1203/1399/2118 1202/1398/2116
f 1183/1379/2117 1184/1380/2119 1204/1400/2120 1203/1399/2118
f 1184/1380/2119 1185/1381/2121 1205/1401/2122 1204/1400/2120
f 1185/1381/2121 1186/1382/2123 1206/1402/2124 1205/1401/2122
f 1186/1382/2123 1187/1383/2125 1207/1403/2126 1206/1402/2124
f 1187/1383/2125 1188/1384/2127 1208/1404/2128 1207/1403/2126
f 1188/1384/2127 1189/1385/2129 1209/1405/2130 1208/1404/2128
f 1189/1385/2129 1170/1366/2091 1190/1386/2094 1209/1405/2130
s 25
f 1190/1386/2131 1191/1387/2132 1211/1407/2133 1210/1406/2134
f 1191/1387/2132 1192/1388/2135 1213/1408/2136 1211/1407/2133
f 1192/1388/2135 1193/1389/2137 1214/1409/2138 1213/1408/2136
f 1193/1389/2137 1194/1390/2139 1215/1410/2140 1214/1409/2138
f 1194/1390/2139 1195/1391/2141 1216/1411/2142 1215/1410/2140
f 1195/1391/2141 1196/1392/2143 1217/1412/2144 1216/1411/2142
f 1196/1392/2143 1197/1393/2145 1218/1413/2146 1217/1412/2144
f 1197/1393/2145 1198/1394/2147 1219/1414/2148 1218/1413/2146
f 1198/1394/2147 1199/1395/2149 1220/1415/2150 1219/1414/2148
f 1199/1395/2149 1200/1396/2151 1221/1416/2152 1220/1415/2150
f 1200/1396/2151 1201/1397/2153 1222/1417/2154 1221/1416/2152
f 1201/1397/2153 1202/1398/2155 1223/1418/2156 1222/1417/2154
f 1202/1398/2155 1203/1399/2157 1224/1419/2158 1223/1418/2156
f 1203/1399/2157 1204/1400/2159 1225/1420/2160 1224/1419/2158
f 1204/1400/2159 1205/1401/2161 1226/1421/2162 1225/1420/2160
f 1205/1401/2161 1206/1402/2163 1227/1422/2164 1226/1421/2162
f 1206/1402/2163 1207/1403/2165 1228/1423/2166 1227/1422/2164
f 1207/1403/2165 1208/1404/2167 1229/1424/2168 1228/1423/2166
f 1208/1404/2167 1209/1405/2169 1230/1425/2170 1229/1424/2168
f 1209/1405/2169 1190/1386/2131 1210/1406/2134 1230/1425/2170
s 26
f 1233/1464/2171 1236/1426/2172 1051/1429/2173 1050/1427/2174
f 1236/1426/2172 1239/1428/2175 1052/1431/2176 1051/1429/2173
f 1239/1428/2175 1242/1430/2177 1053/1433/2178 1052/1431/2176
f 1242/1430/2177 1245/1432/2179 1054/1435/2180 1053/1433/2178
f 1245/1432/2179 1248/1434/2181 1055/1437/2182 1054/1435/2180
f 1248/1434/2181 1251/1436/2183 1056/1439/2184 1055/1437/2182
f 1251/1436/2183 1254/1438/2185 1057/1441/2186 1056/1439/2184
f 1254/1438/2185 1257/1440/2187 1058/1443/2188 1057/1441/2186
f 1257/1440/2187 1260/1442/2189 1059/1445/2190 1058/1443/2188
f 1260/1442/2189 1263/1444/2191 1060/1447/2192 1059/1445/2190
f 1263/1444/2191 1266/1446/2193 1061/1449/2194 1060/1447/2192
f 1266/1446/2193 1269/1448/2195 1062/1451/2196 1061/1449/2194
f 1269/1448/2195 1272/1450/2197 1063/1453/2198 1062/1451/2196
f 1272/1450/2197 1275/1452/2199 1064/1455/2200 1063/1453/2198
f 1275/1452/2199 1278/1454/2201 1065/1457/2202 1064/1455/2200
f 1278/1454/2201 1281/1456/2203 1066/1459/2204 1065/1457/2202
f 1281/1456/2203 1284/1458/2205 1067/1461/2206 1066/1459/2204
f 1284/1458/2205 1287/1460/2207 1068/1463/2208 1067/1461/2206
f 1287/1460/2207 1290/1462/2209 1069/1465/2210 1068/1463/2208
f 1290/1462/2209 1233/1464/2171 1050/1427/2174 1069/1465/2210
s 27
f 1231/1527/2211 1232/1466/2212 1289/1485/2213 1288/1565/2214
s 26
f 1232/1466/2215 1233/1464/2171 1290/1462/2209 1289/1485/2216
f 1233/1464/2171 1232/1466/2215 1235/1467/2217 1236/1426/2172
s 27
f 1232/1466/2212 1231/1527/2211 1234/1529/2218 1235/1467/2219
s 26
f 1236/1426/2172 1235/1467/2217 1238/1468/2220 1239/1428/2175
s 27
f 1235/1467/2219 1234/1529/2218 1237/1531/2221 1238/1468/2222
s 26
f 1239/1428/2175 1238/1468/2220 1241/1469/2223 1242/1430/2177
s 27
f 1238/1468/2222 1237/1531/2221 1240/1533/2224 1241/1469/2225
s 26
f 1242/1430/2177 1241/1469/2223 1244/1470/2226 1245/1432/2179
s 27
f 1241/1469/2225 1240/1533/2224 1243/1535/2227 1244/1470/2228
s 26
f 1245/1432/2179 1244/1470/2226 1247/1471/2229 1248/1434/2181
s 27
f 1244/1470/2228 1243/1535/2227 1246/1537/2230 1247/1471/2231
s 26
f 1248/1434/2181 1247/1471/2229 1250/1472/2232 1251/1436/2183
s 27
f 1247/1471/2231 1246/1537/2230 1249/1539/2233 1250/1472/2234
s 26
f 1251/1436/2183 1250/1472/2232 1253/1473/2235 1254/1438/2185
s 27
f 1250/1472/2234 1249/1539/2233 1252/1541/2236 1253/1473/2237
s 26
f 1254/1438/2185 1253/1473/2235 1256/1474/2238 1257/1440/2187
s 27
f 1253/1473/2237 1252/1541/2236 1255/1543/2239 1256/1474/2240
s 26
f 1257/1440/2187 1256/1474/2238 1259/1475/2241 1260/1442/2189
s 27
f 1256/1474/2240 1255/1543/2239 1258/1545/2242 1259/1475/2243
s 26
f 1260/1442/2189 1259/1475/2241 1262/1476/2244 1263/1444/2191
s 27
f 1259/1475/2243 1258/1545/2242 1261/1547/2245 1262/1476/2246
s 26
f 1263/1444/2191 1262/1476/2244 1265/1477/2247 1266/1446/2193
s 27
f 1262/1476/2246 1261/1547/2245 1264/1549/2248 1265/1477/2249
s 26
f 1266/1446/2193 1265/1477/2247 1268/1478/2250 1269/1448/2195
s 27
f 1265/1477/2249 1264/1549/2248 1267/1551/2251 1268/1478/2252
s 26
f 1269/1448/2195 1268/1478/2250 1271/1479/2253 1272/1450/2197
s 27
f 1268/1478/2252 1267/1551/2251 1270/1553/2254 1271/1479/2255
s 26
f 1272/1450/2197 1271/1479/2253 1274/1480/2256 1275/1452/2199
s 27
f 1271/1479/2255 1270/1553/2254 1273/1555/2257 1274/1480/2258
s 26
f 1275/1452/2199 1274/1480/2256 1277/1481/2259 1278/1454/2201
s 27
f 1274/1480/2258 1273/1555/2257 1276/1557/2260 1277/1481/2261
s 26
f 1278/1454/2201 1277/1481/2259 1280/1482/2262 1281/1456/2203
s 27
f 1277/1481/2261 1276/1557/2260 1279/1559/2263 1280/1482/2264
s 26
f 1281/1456/2203 1280/1482/2262 1283/1483/2265 1284/1458/2205
s 27
f 1280/1482/2264 1279/1559/2263 1282/1561/2266 1283/1483/2267
s 26
f 1284/1458/2205 1283/1483/2265 1286/1484/2268 1287/1460/2207
s 27
f 1283/1483/2267 1282/1561/2266 1285/1563/2269 1286/1484/2270
s 26
f 1287/1460/2207 1286/1484/2268 1289/1485/2216 1290/1462/2209
s 27
f 1286/1484/2270 1285/1563/2269 1288/1565/2214 1289/1485/2213
s 28
f 1030/1524/2271 1031/1486/2272 1294/1489/2273 1291/1487/2274
f 1031/1486/2272 1032/1488/2275 1297/1491/2276 1294/1489/2273
f 1032/1488/2275 1033/1490/2277 1300/1493/2278 1297/1491/2276
f 1033/1490/2277 1034/1492/2279 1303/1495/2280 1300/1493/2278
f 1034/1492/2279 1035/1494/2281 1306/1497/2282 1303/1495/2280
f 1035/1494/2281 1036/1496/2283 1309/1499/2284 1306/1497/2282
f 1036/1496/2283 1037/1498/2285 1312/1501/2286 1309/1499/2284
f 1037/1498/2285 1038/1500/2287 1315/1503/2288 1312/1501/2286
f 1038/1500/2287 1039/1502/2289 1318/1505/2290 1315/1503/2288
f 1039/1502/2289 1040/1504/2291 1321/1507/2292 1318/1505/2290
f 1040/1504/2291 1041/1506/2293 1324/1509/2294 1321/1507/2292
f 1041/1506/2293 1042/1508/2295 1327/1511/2296 1324/1509/2294
f 1042/1508/2295 1043/1510/2297 1330/1513/2298 1327/1511/2296
f 1043/1510/2297 1044/1512/2299 1333/1515/2300 1330/1513/2298
f 1044/1512/2299 1045/1514/2301 1336/1517/2302 1333/1515/2300
f 1045/1514/2301 1046/1516/2303 1339/1519/2304 1336/1517/2302
f 1046/1516/2303 1047/1518/2305 1342/1521/2306 1339/1519/2304
f 1047/1518/2305 1048/1520/2307 1345/1523/2308 1342/1521/2306
f 1048/1520/2307 1049/1522/2309 1348/1525/2310 1345/1523/2308
f 1049/1522/2309 1030/1524/2271 1291/1487/2274 1348/1525/2310
s 27
f 1293/1564/2311 1296/1526/2312 1234/1529/2218 1231/1527/2211
f 1296/1526/2312 1299/1528/2313 1237/1531/2221 1234/1529/2218
f 1299/1528/2313 1302/1530/2314 1240/1533/2224 1237/1531/2221
f 1302/1530/2314 1305/1532/2315 1243/1535/2227 1240/1533/2224
f 1305/1532/2315 1308/1534/2316 1246/1537/2230 1243/1535/2227
f 1308/1534/2316 1311/1536/2317 1249/1539/2233 1246/1537/2230
f 1311/1536/2317 1314/1538/2318 1252/1541/2236 1249/1539/2233
f 1314/1538/2318 1317/1540/2319 1255/1543/2239 1252/1541/2236
f 1317/1540/2319 1320/1542/2320 1258/1545/2242 1255/1543/2239
f 1320/1542/2320 1323/1544/2321 1261/1547/2245 1258/1545/2242
f 1323/1544/2321 1326/1546/2322 1264/1549/2248 1261/1547/2245
f 1326/1546/2322 1329/1548/2323 1267/1551/2251 1264/1549/2248
f 1329/1548/2323 1332/1550/2324 1270/1553/2254 1267/1551/2251
f 1332/1550/2324 1335/1552/2325 1273/1555/2257 1270/1553/2254
f 1335/1552/2325 1338/1554/2326 1276/1557/2260 1273/1555/2257
f 1338/1554/2326 1341/1556/2327 1279/1559/2263 1276/1557/2260
f 1341/1556/2327 1344/1558/2328 1282/1561/2266 1279/1559/2263
f 1344/1558/2328 1347/1560/2329 1285/1563/2269 1282/1561/2266
f 1347/1560/2329 1350/1562/2330 1288/1565/2214 1285/1563/2269
f 1350/1562/2330 1293/1564/2311 1231/1527/2211 1288/1565/2214
s 28
f 1291/1487/2274 1292/1566/2331 1349/1585/2332 1348/1525/2310
s 27
f 1292/1566/2333 1293/1564/2311 1350/1562/2330 1349/1585/2334
f 1293/1564/2311 1292/1566/2333 1295/1567/2335 1296/1526/2312
s 28
f 1292/1566/2331 1291/1487/2274 1294/1489/2273 1295/1567/2336
s 27
f 1296/1526/2312 1295/1567/2335 1298/1568/2337 1299/1528/2313
s 28
f 1295/1567/2336 1294/1489/2273 1297/1491/2276 1298/1568/2338
s 27
f 1299/1528/2313 1298/1568/2337 1301/1569/2339 1302/1530/2314
s 28
f 1298/1568/2338 1297/1491/2276 1300/1493/2278 1301/1569/2340
s 27
f 1302/1530/2314 1301/1569/2339 1304/1570/2341 1305/1532/2315
s 28
f 1301/1569/2340 1300/1493/2278 1303/1495/2280 1304/1570/2342
s 27
f 1305/1532/2315 1304/1570/2341 1307/1571/2343 1308/1534/2316
s 28
f 1304/1570/2342 1303/1495/2280 1306/1497/2282 1307/1571/2344
s 27
f 1308/1534/2316 1307/1571/2343 1310/1572/2345 1311/1536/2317
s 28
f 1307/1571/2344 1306/1497/2282 1309/1499/2284 1310/1572/2346
s 27
f 1311/1536/2317 1310/1572/2345 1313/1573/2347 1314/1538/2318
s 28
f 1310/1572/2346 1309/1499/2284 1312/1501/2286 1313/1573/2348
s 27
f 1314/1538/2318 1313/1573/2347 1316/1574/2349 1317/1540/2319
s 28
f 1313/1573/2348 1312/1501/2286 1315/1503/2288 1316/1574/2350
s 27
f 1317/1540/2319 1316/1574/2349 1319/1575/2351 1320/1542/2320
s 28
f 1316/1574/2350 1315/1503/2288 1318/1505/2290 1319/1575/2352
s 27
f 1320/1542/2320 1319/1575/2351 1322/1576/2353 1323/1544/2321
s 28
f 1319/1575/2352 1318/1505/2290 1321/1507/2292 1322/1576/2354
s 27
f 1323/1544/2321 1322/1576/2353 1325/1577/2355 1326/1546/2322
s 28
f 1322/1576/2354 1321/1507/2292 1324/1509/2294 1325/1577/2356
s 27
f 1326/1546/2322 1325/1577/2355 1328/1578/2357 1329/1548/2323
s 28
f 1325/1577/2356 1324/1509/2294 1327/1511/2296 1328/1578/2358
s 27
f 1329/1548/2323 1328/1578/2357 1331/1579/2359 1332/1550/2324
s 28
f 1328/1578/2358 1327/1511/2296 1330/1513/2298 1331/1579/2360
s 27
f 1332/1550/2324 1331/1579/2359 1334/1580/2361 1335/1552/2325
s 28
f 1331/1579/2360 1330/1513/2298 1333/1515/2300 1334/1580/2362
s 27
f 1335/1552/2325 1334/1580/2361 1337/1581/2363 1338/1554/2326
s 28
f 1334/1580/2362 1333/1515/2300 1336/1517/2302 1337/1581/2364
s 27
f 1338/1554/2326 1337/1581/2363 1340/1582/2365 1341/1556/2327
s 28
f 1337/1581/2364 1336/1517/2302 1339/1519/2304 1340/1582/2366
s 27
f 1341/1556/2327 1340/1582/2365 1343/1583/2367 1344/1558/2328
s 28
f 1340/1582/2366 1339/1519/2304 1342/1521/2306 1343/1583/2368
s 27
f 1344/1558/2328 1343/1583/2367 1346/1584/2369 1347/1560/2329
s 28
f 1343/1583/2368 1342/1521/2306 1345/1523/2308 1346/1584/2370
s 27
f 1347/1560/2329 1346/1584/2369 1349/1585/2334 1350/1562/2330
s 28
f 1346/1584/2370 1345/1523/2308 1348/1525/2310 1349/1585/2332
g default
v -2.737593 8.724028 -19.042304
v -2.737593 8.728843 -19.039850
v -2.737593 8.732665 -19.036028
v -2.737593 8.735119 -19.031213
v -2.737593 8.735964 -19.025874
v -2.737593 8.735119 -19.020536
v -2.737593 8.732665 -19.015721
v -2.737593 8.728843 -19.011899
v -2.737593 8.724028 -19.009445
v -2.737593 8.718689 -19.008600
v -2.737593 8.713351 -19.009445
v -2.737593 8.708535 -19.011899
v -2.737593 8.704714 -19.015721
v -2.737593 8.702260 -19.020536
v -2.737593 8.701415 -19.025874
v -2.737593 8.702260 -19.031213
v -2.737593 8.704714 -19.036028
v -2.737593 8.708535 -19.039850
v -2.737593 8.713351 -19.042304
v -2.737593 8.718689 -19.043149
v -2.356156 8.724028 -19.042304
v -2.356156 8.728843 -19.039850
v -2.356156 8.732665 -19.036028
v -2.356156 8.735119 -19.031213
v -2.356156 8.735964 -19.025874
v -2.356156 8.735119 -19.020536
v -2.356156 8.732665 -19.015721
v -2.356156 8.728843 -19.011899
v -2.356157 8.724028 -19.009445
v -2.356156 8.718689 -19.008600
v -2.356157 8.713351 -19.009445
v -2.356156 8.708536 -19.011899
v -2.356156 8.704714 -19.015721
v -2.356156 8.702260 -19.020536
v -2.356156 8.701415 -19.025874
v -2.356156 8.702260 -19.031213
v -2.356156 8.704714 -19.036028
v -2.356156 8.708536 -19.039850
v -2.356156 8.713351 -19.042304
v -2.356156 8.718689 -19.043149
v -2.737593 8.718689 -19.025874
v -2.356156 8.718689 -19.025874
vt 0.648603 0.107966
vt 0.626409 0.064408
vt 0.591842 0.029841
vt 0.548284 0.007647
vt 0.500000 -0.000000
vt 0.451716 0.007647
vt 0.408159 0.029841
vt 0.373591 0.064409
vt 0.351397 0.107966
vt 0.343750 0.156250
vt 0.351397 0.204534
vt 0.373591 0.248091
vt 0.408159 0.282659
vt 0.451716 0.304853
vt 0.500000 0.312500
vt 0.548284 0.304853
vt 0.591841 0.282659
vt 0.626409 0.248091
vt 0.648603 0.204534
vt 0.656250 0.156250
vt 0.375000 0.312500
vt 0.387500 0.312500
vt 0.400000 0.312500
vt 0.412500 0.312500
vt 0.425000 0.312500
vt 0.437500 0.312500
vt 0.450000 0.312500
vt 0.462500 0.312500
vt 0.475000 0.312500
vt 0.487500 0.312500
vt 0.500000 0.312500
vt 0.512500 0.312500
vt 0.525000 0.312500
vt 0.537500 0.312500
vt 0.550000 0.312500
vt 0.562500 0.312500
vt 0.575000 0.312500
vt 0.587500 0.312500
vt 0.600000 0.312500
vt 0.612500 0.312500
vt 0.625000 0.312500
vt 0.375000 0.687500
vt 0.387500 0.687500
vt 0.400000 0.687500
vt 0.412500 0.687500
vt 0.425000 0.687500
vt 0.437500 0.687500
vt 0.450000 0.687500
vt 0.462500 0.687500
vt 0.475000 0.687500
vt 0.487500 0.687500
vt 0.500000 0.687500
vt 0.512500 0.687500
vt 0.525000 0.687500
vt 0.537500 0.687500
vt 0.550000 0.687500
vt 0.562500 0.687500
vt 0.575000 0.687500
vt 0.587500 0.687500
vt 0.600000 0.687500
vt 0.612500 0.687500
vt 0.625000 0.687500
vt 0.648603 0.795466
vt 0.626409 0.751908
vt 0.591842 0.717341
vt 0.548284 0.695147
vt 0.500000 0.687500
vt 0.451716 0.695147
vt 0.408159 0.717341
vt 0.373591 0.751909
vt 0.351397 0.795466
vt 0.343750 0.843750
vt 0.351397 0.892034
vt 0.373591 0.935591
vt 0.408159 0.970159
vt 0.451716 0.992353
vt 0.500000 1.000000
vt 0.548284 0.992353
vt 0.591841 0.970159
vt 0.626409 0.935591
vt 0.648603 0.892034
vt 0.656250 0.843750
vt 0.500000 0.156250
vt 0.500000 0.843750
vn 0.000000 0.309018 -0.951056
vn 0.000000 0.587779 -0.809022
vn 0.000000 0.587779 -0.809021
vn -0.000000 0.309017 -0.951057
vn -0.000000 0.809005 -0.587801
vn -0.000000 0.809006 -0.587800
vn -0.000000 0.951057 -0.309017
vn -0.000000 0.951057 -0.309017
vn -0.000000 1.000000 0.000000
vn -0.000000 1.000000 -0.000002
vn -0.000000 0.951057 0.309014
vn -0.000000 0.951058 0.309014
vn -0.000000 0.809005 0.587801
vn -0.000000 0.809005 0.587801
vn 0.000000 0.587777 0.809023
vn 0.000000 0.587777 0.809023
vn 0.000000 0.309022 0.951055
vn 0.000000 0.309021 0.951055
vn 0.000000 0.000001 1.000000
vn 0.000000 0.000001 1.000000
vn 0.000000 -0.309019 0.951056
vn 0.000000 -0.309017 0.951056
vn 0.000000 -0.587785 0.809017
vn 0.000000 -0.587786 0.809016
vn -0.000000 -0.809013 0.587791
vn -0.000000 -0.809013 0.587791
vn -0.000000 -0.951062 0.308999
vn -0.000000 -0.951062 0.309000
vn 0.000000 -1.000000 0.000000
vn 0.000000 -1.000000 -0.000002
vn -0.000000 -0.951061 -0.309002
vn -0.000000 -0.951061 -0.309002
vn -0.000000 -0.809006 -0.587801
vn -0.000000 -0.809006 -0.587801
vn 0.000000 -0.587779 -0.809022
vn 0.000000 -0.587778 -0.809022
vn 0.000000 -0.309025 -0.951054
vn 0.000000 -0.309025 -0.951054
vn -0.000000 0.000001 -1.000000
vn -0.000000 0.000001 -1.000000
vn -1.000000 0.000011 -0.000001
vn -1.000000 -0.000011 0.000005
vn -1.000000 0.000001 0.000004
vn -1.000000 0.000006 0.000011
vn -1.000000 0.000005 0.000017
vn -1.000000 -0.000006 -0.000006
vn -1.000000 -0.000017 -0.000001
vn -1.000000 0.000000 -0.000000
vn -1.000000 -0.000011 0.000004
vn -1.000000 0.000000 0.000012
vn -1.000000 -0.000000 0.000007
vn -1.000000 -0.000000 0.000012
vn -1.000000 0.000011 0.000001
vn -1.000000 -0.000006 0.000002
vn -1.000000 0.000008 0.000004
vn -1.000000 0.000002 0.000000
vn -1.000000 0.000000 0.000018
vn -1.000000 0.000011 0.000006
vn -1.000000 0.000022 -0.000007
vn -1.000000 0.000011 -0.000002
vn -1.000000 -0.000022 0.000000
vn 1.000000 0.000000 0.000011
vn 1.000000 -0.000022 -0.000001
vn 1.000000 -0.000001 0.000007
vn 1.000000 -0.000022 -0.000001
vn 1.000000 -0.000006 0.000027
vn 1.000000 -0.000001 0.000023
vn 1.000000 -0.000007 0.000000
vn 1.000000 -0.000011 0.000000
vn 1.000000 0.000000 0.000007
vn 1.000000 0.000000 0.000007
vn 1.000000 0.000000 0.000000
vn 1.000000 0.000000 0.000007
vn 1.000000 0.000000 0.000014
vn 1.000000 0.000011 -0.000004
vn 1.000000 0.000006 -0.000011
vn 1.000000 -0.000001 0.000023
vn 1.000000 0.000016 0.000016
vn 1.000000 0.000011 0.000004
vn 1.000000 0.000022 0.000005
vn 1.000000 -0.000000 0.000000
vn 1.000000 -0.000022 0.000015
s 1
g Hallway_Masters:LampBase3 Hallway_Masters:LampStick3
usemtl initialShadingGroup
f 1351/1606/2371 1352/1607/2372 1372/1628/2373 1371/1627/2374
f 1352/1607/2372 1353/1608/2375 1373/1629/2376 1372/1628/2373
f 1353/1608/2375 1354/1609/2377 1374/1630/2378 1373/1629/2376
f 1354/1609/2377 1355/1610/2379 1375/1631/2380 1374/1630/2378
f 1355/1610/2379 1356/1611/2381 1376/1632/2382 1375/1631/2380
f 1356/1611/2381 1357/1612/2383 1377/1633/2384 1376/1632/2382
f 1357/1612/2383 1358/1613/2385 1378/1634/2386 1377/1633/2384
f 1358/1613/2385 1359/1614/2387 1379/1635/2388 1378/1634/2386
f 1359/1614/2387 1360/1615/2389 1380/1636/2390 1379/1635/2388
f 1360/1615/2389 1361/1616/2391 1381/1637/2392 1380/1636/2390
f 1361/1616/2391 1362/1617/2393 1382/1638/2394 1381/1637/2392
f 1362/1617/2393 1363/1618/2395 1383/1639/2396 1382/1638/2394
f 1363/1618/2395 1364/1619/2397 1384/1640/2398 1383/1639/2396
f 1364/1619/2397 1365/1620/2399 1385/1641/2400 1384/1640/2398
f 1365/1620/2399 1366/1621/2401 1386/1642/2402 1385/1641/2400
f 1366/1621/2401 1367/1622/2403 1387/1643/2404 1386/1642/2402
f 1367/1622/2403 1368/1623/2405 1388/1644/2406 1387/1643/2404
f 1368/1623/2405 1369/1624/2407 1389/1645/2408 1388/1644/2406
f 1369/1624/2407 1370/1625/2409 1390/1646/2410 1389/1645/2408
f 1370/1625/2409 1351/1626/2371 1371/1647/2374 1390/1646/2410
s 2
f 1352/1587/2411 1351/1586/2412 1391/1668/2413
f 1353/1588/2414 1352/1587/2411 1391/1668/2413
f 1354/1589/2415 1353/1588/2414 1391/1668/2413
f 1355/1590/2416 1354/1589/2415 1391/1668/2413
f 1356/1591/2417 1355/1590/2416 1391/1668/2413
f 1357/1592/2418 1356/1591/2417 1391/1668/2413
f 1358/1593/2419 1357/1592/2418 1391/1668/2413
f 1359/1594/2420 1358/1593/2419 1391/1668/2413
f 1360/1595/2421 1359/1594/2420 1391/1668/2413
f 1361/1596/2422 1360/1595/2421 1391/1668/2413
f 1362/1597/2423 1361/1596/2422 1391/1668/2413
f 1363/1598/2424 1362/1597/2423 1391/1668/2413
f 1364/1599/2425 1363/1598/2424 1391/1668/2413
f 1365/1600/2426 1364/1599/2425 1391/1668/2413
f 1366/1601/2427 1365/1600/2426 1391/1668/2413
f 1367/1602/2428 1366/1601/2427 1391/1668/2413
f 1368/1603/2429 1367/1602/2428 1391/1668/2413
f 1369/1604/2430 1368/1603/2429 1391/1668/2413
f 1370/1605/2431 1369/1604/2430 1391/1668/2413
f 1351/1586/2412 1370/1605/2431 1391/1668/2413
s 3
f 1371/1666/2432 1372/1665/2433 1392/1669/2434
f 1372/1665/2433 1373/1664/2435 1392/1669/2434
f 1373/1664/2435 1374/1663/2436 1392/1669/2434
f 1374/1663/2436 1375/1662/2437 1392/1669/2434
f 1375/1662/2437 1376/1661/2438 1392/1669/2434
f 1376/1661/2438 1377/1660/2439 1392/1669/2434
f 1377/1660/2439 1378/1659/2440 1392/1669/2434
f 1378/1659/2440 1379/1658/2441 1392/1669/2434
f 1379/1658/2441 1380/1657/2442 1392/1669/2434
f 1380/1657/2442 1381/1656/2443 1392/1669/2434
f 1381/1656/2443 1382/1655/2444 1392/1669/2434
f 1382/1655/2444 1383/1654/2445 1392/1669/2434
f 1383/1654/2445 1384/1653/2446 1392/1669/2434
f 1384/1653/2446 1385/1652/2447 1392/1669/2434
f 1385/1652/2447 1386/1651/2448 1392/1669/2434
f 1386/1651/2448 1387/1650/2449 1392/1669/2434
f 1387/1650/2449 1388/1649/2450 1392/1669/2434
f 1388/1649/2450 1389/1648/2451 1392/1669/2434
f 1389/1648/2451 1390/1667/2452 1392/1669/2434
f 1390/1667/2452 1371/1666/2432 1392/1669/2434
