# This file uses centimeters as units for non-parametric coordinates.

mtllib Lamp.mtl
g default
v -3.247067 7.342971 -20.518933
v -3.204452 7.342971 -20.435364
v -3.138163 7.342971 -20.369046
v -3.054608 7.342971 -20.326470
v -2.961960 7.342971 -20.311798
v -2.869309 7.342971 -20.326470
v -2.785756 7.342971 -20.369046
v -2.719468 7.342971 -20.435364
v -2.676852 7.342971 -20.518933
v -2.662183 7.342971 -20.611565
v -2.676852 7.342971 -20.704197
v -2.719468 7.342971 -20.787766
v -2.785756 7.342971 -20.854084
v -2.869309 7.342971 -20.896664
v -2.961960 7.342971 -20.911332
v -3.054608 7.342971 -20.896664
v -3.138162 7.342971 -20.854084
v -3.204452 7.342971 -20.787766
v -3.247067 7.342971 -20.704197
v -3.261737 7.342971 -20.611565
v -2.961960 7.365708 -20.611565
v -3.247091 7.388236 -20.518917
v -3.204519 7.388236 -20.435341
v -3.138196 7.388236 -20.369015
v -3.054606 7.388236 -20.326428
v -2.961960 7.388236 -20.311757
v -2.869311 7.388236 -20.326428
v -2.785754 7.388236 -20.369015
v -2.719405 7.388236 -20.435341
v -2.676828 7.388236 -20.518917
v -2.662148 7.388236 -20.611565
v -2.676828 7.388236 -20.704213
v -2.719405 7.388236 -20.787789
v -2.785754 7.388236 -20.854115
v -2.869311 7.388236 -20.896702
v -2.961960 7.388236 -20.911374
v -3.054606 7.388236 -20.896702
v -3.138196 7.388236 -20.854115
v -3.204519 7.388236 -20.787789
v -3.247091 7.388236 -20.704213
v -3.261767 7.388236 -20.611565
v -3.067700 7.508317 -20.577210
v -3.051908 7.508317 -20.546215
v -3.027310 7.508317 -20.521618
v -2.996318 7.508317 -20.505825
v -2.961960 7.508317 -20.500382
v -2.927600 7.508317 -20.505825
v -2.896607 7.508317 -20.521618
v -2.872010 7.508317 -20.546215
v -2.856219 7.508317 -20.577210
v -2.850776 7.508317 -20.611565
v -2.856219 7.508317 -20.645924
v -2.872010 7.508317 -20.676918
v -2.896607 7.508317 -20.701516
v -2.927600 7.508317 -20.717305
v -2.961960 7.508317 -20.722748
v -2.996318 7.508317 -20.717305
v -3.027310 7.508317 -20.701516
v -3.051908 7.508317 -20.676918
v -3.067700 7.508317 -20.645924
v -3.073142 7.508317 -20.611565
v -3.097272 7.532770 -20.567601
v -3.077062 7.532770 -20.527939
v -3.045588 7.532770 -20.496460
v -3.005923 7.532770 -20.476254
v -2.961960 7.532770 -20.469288
v -2.917993 7.532770 -20.476254
v -2.878332 7.532770 -20.496460
v -2.846856 7.532770 -20.527939
v -2.826646 7.532770 -20.567601
v -2.819682 7.532770 -20.611565
v -2.826646 7.532770 -20.655529
v -2.846856 7.532770 -20.695195
v -2.878332 7.532770 -20.726670
v -2.917993 7.532770 -20.746876
v -2.961960 7.532770 -20.753842
v -3.005923 7.532770 -20.746876
v -3.045588 7.532770 -20.726670
v -3.077062 7.532770 -20.695191
v -3.097272 7.532770 -20.655529
v -3.104234 7.532770 -20.611565
v -3.103415 7.650901 -20.565602
v -3.082292 7.650901 -20.524140
v -3.049384 7.650901 -20.491234
v -3.007922 7.650901 -20.470108
v -2.961960 7.650901 -20.462830
v -2.915996 7.650901 -20.470108
v -2.874534 7.650901 -20.491234
v -2.841627 7.650901 -20.524140
v -2.820503 7.650901 -20.565602
v -2.813222 7.650901 -20.611565
v -2.820503 7.650901 -20.657528
v -2.841627 7.650901 -20.698990
v -2.874534 7.650901 -20.731896
v -2.915996 7.650901 -20.753022
v -2.961960 7.650901 -20.760304
v -3.007920 7.650901 -20.753022
v -3.049384 7.650901 -20.731896
v -3.082291 7.650901 -20.698990
v -3.103415 7.650901 -20.657528
v -3.110696 7.650901 -20.611565
v -3.116587 7.669297 -20.561322
v -3.093493 7.669297 -20.515999
v -3.057525 7.669297 -20.480030
v -3.012202 7.669297 -20.456936
v -2.961960 7.669297 -20.448979
v -2.911716 7.669297 -20.456936
v -2.866393 7.669297 -20.480030
v -2.830425 7.669297 -20.515999
v -2.807331 7.669297 -20.561322
v -2.799373 7.669297 -20.611565
v -2.807331 7.669297 -20.661808
v -2.830425 7.669297 -20.707131
v -2.866393 7.669297 -20.743100
v -2.911716 7.669297 -20.766194
v -2.961960 7.669297 -20.774151
v -3.012202 7.669297 -20.766194
v -3.057525 7.669297 -20.743100
v -3.093493 7.669297 -20.707131
v -3.116586 7.669297 -20.661808
v -3.124545 7.669297 -20.611565
v -3.099107 7.703789 -20.567002
v -3.078624 7.703789 -20.526802
v -3.046721 7.703789 -20.494900
v -3.006521 7.703789 -20.474415
v -2.961960 7.703789 -20.467358
v -2.917397 7.703789 -20.474415
v -2.877195 7.703789 -20.494900
v -2.845292 7.703789 -20.526802
v -2.824811 7.703789 -20.567002
v -2.817752 7.703789 -20.611565
v -2.824811 7.703789 -20.656128
v -2.845292 7.703789 -20.696328
v -2.877195 7.703789 -20.728230
v -2.917397 7.703789 -20.748715
v -2.961960 7.703789 -20.755772
v -3.006521 7.703789 -20.748715
v -3.046721 7.703789 -20.728230
v -3.078624 7.703789 -20.696328
v -3.099107 7.703789 -20.656128
v -3.106166 7.703789 -20.611565
v -3.135669 7.762485 -20.555123
v -3.109725 7.762485 -20.504208
v -3.069318 7.762485 -20.463799
v -3.018401 7.762485 -20.437855
v -2.961960 7.762485 -20.428917
v -2.905519 7.762485 -20.437855
v -2.854600 7.762485 -20.463799
v -2.814191 7.762485 -20.504208
v -2.788247 7.762485 -20.555123
v -2.779310 7.762485 -20.611565
v -2.788247 7.762485 -20.668007
v -2.814191 7.762485 -20.718926
v -2.854600 7.762485 -20.759331
v -2.905519 7.762485 -20.785275
v -2.961960 7.762485 -20.794217
v -3.018401 7.762485 -20.785275
v -3.069318 7.762485 -20.759331
v -3.109725 7.762485 -20.718926
v -3.135669 7.762485 -20.668007
v -3.144610 7.762485 -20.611565
v -3.135669 7.787258 -20.555123
v -3.109725 7.787258 -20.504208
v -3.069318 7.787258 -20.463799
v -3.018401 7.787258 -20.437855
v -2.961960 7.787258 -20.428917
v -2.905519 7.787258 -20.437855
v -2.854600 7.787258 -20.463799
v -2.814191 7.787258 -20.504208
v -2.788247 7.787258 -20.555123
v -2.779310 7.787258 -20.611565
v -2.788247 7.787258 -20.668007
v -2.814191 7.787258 -20.718926
v -2.854600 7.787258 -20.759331
v -2.905519 7.787258 -20.785275
v -2.961960 7.787258 -20.794217
v -3.018401 7.787258 -20.785275
v -3.069318 7.787258 -20.759331
v -3.109725 7.787258 -20.718926
v -3.135669 7.787258 -20.668007
v -3.144610 7.787258 -20.611565
v -3.099107 7.845954 -20.567002
v -3.078624 7.845954 -20.526802
v -3.046721 7.845954 -20.494900
v -3.006521 7.845954 -20.474415
v -2.961960 7.845954 -20.467358
v -2.917397 7.845954 -20.474415
v -2.877195 7.845954 -20.494900
v -2.845292 7.845954 -20.526802
v -2.824811 7.845954 -20.567002
v -2.817752 7.845954 -20.611565
v -2.824811 7.845954 -20.656128
v -2.845292 7.845954 -20.696328
v -2.877195 7.845954 -20.728230
v -2.917397 7.845954 -20.748715
v -2.961960 7.845954 -20.755772
v -3.006521 7.845954 -20.748715
v -3.046721 7.845954 -20.728230
v -3.078624 7.845954 -20.696328
v -3.099107 7.845954 -20.656128
v -3.106166 7.845954 -20.611565
v -3.099107 7.875072 -20.567002
v -3.078624 7.875072 -20.526802
v -3.046721 7.875072 -20.494900
v -3.006521 7.875072 -20.474415
v -2.961960 7.875072 -20.467358
v -2.917397 7.875072 -20.474415
v -2.877195 7.875072 -20.494900
v -2.845292 7.875072 -20.526802
v -2.824811 7.875072 -20.567002
v -2.817752 7.875072 -20.611565
v -2.824811 7.875072 -20.656128
v -2.845292 7.875072 -20.696328
v -2.877195 7.875072 -20.728230
v -2.917397 7.875072 -20.748715
v -2.961960 7.875072 -20.755772
v -3.006521 7.875072 -20.748715
v -3.046721 7.875072 -20.728230
v -3.078624 7.875072 -20.696328
v -3.099107 7.875072 -20.656128
v -3.106166 7.875072 -20.611565
v -2.896428 8.018808 -20.632855
v -2.906215 8.018808 -20.652066
v -2.921459 8.018808 -20.667309
v -2.940667 8.018808 -20.677098
v -2.961961 8.018808 -20.680470
v -2.983253 8.018808 -20.677098
v -3.002459 8.018808 -20.667309
v -3.017703 8.018808 -20.652066
v -3.027490 8.018808 -20.632859
v -3.030862 8.018808 -20.611565
v -3.027490 8.018808 -20.590271
v -3.017703 8.018808 -20.571064
v -3.002459 8.018808 -20.555821
v -2.983253 8.018808 -20.546036
v -2.961960 8.018808 -20.542660
v -2.940667 8.018808 -20.546036
v -2.921458 8.018808 -20.555821
v -2.906215 8.018808 -20.571064
v -2.896428 8.018808 -20.590271
v -2.893056 8.018808 -20.611565
v -2.896428 8.040193 -20.632855
v -2.906215 8.040193 -20.652066
v -2.921459 8.040193 -20.667309
v -2.940667 8.040193 -20.677098
v -2.961961 8.040193 -20.680470
v -2.983253 8.040193 -20.677098
v -3.002459 8.040193 -20.667309
v -3.017703 8.040193 -20.652066
v -3.027490 8.040193 -20.632859
v -3.030862 8.040193 -20.611565
v -3.027490 8.040193 -20.590271
v -3.017703 8.040193 -20.571064
v -3.002459 8.040193 -20.555821
v -2.983253 8.040193 -20.546036
v -2.961960 8.040193 -20.542660
v -2.940667 8.040193 -20.546036
v -2.921458 8.040193 -20.555821
v -2.906215 8.040193 -20.571064
v -2.896428 8.040193 -20.590275
v -2.893056 8.040193 -20.611565
v -2.865315 8.065042 -20.642968
v -2.879747 8.065042 -20.671292
v -2.902230 8.065042 -20.693776
v -2.930558 8.065042 -20.708210
v -2.961961 8.065042 -20.713181
v -2.993361 8.065042 -20.708210
v -3.021688 8.065042 -20.693776
v -3.044170 8.065042 -20.671296
v -3.058603 8.065042 -20.642968
v -3.063576 8.065042 -20.611565
v -3.058603 8.065042 -20.580162
v -3.044170 8.065042 -20.551838
v -3.021688 8.065042 -20.529354
v -2.993360 8.065042 -20.514920
v -2.961960 8.065042 -20.509949
v -2.930556 8.065042 -20.514923
v -2.902230 8.065042 -20.529354
v -2.879747 8.065042 -20.551834
v -2.865316 8.065042 -20.580162
v -2.860342 8.065042 -20.611565
v -2.843465 8.088736 -20.650067
v -2.861161 8.088736 -20.684796
v -2.888726 8.088736 -20.712361
v -2.923459 8.088736 -20.730057
v -2.961961 8.088736 -20.736157
v -3.000462 8.088736 -20.730057
v -3.035192 8.088736 -20.712361
v -3.062756 8.088736 -20.684800
v -3.080452 8.088736 -20.650067
v -3.086550 8.088736 -20.611565
v -3.080452 8.088736 -20.573063
v -3.062756 8.088736 -20.538334
v -3.035192 8.088736 -20.510769
v -3.000459 8.088736 -20.493073
v -2.961960 8.088736 -20.486973
v -2.923457 8.088736 -20.493073
v -2.888726 8.088736 -20.510769
v -2.861161 8.088736 -20.538334
v -2.843465 8.088736 -20.573063
v -2.837368 8.088736 -20.611565
v -2.821614 8.145603 -20.657166
v -2.842575 8.145603 -20.698300
v -2.875221 8.145603 -20.730946
v -2.916359 8.145603 -20.751908
v -2.961962 8.145603 -20.759129
v -3.007561 8.145603 -20.751908
v -3.048697 8.145603 -20.730950
v -3.081344 8.145603 -20.698304
v -3.102302 8.145603 -20.657166
v -3.109526 8.145603 -20.611565
v -3.102302 8.145603 -20.565964
v -3.081344 8.145603 -20.524830
v -3.048694 8.145603 -20.492180
v -3.007559 8.145603 -20.471222
v -2.961960 8.145603 -20.464001
v -2.916358 8.145603 -20.471222
v -2.875221 8.145603 -20.492184
v -2.842575 8.145603 -20.524830
v -2.821616 8.145603 -20.565964
v -2.814394 8.145603 -20.611565
v -2.842781 7.897257 -20.650288
v -2.841788 7.875124 -20.650612
v -2.860580 7.897257 -20.685219
v -2.859735 7.875124 -20.685837
v -2.888303 7.897257 -20.712944
v -2.887690 7.875124 -20.713791
v -2.923237 7.897257 -20.730744
v -2.922914 7.875124 -20.731736
v -2.961960 7.897257 -20.736878
v -2.961960 7.875124 -20.737923
v -3.000682 7.897257 -20.730744
v -3.001006 7.875124 -20.731736
v -3.035615 7.897257 -20.712944
v -3.036229 7.875124 -20.713791
v -3.063339 7.897257 -20.685223
v -3.064183 7.875124 -20.685837
v -3.081137 7.897257 -20.650288
v -3.082129 7.875124 -20.650612
v -3.087270 7.897257 -20.611565
v -3.088315 7.875124 -20.611565
v -3.081137 7.897257 -20.572842
v -3.082129 7.875124 -20.572518
v -3.063340 7.897257 -20.537907
v -3.064183 7.875124 -20.537293
v -3.035615 7.897257 -20.510186
v -3.036229 7.875124 -20.509343
v -3.000682 7.897257 -20.492386
v -3.001006 7.875124 -20.491394
v -2.961960 7.897257 -20.486252
v -2.961960 7.875124 -20.485207
v -2.923234 7.897257 -20.492386
v -2.922914 7.875124 -20.491394
v -2.888303 7.897257 -20.510186
v -2.887690 7.875124 -20.509343
v -2.860580 7.897257 -20.537911
v -2.859735 7.875124 -20.537293
v -2.842781 7.897257 -20.572842
v -2.841788 7.875124 -20.572518
v -2.836648 7.897257 -20.611565
v -2.835603 7.875124 -20.611565
v -2.844103 8.251337 -20.649857
v -2.861703 8.251337 -20.684403
v -2.889120 8.251337 -20.711819
v -2.923668 8.251337 -20.729420
v -2.961962 8.251337 -20.735485
v -3.000254 8.251337 -20.729420
v -3.034798 8.251337 -20.711819
v -3.062214 8.251337 -20.684403
v -3.079817 8.251337 -20.649857
v -3.085879 8.251337 -20.611565
v -3.079817 8.251337 -20.573273
v -3.062214 8.251337 -20.538727
v -3.034796 8.251337 -20.511311
v -3.000253 8.251337 -20.493710
v -2.961960 8.251337 -20.487645
v -2.923666 8.251337 -20.493710
v -2.889120 8.251337 -20.511311
v -2.861703 8.251337 -20.538727
v -2.844103 8.251337 -20.573273
v -2.838037 8.251337 -20.611565
v -2.909652 8.312167 -20.628559
v -2.917462 8.312168 -20.643891
v -2.929631 8.312167 -20.656060
v -2.944966 8.312167 -20.663872
v -2.961962 8.312167 -20.666565
v -2.978953 8.312167 -20.663872
v -2.994287 8.312167 -20.656060
v -3.006454 8.312167 -20.643891
v -3.014266 8.312167 -20.628559
v -3.016958 8.312167 -20.611565
v -3.014266 8.312167 -20.594571
v -3.006454 8.312167 -20.579239
v -2.994285 8.312167 -20.567070
v -2.978953 8.312167 -20.559258
v -2.961961 8.312167 -20.556565
v -2.944962 8.312167 -20.559258
v -2.929631 8.312167 -20.567070
v -2.917464 8.312167 -20.579239
v -2.909652 8.312167 -20.594571
v -2.906960 8.312167 -20.611565
v -3.040751 8.390788 -20.585961
v -3.028983 8.390788 -20.562867
v -3.010658 8.390788 -20.544541
v -2.987566 8.390789 -20.532772
v -2.961962 8.390788 -20.528717
v -2.936356 8.390788 -20.532772
v -2.913263 8.390788 -20.544541
v -2.894933 8.390788 -20.562867
v -2.883168 8.390789 -20.585961
v -2.879111 8.390788 -20.611565
v -2.883168 8.390788 -20.637169
v -2.894935 8.390788 -20.660263
v -2.913261 8.390788 -20.678589
v -2.936356 8.390788 -20.690358
v -2.961962 8.390788 -20.694413
v -2.987559 8.390788 -20.690358
v -3.010656 8.390788 -20.678589
v -3.028983 8.390788 -20.660260
v -3.040752 8.390788 -20.637165
v -3.044806 8.390788 -20.611565
v -3.062602 8.653863 -20.578858
v -3.047570 8.653863 -20.549359
v -3.024165 8.653863 -20.525956
v -2.994665 8.653864 -20.510926
v -2.961961 8.653863 -20.505741
v -2.929256 8.653863 -20.510922
v -2.899759 8.653863 -20.525952
v -2.876349 8.653864 -20.549359
v -2.861318 8.653864 -20.578865
v -2.856135 8.653863 -20.611569
v -2.861316 8.653863 -20.644268
v -2.876346 8.653863 -20.673767
v -2.899757 8.653863 -20.697178
v -2.929257 8.653863 -20.712208
v -2.961962 8.653863 -20.717389
v -2.994659 8.653863 -20.712212
v -3.024158 8.653863 -20.697178
v -3.047573 8.653863 -20.673764
v -3.062604 8.653863 -20.644268
v -3.067780 8.653863 -20.611565
v -3.084451 8.653863 -20.571759
v -3.066157 8.653863 -20.535855
v -3.037669 8.653863 -20.507367
v -3.001764 8.653863 -20.489075
v -2.961961 8.653863 -20.482769
v -2.922156 8.653863 -20.489075
v -2.886254 8.653863 -20.507363
v -2.857762 8.653863 -20.535859
v -2.839469 8.653864 -20.571766
v -2.833161 8.653863 -20.611569
v -2.839467 8.653863 -20.651368
v -2.857760 8.653863 -20.687271
v -2.886252 8.653863 -20.715763
v -2.922159 8.653863 -20.734059
v -2.961962 8.653863 -20.740364
v -3.001759 8.653863 -20.734059
v -3.037662 8.653863 -20.715763
v -3.066160 8.653863 -20.687268
v -3.084453 8.653863 -20.651368
v -3.090755 8.653863 -20.611565
v -3.084451 8.677557 -20.571759
v -3.066157 8.677557 -20.535855
v -3.037669 8.677557 -20.507367
v -3.001765 8.677557 -20.489075
v -2.961961 8.677557 -20.482769
v -2.922155 8.677557 -20.489075
v -2.886254 8.677557 -20.507363
v -2.857764 8.677557 -20.535855
v -2.839469 8.677559 -20.571766
v -2.833161 8.677557 -20.611569
v -2.839467 8.677557 -20.651368
v -2.857760 8.677557 -20.687271
v -2.886252 8.677557 -20.715763
v -2.922159 8.677557 -20.734059
v -2.961962 8.677557 -20.740364
v -3.001759 8.677557 -20.734059
v -3.037661 8.677557 -20.715763
v -3.066160 8.677557 -20.687268
v -3.084453 8.677557 -20.651368
v -3.090755 8.677557 -20.611565
v -3.062602 8.677557 -20.578858
v -3.047570 8.677557 -20.549359
v -3.024167 8.677557 -20.525956
v -2.994665 8.677558 -20.510926
v -2.961961 8.677557 -20.505741
v -2.929256 8.677557 -20.510922
v -2.899759 8.677557 -20.525952
v -2.876349 8.677558 -20.549359
v -2.861318 8.677559 -20.578865
v -2.856135 8.677557 -20.611569
v -2.861316 8.677557 -20.644268
v -2.876346 8.677557 -20.673767
v -2.899757 8.677557 -20.697178
v -2.929257 8.677557 -20.712208
v -2.961962 8.677557 -20.717389
v -2.994659 8.677557 -20.712212
v -3.024158 8.677557 -20.697178
v -3.047573 8.677558 -20.673764
v -3.062604 8.677557 -20.644268
v -3.067780 8.677557 -20.611569
v -3.062602 8.701251 -20.578854
v -3.047570 8.701251 -20.549359
v -3.024167 8.701251 -20.525956
v -2.994665 8.701252 -20.510926
v -2.961960 8.701252 -20.505741
v -2.929255 8.701252 -20.510922
v -2.899759 8.701251 -20.525952
v -2.876351 8.701252 -20.549359
v -2.861318 8.701253 -20.578865
v -2.856135 8.701251 -20.611569
v -2.861316 8.701252 -20.644268
v -2.876346 8.701252 -20.673767
v -2.899757 8.701252 -20.697178
v -2.929257 8.701251 -20.712208
v -2.961962 8.701251 -20.717389
v -2.994659 8.701251 -20.712212
v -3.024158 8.701252 -20.697178
v -3.047573 8.701252 -20.673764
v -3.062604 8.701251 -20.644268
v -3.067780 8.701252 -20.611569
v -3.084451 8.701251 -20.571755
v -3.066157 8.701251 -20.535855
v -3.037669 8.701251 -20.507367
v -3.001765 8.701252 -20.489075
v -2.961961 8.701251 -20.482769
v -2.922155 8.701251 -20.489075
v -2.886254 8.701251 -20.507363
v -2.857764 8.701252 -20.535855
v -2.839469 8.701253 -20.571766
v -2.833161 8.701251 -20.611569
v -2.839467 8.701252 -20.651368
v -2.857760 8.701252 -20.687271
v -2.886252 8.701252 -20.715763
v -2.922159 8.701251 -20.734059
v -2.961962 8.701251 -20.740364
v -3.001759 8.701251 -20.734059
v -3.037661 8.701252 -20.715763
v -3.066160 8.701252 -20.687268
v -3.084453 8.701251 -20.651368
v -3.090755 8.701252 -20.611565
v -3.084451 8.745694 -20.571755
v -3.066157 8.745693 -20.535855
v -2.961961 8.745694 -20.611565
v -3.037672 8.745694 -20.507367
v -3.001765 8.745694 -20.489075
v -2.961961 8.745694 -20.482766
v -2.922155 8.745694 -20.489075
v -2.886254 8.745693 -20.507363
v -2.857764 8.745694 -20.535855
v -2.839469 8.745695 -20.571766
v -2.833161 8.745694 -20.611569
v -2.839467 8.745694 -20.651368
v -2.857760 8.745694 -20.687271
v -2.886252 8.745694 -20.715763
v -2.922159 8.745694 -20.734059
v -2.961962 8.745694 -20.740364
v -3.001759 8.745693 -20.734063
v -3.037661 8.745694 -20.715763
v -3.066161 8.745694 -20.687268
v -3.084453 8.745693 -20.651368
v -3.090755 8.745694 -20.611565
v -3.084449 8.372637 -20.571762
v -3.079332 8.385471 -20.573426
v -3.066974 8.390788 -20.577439
v -3.066155 8.372636 -20.535859
v -3.061799 8.385471 -20.539021
v -3.051289 8.390788 -20.546658
v -3.037665 8.372637 -20.507367
v -3.034503 8.385471 -20.511723
v -3.026865 8.390788 -20.522236
v -3.001763 8.372638 -20.489075
v -3.000100 8.385472 -20.494194
v -2.996085 8.390788 -20.506550
v -2.961962 8.372637 -20.482769
v -2.961962 8.385472 -20.488152
v -2.961962 8.390788 -20.501145
v -2.922157 8.372637 -20.489075
v -2.923821 8.385472 -20.494194
v -2.927835 8.390788 -20.506550
v -2.886254 8.372637 -20.507367
v -2.889418 8.385471 -20.511723
v -2.897057 8.390788 -20.522236
v -2.857760 8.372637 -20.535862
v -2.862115 8.385472 -20.539025
v -2.872629 8.390788 -20.546662
v -2.839469 8.372638 -20.571762
v -2.844586 8.385473 -20.573426
v -2.856946 8.390789 -20.577443
v -2.833163 8.372637 -20.611565
v -2.838547 8.385471 -20.611565
v -2.851541 8.390788 -20.611565
v -2.839469 8.372637 -20.651368
v -2.844586 8.385472 -20.649704
v -2.856946 8.390788 -20.645691
v -2.857760 8.372637 -20.687271
v -2.862115 8.385472 -20.684109
v -2.872629 8.390788 -20.676468
v -2.886252 8.372637 -20.715763
v -2.889417 8.385472 -20.711407
v -2.897056 8.390788 -20.700894
v -2.922159 8.372637 -20.734055
v -2.923822 8.385472 -20.728939
v -2.927836 8.390788 -20.716580
v -2.961962 8.372637 -20.740361
v -2.961962 8.385471 -20.734978
v -2.961962 8.390788 -20.721985
v -3.001760 8.372637 -20.734059
v -3.000096 8.385471 -20.728939
v -2.996078 8.390788 -20.716580
v -3.037663 8.372637 -20.715763
v -3.034500 8.385472 -20.711407
v -3.026862 8.390788 -20.700898
v -3.066157 8.372638 -20.687268
v -3.061803 8.385472 -20.684105
v -3.051291 8.390788 -20.676464
v -3.084451 8.372637 -20.651368
v -3.079332 8.385471 -20.649704
v -3.066974 8.390788 -20.645687
v -3.090755 8.372637 -20.611565
v -3.085371 8.385472 -20.611565
v -3.072377 8.390788 -20.611565
v -3.066983 8.312166 -20.577439
v -3.079335 8.317479 -20.573426
v -3.084449 8.330305 -20.571762
v -3.051295 8.312166 -20.546650
v -3.061803 8.317478 -20.539017
v -3.066154 8.330305 -20.535859
v -3.026868 8.312166 -20.522225
v -3.034503 8.317479 -20.511719
v -3.037663 8.330305 -20.507367
v -2.996089 8.312166 -20.506543
v -3.000101 8.317479 -20.494191
v -3.001763 8.330306 -20.489075
v -2.961962 8.312166 -20.501133
v -2.961962 8.317479 -20.488148
v -2.961962 8.330305 -20.482769
v -2.927833 8.312166 -20.506543
v -2.923820 8.317479 -20.494191
v -2.922158 8.330306 -20.489075
v -2.897051 8.312166 -20.522225
v -2.889417 8.317479 -20.511719
v -2.886254 8.330305 -20.507367
v -2.872619 8.312166 -20.546658
v -2.862113 8.317479 -20.539025
v -2.857760 8.330306 -20.535862
v -2.856935 8.312167 -20.577439
v -2.844585 8.317479 -20.573426
v -2.839469 8.330306 -20.571762
v -2.851530 8.312166 -20.611565
v -2.838542 8.317479 -20.611565
v -2.833163 8.330305 -20.611565
v -2.856935 8.312166 -20.645695
v -2.844585 8.317479 -20.649708
v -2.839469 8.330306 -20.651368
v -2.872621 8.312166 -20.676476
v -2.862113 8.317479 -20.684109
v -2.857762 8.330305 -20.687271
v -2.897048 8.312166 -20.700905
v -2.889416 8.317479 -20.711411
v -2.886252 8.330306 -20.715763
v -2.927831 8.312166 -20.716591
v -2.923820 8.317479 -20.728939
v -2.922158 8.330305 -20.734055
v -2.961962 8.312166 -20.721997
v -2.961962 8.317479 -20.734982
v -2.961962 8.330305 -20.740361
v -2.996083 8.312166 -20.716591
v -3.000098 8.317479 -20.728939
v -3.001760 8.330305 -20.734055
v -3.026867 8.312166 -20.700905
v -3.034502 8.317479 -20.711411
v -3.037663 8.330306 -20.715763
v -3.051299 8.312166 -20.676472
v -3.061805 8.317479 -20.684105
v -3.066157 8.330306 -20.687268
v -3.066983 8.312166 -20.645691
v -3.079335 8.317479 -20.649704
v -3.084451 8.330305 -20.651368
v -3.072390 8.312166 -20.611565
v -3.085374 8.317479 -20.611565
v -3.090755 8.330306 -20.611565
v -3.081630 7.456598 -20.572682
v -3.063375 7.456598 -20.578614
v -3.063758 7.456598 -20.537602
v -3.048228 7.456598 -20.548886
v -3.035920 7.456598 -20.509766
v -3.024637 7.456598 -20.525296
v -3.000844 7.456598 -20.491894
v -2.994911 7.456598 -20.510151
v -2.961960 7.456598 -20.485733
v -2.961960 7.456598 -20.504933
v -2.923074 7.456598 -20.491894
v -2.929007 7.456598 -20.510151
v -2.887998 7.456598 -20.509766
v -2.899281 7.456598 -20.525296
v -2.860162 7.456598 -20.537602
v -2.875690 7.456598 -20.548886
v -2.842286 7.456598 -20.572682
v -2.860543 7.456598 -20.578614
v -2.836129 7.456598 -20.611565
v -2.855325 7.456598 -20.611565
v -2.842286 7.456598 -20.650448
v -2.860543 7.456598 -20.644516
v -2.860162 7.456598 -20.685528
v -2.875690 7.456598 -20.674244
v -2.887998 7.456598 -20.713364
v -2.899281 7.456598 -20.697834
v -2.923074 7.456598 -20.731236
v -2.929007 7.456598 -20.712979
v -2.961960 7.456598 -20.737397
v -2.961960 7.456598 -20.718201
v -3.000844 7.456598 -20.731236
v -2.994911 7.456598 -20.712979
v -3.035920 7.456598 -20.713364
v -3.024637 7.456598 -20.697834
v -3.063758 7.456598 -20.685528
v -3.048228 7.456598 -20.674244
v -3.081630 7.456598 -20.650448
v -3.063375 7.456598 -20.644516
v -3.087790 7.456598 -20.611565
v -3.068593 7.456598 -20.611565
v -3.159760 7.422417 -20.467858
v -3.194480 7.422417 -20.536015
v -3.206449 7.422417 -20.611565
v -3.194480 7.422417 -20.687115
v -3.159760 7.422417 -20.755272
v -3.105674 7.422417 -20.809361
v -3.037511 7.422417 -20.844090
v -2.961960 7.422417 -20.856053
v -2.886407 7.422417 -20.844090
v -2.818263 7.422417 -20.809361
v -2.764163 7.422417 -20.755272
v -2.729439 7.422417 -20.687115
v -2.717471 7.422417 -20.611565
v -2.729439 7.422417 -20.536015
v -2.764163 7.422417 -20.467858
v -2.818263 7.422417 -20.413769
v -2.886407 7.422417 -20.379044
v -2.961960 7.422417 -20.367077
v -3.037511 7.422417 -20.379044
v -3.105674 7.422417 -20.413769
v -2.826941 8.207460 -20.655434
v -2.847106 8.207460 -20.695008
v -2.878514 8.207460 -20.726414
v -2.918093 8.207460 -20.746582
v -2.961962 8.207460 -20.753529
v -3.005830 8.207460 -20.746582
v -3.045403 8.207460 -20.726418
v -3.076812 8.207460 -20.695008
v -3.096975 8.207460 -20.655434
v -3.103925 8.207460 -20.611565
v -3.096975 8.207460 -20.567696
v -3.076812 8.207460 -20.528122
v -3.045402 8.207460 -20.496712
v -3.005828 8.207460 -20.476548
v -2.961960 8.207460 -20.469601
v -2.918090 8.207460 -20.476548
v -2.878514 8.207460 -20.496712
v -2.847106 8.207460 -20.528122
v -2.826941 8.207460 -20.567696
v -2.819995 8.207460 -20.611565
v -2.858712 8.270624 -20.645111
v -2.890948 8.300331 -20.634636
v -2.874131 8.270625 -20.675373
v -2.901553 8.300331 -20.655449
v -2.898149 8.270624 -20.699391
v -2.918071 8.300331 -20.671967
v -2.928416 8.270624 -20.714814
v -2.938889 8.300331 -20.682576
v -2.961962 8.270624 -20.720127
v -2.961962 8.300331 -20.686230
v -2.995507 8.270624 -20.714814
v -2.985031 8.300331 -20.682576
v -3.025771 8.270624 -20.699391
v -3.005847 8.300331 -20.671971
v -3.049788 8.270624 -20.675377
v -3.022365 8.300331 -20.655453
v -3.065207 8.270624 -20.645111
v -3.032969 8.300331 -20.634636
v -3.070519 8.270624 -20.611565
v -3.036624 8.300331 -20.611565
v -3.065207 8.270624 -20.578019
v -3.032969 8.300331 -20.588494
v -3.049788 8.270624 -20.547757
v -3.022365 8.300331 -20.567681
v -3.025767 8.270624 -20.523735
v -3.005843 8.300331 -20.551159
v -2.995507 8.270624 -20.508316
v -2.985031 8.300331 -20.540554
v -2.961961 8.270624 -20.503003
v -2.961961 8.300331 -20.536900
v -2.928412 8.270624 -20.508316
v -2.938886 8.300331 -20.540554
v -2.898149 8.270624 -20.523735
v -2.918071 8.300331 -20.551159
v -2.874131 8.270625 -20.547757
v -2.901553 8.300331 -20.567677
v -2.858712 8.270624 -20.578019
v -2.890948 8.300331 -20.588494
v -2.853398 8.270625 -20.611565
v -2.887296 8.300331 -20.611565
v -3.486018 8.497525 -20.425938
v -3.407731 8.497525 -20.272293
v -3.285799 8.497525 -20.150357
v -3.132154 8.497525 -20.072071
v -2.961834 8.497525 -20.045094
v -2.791516 8.497525 -20.072071
v -2.637870 8.497525 -20.150357
v -2.515937 8.497525 -20.272293
v -2.437650 8.497525 -20.425938
v -2.410675 8.497525 -20.596257
v -2.437650 8.497525 -20.766575
v -2.515937 8.497525 -20.920220
v -2.637870 8.497525 -21.042153
v -2.791516 8.497525 -21.120442
v -2.961834 8.497525 -21.147416
v -3.132154 8.497525 -21.120442
v -3.285798 8.497525 -21.042153
v -3.407731 8.497525 -20.920220
v -3.486018 8.497525 -20.766575
v -3.512994 8.497525 -20.596257
v -3.257031 9.359671 -20.500340
v -3.212944 9.359671 -20.413815
v -3.144277 9.359671 -20.345147
v -3.057751 9.359671 -20.301056
v -2.961834 9.359671 -20.285866
v -2.865919 9.359671 -20.301056
v -2.779391 9.359671 -20.345147
v -2.710725 9.359671 -20.413815
v -2.666636 9.359671 -20.500340
v -2.651444 9.359671 -20.596257
v -2.666636 9.359671 -20.692173
v -2.710725 9.359671 -20.778698
v -2.779391 9.359671 -20.847367
v -2.865920 9.359671 -20.891453
v -2.961834 9.359671 -20.906647
v -3.057751 9.359671 -20.891453
v -3.144277 9.359671 -20.847367
v -3.212944 9.359671 -20.778698
v -3.257031 9.359671 -20.692173
v -3.272223 9.359671 -20.596257
v -3.509185 8.497525 -20.418412
v -3.427439 8.497525 -20.257973
v -3.232652 9.359671 -20.399495
v -3.280198 9.359671 -20.492813
v -3.300117 8.497525 -20.130650
v -3.158593 9.359671 -20.325440
v -3.139680 8.497525 -20.048905
v -3.065277 9.359671 -20.277893
v -2.961834 8.497525 -20.020737
v -2.961834 9.359671 -20.261509
v -2.783990 8.497525 -20.048905
v -2.858392 9.359671 -20.277893
v -2.623552 8.497525 -20.130650
v -2.765075 9.359671 -20.325440
v -2.496229 8.497525 -20.257973
v -2.691017 9.359671 -20.399495
v -2.414484 8.497525 -20.418412
v -2.643470 9.359671 -20.492813
v -2.386316 8.497525 -20.596257
v -2.627086 9.359671 -20.596257
v -2.414484 8.497525 -20.774102
v -2.643470 9.359671 -20.699700
v -2.496229 8.497525 -20.934536
v -2.691017 9.359671 -20.793015
v -2.623552 8.497525 -21.061860
v -2.765075 9.359671 -20.867073
v -2.783990 8.497525 -21.143605
v -2.858392 9.359671 -20.914620
v -2.961834 8.497525 -21.171776
v -2.961834 9.359671 -20.931004
v -3.139680 8.497525 -21.143605
v -3.065277 9.359671 -20.914620
v -3.300117 8.497525 -21.061860
v -3.158593 9.359671 -20.867073
v -3.427439 8.497525 -20.934536
v -3.232652 9.359671 -20.793015
v -3.509185 8.497525 -20.774102
v -3.280198 9.359671 -20.699700
v -3.537354 8.497525 -20.596257
v -3.296582 9.359671 -20.596257
v -3.077684 8.728154 -20.587487
v -3.077685 8.732970 -20.589939
v -3.077684 8.736792 -20.593762
v -3.077686 8.739246 -20.598576
v -3.077685 8.740091 -20.603913
v -3.077685 8.739246 -20.609253
v -3.077685 8.736792 -20.614067
v -3.077685 8.732970 -20.617890
v -3.077685 8.728154 -20.620343
v -3.077685 8.722816 -20.621189
v -3.077685 8.717478 -20.620343
v -3.077685 8.712662 -20.617890
v -3.077685 8.708841 -20.614067
v -3.077685 8.706387 -20.609253
v -3.077685 8.705542 -20.603913
v -3.077686 8.706387 -20.598576
v -3.077684 8.708841 -20.593762
v -3.077685 8.712662 -20.589939
v -3.077685 8.717478 -20.587487
v -3.077685 8.722816 -20.586640
v -3.459123 8.728155 -20.587487
v -3.459122 8.732970 -20.589939
v -3.459123 8.736792 -20.593762
v -3.459122 8.739246 -20.598576
v -3.459121 8.740091 -20.603913
v -3.459121 8.739246 -20.609253
v -3.459121 8.736792 -20.614067
v -3.459121 8.732970 -20.617890
v -3.459121 8.728155 -20.620343
v -3.459121 8.722816 -20.621189
v -3.459121 8.717478 -20.620343
v -3.459121 8.712663 -20.617890
v -3.459121 8.708841 -20.614067
v -3.459121 8.706387 -20.609253
v -3.459121 8.705542 -20.603913
v -3.459122 8.706387 -20.598576
v -3.459123 8.708841 -20.593762
v -3.459123 8.712663 -20.589939
v -3.459123 8.717478 -20.587487
v -3.459123 8.722816 -20.586640
v -3.077685 8.722816 -20.603913
v -3.459121 8.722816 -20.603913
v -2.459663 8.728154 -20.587487
v -2.459663 8.732970 -20.589939
v -2.459663 8.736792 -20.593762
v -2.459663 8.739246 -20.598576
v -2.459663 8.740091 -20.603913
v -2.459663 8.739246 -20.609253
v -2.459662 8.736792 -20.614067
v -2.459662 8.732970 -20.617890
v -2.459662 8.728154 -20.620343
v -2.459663 8.722816 -20.621189
v -2.459662 8.717478 -20.620343
v -2.459662 8.712663 -20.617890
v -2.459662 8.708841 -20.614067
v -2.459663 8.706387 -20.609253
v -2.459663 8.705542 -20.603913
v -2.459663 8.706387 -20.598576
v -2.459663 8.708841 -20.593762
v -2.459663 8.712663 -20.589939
v -2.459663 8.717478 -20.587487
v -2.459663 8.722816 -20.586640
v -2.841100 8.728155 -20.587487
v -2.841100 8.732970 -20.589939
v -2.841100 8.736792 -20.593762
v -2.841100 8.739246 -20.598576
v -2.841100 8.740091 -20.603913
v -2.841100 8.739246 -20.609253
v -2.841101 8.736792 -20.614067
v -2.841101 8.732970 -20.617890
v -2.841100 8.728155 -20.620343
v -2.841101 8.722816 -20.621189
v -2.841100 8.717478 -20.620343
v -2.841101 8.712662 -20.617890
v -2.841101 8.708841 -20.614067
v -2.841100 8.706387 -20.609253
v -2.841100 8.705542 -20.603913
v -2.841100 8.706387 -20.598576
v -2.841100 8.708841 -20.593762
v -2.841100 8.712662 -20.589939
v -2.841100 8.717478 -20.587487
v -2.841100 8.722816 -20.586640
v -2.459663 8.722816 -20.603913
v -2.841100 8.722816 -20.603913
v -2.977330 8.732171 -20.104855
v -2.974875 8.736987 -20.104855
v -2.971054 8.740809 -20.104855
v -2.966238 8.743262 -20.104855
v -2.960900 8.744108 -20.104855
v -2.955564 8.743262 -20.104855
v -2.950747 8.740809 -20.104855
v -2.946925 8.736987 -20.104855
v -2.944472 8.732171 -20.104855
v -2.943625 8.726833 -20.104855
v -2.944472 8.721495 -20.104855
v -2.946925 8.716679 -20.104855
v -2.950747 8.712857 -20.104855
v -2.955564 8.710404 -20.104855
v -2.960900 8.709558 -20.104855
v -2.966239 8.710404 -20.104855
v -2.971054 8.712857 -20.104855
v -2.974874 8.716679 -20.104855
v -2.977330 8.721495 -20.104855
v -2.978173 8.726833 -20.104855
v -2.977330 8.732171 -20.484600
v -2.974875 8.736987 -20.484600
v -2.971055 8.740809 -20.484600
v -2.966239 8.743262 -20.484600
v -2.960901 8.744108 -20.484600
v -2.955564 8.743262 -20.484600
v -2.950748 8.740809 -20.484600
v -2.946925 8.736987 -20.484600
v -2.944472 8.732171 -20.484600
v -2.943627 8.726833 -20.484600
v -2.944472 8.721495 -20.484600
v -2.946925 8.716679 -20.484600
v -2.950748 8.712857 -20.484600
v -2.955564 8.710404 -20.484600
v -2.960901 8.709558 -20.484600
v -2.966239 8.710404 -20.484600
v -2.971055 8.712857 -20.484600
v -2.974875 8.716679 -20.484600
v -2.977331 8.721495 -20.484600
v -2.978175 8.726833 -20.484600
v -2.960900 8.726833 -20.104855
v -2.960901 8.726833 -20.484600
v -2.977330 8.732171 -20.715767
v -2.974875 8.736987 -20.715767
v -2.971055 8.740809 -20.715767
v -2.966239 8.743262 -20.715767
v -2.960900 8.744108 -20.715767
v -2.955564 8.743262 -20.715767
v -2.950747 8.740809 -20.715767
v -2.946925 8.736987 -20.715767
v -2.944472 8.732171 -20.715767
v -2.943627 8.726833 -20.715767
v -2.944472 8.721495 -20.715767
v -2.946925 8.716679 -20.715767
v -2.950747 8.712857 -20.715767
v -2.955564 8.710403 -20.715767
v -2.960900 8.709558 -20.715767
v -2.966239 8.710404 -20.715767
v -2.971055 8.712857 -20.715767
v -2.974875 8.716679 -20.715767
v -2.977330 8.721495 -20.715767
v -2.978175 8.726833 -20.715767
v -2.977332 8.732171 -21.095513
v -2.974875 8.736987 -21.095513
v -2.971055 8.740809 -21.095513
v -2.966240 8.743262 -21.095513
v -2.960902 8.744108 -21.095513
v -2.955565 8.743262 -21.095513
v -2.950749 8.740809 -21.095513
v -2.946925 8.736987 -21.095513
v -2.944473 8.732171 -21.095513
v -2.943628 8.726833 -21.095513
v -2.944473 8.721495 -21.095513
v -2.946925 8.716679 -21.095513
v -2.950749 8.712857 -21.095513
v -2.955565 8.710404 -21.095513
v -2.960902 8.709558 -21.095513
v -2.966240 8.710404 -21.095513
v -2.971055 8.712857 -21.095513
v -2.974875 8.716679 -21.095513
v -2.977332 8.721495 -21.095513
v -2.978176 8.726833 -21.095513
v -2.960900 8.726833 -20.715767
v -2.960902 8.726833 -21.095513
vt 0.880717 0.520089
vt 0.892947 0.520082
vt 0.892947 0.542662
vt 0.880717 0.542666
vt 0.880717 0.502171
vt 0.892947 0.502163
vt 0.892947 0.567693
vt 0.880717 0.567693
vt 0.902182 0.547281
vt 0.902182 0.567693
vt 0.892947 0.592724
vt 0.880717 0.592720
vt 0.902182 0.588105
vt 0.892947 0.615305
vt 0.880717 0.615299
vt 0.892947 0.633224
vt 0.880717 0.633216
vt 0.908699 0.592721
vt 0.920928 0.592725
vt 0.920928 0.615305
vt 0.908699 0.615299
vt 0.908699 0.567694
vt 0.920928 0.567694
vt 0.920928 0.633224
vt 0.908699 0.633216
vt 0.908699 0.542667
vt 0.920928 0.542663
vt 0.930163 0.567694
vt 0.930163 0.588106
vt 0.908699 0.520089
vt 0.920928 0.520082
vt 0.930163 0.547282
vt 0.908699 0.502171
vt 0.920928 0.502163
vt 0.786439 0.688547
vt 0.797154 0.688547
vt 0.798181 0.720463
vt 0.786979 0.720463
vt 0.783843 0.681940
vt 0.792217 0.681940
vt 0.805659 0.688547
vt 0.807072 0.720463
vt 0.800380 0.725433
vt 0.788136 0.725433
vt 0.774561 0.688547
vt 0.774561 0.720463
vt 0.783463 0.667967
vt 0.791495 0.667967
vt 0.774561 0.681940
vt 0.810098 0.725433
vt 0.797462 0.734752
vt 0.786601 0.734752
vt 0.774561 0.725433
vt 0.762683 0.688547
vt 0.762143 0.720463
vt 0.797869 0.667967
vt 0.798863 0.681940
vt 0.774561 0.667967
vt 0.765278 0.681940
vt 0.806081 0.734752
vt 0.803566 0.750610
vt 0.789810 0.750610
vt 0.774561 0.734752
vt 0.760987 0.725433
vt 0.751967 0.688547
vt 0.750941 0.720463
vt 0.765658 0.667967
vt 0.756904 0.681940
vt 0.814483 0.750610
vt 0.803566 0.757303
vt 0.789810 0.757303
vt 0.774561 0.750610
vt 0.762521 0.734752
vt 0.748741 0.725433
vt 0.743463 0.688547
vt 0.742051 0.720463
vt 0.757627 0.667967
vt 0.814483 0.757303
vt 0.797462 0.773161
vt 0.786601 0.773161
vt 0.774561 0.757303
vt 0.759311 0.750610
vt 0.751660 0.734752
vt 0.739023 0.725433
vt 0.751253 0.667967
vt 0.750258 0.681940
vt 0.806081 0.773161
vt 0.797462 0.781028
vt 0.786601 0.781028
vt 0.774561 0.773161
vt 0.759311 0.757303
vt 0.745555 0.750610
vt 0.743041 0.734752
vt 0.806081 0.781028
vt 0.774561 0.781028
vt 0.762521 0.773161
vt 0.745555 0.757303
vt 0.734639 0.750610
vt 0.762521 0.781028
vt 0.751660 0.773161
vt 0.734639 0.757303
vt 0.751660 0.781028
vt 0.743041 0.773161
vt 0.743041 0.781028
vt 0.666251 0.688564
vt 0.676967 0.688564
vt 0.676426 0.720479
vt 0.665224 0.720479
vt 0.671188 0.681957
vt 0.679563 0.681957
vt 0.688844 0.688564
vt 0.688844 0.720479
vt 0.675269 0.725450
vt 0.663025 0.725450
vt 0.657746 0.688564
vt 0.656334 0.720479
vt 0.671910 0.667984
vt 0.679942 0.667984
vt 0.688844 0.681957
vt 0.700723 0.688564
vt 0.701262 0.720479
vt 0.688844 0.725450
vt 0.676804 0.734768
vt 0.665943 0.734768
vt 0.653307 0.725450
vt 0.688844 0.667984
vt 0.665536 0.667984
vt 0.664542 0.681957
vt 0.698128 0.681957
vt 0.711439 0.688564
vt 0.712464 0.720479
vt 0.702419 0.725450
vt 0.688844 0.734768
vt 0.673595 0.750627
vt 0.659839 0.750627
vt 0.657324 0.734768
vt 0.697747 0.667984
vt 0.706501 0.681957
vt 0.719942 0.688564
vt 0.721355 0.720479
vt 0.714664 0.725450
vt 0.700884 0.734768
vt 0.688844 0.750627
vt 0.673595 0.757320
vt 0.659839 0.757320
vt 0.648922 0.750627
vt 0.705778 0.667984
vt 0.724382 0.725450
vt 0.711745 0.734768
vt 0.704094 0.750627
vt 0.688844 0.757320
vt 0.676804 0.773178
vt 0.665943 0.773178
vt 0.648922 0.757320
vt 0.712152 0.667984
vt 0.713147 0.681957
vt 0.720364 0.734768
vt 0.717850 0.750627
vt 0.704094 0.757320
vt 0.688844 0.773178
vt 0.676804 0.781045
vt 0.665943 0.781045
vt 0.657324 0.773178
vt 0.728766 0.750627
vt 0.717850 0.757320
vt 0.700884 0.773178
vt 0.688844 0.781045
vt 0.657324 0.781045
vt 0.728766 0.757320
vt 0.711745 0.773178
vt 0.700884 0.781045
vt 0.720364 0.773178
vt 0.711745 0.781045
vt 0.720364 0.781045
vt 0.933934 0.675865
vt 0.928744 0.675865
vt 0.933454 0.643025
vt 0.942891 0.643025
vt 0.933934 0.681642
vt 0.928744 0.681642
vt 0.922992 0.675865
vt 0.922992 0.643025
vt 0.933541 0.637045
vt 0.943059 0.637045
vt 0.938053 0.675865
vt 0.950382 0.643025
vt 0.938053 0.681642
vt 0.939128 0.688356
vt 0.931476 0.688356
vt 0.922992 0.681642
vt 0.917239 0.675865
vt 0.912530 0.643025
vt 0.922992 0.637045
vt 0.950611 0.637045
vt 0.942777 0.694757
vt 0.933395 0.694757
vt 0.922992 0.688356
vt 0.917240 0.681642
vt 0.912050 0.675865
vt 0.903093 0.643025
vt 0.912443 0.637045
vt 0.945204 0.688356
vt 0.950224 0.694758
vt 0.946426 0.710121
vt 0.935312 0.710121
vt 0.922992 0.694757
vt 0.914508 0.688356
vt 0.912050 0.681642
vt 0.907931 0.675865
vt 0.895602 0.643025
vt 0.902925 0.637045
vt 0.955246 0.710122
vt 0.945536 0.726834
vt 0.934844 0.726834
vt 0.922992 0.710121
vt 0.912590 0.694757
vt 0.906855 0.688356
vt 0.907931 0.681642
vt 0.895374 0.637045
vt 0.954022 0.726834
vt 0.942671 0.738688
vt 0.933338 0.738688
vt 0.922992 0.726834
vt 0.910672 0.710121
vt 0.903207 0.694757
vt 0.950078 0.738688
vt 0.940232 0.743899
vt 0.932055 0.743899
vt 0.922992 0.738688
vt 0.911139 0.726834
vt 0.899558 0.710121
vt 0.900781 0.688356
vt 0.895760 0.694757
vt 0.946720 0.743899
vt 0.929225 0.751925
vt 0.934849 0.751925
vt 0.922992 0.743899
vt 0.912646 0.738688
vt 0.900448 0.726834
vt 0.890738 0.710121
vt 0.922992 0.751925
vt 0.913929 0.743899
vt 0.903313 0.738688
vt 0.891961 0.726834
vt 0.927583 0.755123
vt 0.922992 0.755123
vt 0.916759 0.751925
vt 0.905753 0.743899
vt 0.895906 0.738688
vt 0.918401 0.755123
vt 0.911134 0.751925
vt 0.899263 0.743899
vt 0.846857 0.706787
vt 0.841668 0.706787
vt 0.832710 0.673947
vt 0.842148 0.673947
vt 0.846857 0.712565
vt 0.841668 0.712565
vt 0.837550 0.706787
vt 0.825220 0.673947
vt 0.832544 0.667967
vt 0.842061 0.667967
vt 0.852611 0.706787
vt 0.852611 0.673947
vt 0.852611 0.712565
vt 0.844126 0.719278
vt 0.836473 0.719278
vt 0.837550 0.712565
vt 0.824992 0.667967
vt 0.852611 0.667967
vt 0.858364 0.706787
vt 0.863073 0.673947
vt 0.858364 0.712565
vt 0.852611 0.719278
vt 0.842208 0.725680
vt 0.832824 0.725680
vt 0.863160 0.667967
vt 0.863553 0.706787
vt 0.872511 0.673947
vt 0.863553 0.712565
vt 0.861095 0.719278
vt 0.852611 0.725680
vt 0.840290 0.741044
vt 0.829176 0.741044
vt 0.830399 0.719278
vt 0.825378 0.725680
vt 0.872677 0.667967
vt 0.867671 0.706787
vt 0.880001 0.673947
vt 0.867671 0.712565
vt 0.868747 0.719278
vt 0.863012 0.725680
vt 0.852611 0.741044
vt 0.840758 0.757756
vt 0.830066 0.757756
vt 0.820356 0.741044
vt 0.880228 0.667967
vt 0.872396 0.725680
vt 0.864931 0.741044
vt 0.852611 0.757756
vt 0.842265 0.769610
vt 0.832932 0.769610
vt 0.821580 0.757756
vt 0.874821 0.719278
vt 0.879843 0.725680
vt 0.876044 0.741044
vt 0.864463 0.757756
vt 0.852611 0.769610
vt 0.843547 0.774821
vt 0.835370 0.774821
vt 0.825525 0.769610
vt 0.884865 0.741044
vt 0.875155 0.757756
vt 0.862956 0.769610
vt 0.852611 0.774821
vt 0.840753 0.782847
vt 0.846377 0.782847
vt 0.828883 0.774821
vt 0.883641 0.757756
vt 0.872290 0.769611
vt 0.861674 0.774821
vt 0.852611 0.782847
vt 0.879696 0.769611
vt 0.869849 0.774821
vt 0.858844 0.782847
vt 0.852611 0.786045
vt 0.848019 0.786045
vt 0.876339 0.774821
vt 0.864467 0.782847
vt 0.857202 0.786045
vt 0.187054 0.790294
vt 0.190704 0.861370
vt 0.182734 0.861370
vt 0.180815 0.790294
vt 0.192005 0.790294
vt 0.197027 0.861370
vt 0.173898 0.861370
vt 0.173898 0.790294
vt 0.165062 0.861370
vt 0.166981 0.790294
vt 0.157093 0.861370
vt 0.160742 0.790294
vt 0.150767 0.861370
vt 0.155789 0.790294
vt 0.075364 0.790294
vt 0.073446 0.861370
vt 0.065474 0.861370
vt 0.069124 0.790294
vt 0.082281 0.790294
vt 0.082282 0.861370
vt 0.059151 0.861370
vt 0.064173 0.790294
vt 0.089199 0.790294
vt 0.091117 0.861370
vt 0.095438 0.790294
vt 0.099086 0.861370
vt 0.100390 0.790294
vt 0.105411 0.861370
vt 0.541207 0.862517
vt 0.541207 0.852816
vt 0.547608 0.852816
vt 0.547608 0.862517
vt 0.541207 0.845119
vt 0.547608 0.845119
vt 0.541207 0.873271
vt 0.547608 0.873271
vt 0.541207 0.884025
vt 0.547608 0.884025
vt 0.541207 0.893725
vt 0.547608 0.893725
vt 0.541207 0.901423
vt 0.547608 0.901423
vt 0.509494 0.893269
vt 0.509495 0.883567
vt 0.515896 0.883567
vt 0.515896 0.893270
vt 0.509494 0.872814
vt 0.515896 0.872814
vt 0.509494 0.900968
vt 0.515896 0.900968
vt 0.509494 0.862061
vt 0.515896 0.862061
vt 0.509494 0.852360
vt 0.515896 0.852360
vt 0.509494 0.844663
vt 0.515896 0.844663
vt 0.806099 0.799141
vt 0.806099 0.791171
vt 0.812501 0.791171
vt 0.812501 0.799140
vt 0.806099 0.784849
vt 0.812501 0.784849
vt 0.806099 0.807979
vt 0.812501 0.807979
vt 0.806099 0.816814
vt 0.812501 0.816814
vt 0.806099 0.824782
vt 0.812501 0.824782
vt 0.806099 0.831108
vt 0.812501 0.831108
vt 0.793041 0.824786
vt 0.793042 0.816814
vt 0.799443 0.816814
vt 0.799443 0.824786
vt 0.793041 0.807978
vt 0.799443 0.807978
vt 0.793041 0.831109
vt 0.799443 0.831109
vt 0.793041 0.799143
vt 0.799443 0.799143
vt 0.793041 0.791173
vt 0.799443 0.791173
vt 0.793041 0.784849
vt 0.799443 0.784849
vt 0.554265 0.862516
vt 0.554265 0.852816
vt 0.566271 0.852816
vt 0.566272 0.862516
vt 0.554265 0.845119
vt 0.566272 0.845119
vt 0.554265 0.873271
vt 0.566272 0.873271
vt 0.554265 0.884025
vt 0.566271 0.884025
vt 0.554265 0.893725
vt 0.566272 0.893725
vt 0.554265 0.901423
vt 0.566272 0.901423
vt 0.522552 0.893270
vt 0.522552 0.883567
vt 0.534560 0.883567
vt 0.534560 0.893270
vt 0.522552 0.872814
vt 0.534560 0.872814
vt 0.522552 0.900968
vt 0.534559 0.900968
vt 0.522552 0.862061
vt 0.534560 0.862061
vt 0.522552 0.852360
vt 0.534560 0.852360
vt 0.522552 0.844663
vt 0.534560 0.844663
vt 0.587822 0.792258
vt 0.591289 0.792707
vt 0.591289 0.803011
vt 0.587822 0.803011
vt 0.587822 0.782556
vt 0.591289 0.783412
vt 0.591289 0.813315
vt 0.587822 0.813765
vt 0.576385 0.803011
vt 0.576385 0.792258
vt 0.576384 0.782556
vt 0.587822 0.774859
vt 0.591289 0.776036
vt 0.591289 0.822610
vt 0.587822 0.823464
vt 0.576385 0.813765
vt 0.572919 0.792707
vt 0.572919 0.803011
vt 0.572919 0.783411
vt 0.576385 0.774859
vt 0.591289 0.829985
vt 0.587822 0.831163
vt 0.576385 0.823464
vt 0.572919 0.813315
vt 0.572919 0.776035
vt 0.576385 0.831163
vt 0.572919 0.822610
vt 0.572919 0.829986
vt 0.615539 0.822609
vt 0.612072 0.823465
vt 0.612072 0.813764
vt 0.615540 0.813315
vt 0.615539 0.829986
vt 0.612072 0.831163
vt 0.600635 0.823465
vt 0.600635 0.813764
vt 0.612072 0.803011
vt 0.615539 0.803011
vt 0.600635 0.831163
vt 0.597170 0.822609
vt 0.597170 0.813315
vt 0.600635 0.803011
vt 0.612072 0.792257
vt 0.615539 0.792707
vt 0.597170 0.829987
vt 0.597170 0.803011
vt 0.600635 0.792257
vt 0.612072 0.782557
vt 0.615539 0.783411
vt 0.597170 0.792706
vt 0.600635 0.782557
vt 0.612072 0.774859
vt 0.615539 0.776037
vt 0.597170 0.783411
vt 0.600635 0.774859
vt 0.597170 0.776036
vt 0.319219 0.079738
vt 0.319219 0.036392
vt 0.552148 0.074627
vt 0.552148 0.099840
vt 0.319219 0.001992
vt 0.552148 0.054619
vt 0.319219 0.127787
vt 0.552148 0.127787
vt 0.319219 0.175836
vt 0.552148 0.155735
vt 0.319219 0.219182
vt 0.552148 0.180946
vt 0.319219 0.253582
vt 0.552148 0.200955
vt 0.559860 0.219182
vt 0.559860 0.175836
vt 0.792790 0.155734
vt 0.792790 0.180947
vt 0.559860 0.127787
vt 0.792790 0.127787
vt 0.559860 0.253582
vt 0.792790 0.200955
vt 0.559860 0.079738
vt 0.792790 0.099839
vt 0.559860 0.036392
vt 0.792790 0.074628
vt 0.559860 0.001992
vt 0.792790 0.054619
vt 0.722315 0.423887
vt 0.955245 0.403785
vt 0.955245 0.427163
vt 0.722315 0.465397
vt 0.722315 0.377872
vt 0.955245 0.377872
vt 0.955245 0.445715
vt 0.722315 0.498342
vt 0.722315 0.331855
vt 0.955245 0.351957
vt 0.722315 0.290345
vt 0.955245 0.328581
vt 0.722315 0.257402
vt 0.955245 0.310028
vt 0.483513 0.290347
vt 0.716443 0.328582
vt 0.716443 0.351959
vt 0.483513 0.331857
vt 0.483513 0.257402
vt 0.716443 0.310029
vt 0.716443 0.377873
vt 0.483513 0.377873
vt 0.716443 0.403787
vt 0.483513 0.423889
vt 0.716443 0.427164
vt 0.483513 0.465400
vt 0.716443 0.445716
vt 0.483513 0.498342
vt 0.192092 0.952863
vt 0.191429 0.951562
vt 0.195867 0.950119
vt 0.191200 0.950119
vt 0.193125 0.953895
vt 0.191429 0.948677
vt 0.194425 0.954558
vt 0.192092 0.947376
vt 0.195867 0.954787
vt 0.193125 0.946343
vt 0.197310 0.954558
vt 0.194425 0.945681
vt 0.198611 0.953895
vt 0.195867 0.945452
vt 0.199643 0.952863
vt 0.197310 0.945681
vt 0.200306 0.951562
vt 0.198611 0.946343
vt 0.200534 0.950119
vt 0.199643 0.947376
vt 0.200306 0.948677
vt 0.182103 0.945681
vt 0.183404 0.946344
vt 0.180661 0.950119
vt 0.184437 0.947377
vt 0.180661 0.945452
vt 0.185100 0.948677
vt 0.179219 0.945681
vt 0.185328 0.950119
vt 0.177917 0.946344
vt 0.185100 0.951562
vt 0.176885 0.947377
vt 0.184437 0.952863
vt 0.176222 0.948677
vt 0.183404 0.953895
vt 0.175993 0.950119
vt 0.182103 0.954558
vt 0.176222 0.951562
vt 0.180661 0.954787
vt 0.176885 0.952863
vt 0.179219 0.954558
vt 0.177917 0.953895
vt 0.161678 0.952863
vt 0.161015 0.951562
vt 0.165454 0.950119
vt 0.160787 0.950119
vt 0.162711 0.953895
vt 0.161015 0.948677
vt 0.164011 0.954558
vt 0.161678 0.947376
vt 0.165454 0.954787
vt 0.162711 0.946343
vt 0.166896 0.954558
vt 0.164011 0.945681
vt 0.168197 0.953895
vt 0.165454 0.945452
vt 0.169229 0.952863
vt 0.166896 0.945681
vt 0.169892 0.951562
vt 0.168197 0.946343
vt 0.170121 0.950119
vt 0.169229 0.947376
vt 0.169892 0.948677
vt 0.154686 0.951562
vt 0.154023 0.952863
vt 0.150247 0.950119
vt 0.152990 0.953895
vt 0.154914 0.950119
vt 0.151690 0.954558
vt 0.154686 0.948677
vt 0.150247 0.954787
vt 0.154023 0.947376
vt 0.148805 0.954558
vt 0.152990 0.946343
vt 0.147504 0.953895
vt 0.151690 0.945681
vt 0.146472 0.952863
vt 0.150247 0.945452
vt 0.145809 0.951562
vt 0.148805 0.945681
vt 0.145580 0.950119
vt 0.147504 0.946343
vt 0.145809 0.948677
vt 0.146472 0.947376
vt 0.541587 0.738244
vt 0.542889 0.738244
vt 0.542889 0.840842
vt 0.541587 0.840842
vt 0.543921 0.738244
vt 0.543921 0.840842
vt 0.540145 0.738244
vt 0.540145 0.840842
vt 0.538702 0.738244
vt 0.538702 0.840842
vt 0.537401 0.738244
vt 0.537401 0.840842
vt 0.536369 0.738244
vt 0.536369 0.840842
vt 0.518106 0.840842
vt 0.516805 0.840842
vt 0.516805 0.738244
vt 0.518106 0.738244
vt 0.515363 0.840842
vt 0.515363 0.738244
vt 0.519139 0.840842
vt 0.519138 0.738244
vt 0.513920 0.840842
vt 0.513920 0.738244
vt 0.512619 0.840842
vt 0.512619 0.738244
vt 0.511587 0.840842
vt 0.511587 0.738244
vt 0.492022 0.738244
vt 0.493323 0.738244
vt 0.493323 0.840842
vt 0.492022 0.840842
vt 0.494356 0.738244
vt 0.494356 0.840842
vt 0.490580 0.738244
vt 0.490580 0.840842
vt 0.489138 0.738244
vt 0.489138 0.840842
vt 0.487836 0.738244
vt 0.487836 0.840842
vt 0.486804 0.738244
vt 0.486804 0.840842
vt 0.468541 0.840842
vt 0.467240 0.840842
vt 0.467240 0.738244
vt 0.468541 0.738244
vt 0.465798 0.840842
vt 0.465798 0.738244
vt 0.469573 0.840842
vt 0.469573 0.738244
vt 0.464355 0.840842
vt 0.464355 0.738244
vt 0.463054 0.840842
vt 0.463054 0.738244
vt 0.462022 0.840842
vt 0.462022 0.738244
vt 0.841421 0.648670
vt 0.818843 0.660184
vt 0.793816 0.583155
vt 0.793816 0.664147
vt 0.859338 0.630760
vt 0.768789 0.660184
vt 0.870841 0.608186
vt 0.746211 0.648670
vt 0.874805 0.583155
vt 0.728293 0.630760
vt 0.870841 0.558123
vt 0.716790 0.608186
vt 0.859338 0.535549
vt 0.712827 0.583155
vt 0.841421 0.517640
vt 0.716790 0.558123
vt 0.818843 0.506126
vt 0.728293 0.535549
vt 0.793816 0.502162
vt 0.746211 0.517640
vt 0.768789 0.506126
vt 0.003610 0.889233
vt 0.008552 0.879533
vt 0.036704 0.899989
vt 0.016248 0.871837
vt 0.001907 0.899989
vt 0.025949 0.866895
vt 0.003609 0.910743
vt 0.036704 0.865191
vt 0.008551 0.920442
vt 0.047458 0.866895
vt 0.016251 0.928141
vt 0.057157 0.871836
vt 0.025951 0.933084
vt 0.064855 0.879533
vt 0.036703 0.934788
vt 0.069798 0.889237
vt 0.047457 0.933083
vt 0.071502 0.899990
vt 0.057158 0.928141
vt 0.069798 0.910743
vt 0.064856 0.920443
vt 0.453531 0.900062
vt 0.460177 0.893417
vt 0.466973 0.898354
vt 0.458468 0.906858
vt 0.464443 0.885043
vt 0.472432 0.887639
vt 0.465914 0.875760
vt 0.474314 0.875760
vt 0.464443 0.866478
vt 0.472432 0.863882
vt 0.460177 0.858104
vt 0.466973 0.853166
vt 0.453531 0.851459
vt 0.458468 0.844663
vt 0.502295 0.851459
vt 0.495649 0.858104
vt 0.488853 0.853166
vt 0.497356 0.844663
vt 0.491383 0.866478
vt 0.483394 0.863882
vt 0.489912 0.875760
vt 0.481512 0.875760
vt 0.491383 0.885043
vt 0.483394 0.887639
vt 0.495649 0.893417
vt 0.488853 0.898354
vt 0.502295 0.900062
vt 0.497357 0.906858
vt 0.823871 0.845532
vt 0.819752 0.849651
vt 0.812601 0.844456
vt 0.818676 0.838381
vt 0.817107 0.854841
vt 0.808702 0.852110
vt 0.816196 0.860594
vt 0.807358 0.860594
vt 0.802799 0.850191
vt 0.807581 0.840807
vt 0.817107 0.866346
vt 0.808702 0.869077
vt 0.801151 0.860594
vt 0.819752 0.871535
vt 0.812601 0.876730
vt 0.802799 0.870996
vt 0.823871 0.875654
vt 0.818675 0.882805
vt 0.807581 0.880379
vt 0.772560 0.872809
vt 0.776678 0.868691
vt 0.783828 0.873886
vt 0.777754 0.879960
vt 0.779322 0.863502
vt 0.787728 0.866233
vt 0.780233 0.857749
vt 0.789071 0.857749
vt 0.793631 0.868150
vt 0.788850 0.877534
vt 0.779322 0.851996
vt 0.787727 0.849264
vt 0.795279 0.857749
vt 0.776678 0.846807
vt 0.783828 0.841611
vt 0.793631 0.847347
vt 0.772560 0.842688
vt 0.777755 0.835537
vt 0.788850 0.837963
vt 0.210340 0.806354
vt 0.218960 0.797735
vt 0.221794 0.801637
vt 0.214242 0.809188
vt 0.229821 0.792201
vt 0.231311 0.796788
vt 0.204807 0.817215
vt 0.209393 0.818705
vt 0.241860 0.790294
vt 0.241860 0.795116
vt 0.202899 0.829255
vt 0.207722 0.829255
vt 0.253900 0.792201
vt 0.252409 0.796788
vt 0.204807 0.841294
vt 0.209393 0.839804
vt 0.264761 0.797735
vt 0.261926 0.801637
vt 0.210340 0.852155
vt 0.214242 0.849321
vt 0.273381 0.806354
vt 0.269479 0.809188
vt 0.218960 0.860775
vt 0.221794 0.856874
vt 0.278914 0.817215
vt 0.274327 0.818705
vt 0.229821 0.866309
vt 0.231311 0.861722
vt 0.280821 0.829255
vt 0.275998 0.829255
vt 0.241860 0.868216
vt 0.241860 0.863394
vt 0.278914 0.841294
vt 0.274327 0.839804
vt 0.253900 0.866309
vt 0.252409 0.861722
vt 0.273381 0.852155
vt 0.269479 0.849321
vt 0.264761 0.860775
vt 0.261926 0.856874
vt 0.086183 0.908826
vt 0.090244 0.916796
vt 0.085222 0.920444
vt 0.080279 0.910743
vt 0.096567 0.923118
vt 0.092919 0.928141
vt 0.084783 0.899989
vt 0.078576 0.899989
vt 0.104537 0.927179
vt 0.102619 0.933083
vt 0.086182 0.891153
vt 0.080279 0.889235
vt 0.113373 0.928580
vt 0.113373 0.934786
vt 0.090243 0.883185
vt 0.085221 0.879536
vt 0.122209 0.927180
vt 0.124127 0.933083
vt 0.096569 0.876859
vt 0.092921 0.871837
vt 0.130178 0.923119
vt 0.133827 0.928142
vt 0.104539 0.872796
vt 0.102621 0.866894
vt 0.136503 0.916796
vt 0.141525 0.920443
vt 0.113373 0.871399
vt 0.113373 0.865190
vt 0.140564 0.908824
vt 0.146467 0.910741
vt 0.122209 0.872797
vt 0.124126 0.866894
vt 0.141964 0.899988
vt 0.148171 0.899988
vt 0.130179 0.876859
vt 0.133827 0.871837
vt 0.140565 0.891153
vt 0.146468 0.889235
vt 0.136504 0.883184
vt 0.141525 0.879535
vt 0.156763 0.896079
vt 0.161705 0.886378
vt 0.166727 0.890026
vt 0.162666 0.897996
vt 0.169402 0.878681
vt 0.173050 0.883704
vt 0.155060 0.906833
vt 0.161267 0.906834
vt 0.179102 0.873739
vt 0.181021 0.879643
vt 0.156762 0.917587
vt 0.162665 0.915669
vt 0.189857 0.872036
vt 0.189857 0.878242
vt 0.161705 0.927286
vt 0.166726 0.923638
vt 0.200611 0.873739
vt 0.198692 0.879642
vt 0.169404 0.934985
vt 0.173052 0.929963
vt 0.210310 0.878680
vt 0.206662 0.883703
vt 0.179104 0.939928
vt 0.181022 0.934026
vt 0.218008 0.886378
vt 0.212986 0.890026
vt 0.189856 0.941632
vt 0.189856 0.935423
vt 0.222951 0.896081
vt 0.217048 0.897998
vt 0.200610 0.939928
vt 0.198692 0.934025
vt 0.224655 0.906834
vt 0.218448 0.906834
vt 0.210311 0.934985
vt 0.206662 0.929963
vt 0.222951 0.917587
vt 0.217048 0.915669
vt 0.218009 0.927287
vt 0.212987 0.923639
vt 0.239149 0.930232
vt 0.243210 0.938201
vt 0.238188 0.941850
vt 0.233246 0.932149
vt 0.249533 0.944524
vt 0.245885 0.949546
vt 0.237750 0.921393
vt 0.231543 0.921394
vt 0.257504 0.948584
vt 0.255585 0.954488
vt 0.239148 0.912559
vt 0.233245 0.910640
vt 0.266340 0.949985
vt 0.266340 0.956191
vt 0.243209 0.904590
vt 0.238188 0.900941
vt 0.275176 0.948585
vt 0.277094 0.954488
vt 0.249535 0.898264
vt 0.245887 0.893242
vt 0.283145 0.944525
vt 0.286793 0.949547
vt 0.257505 0.894202
vt 0.255587 0.888300
vt 0.289469 0.938201
vt 0.294491 0.941850
vt 0.266339 0.892804
vt 0.266339 0.886595
vt 0.293531 0.930229
vt 0.299434 0.932146
vt 0.275175 0.894203
vt 0.277093 0.888300
vt 0.294931 0.921393
vt 0.301138 0.921393
vt 0.283145 0.898264
vt 0.286794 0.893242
vt 0.293531 0.912559
vt 0.299434 0.910640
vt 0.289470 0.904589
vt 0.294492 0.900940
vt 0.385749 0.910718
vt 0.389987 0.902402
vt 0.396013 0.906781
vt 0.392834 0.913021
vt 0.382410 0.909634
vt 0.387147 0.900339
vt 0.396585 0.895804
vt 0.400964 0.901830
vt 0.384289 0.919938
vt 0.391738 0.919938
vt 0.380778 0.919938
vt 0.394522 0.892963
vt 0.404901 0.891566
vt 0.407203 0.898650
vt 0.385749 0.929157
vt 0.392833 0.926855
vt 0.382410 0.930242
vt 0.403816 0.888227
vt 0.414121 0.890105
vt 0.414121 0.897555
vt 0.389986 0.937472
vt 0.396013 0.933094
vt 0.387146 0.939537
vt 0.414121 0.886595
vt 0.423341 0.891566
vt 0.421039 0.898650
vt 0.396586 0.944073
vt 0.400965 0.938047
vt 0.394523 0.946912
vt 0.424425 0.888227
vt 0.431656 0.895804
vt 0.427278 0.901830
vt 0.404903 0.948310
vt 0.407205 0.941226
vt 0.403818 0.951649
vt 0.433720 0.892963
vt 0.438256 0.902403
vt 0.432230 0.906781
vt 0.414121 0.949770
vt 0.414121 0.942321
vt 0.414121 0.953281
vt 0.441097 0.900340
vt 0.442493 0.910719
vt 0.435409 0.913021
vt 0.423340 0.948310
vt 0.421039 0.941226
vt 0.424425 0.951649
vt 0.445832 0.909634
vt 0.443953 0.919938
vt 0.436504 0.919938
vt 0.431656 0.944072
vt 0.427278 0.938047
vt 0.433720 0.946912
vt 0.447464 0.919938
vt 0.442493 0.929158
vt 0.435409 0.926856
vt 0.438256 0.937473
vt 0.432230 0.933095
vt 0.441097 0.939538
vt 0.445832 0.930242
vt 0.355501 0.915348
vt 0.353391 0.911206
vt 0.317233 0.937478
vt 0.312995 0.929159
vt 0.309657 0.930243
vt 0.314394 0.939539
vt 0.308026 0.919939
vt 0.311534 0.919939
vt 0.323833 0.944077
vt 0.321770 0.946915
vt 0.309657 0.909635
vt 0.312995 0.910719
vt 0.332148 0.948314
vt 0.331065 0.951651
vt 0.314394 0.900340
vt 0.317232 0.902403
vt 0.341369 0.949775
vt 0.341369 0.953283
vt 0.321770 0.892964
vt 0.323833 0.895802
vt 0.350589 0.948314
vt 0.351674 0.951651
vt 0.331065 0.888228
vt 0.332150 0.891564
vt 0.358906 0.944077
vt 0.360969 0.946915
vt 0.341369 0.886595
vt 0.341369 0.890104
vt 0.365507 0.937476
vt 0.368345 0.939537
vt 0.351674 0.888228
vt 0.350590 0.891564
vt 0.369744 0.929159
vt 0.373081 0.930243
vt 0.360969 0.892964
vt 0.358907 0.895802
vt 0.371205 0.919939
vt 0.374714 0.919939
vt 0.368345 0.900339
vt 0.365506 0.902402
vt 0.369744 0.910718
vt 0.373081 0.909634
vt 0.432896 0.960390
vt 0.429608 0.957102
vt 0.403337 0.993261
vt 0.396737 0.986662
vt 0.766688 0.837665
vt 0.762544 0.835554
vt 0.748732 0.878061
vt 0.740417 0.873824
vt 0.832969 0.790593
vt 0.828378 0.789866
vt 0.828378 0.834561
vt 0.819157 0.833100
vt 0.844268 0.789866
vt 0.839677 0.790593
vt 0.853489 0.833100
vt 0.844268 0.834561
vt 0.712416 0.835554
vt 0.708274 0.837665
vt 0.734544 0.873824
vt 0.726228 0.878061
vt 0.357994 0.957104
vt 0.354706 0.960392
vt 0.390865 0.986662
vt 0.384264 0.993263
vt 0.676132 0.876540
vt 0.680274 0.878650
vt 0.694085 0.836143
vt 0.702401 0.840381
vt 0.860197 0.833833
vt 0.864789 0.834560
vt 0.864789 0.789866
vt 0.874009 0.791326
vt 0.889938 0.834560
vt 0.894530 0.833833
vt 0.880717 0.791326
vt 0.889938 0.789866
vt 0.666117 0.878650
vt 0.670259 0.876540
vt 0.643988 0.840381
vt 0.652304 0.836143
vt 0.312676 0.989975
vt 0.315964 0.993262
vt 0.342235 0.957104
vt 0.348834 0.963704
vt 0.611845 0.876540
vt 0.615987 0.878650
vt 0.629799 0.836143
vt 0.638116 0.840381
vt 0.901237 0.802910
vt 0.905828 0.803638
vt 0.905828 0.758943
vt 0.915049 0.760403
vt 0.930976 0.803638
vt 0.935568 0.802910
vt 0.921757 0.760403
vt 0.930976 0.758943
vt 0.601831 0.877491
vt 0.605973 0.875380
vt 0.579702 0.839222
vt 0.588019 0.834984
vt 0.306804 0.963298
vt 0.303517 0.960011
vt 0.277247 0.996170
vt 0.270645 0.989569
vt 0.573830 0.907354
vt 0.569688 0.905243
vt 0.555876 0.947750
vt 0.547560 0.943512
vt 0.955246 0.759670
vt 0.950654 0.758943
vt 0.950654 0.803638
vt 0.941434 0.802177
vt 0.926342 0.807458
vt 0.921750 0.808185
vt 0.935562 0.850692
vt 0.926342 0.852152
vt 0.597103 0.572658
vt 0.602035 0.574261
vt 0.600625 0.583163
vt 0.595438 0.583163
vt 0.601931 0.563180
vt 0.606127 0.566228
vt 0.602035 0.592066
vt 0.597103 0.593669
vt 0.563380 0.583163
vt 0.566613 0.562751
vt 0.575994 0.544337
vt 0.609452 0.555659
vt 0.612500 0.559855
vt 0.606127 0.600097
vt 0.601931 0.603146
vt 0.566613 0.603575
vt 0.552399 0.558132
vt 0.563901 0.535552
vt 0.590607 0.529724
vt 0.618929 0.550831
vt 0.620532 0.555763
vt 0.612500 0.606471
vt 0.609452 0.610666
vt 0.575994 0.621989
vt 0.581820 0.517633
vt 0.609022 0.520342
vt 0.629434 0.549166
vt 0.629434 0.554354
vt 0.620532 0.610562
vt 0.618929 0.615495
vt 0.590607 0.636603
vt 0.563901 0.630775
vt 0.552399 0.608194
vt 0.604403 0.506126
vt 0.629434 0.517109
vt 0.639940 0.550831
vt 0.638337 0.555763
vt 0.629434 0.611974
vt 0.629434 0.617159
vt 0.609022 0.645985
vt 0.581820 0.648694
vt 0.629434 0.502162
vt 0.649847 0.520342
vt 0.649417 0.555659
vt 0.646369 0.559855
vt 0.638337 0.610562
vt 0.639940 0.615495
vt 0.629434 0.649217
vt 0.604403 0.660200
vt 0.654465 0.506126
vt 0.668257 0.529724
vt 0.656938 0.563180
vt 0.652742 0.566228
vt 0.646369 0.606471
vt 0.649417 0.610666
vt 0.649847 0.645985
vt 0.629434 0.664163
vt 0.677041 0.517633
vt 0.682874 0.544337
vt 0.661767 0.572658
vt 0.656834 0.574261
vt 0.652742 0.600097
vt 0.656938 0.603146
vt 0.668257 0.636603
vt 0.654465 0.660200
vt 0.694966 0.535552
vt 0.692256 0.562751
vt 0.663430 0.583163
vt 0.658244 0.583163
vt 0.656834 0.592066
vt 0.661767 0.593669
vt 0.682874 0.621989
vt 0.677041 0.648694
vt 0.706470 0.558132
vt 0.695489 0.583163
vt 0.692256 0.603575
vt 0.694966 0.630775
vt 0.706470 0.608194
vt 0.628686 0.792273
vt 0.634069 0.784865
vt 0.640557 0.791353
vt 0.633148 0.796736
vt 0.644724 0.799531
vt 0.636015 0.802360
vt 0.628851 0.799859
vt 0.625563 0.796572
vt 0.643915 0.788914
vt 0.648670 0.798248
vt 0.646160 0.808594
vt 0.637002 0.808594
vt 0.630962 0.804002
vt 0.623062 0.789408
vt 0.621421 0.794461
vt 0.650309 0.808594
vt 0.644724 0.817657
vt 0.636015 0.814827
vt 0.631689 0.808594
vt 0.648670 0.818939
vt 0.640557 0.825834
vt 0.633149 0.820450
vt 0.630962 0.813185
vt 0.643915 0.828273
vt 0.634070 0.832323
vt 0.628687 0.824913
vt 0.628851 0.817327
vt 0.625563 0.820615
vt 0.623062 0.827779
vt 0.621421 0.822725
vt 0.678487 0.824913
vt 0.673105 0.832323
vt 0.666615 0.825833
vt 0.674024 0.820449
vt 0.662449 0.817657
vt 0.671159 0.814827
vt 0.678323 0.817327
vt 0.681610 0.820615
vt 0.663258 0.828272
vt 0.658503 0.818939
vt 0.661014 0.808594
vt 0.670171 0.808594
vt 0.676213 0.813185
vt 0.684111 0.827779
vt 0.685753 0.822725
vt 0.656864 0.808594
vt 0.662449 0.799530
vt 0.671159 0.802359
vt 0.675485 0.808594
vt 0.658503 0.798248
vt 0.666615 0.791353
vt 0.674024 0.796736
vt 0.676213 0.804001
vt 0.663258 0.788914
vt 0.673105 0.784865
vt 0.678486 0.792273
vt 0.678323 0.799859
vt 0.681610 0.796572
vt 0.684111 0.789408
vt 0.685753 0.794461
vt 0.015776 0.203498
vt 0.036927 0.245009
vt 0.031603 0.248878
vt 0.009517 0.205532
vt 0.069870 0.277954
vt 0.066002 0.283278
vt 0.008488 0.157483
vt 0.001907 0.157483
vt 0.111381 0.299104
vt 0.109348 0.305363
vt 0.015776 0.111467
vt 0.009517 0.109434
vt 0.157397 0.306393
vt 0.157397 0.312973
vt 0.036927 0.069956
vt 0.031603 0.066088
vt 0.203413 0.299104
vt 0.205446 0.305363
vt 0.069871 0.037013
vt 0.066002 0.031688
vt 0.244924 0.277954
vt 0.248792 0.283278
vt 0.111381 0.015862
vt 0.109348 0.009603
vt 0.277867 0.245009
vt 0.283192 0.248878
vt 0.157397 0.008574
vt 0.157397 0.001992
vt 0.299019 0.203498
vt 0.305277 0.205532
vt 0.203413 0.015862
vt 0.205446 0.009603
vt 0.306306 0.157483
vt 0.312887 0.157483
vt 0.244924 0.037013
vt 0.248792 0.031688
vt 0.299019 0.111467
vt 0.305277 0.109434
vt 0.277867 0.069956
vt 0.283192 0.066088
vt 0.405138 0.711827
vt 0.428516 0.723739
vt 0.426482 0.729998
vt 0.401269 0.717152
vt 0.454429 0.727843
vt 0.454429 0.734424
vt 0.386585 0.693276
vt 0.381261 0.697144
vt 0.480343 0.723739
vt 0.482377 0.729998
vt 0.374674 0.669898
vt 0.368415 0.671932
vt 0.503720 0.711827
vt 0.507588 0.717152
vt 0.370570 0.643984
vt 0.363989 0.643984
vt 0.522273 0.693276
vt 0.527597 0.697144
vt 0.374674 0.618070
vt 0.368415 0.616037
vt 0.534184 0.669898
vt 0.540443 0.671932
vt 0.386585 0.594693
vt 0.381261 0.590825
vt 0.538289 0.643984
vt 0.544870 0.643984
vt 0.405138 0.576141
vt 0.401269 0.570816
vt 0.534184 0.618070
vt 0.540443 0.616037
vt 0.428516 0.564229
vt 0.426482 0.557970
vt 0.522273 0.594693
vt 0.527597 0.590825
vt 0.454429 0.560125
vt 0.454429 0.553544
vt 0.503720 0.576141
vt 0.507588 0.570816
vt 0.480343 0.564229
vt 0.482377 0.557970
vt 0.625173 0.667984
vt 0.626473 0.667984
vt 0.626473 0.771038
vt 0.625173 0.771039
vt 0.627915 0.667984
vt 0.627915 0.771038
vt 0.624140 0.667984
vt 0.624140 0.771038
vt 0.629358 0.667984
vt 0.629358 0.771038
vt 0.630659 0.667984
vt 0.630659 0.771038
vt 0.631691 0.667984
vt 0.631691 0.771038
vt 0.575607 0.667985
vt 0.576908 0.667985
vt 0.576908 0.771039
vt 0.575607 0.771039
vt 0.578351 0.667985
vt 0.578351 0.771039
vt 0.574575 0.667985
vt 0.574575 0.771039
vt 0.579793 0.667985
vt 0.579793 0.771039
vt 0.581093 0.667984
vt 0.581093 0.771039
vt 0.582126 0.667985
vt 0.582126 0.771039
vt 0.611749 0.667984
vt 0.613049 0.667984
vt 0.613049 0.771038
vt 0.611749 0.771038
vt 0.614492 0.667984
vt 0.614492 0.771038
vt 0.610716 0.667984
vt 0.610716 0.771038
vt 0.615934 0.667984
vt 0.615934 0.771038
vt 0.617235 0.667984
vt 0.617235 0.771039
vt 0.618267 0.667984
vt 0.618267 0.771039
vt 0.550825 0.738244
vt 0.552126 0.738245
vt 0.552126 0.841299
vt 0.550825 0.841299
vt 0.553569 0.738245
vt 0.553569 0.841299
vt 0.549793 0.738244
vt 0.549793 0.841299
vt 0.555011 0.738245
vt 0.555011 0.841299
vt 0.556311 0.738245
vt 0.556311 0.841299
vt 0.557344 0.738245
vt 0.557344 0.841299
vt 0.525011 0.738244
vt 0.526312 0.738244
vt 0.526312 0.840842
vt 0.525011 0.840842
vt 0.527754 0.738244
vt 0.527754 0.840842
vt 0.529196 0.738244
vt 0.529196 0.840842
vt 0.530497 0.738244
vt 0.530497 0.840842
vt 0.505714 0.840842
vt 0.504413 0.840842
vt 0.504413 0.738244
vt 0.505714 0.738244
vt 0.502971 0.840842
vt 0.502971 0.738244
vt 0.501529 0.840842
vt 0.501529 0.738244
vt 0.500228 0.840842
vt 0.500228 0.738244
vt 0.475446 0.738244
vt 0.476747 0.738244
vt 0.476746 0.840842
vt 0.475446 0.840842
vt 0.478189 0.738244
vt 0.478189 0.840842
vt 0.479631 0.738244
vt 0.479630 0.840842
vt 0.480932 0.738244
vt 0.480931 0.840842
vt 0.456149 0.840842
vt 0.454848 0.840842
vt 0.454848 0.738244
vt 0.456149 0.738244
vt 0.453406 0.840842
vt 0.453406 0.738244
vt 0.451964 0.840842
vt 0.451964 0.738244
vt 0.450663 0.840842
vt 0.450663 0.738244
vt 0.432562 0.810882
vt 0.444791 0.810882
vt 0.444791 0.833465
vt 0.432562 0.833456
vt 0.432562 0.785851
vt 0.444791 0.785851
vt 0.432562 0.760819
vt 0.444791 0.760820
vt 0.432562 0.738245
vt 0.444791 0.738244
vt 0.426689 0.760819
vt 0.414460 0.760820
vt 0.414460 0.738244
vt 0.426689 0.738245
vt 0.426689 0.785851
vt 0.414460 0.785851
vt 0.426689 0.810882
vt 0.414460 0.810882
vt 0.426689 0.833456
vt 0.414460 0.833465
vt 0.356988 0.790294
vt 0.367704 0.790294
vt 0.367164 0.822210
vt 0.355962 0.822210
vt 0.379582 0.790294
vt 0.379582 0.822210
vt 0.366008 0.827180
vt 0.353763 0.827180
vt 0.391461 0.790294
vt 0.392001 0.822210
vt 0.379582 0.827180
vt 0.367543 0.836499
vt 0.356682 0.836499
vt 0.402176 0.790294
vt 0.403203 0.822210
vt 0.393156 0.827180
vt 0.379582 0.836499
vt 0.364333 0.852357
vt 0.350577 0.852357
vt 0.405402 0.827180
vt 0.391622 0.836499
vt 0.379582 0.852357
vt 0.364333 0.859050
vt 0.350577 0.859050
vt 0.402483 0.836499
vt 0.394831 0.852357
vt 0.379582 0.859050
vt 0.367543 0.874908
vt 0.356682 0.874908
vt 0.408588 0.852357
vt 0.394831 0.859050
vt 0.379582 0.874908
vt 0.367543 0.882775
vt 0.356682 0.882775
vt 0.408588 0.859050
vt 0.391622 0.874908
vt 0.379582 0.882775
vt 0.402483 0.874908
vt 0.391622 0.882775
vt 0.402483 0.882775
vt 0.338293 0.882775
vt 0.327578 0.882775
vt 0.328117 0.850859
vt 0.339319 0.850859
vt 0.315699 0.882775
vt 0.315699 0.850859
vt 0.329273 0.845889
vt 0.341518 0.845889
vt 0.303821 0.882775
vt 0.303281 0.850859
vt 0.315699 0.845889
vt 0.327738 0.836570
vt 0.338600 0.836570
vt 0.293105 0.882775
vt 0.292079 0.850859
vt 0.302125 0.845889
vt 0.315699 0.836570
vt 0.330948 0.820712
vt 0.344705 0.820712
vt 0.289880 0.845889
vt 0.303659 0.836570
vt 0.315699 0.820712
vt 0.330948 0.814019
vt 0.344705 0.814019
vt 0.292798 0.836570
vt 0.300450 0.820712
vt 0.315699 0.814019
vt 0.327738 0.798161
vt 0.338600 0.798161
vt 0.286693 0.820712
vt 0.300450 0.814019
vt 0.315699 0.798161
vt 0.327738 0.790294
vt 0.338600 0.790294
vt 0.286693 0.814019
vt 0.303659 0.798161
vt 0.315699 0.790294
vt 0.292798 0.798161
vt 0.303659 0.790294
vt 0.292798 0.790294
vt 0.901565 0.844158
vt 0.906754 0.844158
vt 0.915712 0.876998
vt 0.906274 0.876998
vt 0.901565 0.838381
vt 0.906754 0.838381
vt 0.915878 0.882978
vt 0.906362 0.882978
vt 0.895812 0.844158
vt 0.895812 0.876998
vt 0.895812 0.838381
vt 0.895812 0.882978
vt 0.890060 0.844158
vt 0.885350 0.876998
vt 0.890060 0.838381
vt 0.885263 0.882978
vt 0.884870 0.844158
vt 0.875912 0.876998
vt 0.884870 0.838381
vt 0.875747 0.882978
vt 0.844056 0.877202
vt 0.838867 0.877202
vt 0.829909 0.844361
vt 0.839347 0.844361
vt 0.844056 0.882979
vt 0.838867 0.882979
vt 0.829743 0.838382
vt 0.839259 0.838382
vt 0.849808 0.877202
vt 0.849808 0.844361
vt 0.849808 0.882979
vt 0.849808 0.838382
vt 0.855561 0.877202
vt 0.860271 0.844361
vt 0.855561 0.882979
vt 0.860358 0.838382
vt 0.860751 0.877202
vt 0.869709 0.844361
vt 0.860751 0.882979
vt 0.869874 0.838382
vt 0.736238 0.788514
vt 0.736238 0.797898
vt 0.720874 0.795980
vt 0.720874 0.784865
vt 0.736238 0.808300
vt 0.720874 0.808300
vt 0.704162 0.796448
vt 0.704162 0.785755
vt 0.736238 0.818702
vt 0.720874 0.820620
vt 0.704162 0.808300
vt 0.692307 0.797954
vt 0.692307 0.788621
vt 0.736238 0.828085
vt 0.720874 0.831734
vt 0.704162 0.820152
vt 0.692307 0.808300
vt 0.704162 0.830844
vt 0.692307 0.818646
vt 0.692307 0.827979
vt 0.742674 0.828068
vt 0.742674 0.818685
vt 0.758038 0.820603
vt 0.758038 0.831716
vt 0.742674 0.808283
vt 0.758038 0.808283
vt 0.774750 0.820135
vt 0.774750 0.830827
vt 0.742674 0.797881
vt 0.758038 0.795963
vt 0.774750 0.808283
vt 0.786605 0.818629
vt 0.786605 0.827962
vt 0.742674 0.788497
vt 0.758038 0.784849
vt 0.774750 0.796431
vt 0.786605 0.808283
vt 0.774750 0.785738
vt 0.786605 0.797937
vt 0.786605 0.788604
vt 0.121172 0.790294
vt 0.119254 0.861370
vt 0.111284 0.861370
vt 0.114933 0.790294
vt 0.128090 0.790294
vt 0.128090 0.861370
vt 0.135008 0.790294
vt 0.136926 0.861370
vt 0.141247 0.790294
vt 0.144895 0.861370
vt 0.043391 0.861370
vt 0.045308 0.790294
vt 0.053279 0.790294
vt 0.049630 0.861370
vt 0.036473 0.861370
vt 0.036473 0.790294
vt 0.029557 0.861370
vt 0.027639 0.790294
vt 0.023317 0.861370
vt 0.019669 0.790294
vt 0.517407 0.945696
vt 0.517407 0.935996
vt 0.523808 0.935996
vt 0.523808 0.945696
vt 0.517407 0.925242
vt 0.523808 0.925242
vt 0.517407 0.914488
vt 0.523808 0.914487
vt 0.517406 0.904788
vt 0.523808 0.904788
vt 0.511534 0.910679
vt 0.511534 0.920380
vt 0.505132 0.920380
vt 0.505132 0.910679
vt 0.511534 0.931133
vt 0.505132 0.931133
vt 0.511534 0.941886
vt 0.505132 0.941886
vt 0.511534 0.951586
vt 0.505132 0.951585
vt 0.218681 0.979064
vt 0.218681 0.971093
vt 0.225083 0.971093
vt 0.225083 0.979064
vt 0.218681 0.962257
vt 0.225083 0.962257
vt 0.218681 0.953422
vt 0.225083 0.953421
vt 0.218681 0.945452
vt 0.225083 0.945452
vt 0.212808 0.945452
vt 0.212809 0.953422
vt 0.206407 0.953422
vt 0.206407 0.945452
vt 0.212809 0.962258
vt 0.206407 0.962258
vt 0.212809 0.971092
vt 0.206407 0.971092
vt 0.212808 0.979062
vt 0.206407 0.979062
vt 0.529681 0.946152
vt 0.529681 0.936452
vt 0.541688 0.936452
vt 0.541688 0.946153
vt 0.529681 0.925697
vt 0.541688 0.925697
vt 0.529681 0.914943
vt 0.541688 0.914943
vt 0.529680 0.905244
vt 0.541687 0.905244
vt 0.450775 0.957102
vt 0.450775 0.966803
vt 0.438768 0.966803
vt 0.438768 0.957102
vt 0.450775 0.977556
vt 0.438768 0.977556
vt 0.450776 0.988308
vt 0.438768 0.988308
vt 0.450775 0.998008
vt 0.438768 0.998008
vt 0.499260 0.950732
vt 0.495792 0.951586
vt 0.495793 0.941886
vt 0.499260 0.941437
vt 0.484355 0.951586
vt 0.484356 0.941886
vt 0.495793 0.931133
vt 0.499260 0.931133
vt 0.480890 0.950732
vt 0.480890 0.941437
vt 0.484356 0.931133
vt 0.495793 0.920379
vt 0.499260 0.920828
vt 0.480890 0.931133
vt 0.484356 0.920379
vt 0.495792 0.910679
vt 0.499260 0.911533
vt 0.480890 0.920828
vt 0.484355 0.910679
vt 0.480890 0.911533
vt 0.456648 0.911534
vt 0.460115 0.910679
vt 0.460115 0.920380
vt 0.456648 0.920829
vt 0.471552 0.910679
vt 0.471552 0.920380
vt 0.460115 0.931133
vt 0.456648 0.931133
vt 0.475018 0.911533
vt 0.475018 0.920829
vt 0.471552 0.931133
vt 0.460115 0.941886
vt 0.456648 0.941436
vt 0.475018 0.931133
vt 0.471552 0.941886
vt 0.460115 0.951586
vt 0.456648 0.950731
vt 0.475018 0.941437
vt 0.471552 0.951586
vt 0.475018 0.950732
vt 0.250800 0.994602
vt 0.250800 0.986571
vt 0.264773 0.986951
vt 0.264773 0.995324
vt 0.250800 0.977668
vt 0.264773 0.977668
vt 0.250800 0.968765
vt 0.264773 0.968385
vt 0.250800 0.960734
vt 0.264773 0.960012
vt 0.244928 0.960734
vt 0.244928 0.968765
vt 0.230955 0.968385
vt 0.230955 0.960012
vt 0.244928 0.977668
vt 0.230955 0.977668
vt 0.244928 0.986571
vt 0.230955 0.986951
vt 0.244928 0.994602
vt 0.230955 0.995324
vt 0.294851 0.316793
vt 0.338197 0.316793
vt 0.358299 0.549723
vt 0.333087 0.549723
vt 0.386246 0.316793
vt 0.386246 0.549723
vt 0.434295 0.316793
vt 0.414194 0.549723
vt 0.477641 0.316793
vt 0.439406 0.549723
vt 0.288979 0.549723
vt 0.245633 0.549723
vt 0.225531 0.316793
vt 0.250743 0.316793
vt 0.197584 0.549723
vt 0.197584 0.316793
vt 0.149534 0.549723
vt 0.169636 0.316793
vt 0.106188 0.549723
vt 0.144424 0.316793
vt 0.001907 0.786473
vt 0.040142 0.553544
vt 0.063519 0.553544
vt 0.043418 0.786473
vt 0.089434 0.553544
vt 0.089434 0.786473
vt 0.115347 0.553544
vt 0.135449 0.786473
vt 0.138725 0.553544
vt 0.176961 0.786473
vt 0.358095 0.553544
vt 0.319859 0.786473
vt 0.296481 0.786473
vt 0.316583 0.553544
vt 0.270568 0.786473
vt 0.270568 0.553544
vt 0.244654 0.786473
vt 0.224552 0.553544
vt 0.221277 0.786473
vt 0.183041 0.553544
vt 0.641749 0.667984
vt 0.643050 0.667984
vt 0.643049 0.771038
vt 0.641749 0.771039
vt 0.640306 0.667984
vt 0.640306 0.771039
vt 0.638864 0.667984
vt 0.638864 0.771039
vt 0.637563 0.667984
vt 0.637563 0.771039
vt 0.587999 0.667984
vt 0.589300 0.667984
vt 0.589300 0.771038
vt 0.587999 0.771038
vt 0.590742 0.667984
vt 0.590742 0.771038
vt 0.592184 0.667984
vt 0.592184 0.771038
vt 0.593485 0.667984
vt 0.593485 0.771038
vt 0.567402 0.667984
vt 0.568703 0.667984
vt 0.568703 0.771038
vt 0.567402 0.771038
vt 0.565960 0.667984
vt 0.565960 0.771038
vt 0.564517 0.667984
vt 0.564517 0.771038
vt 0.563216 0.667984
vt 0.563216 0.771038
vt 0.599358 0.667984
vt 0.600659 0.667984
vt 0.600659 0.771038
vt 0.599357 0.771039
vt 0.602101 0.667984
vt 0.602101 0.771039
vt 0.603543 0.667984
vt 0.603543 0.771038
vt 0.604844 0.667984
vt 0.604844 0.771039
vt 0.131265 0.946017
vt 0.130602 0.944716
vt 0.135041 0.943274
vt 0.130374 0.943274
vt 0.132297 0.947050
vt 0.130602 0.941831
vt 0.133599 0.947712
vt 0.131265 0.940530
vt 0.135041 0.947941
vt 0.132297 0.939498
vt 0.136482 0.947712
vt 0.133598 0.938835
vt 0.137784 0.947050
vt 0.135041 0.938606
vt 0.138816 0.946017
vt 0.136482 0.938835
vt 0.139479 0.944716
vt 0.137784 0.939498
vt 0.139708 0.943274
vt 0.138816 0.940530
vt 0.139479 0.941831
vt 0.115396 0.941831
vt 0.116059 0.940530
vt 0.119835 0.943274
vt 0.117091 0.939498
vt 0.115168 0.943274
vt 0.118392 0.938835
vt 0.115396 0.944716
vt 0.119835 0.938606
vt 0.116059 0.946017
vt 0.121277 0.938835
vt 0.117091 0.947049
vt 0.122577 0.939498
vt 0.118392 0.947712
vt 0.123610 0.940530
vt 0.119835 0.947941
vt 0.124273 0.941831
vt 0.121277 0.947712
vt 0.124502 0.943274
vt 0.122577 0.947049
vt 0.124273 0.944716
vt 0.123610 0.946017
vt 0.100853 0.946017
vt 0.100190 0.944716
vt 0.104628 0.943274
vt 0.099962 0.943274
vt 0.101885 0.947050
vt 0.100190 0.941831
vt 0.103186 0.947712
vt 0.100853 0.940530
vt 0.104628 0.947941
vt 0.101885 0.939498
vt 0.106070 0.947712
vt 0.103186 0.938835
vt 0.107372 0.947050
vt 0.104628 0.938606
vt 0.108404 0.946017
vt 0.106070 0.938835
vt 0.109067 0.944716
vt 0.107372 0.939498
vt 0.109295 0.943274
vt 0.108404 0.940530
vt 0.109067 0.941831
vt 0.084983 0.941831
vt 0.085647 0.940530
vt 0.089422 0.943274
vt 0.086679 0.939498
vt 0.084755 0.943274
vt 0.087980 0.938835
vt 0.084983 0.944716
vt 0.089422 0.938606
vt 0.085647 0.946017
vt 0.090864 0.938835
vt 0.086679 0.947049
vt 0.092165 0.939498
vt 0.087980 0.947712
vt 0.093198 0.940530
vt 0.089422 0.947941
vt 0.093861 0.941831
vt 0.090864 0.947712
vt 0.094089 0.943274
vt 0.092165 0.947049
vt 0.093861 0.944716
vt 0.093198 0.946017
vn 0.061190 -0.997136 -0.044459
vn 0.071921 -0.997136 -0.023381
vn 0.000000 -1.000000 0.000000
vn 0.044462 -0.997136 -0.061181
vn 0.023370 -0.997136 -0.071928
vn -0.000000 -0.997136 -0.075630
vn -0.023370 -0.997136 -0.071928
vn -0.044462 -0.997136 -0.061180
vn -0.061189 -0.997136 -0.044458
vn -0.071921 -0.997136 -0.023381
vn -0.075626 -0.997136 0.000000
vn -0.071923 -0.997136 0.023381
vn -0.061189 -0.997136 0.044458
vn -0.044461 -0.997136 0.061179
vn -0.023370 -0.997136 0.071928
vn -0.000000 -0.997136 0.075631
vn 0.023370 -0.997136 0.071927
vn 0.044462 -0.997136 0.061181
vn 0.061190 -0.997136 0.044459
vn 0.071923 -0.997136 0.023381
vn 0.075625 -0.997136 0.000000
vn 0.000002 1.000000 0.000017
vn -0.000009 1.000000 0.000006
vn -0.000002 1.000000 -0.000000
vn -0.000018 1.000000 -0.000007
vn -0.000003 1.000000 -0.000001
vn 0.000004 1.000000 0.000001
vn 0.000013 1.000000 -0.000003
vn 0.000002 1.000000 0.000008
vn -0.000013 1.000000 0.000017
vn -0.000001 1.000000 -0.000003
vn 0.000003 1.000000 -0.000006
vn 0.000001 1.000000 0.000006
vn -0.000000 1.000000 -0.000000
vn -0.000002 1.000000 -0.000007
vn -0.000003 1.000000 -0.000006
vn -0.000012 1.000000 -0.000003
vn 0.000003 1.000000 -0.000012
vn 0.000013 1.000000 -0.000012
vn -0.000009 1.000000 0.000013
vn -0.000009 1.000000 0.000000
vn 0.000000 1.000000 -0.000009
vn -0.808999 -0.001151 0.587809
vn -0.809054 -0.001151 0.587734
vn -0.951032 -0.000867 0.309092
vn -0.951041 -0.000867 0.309062
vn -0.587800 -0.001041 0.809006
vn -0.587832 -0.001041 0.808982
vn -0.309021 -0.000906 0.951055
vn -0.308959 -0.000906 0.951075
vn 0.000000 -0.000926 1.000000
vn 0.000000 -0.000926 1.000000
vn 0.309044 -0.000830 0.951047
vn 0.308982 -0.000830 0.951068
vn 0.587856 -0.000835 0.808965
vn 0.587798 -0.000835 0.809007
vn 0.808965 -0.000988 0.587857
vn 0.809012 -0.000988 0.587791
vn 0.951035 -0.000860 0.309083
vn 0.951025 -0.000860 0.309113
vn 1.000000 -0.000682 0.000000
vn 1.000000 -0.000682 0.000000
vn 0.951036 -0.000860 -0.309079
vn 0.951026 -0.000860 -0.309109
vn 0.808965 -0.000988 -0.587857
vn 0.809012 -0.000988 -0.587791
vn 0.587875 -0.000814 -0.808951
vn 0.587816 -0.000814 -0.808994
vn 0.309042 -0.000787 -0.951048
vn 0.308985 -0.000787 -0.951067
vn -0.000000 -0.000881 -1.000000
vn -0.000000 -0.000881 -1.000000
vn -0.309019 -0.000862 -0.951056
vn -0.308962 -0.000862 -0.951074
vn -0.587817 -0.001027 -0.808993
vn -0.587852 -0.001027 -0.808968
vn -0.808998 -0.001158 -0.587811
vn -0.809053 -0.001158 -0.587735
vn -0.951043 -0.000867 -0.309058
vn -0.951033 -0.000867 -0.309088
vn -1.000000 -0.000625 -0.000000
vn -1.000000 -0.000625 0.000000
vn -0.839936 -0.469072 0.272910
vn -0.714497 -0.469074 0.519099
vn -0.788907 -0.221618 0.573158
vn -0.927410 -0.221608 0.301331
vn -0.519107 -0.469079 0.714488
vn -0.573182 -0.221601 0.788895
vn -0.272887 -0.469085 0.839936
vn -0.301295 -0.221609 0.927422
vn -0.000001 -0.469096 0.883147
vn -0.000000 -0.221598 0.975138
vn 0.272879 -0.469091 0.839935
vn 0.301294 -0.221611 0.927421
vn 0.519111 -0.469077 0.714486
vn 0.573187 -0.221608 0.788890
vn 0.714502 -0.469069 0.519096
vn 0.788906 -0.221618 0.573161
vn 0.839937 -0.469066 0.272916
vn 0.927407 -0.221605 0.301344
vn 0.883152 -0.469086 0.000000
vn 0.975139 -0.221592 0.000000
vn 0.839926 -0.469085 -0.272919
vn 0.927414 -0.221597 -0.301327
vn 0.714485 -0.469081 -0.519108
vn 0.788906 -0.221598 -0.573168
vn 0.519101 -0.469076 -0.714495
vn 0.573162 -0.221594 -0.788911
vn 0.272898 -0.469072 -0.839940
vn 0.301328 -0.221609 -0.927411
vn 0.000000 -0.469078 -0.883157
vn 0.000000 -0.221612 -0.975135
vn -0.272906 -0.469070 -0.839938
vn -0.301331 -0.221607 -0.927410
vn -0.519097 -0.469077 -0.714496
vn -0.573180 -0.221586 -0.788901
vn -0.714484 -0.469072 -0.519119
vn -0.788909 -0.221603 -0.573161
vn -0.839933 -0.469073 -0.272916
vn -0.927413 -0.221600 -0.301329
vn -0.883165 -0.469062 0.000000
vn -0.975137 -0.221602 0.000000
vn -0.798867 -0.157957 0.580398
vn -0.939117 -0.157961 0.305135
vn -0.580418 -0.157950 0.798854
vn -0.305102 -0.157959 0.939128
vn -0.000000 -0.157959 0.987446
vn 0.305098 -0.157959 0.939129
vn 0.580425 -0.157954 0.798848
vn 0.798865 -0.157957 0.580400
vn 0.939113 -0.157954 0.305150
vn 0.987447 -0.157950 -0.000000
vn 0.939120 -0.157945 -0.305135
vn 0.798867 -0.157949 -0.580400
vn 0.580401 -0.157949 -0.798866
vn 0.305142 -0.157954 -0.939116
vn -0.000000 -0.157960 -0.987446
vn -0.305144 -0.157953 -0.939116
vn -0.580415 -0.157952 -0.798855
vn -0.798867 -0.157952 -0.580398
vn -0.939118 -0.157951 -0.305137
vn -0.987446 -0.157955 -0.000001
vn -0.646331 -0.601445 0.469595
vn -0.759808 -0.601456 0.246868
vn -0.469606 -0.601435 0.646333
vn -0.246841 -0.601477 0.759800
vn -0.000000 -0.601489 0.798881
vn 0.246834 -0.601478 0.759801
vn 0.469603 -0.601445 0.646325
vn 0.646334 -0.601445 0.469590
vn 0.759795 -0.601469 0.246874
vn 0.798879 -0.601492 -0.000001
vn 0.759784 -0.601482 -0.246875
vn 0.646329 -0.601451 -0.469591
vn 0.469604 -0.601443 -0.646326
vn 0.246891 -0.601440 -0.759812
vn -0.000000 -0.601433 -0.798923
vn -0.246903 -0.601447 -0.759803
vn -0.469597 -0.601451 -0.646325
vn -0.646340 -0.601437 -0.469594
vn -0.759815 -0.601438 -0.246887
vn -0.798919 -0.601439 -0.000003
vn -0.839318 0.470285 0.272721
vn -0.713950 0.470289 0.518752
vn -0.713950 0.470289 0.518753
vn -0.839319 0.470285 0.272720
vn -0.518756 0.470255 0.713970
vn -0.518758 0.470254 0.713968
vn -0.272736 0.470252 0.839332
vn -0.272730 0.470252 0.839334
vn 0.000000 0.470248 0.882534
vn 0.000000 0.470248 0.882534
vn 0.272730 0.470253 0.839334
vn 0.272722 0.470253 0.839336
vn 0.518752 0.470246 0.713979
vn 0.518756 0.470245 0.713976
vn 0.713961 0.470265 0.518759
vn 0.713965 0.470265 0.518754
vn 0.839324 0.470276 0.272718
vn 0.839325 0.470276 0.272717
vn 0.882525 0.470266 -0.000000
vn 0.882525 0.470266 -0.000000
vn 0.839324 0.470276 -0.272718
vn 0.839325 0.470276 -0.272717
vn 0.713974 0.470259 -0.518746
vn 0.713978 0.470259 -0.518740
vn 0.518727 0.470256 -0.713990
vn 0.518731 0.470256 -0.713987
vn 0.272729 0.470256 -0.839332
vn 0.272722 0.470256 -0.839334
vn -0.000000 0.470248 -0.882534
vn -0.000000 0.470248 -0.882534
vn -0.272737 0.470246 -0.839335
vn -0.272731 0.470246 -0.839337
vn -0.518736 0.470255 -0.713985
vn -0.518737 0.470255 -0.713983
vn -0.713974 0.470262 -0.518743
vn -0.713974 0.470262 -0.518744
vn -0.839332 0.470258 -0.272726
vn -0.839333 0.470258 -0.272723
vn -0.882533 0.470250 -0.000004
vn -0.882533 0.470250 -0.000005
vn -0.795591 -0.547904 0.258526
vn -0.676773 -0.547898 0.491717
vn -0.741334 -0.400390 0.538620
vn -0.871487 -0.400395 0.283185
vn -0.491730 -0.547886 0.676774
vn -0.538635 -0.400379 0.741329
vn -0.258510 -0.547883 0.795611
vn -0.283165 -0.400377 0.871502
vn 0.000000 -0.547875 0.836561
vn 0.000000 -0.400371 0.916353
vn 0.258504 -0.547883 0.795613
vn 0.283158 -0.400378 0.871504
vn 0.491719 -0.547882 0.676785
vn 0.538622 -0.400375 0.741341
vn 0.676772 -0.547897 0.491720
vn 0.741331 -0.400388 0.538625
vn 0.795593 -0.547914 0.258499
vn 0.871494 -0.400402 0.283156
vn 0.836542 -0.547903 -0.000000
vn 0.916342 -0.400396 -0.000000
vn 0.795606 -0.547899 -0.258492
vn 0.871501 -0.400392 -0.283148
vn 0.676761 -0.547912 -0.491719
vn 0.741323 -0.400398 -0.538630
vn 0.491691 -0.547894 -0.676796
vn 0.538594 -0.400387 -0.741354
vn 0.258534 -0.547890 -0.795598
vn 0.283191 -0.400386 -0.871490
vn -0.000000 -0.547898 -0.836545
vn -0.000000 -0.400388 -0.916346
vn -0.258539 -0.547887 -0.795599
vn -0.283197 -0.400382 -0.871489
vn -0.491704 -0.547895 -0.676785
vn -0.538609 -0.400388 -0.741343
vn -0.676762 -0.547913 -0.491717
vn -0.741325 -0.400400 -0.538625
vn -0.795596 -0.547901 -0.258517
vn -0.871490 -0.400395 -0.283177
vn -0.836542 -0.547903 0.000000
vn -0.916344 -0.400393 0.000000
vn -0.741335 0.400388 0.538620
vn -0.871487 0.400395 0.283186
vn -0.538635 0.400376 0.741331
vn -0.283165 0.400377 0.871502
vn 0.000000 0.400371 0.916353
vn 0.283159 0.400373 0.871506
vn 0.538621 0.400375 0.741342
vn 0.741331 0.400388 0.538625
vn 0.871495 0.400399 0.283157
vn 0.916342 0.400396 -0.000000
vn 0.871500 0.400394 -0.283148
vn 0.741322 0.400397 -0.538631
vn 0.538603 0.400384 -0.741350
vn 0.283189 0.400385 -0.871490
vn 0.000000 0.400386 -0.916347
vn -0.283196 0.400381 -0.871490
vn -0.538618 0.400383 -0.741339
vn -0.741325 0.400400 -0.538626
vn -0.871489 0.400398 -0.283176
vn -0.916342 0.400395 0.000000
vn -0.734187 0.420029 0.533428
vn -0.863084 0.420037 0.280454
vn -0.533440 0.420019 0.734183
vn -0.280441 0.420020 0.863097
vn 0.000000 0.420011 0.907519
vn 0.280435 0.420014 0.863102
vn 0.533427 0.420018 0.734194
vn 0.734186 0.420033 0.533427
vn 0.863090 0.420042 0.280429
vn 0.907506 0.420040 -0.000000
vn 0.863095 0.420037 -0.280422
vn 0.734178 0.420045 -0.533428
vn 0.533413 0.420025 -0.734200
vn 0.280456 0.420027 -0.863089
vn 0.000000 0.420031 -0.907510
vn -0.280463 0.420025 -0.863087
vn -0.533427 0.420024 -0.734190
vn -0.734178 0.420044 -0.533428
vn -0.863086 0.420040 -0.280445
vn -0.907504 0.420043 0.000000
vn -0.809017 0.000000 0.587785
vn -0.951053 0.000000 0.309027
vn -0.587803 0.000000 0.809004
vn -0.309029 0.000000 0.951053
vn 0.000000 0.000000 1.000000
vn 0.309020 0.000000 0.951056
vn 0.587788 0.000000 0.809015
vn 0.809023 0.000000 0.587777
vn 0.951060 0.000000 0.309008
vn 1.000000 0.000000 0.000000
vn 0.951060 0.000000 -0.309008
vn 0.809023 0.000000 -0.587777
vn 0.587773 0.000000 -0.809026
vn 0.309020 0.000000 -0.951056
vn 0.000000 0.000000 -1.000000
vn -0.309029 0.000000 -0.951053
vn -0.587788 0.000000 -0.809015
vn -0.809017 0.000000 -0.587785
vn -0.951053 0.000000 -0.309027
vn -1.000000 0.000000 0.000000
vn 0.733876 0.420928 -0.533148
vn 0.862697 0.420935 -0.280300
vn 0.862696 0.420935 -0.280303
vn 0.733876 0.420928 -0.533147
vn 0.533191 0.420948 -0.733833
vn 0.533190 0.420948 -0.733834
vn 0.280325 0.420945 -0.862684
vn 0.280323 0.420945 -0.862685
vn -0.000001 0.420938 -0.907090
vn 0.000000 0.420938 -0.907090
vn -0.280340 0.420936 -0.862683
vn -0.280336 0.420936 -0.862685
vn -0.533197 0.420938 -0.733834
vn -0.533197 0.420938 -0.733834
vn -0.733844 0.420956 -0.533168
vn -0.733844 0.420956 -0.533169
vn -0.862693 0.420950 -0.280288
vn -0.862693 0.420950 -0.280288
vn -0.907098 0.420919 -0.000000
vn -0.907098 0.420919 -0.000000
vn -0.862697 0.420947 0.280283
vn -0.862697 0.420947 0.280282
vn -0.733846 0.420952 0.533170
vn -0.733846 0.420952 0.533170
vn -0.533148 0.420955 0.733860
vn -0.533151 0.420955 0.733858
vn -0.280283 0.420952 0.862694
vn -0.280277 0.420952 0.862696
vn -0.000000 0.420954 0.907082
vn -0.000000 0.420954 0.907082
vn 0.280269 0.420958 0.862696
vn 0.280268 0.420958 0.862696
vn 0.533158 0.420956 0.733852
vn 0.533158 0.420956 0.733852
vn 0.733855 0.420934 0.533171
vn 0.733856 0.420934 0.533170
vn 0.862696 0.420933 0.280304
vn 0.862697 0.420933 0.280301
vn 0.907091 0.420935 -0.000000
vn 0.907091 0.420935 0.000000
vn 0.951059 0.000000 -0.309008
vn 0.809031 0.000000 -0.587766
vn 0.809031 0.000000 -0.587767
vn 0.951059 0.000000 -0.309009
vn 0.587812 0.000000 -0.808998
vn 0.587812 0.000000 -0.808998
vn 0.309058 0.000000 -0.951043
vn 0.309058 0.000000 -0.951043
vn 0.000000 0.000000 -1.000000
vn 0.000000 0.000000 -1.000000
vn -0.309084 0.000000 -0.951035
vn -0.309085 0.000000 -0.951035
vn -0.587833 0.000000 -0.808982
vn -0.587833 0.000000 -0.808982
vn -0.809008 0.000000 -0.587798
vn -0.809008 0.000000 -0.587798
vn -0.951059 0.000000 -0.309009
vn -0.951059 0.000000 -0.309009
vn -1.000000 0.000000 -0.000001
vn -1.000000 0.000000 -0.000001
vn -0.951065 0.000000 0.308990
vn -0.951065 0.000000 0.308991
vn -0.809008 0.000000 0.587798
vn -0.809008 0.000000 0.587798
vn -0.587748 0.000000 0.809044
vn -0.587748 0.000000 0.809044
vn -0.309020 0.000000 0.951056
vn -0.309021 0.000000 0.951055
vn 0.000000 0.000000 1.000000
vn 0.000001 0.000000 1.000000
vn 0.309058 0.000000 0.951043
vn 0.309058 0.000000 0.951043
vn 0.587729 0.000000 0.809058
vn 0.587729 0.000000 0.809058
vn 0.809041 0.000016 0.587752
vn 0.809042 0.000016 0.587752
vn 0.951060 0.000016 0.309006
vn 0.951070 0.000016 0.308975
vn 1.000000 -0.000001 -0.000000
vn 1.000000 -0.000001 0.000000
vn 0.575275 -0.796321 -0.186899
vn 0.489331 -0.796332 -0.355542
vn 0.541472 -0.742987 -0.393419
vn 0.636560 -0.742977 -0.206823
vn 0.355567 -0.796302 -0.489362
vn 0.393441 -0.742963 -0.541488
vn 0.186958 -0.796300 -0.575285
vn 0.206821 -0.742969 -0.636571
vn -0.000000 -0.796303 -0.604898
vn -0.000014 -0.742972 -0.669323
vn -0.186944 -0.796314 -0.575271
vn -0.206833 -0.742972 -0.636564
vn -0.355552 -0.796319 -0.489345
vn -0.393422 -0.742974 -0.541488
vn -0.489335 -0.796328 -0.355546
vn -0.541475 -0.742981 -0.393425
vn -0.575267 -0.796326 -0.186902
vn -0.636567 -0.742974 -0.206815
vn -0.604877 -0.796319 0.000000
vn -0.669329 -0.742967 0.000000
vn -0.575266 -0.796324 0.186916
vn -0.636558 -0.742978 0.206828
vn -0.489341 -0.796321 0.355554
vn -0.541469 -0.742985 0.393427
vn -0.355563 -0.796315 0.489344
vn -0.393432 -0.742972 0.541483
vn -0.186943 -0.796323 0.575258
vn -0.206829 -0.742976 0.636560
vn 0.000056 -0.796324 0.604870
vn 0.000040 -0.742991 0.669302
vn 0.186931 -0.796311 0.575279
vn 0.206821 -0.742986 0.636550
vn 0.355523 -0.796323 0.489359
vn 0.393408 -0.742974 0.541498
vn 0.489325 -0.796349 0.355512
vn 0.541463 -0.742994 0.393419
vn 0.575254 -0.796337 0.186898
vn 0.636541 -0.742995 0.206819
vn 0.604900 -0.796301 0.000008
vn 0.669335 -0.742961 0.000007
vn 0.712433 -0.473816 -0.517627
vn 0.837522 -0.473824 -0.272116
vn 0.517623 -0.473817 -0.712435
vn 0.272116 -0.473818 -0.837526
vn -0.000007 -0.473818 -0.880623
vn -0.272137 -0.473829 -0.837513
vn -0.517612 -0.473834 -0.712432
vn -0.712430 -0.473834 -0.517614
vn -0.837520 -0.473829 -0.272114
vn -0.880610 -0.473842 0.000000
vn -0.837514 -0.473832 0.272128
vn -0.712426 -0.473825 0.517628
vn -0.517619 -0.473828 0.712431
vn -0.272135 -0.473824 0.837516
vn 0.000007 -0.473823 0.880620
vn 0.272124 -0.473833 0.837515
vn 0.517621 -0.473817 0.712437
vn 0.712438 -0.473815 0.517621
vn 0.837519 -0.473828 0.272119
vn 0.880612 -0.473839 0.000010
vn 0.801726 -0.133916 -0.582497
vn 0.942492 -0.133928 -0.306222
vn 0.582493 -0.133917 -0.801728
vn 0.306237 -0.133924 -0.942488
vn 0.000006 -0.133935 -0.990990
vn -0.306243 -0.133938 -0.942484
vn -0.582487 -0.133924 -0.801731
vn -0.801736 -0.133917 -0.582482
vn -0.942491 -0.133928 -0.306225
vn -0.990990 -0.133936 0.000000
vn -0.942485 -0.133930 0.306242
vn -0.801729 -0.133919 0.582491
vn -0.582501 -0.133930 0.801720
vn -0.306243 -0.133935 0.942484
vn -0.000000 -0.133931 0.990991
vn 0.306254 -0.133935 0.942481
vn 0.582507 -0.133936 0.801715
vn 0.801725 -0.133929 0.582495
vn 0.942490 -0.133926 0.306228
vn 0.990990 -0.133936 0.000011
vn 0.949997 0.047181 -0.308673
vn 0.949993 0.047182 -0.308687
vn 0.808125 0.047214 -0.587116
vn 0.808139 0.047214 -0.587096
vn 0.998886 0.047182 -0.000000
vn 0.998886 0.047182 -0.000000
vn 0.587122 0.047206 -0.808121
vn 0.587134 0.047206 -0.808112
vn 0.308653 0.047142 -0.950006
vn 0.308645 0.047142 -0.950008
vn -0.000035 0.047121 -0.998889
vn -0.000035 0.047121 -0.998889
vn -0.308691 0.047142 -0.949993
vn -0.308676 0.047142 -0.949998
vn -0.587125 0.047155 -0.808122
vn -0.587131 0.047155 -0.808117
vn -0.808135 0.047128 -0.587108
vn -0.808140 0.047128 -0.587103
vn -0.949998 0.047147 -0.308675
vn -0.950003 0.047147 -0.308662
vn -0.998886 0.047182 -0.000000
vn -0.998886 0.047182 -0.000000
vn -0.950003 0.047146 0.308660
vn -0.950008 0.047146 0.308646
vn -0.808123 0.047094 0.587128
vn -0.808130 0.047094 0.587118
vn -0.587132 0.047077 0.808121
vn -0.587122 0.047077 0.808128
vn -0.308722 0.047103 0.949985
vn -0.308707 0.047103 0.949990
vn 0.000000 0.047124 0.998889
vn 0.000000 0.047124 0.998889
vn 0.308670 0.047081 0.950003
vn 0.308686 0.047081 0.949998
vn 0.587135 0.047129 0.808116
vn 0.587131 0.047129 0.808119
vn 0.808124 0.047196 0.587119
vn 0.808138 0.047196 0.587099
vn 0.949996 0.047180 0.308676
vn 0.950001 0.047180 0.308663
vn -0.002331 0.999996 0.001693
vn -0.001694 0.999996 0.002330
vn -0.001694 0.999996 0.002330
vn -0.002331 0.999996 0.001693
vn -0.000889 0.999996 0.002737
vn -0.000889 0.999996 0.002737
vn -0.000000 0.999996 0.002876
vn -0.000000 0.999996 0.002876
vn 0.000889 0.999996 0.002736
vn 0.000889 0.999996 0.002736
vn 0.001692 0.999996 0.002328
vn 0.001692 0.999996 0.002328
vn 0.002329 0.999996 0.001692
vn 0.002329 0.999996 0.001692
vn 0.002737 0.999996 0.000888
vn 0.002737 0.999996 0.000888
vn 0.002876 0.999996 -0.000001
vn 0.002876 0.999996 -0.000001
vn 0.002737 0.999996 -0.000888
vn 0.002737 0.999996 -0.000888
vn 0.002336 0.999996 -0.001695
vn 0.002336 0.999996 -0.001695
vn 0.001702 0.999996 -0.002340
vn 0.001702 0.999996 -0.002340
vn 0.000892 0.999996 -0.002750
vn 0.000892 0.999996 -0.002750
vn -0.000001 0.999996 -0.002884
vn -0.000001 0.999996 -0.002884
vn -0.000890 0.999996 -0.002740
vn -0.000890 0.999996 -0.002740
vn -0.001694 0.999996 -0.002331
vn -0.001694 0.999996 -0.002332
vn -0.002332 0.999996 -0.001694
vn -0.002332 0.999996 -0.001694
vn -0.002738 0.999996 -0.000889
vn -0.002738 0.999996 -0.000889
vn -0.002877 0.999996 0.000000
vn -0.002877 0.999996 0.000000
vn -0.002738 0.999996 0.000889
vn -0.002738 0.999996 0.000889
vn -0.805946 -0.087006 0.585561
vn -0.805945 -0.087006 0.585562
vn -0.947451 -0.087005 0.307842
vn -0.947451 -0.087005 0.307841
vn -0.585573 -0.086999 0.805938
vn -0.585572 -0.086999 0.805938
vn -0.307860 -0.086995 0.947446
vn -0.307859 -0.086995 0.947447
vn -0.000027 -0.087000 0.996208
vn -0.000027 -0.087000 0.996208
vn 0.307804 -0.087006 0.947463
vn 0.307802 -0.087006 0.947464
vn 0.585568 -0.087000 0.805941
vn 0.585568 -0.087000 0.805941
vn 0.805967 -0.086996 0.585533
vn 0.805967 -0.086996 0.585533
vn 0.947452 -0.086996 0.307842
vn 0.947453 -0.086996 0.307840
vn 0.996208 -0.087003 0.000019
vn 0.996208 -0.087003 0.000018
vn 0.947443 -0.087009 -0.307866
vn 0.947443 -0.087009 -0.307866
vn 0.805956 -0.087004 -0.585548
vn 0.805956 -0.087004 -0.585547
vn 0.585554 -0.087003 -0.805951
vn 0.585554 -0.087003 -0.805951
vn 0.307778 -0.087003 -0.947472
vn 0.307777 -0.087003 -0.947472
vn 0.000013 -0.087005 -0.996208
vn 0.000014 -0.087005 -0.996208
vn -0.307809 -0.087012 -0.947461
vn -0.307809 -0.087012 -0.947461
vn -0.585586 -0.087006 -0.805928
vn -0.585584 -0.087006 -0.805929
vn -0.805946 -0.087003 -0.585561
vn -0.805946 -0.087003 -0.585560
vn -0.947449 -0.087010 -0.307847
vn -0.947448 -0.087010 -0.307849
vn -0.996208 -0.087000 0.000027
vn -0.996208 -0.087000 0.000027
vn 0.000002 -1.000000 -0.000008
vn 0.000005 -1.000000 -0.000002
vn 0.000005 -1.000000 -0.000002
vn 0.000002 -1.000000 -0.000008
vn 0.000010 -1.000000 0.000004
vn 0.000010 -1.000000 0.000004
vn 0.000004 -1.000000 -0.000003
vn 0.000004 -1.000000 -0.000003
vn -0.000002 -1.000000 -0.000009
vn -0.000002 -1.000000 -0.000009
vn -0.000006 -1.000000 -0.000004
vn -0.000006 -1.000000 -0.000004
vn -0.000003 -1.000000 -0.000008
vn -0.000003 -1.000000 -0.000008
vn 0.000004 -1.000000 -0.000012
vn 0.000004 -1.000000 -0.000012
vn -0.000001 -1.000000 0.000003
vn -0.000001 -1.000000 0.000003
vn -0.000004 -1.000000 0.000007
vn -0.000004 -1.000000 0.000007
vn -0.000002 -1.000000 0.000000
vn -0.000002 -1.000000 -0.000000
vn -0.000002 -1.000000 0.000002
vn -0.000002 -1.000000 0.000002
vn 0.000000 -1.000000 -0.000001
vn 0.000000 -1.000000 -0.000001
vn 0.000002 -1.000000 0.000005
vn 0.000002 -1.000000 0.000005
vn 0.000003 -1.000000 0.000006
vn 0.000003 -1.000000 0.000006
vn -0.000001 -1.000000 0.000007
vn -0.000001 -1.000000 0.000007
vn -0.000004 -1.000000 0.000007
vn -0.000004 -1.000000 0.000007
vn 0.000004 -1.000000 -0.000002
vn 0.000004 -1.000000 -0.000002
vn 0.000004 -1.000000 0.000002
vn 0.000004 -1.000000 0.000002
vn 0.000001 -1.000000 -0.000000
vn 0.000001 -1.000000 0.000000
vn -0.951064 0.000000 0.308993
vn -0.809017 0.000000 0.587786
vn -0.809017 0.000000 0.587786
vn -0.951065 0.000000 0.308991
vn -0.587733 0.000000 0.809055
vn -0.587731 0.000000 0.809056
vn -0.308995 -0.000004 0.951064
vn -0.309002 -0.000004 0.951062
vn 0.000000 -0.000008 1.000000
vn 0.000000 -0.000008 1.000000
vn 0.308973 -0.000012 0.951071
vn 0.308979 -0.000012 0.951069
vn 0.587752 -0.000024 0.809041
vn 0.587752 -0.000024 0.809041
vn 0.809058 -0.000016 0.587729
vn 0.809039 -0.000016 0.587755
vn 0.951049 -0.000000 0.309040
vn 0.951049 -0.000000 0.309040
vn 1.000000 0.000000 0.000025
vn 1.000000 0.000000 0.000027
vn 0.951049 0.000000 -0.309042
vn 0.951048 0.000000 -0.309042
vn 0.809014 0.000000 -0.587789
vn 0.809014 0.000000 -0.587789
vn 0.587777 0.000000 -0.809023
vn 0.587777 0.000000 -0.809023
vn 0.309052 0.000000 -0.951045
vn 0.309053 0.000000 -0.951045
vn 0.000000 0.000000 -1.000000
vn 0.000001 0.000000 -1.000000
vn -0.309088 0.000000 -0.951033
vn -0.309089 0.000000 -0.951033
vn -0.587784 0.000016 -0.809018
vn -0.587780 0.000016 -0.809021
vn -0.808978 0.000016 -0.587838
vn -0.808978 0.000016 -0.587839
vn -0.951070 0.000000 -0.308977
vn -0.951070 0.000000 -0.308977
vn -1.000000 0.000000 0.000023
vn -1.000000 0.000000 0.000024
vn 0.000001 1.000000 0.000007
vn -0.000003 1.000000 0.000001
vn -0.000003 1.000000 0.000001
vn 0.000001 1.000000 0.000007
vn -0.000008 1.000000 -0.000004
vn -0.000008 1.000000 -0.000004
vn -0.000004 1.000000 0.000002
vn -0.000004 1.000000 0.000002
vn 0.000001 1.000000 0.000004
vn 0.000001 1.000000 0.000004
vn 0.000006 1.000000 -0.000001
vn 0.000006 1.000000 -0.000001
vn 0.000003 1.000000 0.000006
vn 0.000003 1.000000 0.000006
vn -0.000009 1.000000 0.000019
vn -0.000009 1.000000 0.000019
vn -0.000002 1.000000 -0.000004
vn -0.000002 1.000000 -0.000004
vn 0.000006 1.000000 -0.000015
vn 0.000006 1.000000 -0.000015
vn 0.000002 1.000000 0.000003
vn 0.000002 1.000000 0.000003
vn 0.000000 1.000000 0.000001
vn 0.000000 1.000000 0.000001
vn -0.000002 1.000000 -0.000003
vn -0.000002 1.000000 -0.000003
vn -0.000002 1.000000 -0.000007
vn -0.000002 1.000000 -0.000007
vn -0.000003 1.000000 -0.000003
vn -0.000003 1.000000 -0.000003
vn 0.000002 1.000000 -0.000004
vn 0.000002 1.000000 -0.000004
vn 0.000004 1.000000 -0.000008
vn 0.000004 1.000000 -0.000008
vn -0.000005 1.000000 0.000002
vn -0.000005 1.000000 0.000002
vn -0.000005 1.000000 0.000000
vn -0.000005 1.000000 0.000000
vn -0.000000 1.000000 -0.000002
vn -0.000000 1.000000 -0.000002
vn -0.951075 -0.000024 0.308962
vn -0.808999 -0.000024 0.587809
vn -0.809000 -0.000024 0.587809
vn -0.951066 -0.000024 0.308989
vn -0.587737 0.000000 0.809052
vn -0.587735 0.000000 0.809053
vn -0.309095 0.000000 0.951031
vn -0.309095 0.000000 0.951031
vn -0.000080 -0.000007 1.000000
vn -0.000073 -0.000007 1.000000
vn 0.309043 -0.000017 0.951048
vn 0.309057 -0.000017 0.951043
vn 0.587789 -0.000010 0.809015
vn 0.587789 -0.000010 0.809014
vn 0.809030 0.000019 0.587767
vn 0.809028 0.000019 0.587771
vn 0.951049 0.000019 0.309040
vn 0.951049 0.000019 0.309041
vn 1.000000 0.000000 0.000028
vn 1.000000 0.000000 0.000032
vn 0.951052 0.000000 -0.309031
vn 0.951052 0.000000 -0.309031
vn 0.809017 0.000000 -0.587786
vn 0.809017 0.000000 -0.587785
vn 0.587764 0.000000 -0.809032
vn 0.587765 0.000000 -0.809032
vn 0.309002 0.000000 -0.951061
vn 0.309002 0.000000 -0.951061
vn 0.000077 0.000000 -1.000000
vn 0.000077 0.000000 -1.000000
vn -0.309067 0.000000 -0.951040
vn -0.309068 0.000000 -0.951040
vn -0.587852 0.000000 -0.808969
vn -0.587853 0.000000 -0.808968
vn -0.808987 0.000000 -0.587827
vn -0.808986 0.000000 -0.587828
vn -0.951061 0.000000 -0.309002
vn -0.951061 0.000000 -0.309002
vn -1.000000 0.000000 0.000030
vn -1.000000 0.000000 0.000030
vn -0.000000 -1.000000 -0.000008
vn 0.000003 -1.000000 -0.000004
vn 0.000003 -1.000000 -0.000004
vn -0.000000 -1.000000 -0.000008
vn 0.000010 -1.000000 0.000003
vn 0.000010 -1.000000 0.000003
vn 0.000000 -1.000000 0.000003
vn 0.000000 -1.000000 0.000003
vn -0.000006 -1.000000 -0.000002
vn -0.000006 -1.000000 -0.000002
vn -0.000004 -1.000000 -0.000001
vn -0.000004 -1.000000 -0.000001
vn 0.000001 -1.000000 -0.000006
vn 0.000001 -1.000000 -0.000006
vn 0.000012 -1.000000 -0.000021
vn 0.000012 -1.000000 -0.000021
vn 0.000003 -1.000000 0.000007
vn 0.000003 -1.000000 0.000007
vn -0.000004 -1.000000 0.000017
vn -0.000004 -1.000000 0.000017
vn 0.000000 -1.000000 -0.000003
vn 0.000000 -1.000000 -0.000003
vn -0.000001 -1.000000 0.000000
vn -0.000001 -1.000000 -0.000000
vn 0.000000 -1.000000 0.000002
vn 0.000000 -1.000000 0.000002
vn 0.000002 -1.000000 0.000002
vn 0.000002 -1.000000 0.000002
vn 0.000003 -1.000000 0.000001
vn 0.000003 -1.000000 0.000001
vn -0.000002 -1.000000 0.000007
vn -0.000002 -1.000000 0.000007
vn -0.000004 -1.000000 0.000010
vn -0.000004 -1.000000 0.000010
vn 0.000006 -1.000000 0.000000
vn 0.000006 -1.000000 -0.000000
vn 0.000007 -1.000000 -0.000001
vn 0.000007 -1.000000 -0.000001
vn 0.000002 -1.000000 0.000000
vn 0.000002 -1.000000 -0.000000
vn -0.951068 0.000000 0.308980
vn -0.809014 -0.000017 0.587789
vn -0.809014 -0.000017 0.587789
vn -0.951069 0.000000 0.308978
vn -0.587752 -0.000029 0.809041
vn -0.587758 -0.000029 0.809037
vn -0.308987 -0.000036 0.951066
vn -0.308987 -0.000036 0.951066
vn 0.000034 -0.000043 1.000000
vn 0.000033 -0.000043 1.000000
vn 0.308969 -0.000020 0.951072
vn 0.308967 -0.000020 0.951073
vn 0.587741 0.000000 0.809049
vn 0.587742 0.000000 0.809049
vn 0.809042 0.000000 0.587751
vn 0.809044 0.000000 0.587748
vn 0.951047 0.000000 0.309047
vn 0.951046 0.000000 0.309049
vn 1.000000 0.000000 0.000021
vn 1.000000 0.000000 0.000023
vn 0.951051 0.000000 -0.309036
vn 0.951050 0.000000 -0.309036
vn 0.809017 0.000000 -0.587785
vn 0.809017 0.000000 -0.587785
vn 0.587779 0.000000 -0.809022
vn 0.587779 0.000000 -0.809021
vn 0.309050 0.000000 -0.951046
vn 0.309050 0.000000 -0.951046
vn -0.000000 -0.000021 -1.000000
vn 0.000001 -0.000021 -1.000000
vn -0.309093 -0.000038 -0.951032
vn -0.309089 -0.000038 -0.951033
vn -0.587783 -0.000026 -0.809019
vn -0.587785 -0.000026 -0.809018
vn -0.808988 -0.000008 -0.587825
vn -0.808988 -0.000008 -0.587825
vn -0.951072 0.000000 -0.308971
vn -0.951072 0.000000 -0.308971
vn -1.000000 0.000000 0.000024
vn -1.000000 0.000000 0.000025
vn -0.156983 0.986282 0.051025
vn -0.133542 0.986282 0.097030
vn -0.000003 1.000000 0.000009
vn 0.000001 1.000000 0.000011
vn -0.097031 0.986284 0.133527
vn -0.000020 1.000000 0.000001
vn -0.051023 0.986282 0.156985
vn -0.000011 1.000000 0.000005
vn 0.000002 0.986283 0.165064
vn 0.000003 1.000000 0.000004
vn 0.051024 0.986281 0.156991
vn 0.000004 1.000000 -0.000001
vn 0.097015 0.986284 0.133536
vn 0.000001 1.000000 0.000002
vn 0.133523 0.986284 0.097035
vn -0.000008 1.000000 0.000014
vn 0.156976 0.986285 0.050999
vn -0.000001 1.000000 -0.000002
vn 0.165055 0.986284 -0.000011
vn 0.000007 1.000000 -0.000011
vn 0.156975 0.986285 -0.051005
vn 0.000002 1.000000 0.000002
vn 0.133536 0.986284 -0.097018
vn 0.000000 1.000000 -0.000001
vn 0.097019 0.986284 -0.133531
vn 0.000000 1.000000 -0.000001
vn 0.051005 0.986284 -0.156982
vn -0.000002 1.000000 -0.000002
vn -0.000005 0.986282 -0.165069
vn -0.000004 1.000000 -0.000004
vn -0.051007 0.986284 -0.156979
vn 0.000001 1.000000 -0.000003
vn -0.097009 0.986284 -0.133540
vn 0.000004 1.000000 -0.000002
vn -0.133529 0.986286 -0.097004
vn -0.000002 1.000000 0.000003
vn -0.156996 0.986281 -0.051004
vn -0.000001 1.000000 -0.000000
vn -0.165047 0.986286 -0.000001
vn -0.000001 1.000000 -0.000001
vn -0.946957 0.092705 0.307698
vn -0.877050 0.386746 0.284974
vn -0.922201 0.386712 0.000009
vn -0.995693 0.092715 0.000021
vn -0.360146 0.925526 0.117031
vn -0.378649 0.925540 -0.000001
vn -0.306367 0.925522 0.222595
vn -0.805547 0.092688 0.585238
vn -0.746062 0.386740 0.542055
vn -0.222591 0.925528 0.306353
vn -0.585257 0.092699 0.805532
vn -0.542058 0.386741 0.746060
vn -0.117045 0.925518 0.360161
vn -0.307715 0.092723 0.946950
vn -0.284948 0.386765 0.877051
vn 0.000000 0.925513 0.378716
vn -0.000028 0.092720 0.995692
vn -0.000002 0.386749 0.922185
vn 0.117041 0.925517 0.360165
vn 0.307678 0.092724 0.946962
vn 0.284927 0.386761 0.877059
vn 0.222569 0.925534 0.306348
vn 0.585257 0.092718 0.805530
vn 0.542026 0.386758 0.746073
vn 0.306313 0.925546 0.222568
vn 0.805539 0.092708 0.585245
vn 0.746078 0.386700 0.542062
vn 0.360117 0.925541 0.117004
vn 0.946964 0.092707 0.307676
vn 0.877085 0.386683 0.284951
vn 0.378645 0.925542 -0.000010
vn 0.995693 0.092709 -0.000001
vn 0.922197 0.386720 -0.000003
vn 0.360108 0.925545 -0.116997
vn 0.946962 0.092700 -0.307685
vn 0.877077 0.386693 -0.284964
vn 0.306316 0.925548 -0.222555
vn 0.805552 0.092696 -0.585229
vn 0.746093 0.386698 -0.542042
vn 0.222556 0.925551 -0.306307
vn 0.585223 0.092712 -0.805555
vn 0.542035 0.386725 -0.746084
vn 0.116999 0.925539 -0.360124
vn 0.307640 0.092704 -0.946976
vn 0.284919 0.386664 -0.877104
vn -0.000006 0.925527 -0.378682
vn 0.000039 0.092688 -0.995695
vn 0.000048 0.386688 -0.922211
vn -0.117033 0.925528 -0.360141
vn -0.307670 0.092693 -0.946967
vn -0.284935 0.386775 -0.877051
vn -0.222555 0.925540 -0.306341
vn -0.585270 0.092706 -0.805522
vn -0.542060 0.386761 -0.746047
vn -0.306341 0.925536 -0.222571
vn -0.805535 0.092714 -0.585250
vn -0.746063 0.386723 -0.542066
vn -0.360144 0.925529 -0.117010
vn -0.946962 0.092712 -0.307681
vn -0.877069 0.386714 -0.284959
vn 0.000003 -1.000000 -0.000026
vn 0.000007 -1.000000 -0.000016
vn -0.094251 -0.993191 0.068469
vn -0.110779 -0.993194 0.035975
vn 0.000024 -1.000000 0.000003
vn -0.068472 -0.993188 0.094280
vn 0.000004 -1.000000 0.000003
vn -0.036003 -0.993189 0.110812
vn -0.000014 -1.000000 -0.000011
vn -0.000010 -0.993192 0.116491
vn 0.000001 -1.000000 -0.000008
vn 0.036000 -0.993193 0.110781
vn 0.000003 -1.000000 -0.000013
vn 0.068491 -0.993190 0.094252
vn 0.000008 -1.000000 -0.000021
vn 0.094266 -0.993190 0.068465
vn -0.000003 -1.000000 0.000011
vn 0.110792 -0.993191 0.036010
vn -0.000011 -1.000000 0.000011
vn 0.116472 -0.993194 0.000008
vn -0.000002 -1.000000 0.000005
vn 0.110803 -0.993190 -0.035998
vn -0.000009 -1.000000 0.000005
vn 0.094253 -0.993190 -0.068483
vn 0.000002 -1.000000 0.000000
vn 0.068491 -0.993189 -0.094265
vn 0.000017 -1.000000 0.000016
vn 0.036015 -0.993191 -0.110787
vn 0.000003 -1.000000 0.000010
vn 0.000001 -0.993190 -0.116503
vn -0.000016 -1.000000 0.000017
vn -0.036022 -0.993190 -0.110797
vn -0.000015 -1.000000 0.000012
vn -0.068496 -0.993191 -0.094237
vn 0.000011 -1.000000 -0.000011
vn -0.094242 -0.993191 -0.068490
vn 0.000010 -1.000000 0.000000
vn -0.110792 -0.993191 -0.036002
vn 0.000001 -1.000000 -0.000005
vn -0.116498 -0.993191 -0.000004
vn -0.946961 -0.092660 0.307700
vn -0.805546 -0.092667 0.585242
vn -0.585248 -0.092667 0.805542
vn -0.307719 -0.092665 0.946954
vn -0.000027 -0.092668 0.995697
vn 0.307678 -0.092678 0.946966
vn 0.585259 -0.092694 0.805531
vn 0.805539 -0.092695 0.585247
vn 0.946964 -0.092671 0.307686
vn 0.995698 -0.092656 -0.000001
vn 0.946966 -0.092665 -0.307684
vn 0.805546 -0.092684 -0.585239
vn 0.585228 -0.092686 -0.805554
vn 0.307651 -0.092672 -0.946976
vn 0.000024 -0.092686 -0.995695
vn -0.307678 -0.092704 -0.946964
vn -0.585261 -0.092687 -0.805530
vn -0.805538 -0.092677 -0.585252
vn -0.946964 -0.092680 -0.307683
vn -0.995697 -0.092665 0.000021
vn -0.360074 -0.925559 0.116989
vn -0.378642 -0.925543 -0.000000
vn -0.877094 -0.386646 0.284977
vn -0.922199 -0.386715 0.000008
vn -0.746112 -0.386603 0.542084
vn -0.306311 -0.925554 0.222540
vn -0.542040 -0.386666 0.746112
vn -0.222545 -0.925548 0.306324
vn -0.284960 -0.386703 0.877074
vn -0.116999 -0.925546 0.360104
vn -0.000000 -0.386723 0.922196
vn -0.000002 -0.925547 0.378634
vn 0.284944 -0.386761 0.877053
vn 0.117005 -0.925544 0.360108
vn 0.541997 -0.386828 0.746059
vn 0.222571 -0.925545 0.306314
vn 0.746045 -0.386820 0.542021
vn 0.306336 -0.925542 0.222555
vn 0.877050 -0.386742 0.284980
vn 0.360083 -0.925553 0.117012
vn 0.922217 -0.386674 -0.000001
vn 0.378611 -0.925556 0.000003
vn 0.877069 -0.386682 -0.285002
vn 0.360113 -0.925542 -0.117007
vn 0.746080 -0.386733 -0.542035
vn 0.306323 -0.925544 -0.222562
vn 0.542019 -0.386781 -0.746067
vn 0.222577 -0.925533 -0.306347
vn 0.284947 -0.386753 -0.877056
vn 0.117021 -0.925521 -0.360162
vn -0.000016 -0.386729 -0.922194
vn -0.000003 -0.925521 -0.378697
vn -0.284970 -0.386725 -0.877061
vn -0.117048 -0.925529 -0.360133
vn -0.542017 -0.386751 -0.746084
vn -0.222596 -0.925541 -0.306309
vn -0.746063 -0.386758 -0.542042
vn -0.306298 -0.925553 -0.222560
vn -0.877056 -0.386753 -0.284947
vn -0.360100 -0.925548 -0.117003
vn -0.244391 0.966420 0.079401
vn -0.899324 0.325316 0.292209
vn -0.945619 0.325275 -0.000000
vn -0.256959 0.966422 -0.000001
vn -0.207896 0.966421 0.151026
vn -0.764999 0.325338 0.555816
vn -0.151030 0.966423 0.207888
vn -0.555803 0.325321 0.765016
vn -0.079401 0.966421 0.244388
vn -0.292181 0.325316 0.899333
vn -0.000000 0.966421 0.256962
vn -0.000000 0.325321 0.945604
vn 0.079406 0.966421 0.244386
vn 0.292173 0.325321 0.899334
vn 0.151046 0.966419 0.207895
vn 0.555803 0.325322 0.765015
vn 0.207894 0.966419 0.151047
vn 0.765002 0.325351 0.555804
vn 0.244393 0.966420 0.079406
vn 0.899315 0.325343 0.292206
vn 0.256961 0.966422 0.000000
vn 0.945612 0.325296 0.000000
vn 0.244393 0.966420 -0.079406
vn 0.899326 0.325317 -0.292202
vn 0.207893 0.966419 -0.151046
vn 0.765003 0.325320 -0.555821
vn 0.151035 0.966421 -0.207891
vn 0.555813 0.325287 -0.765023
vn 0.079405 0.966422 -0.244383
vn 0.292206 0.325289 -0.899335
vn -0.000000 0.966420 -0.256966
vn -0.000000 0.325340 -0.945597
vn -0.079401 0.966422 -0.244387
vn -0.292213 0.325294 -0.899330
vn -0.151021 0.966424 -0.207886
vn -0.555813 0.325291 -0.765022
vn -0.207898 0.966421 -0.151027
vn -0.765000 0.325307 -0.555833
vn -0.244393 0.966420 -0.079402
vn -0.899334 0.325291 -0.292206
vn -0.499913 0.850711 0.162413
vn -0.425254 0.850720 0.308926
vn -0.323910 0.916360 0.235303
vn -0.380769 0.916358 0.123703
vn -0.308949 0.850720 0.425236
vn -0.235318 0.916359 0.323901
vn -0.162416 0.850719 0.499898
vn -0.123709 0.916359 0.380765
vn -0.000000 0.850719 0.525621
vn -0.000000 0.916359 0.400358
vn 0.162436 0.850717 0.499896
vn 0.123724 0.916358 0.380763
vn 0.308971 0.850699 0.425263
vn 0.235336 0.916352 0.323908
vn 0.425238 0.850707 0.308982
vn 0.323903 0.916351 0.235347
vn 0.499912 0.850708 0.162431
vn 0.380771 0.916356 0.123716
vn 0.525635 0.850710 -0.000000
vn 0.400366 0.916355 -0.000000
vn 0.499911 0.850709 -0.162429
vn 0.380770 0.916356 -0.123715
vn 0.425234 0.850710 -0.308981
vn 0.323900 0.916352 -0.235346
vn 0.308974 0.850697 -0.425266
vn 0.235329 0.916355 -0.323905
vn 0.162441 0.850709 -0.499907
vn 0.123725 0.916356 -0.380768
vn -0.000000 0.850710 -0.525636
vn -0.000000 0.916357 -0.400362
vn -0.162421 0.850712 -0.499909
vn -0.123710 0.916356 -0.380771
vn -0.308949 0.850720 -0.425237
vn -0.235311 0.916362 -0.323898
vn -0.425252 0.850721 -0.308924
vn -0.323909 0.916360 -0.235302
vn -0.499913 0.850711 -0.162413
vn -0.380769 0.916358 -0.123703
vn -0.525641 0.850706 -0.000000
vn -0.400366 0.916355 -0.000000
vn 0.930115 0.208710 -0.302203
vn 0.977978 0.208707 0.000006
vn 0.791198 0.208704 -0.574847
vn 0.574843 0.208709 -0.791199
vn 0.302211 0.208714 -0.930111
vn 0.000008 0.208710 -0.977978
vn -0.302211 0.208720 -0.930110
vn -0.574845 0.208737 -0.791190
vn -0.791207 0.208731 -0.574823
vn -0.930113 0.208715 -0.302206
vn -0.977977 0.208714 -0.000000
vn -0.930111 0.208712 0.302215
vn -0.791203 0.208713 0.574837
vn -0.574862 0.208720 0.791183
vn -0.302201 0.208718 0.930114
vn 0.000000 0.208712 0.977977
vn 0.302225 0.208712 0.930107
vn 0.574858 0.208705 0.791189
vn 0.791199 0.208706 0.574845
vn 0.930117 0.208702 0.302201
vn 0.720543 0.454696 -0.523516
vn 0.847055 0.454701 -0.275219
vn 0.523512 0.454681 -0.720556
vn 0.275248 0.454687 -0.847053
vn -0.000000 0.454678 -0.890656
vn -0.275234 0.454698 -0.847052
vn -0.523524 0.454693 -0.720540
vn -0.720556 0.454674 -0.523517
vn -0.847069 0.454677 -0.275216
vn -0.890655 0.454681 -0.000001
vn -0.847070 0.454676 0.275213
vn -0.720555 0.454671 0.523522
vn -0.523537 0.454674 0.720542
vn -0.275210 0.454685 0.847066
vn 0.000001 0.454682 0.890654
vn 0.275204 0.454696 0.847062
vn 0.523522 0.454693 0.720541
vn 0.720559 0.454690 0.523500
vn 0.847064 0.454687 0.275212
vn 0.890650 0.454690 -0.000002
vn 0.681450 0.697565 -0.221425
vn 0.596534 0.778832 -0.193824
vn 0.627233 0.778832 -0.000001
vn 0.716527 0.697559 -0.000002
vn 0.579689 0.697559 -0.421155
vn 0.507474 0.778816 -0.368668
vn 0.421194 0.697544 -0.579678
vn 0.368711 0.778820 -0.507437
vn 0.221428 0.697545 -0.681470
vn 0.193817 0.778837 -0.596530
vn -0.000012 0.697535 -0.716551
vn -0.000016 0.778838 -0.627226
vn -0.221459 0.697537 -0.681467
vn -0.193861 0.778833 -0.596521
vn -0.421181 0.697533 -0.579702
vn -0.368679 0.778831 -0.507443
vn -0.579693 0.697540 -0.421181
vn -0.507437 0.778842 -0.368664
vn -0.681482 0.697542 -0.221401
vn -0.596539 0.778833 -0.193806
vn -0.716532 0.697554 -0.000000
vn -0.627216 0.778845 0.000001
vn -0.681455 0.697564 0.221413
vn -0.596515 0.778848 0.193821
vn -0.579678 0.697554 0.421179
vn -0.507415 0.778848 0.368680
vn -0.421214 0.697530 0.579682
vn -0.368710 0.778837 0.507411
vn -0.221444 0.697531 0.681478
vn -0.193853 0.778836 0.596520
vn 0.000001 0.697535 0.716551
vn 0.000003 0.778837 0.627226
vn 0.221418 0.697536 0.681482
vn 0.193848 0.778832 0.596527
vn 0.421190 0.697534 0.579695
vn 0.368705 0.778829 0.507427
vn 0.579700 0.697552 0.421153
vn 0.507436 0.778840 0.368668
vn 0.681469 0.697549 0.221417
vn 0.596546 0.778825 0.193818
vn 0.417226 0.856768 -0.303102
vn 0.490452 0.856777 -0.159341
vn 0.303056 0.856789 -0.417217
vn 0.159355 0.856783 -0.490438
vn -0.000002 0.856779 -0.515684
vn -0.159375 0.856783 -0.490430
vn -0.303060 0.856813 -0.417164
vn -0.417183 0.856800 -0.303073
vn -0.490422 0.856790 -0.159366
vn -0.515655 0.856797 0.000001
vn -0.490443 0.856777 0.159370
vn -0.417150 0.856800 0.303118
vn -0.303102 0.856791 0.417179
vn -0.159388 0.856778 0.490435
vn 0.000000 0.856780 0.515682
vn 0.159355 0.856789 0.490426
vn 0.303091 0.856811 0.417147
vn 0.417140 0.856824 0.303062
vn 0.490417 0.856796 0.159349
vn 0.515662 0.856792 0.000001
vn -0.916008 0.268976 0.297626
vn -0.779199 0.268980 0.566126
vn -0.779199 0.268980 0.566126
vn -0.916008 0.268976 0.297626
vn -0.566116 0.268979 0.779206
vn -0.566116 0.268979 0.779207
vn -0.297627 0.268979 0.916007
vn -0.297627 0.268979 0.916007
vn 0.000000 0.268979 0.963146
vn 0.000000 0.268979 0.963146
vn 0.297627 0.268978 0.916007
vn 0.297628 0.268978 0.916007
vn 0.566115 0.268979 0.779208
vn 0.566114 0.268979 0.779208
vn 0.779199 0.268981 0.566126
vn 0.779199 0.268981 0.566126
vn 0.916008 0.268976 0.297624
vn 0.916009 0.268976 0.297624
vn 0.963147 0.268977 -0.000000
vn 0.963147 0.268977 -0.000000
vn 0.916006 0.268979 -0.297631
vn 0.916006 0.268979 -0.297631
vn 0.779203 0.268976 -0.566123
vn 0.779203 0.268976 -0.566123
vn 0.566125 0.268976 -0.779201
vn 0.566125 0.268976 -0.779201
vn 0.297621 0.268977 -0.916009
vn 0.297621 0.268977 -0.916009
vn -0.000000 0.268978 -0.963146
vn -0.000000 0.268978 -0.963146
vn -0.297620 0.268977 -0.916010
vn -0.297620 0.268977 -0.916010
vn -0.566127 0.268975 -0.779200
vn -0.566127 0.268975 -0.779200
vn -0.779202 0.268976 -0.566123
vn -0.779202 0.268976 -0.566123
vn -0.916005 0.268979 -0.297632
vn -0.916005 0.268979 -0.297632
vn -0.963147 0.268977 0.000000
vn -0.963147 0.268977 0.000000
vn 0.916007 -0.268976 -0.297630
vn 0.916007 -0.268976 -0.297631
vn 0.779201 -0.268978 -0.566124
vn 0.779201 -0.268978 -0.566124
vn 0.566124 -0.268980 -0.779201
vn 0.566123 -0.268980 -0.779202
vn 0.297640 -0.268976 -0.916004
vn 0.297640 -0.268976 -0.916004
vn -0.000000 -0.268978 -0.963146
vn -0.000000 -0.268978 -0.963146
vn -0.297640 -0.268977 -0.916003
vn -0.297640 -0.268977 -0.916003
vn -0.566121 -0.268979 -0.779203
vn -0.566121 -0.268979 -0.779203
vn -0.779200 -0.268978 -0.566125
vn -0.779200 -0.268978 -0.566125
vn -0.916006 -0.268977 -0.297631
vn -0.916006 -0.268977 -0.297630
vn -0.963147 -0.268977 0.000000
vn -0.963147 -0.268977 0.000000
vn -0.916008 -0.268975 0.297628
vn -0.916008 -0.268975 0.297628
vn -0.779201 -0.268977 0.566125
vn -0.779201 -0.268977 0.566125
vn -0.566120 -0.268978 0.779204
vn -0.566120 -0.268978 0.779204
vn -0.297633 -0.268977 0.916005
vn -0.297633 -0.268977 0.916005
vn -0.000000 -0.268978 0.963146
vn -0.000000 -0.268978 0.963146
vn 0.297633 -0.268978 0.916005
vn 0.297633 -0.268978 0.916005
vn 0.566123 -0.268979 0.779202
vn 0.566123 -0.268979 0.779202
vn 0.779201 -0.268977 0.566125
vn 0.779201 -0.268977 0.566125
vn 0.916008 -0.268975 0.297628
vn 0.916008 -0.268975 0.297628
vn 0.963147 -0.268977 -0.000000
vn 0.963147 -0.268977 -0.000000
vn 0.000000 -1.000000 0.000001
vn 0.000000 -1.000000 0.000002
vn 0.000000 -1.000000 0.000002
vn 0.000000 -1.000000 0.000001
vn 0.000000 1.000000 -0.000000
vn 0.000000 1.000000 0.000001
vn 0.000000 1.000000 0.000001
vn 0.000000 1.000000 -0.000000
vn 0.000000 -1.000000 0.000002
vn 0.000000 -1.000000 0.000002
vn 0.000000 1.000000 -0.000000
vn 0.000000 1.000000 -0.000000
vn 0.000000 -1.000000 0.000000
vn 0.000000 -1.000000 0.000000
vn 0.000000 1.000000 0.000001
vn 0.000000 1.000000 0.000001
vn 0.000000 -1.000000 -0.000000
vn 0.000000 -1.000000 -0.000000
vn 0.000000 1.000000 -0.000001
vn 0.000000 1.000000 -0.000001
vn 0.000000 -1.000000 -0.000002
vn 0.000000 -1.000000 -0.000002
vn 0.000000 1.000000 -0.000003
vn 0.000000 1.000000 -0.000003
vn 0.000000 -1.000000 -0.000002
vn 0.000000 -1.000000 -0.000002
vn 0.000000 1.000000 0.000000
vn 0.000000 1.000000 0.000000
vn 0.000000 -1.000000 -0.000001
vn 0.000000 -1.000000 -0.000001
vn 0.000000 1.000000 0.000002
vn 0.000000 1.000000 0.000002
vn 0.000000 -1.000000 -0.000000
vn 0.000000 -1.000000 -0.000000
vn 0.000000 1.000000 0.000000
vn 0.000000 1.000000 0.000000
vn 0.000000 -1.000000 -0.000000
vn 0.000000 -1.000000 -0.000000
vn 0.000000 1.000000 0.000000
vn 0.000000 1.000000 0.000000
vn 0.000000 -1.000000 -0.000000
vn 0.000000 -1.000000 -0.000000
vn 0.000000 1.000000 -0.000001
vn 0.000000 1.000000 -0.000001
vn 0.000000 -1.000000 0.000000
vn 0.000000 -1.000000 0.000000
vn 0.000000 1.000000 -0.000003
vn 0.000000 1.000000 -0.000003
vn 0.000000 -1.000000 0.000002
vn 0.000000 -1.000000 0.000002
vn 0.000000 1.000000 -0.000000
vn 0.000000 1.000000 -0.000000
vn 0.000000 -1.000000 0.000002
vn 0.000000 -1.000000 0.000002
vn 0.000000 1.000000 0.000002
vn 0.000000 1.000000 0.000002
vn 0.000000 -1.000000 0.000000
vn 0.000000 -1.000000 0.000000
vn 0.000000 1.000000 0.000001
vn 0.000000 1.000000 0.000001
vn 0.000000 -1.000000 -0.000002
vn 0.000000 -1.000000 -0.000002
vn 0.000000 1.000000 -0.000000
vn 0.000000 1.000000 -0.000000
vn 0.000000 -1.000000 -0.000003
vn 0.000000 -1.000000 -0.000003
vn 0.000000 1.000000 -0.000000
vn 0.000000 1.000000 -0.000000
vn 0.000000 -1.000000 -0.000002
vn 0.000000 -1.000000 -0.000002
vn 0.000000 1.000000 0.000001
vn 0.000000 1.000000 0.000001
vn 0.000000 -1.000000 -0.000001
vn 0.000000 -1.000000 -0.000001
vn 0.000000 1.000000 0.000000
vn 0.000000 1.000000 0.000000
vn 0.000000 -1.000000 -0.000000
vn 0.000000 -1.000000 -0.000000
vn 0.000000 1.000000 0.000000
vn 0.000000 1.000000 0.000000
vn -0.000000 0.309057 0.951044
vn -0.000004 0.587761 0.809035
vn -0.000004 0.587761 0.809035
vn -0.000000 0.309049 0.951046
vn -0.000001 0.808970 0.587850
vn -0.000001 0.808975 0.587842
vn 0.000000 0.951027 0.309107
vn 0.000000 0.951025 0.309115
vn 0.000000 1.000000 -0.000009
vn 0.000000 1.000000 0.000009
vn 0.000000 0.951064 -0.308994
vn 0.000000 0.951064 -0.308994
vn -0.000004 0.808974 -0.587844
vn -0.000004 0.808974 -0.587844
vn -0.000004 0.587765 -0.809032
vn -0.000004 0.587765 -0.809032
vn -0.000000 0.309061 -0.951042
vn -0.000000 0.309061 -0.951042
vn 0.000000 -0.000000 -1.000000
vn 0.000000 0.000000 -1.000000
vn 0.000000 -0.309065 -0.951041
vn 0.000000 -0.309065 -0.951041
vn -0.000003 -0.587772 -0.809027
vn -0.000003 -0.587772 -0.809027
vn -0.000004 -0.808981 -0.587834
vn -0.000004 -0.808981 -0.587834
vn -0.000000 -0.951064 -0.308994
vn -0.000000 -0.951064 -0.308994
vn -0.000000 -1.000000 -0.000009
vn -0.000000 -1.000000 0.000009
vn -0.000001 -0.951027 0.309107
vn -0.000001 -0.951025 0.309115
vn -0.000002 -0.808984 0.587830
vn -0.000002 -0.808984 0.587830
vn -0.000003 -0.587781 0.809020
vn -0.000003 -0.587774 0.809025
vn -0.000005 -0.309062 0.951042
vn -0.000005 -0.309062 0.951042
vn -0.000001 0.000009 1.000000
vn -0.000001 0.000000 1.000000
vn 1.000000 0.000000 0.000000
vn 1.000000 -0.000162 -0.000052
vn 1.000000 0.000008 -0.000008
vn 1.000000 0.000121 -0.000105
vn 1.000000 -0.000040 -0.000068
vn 1.000000 0.000000 0.000089
vn 1.000000 0.000000 0.000000
vn 1.000000 0.000000 0.000000
vn 1.000000 0.000162 0.000000
vn 1.000000 -0.000000 0.000000
vn 1.000000 -0.000000 0.000000
vn 1.000000 0.000162 0.000000
vn 1.000000 0.000000 0.000000
vn 1.000000 -0.000040 0.000000
vn 1.000000 -0.000040 0.000000
vn 1.000000 0.000000 0.000089
vn 1.000000 0.000000 -0.000068
vn 1.000000 -0.000162 -0.000105
vn 1.000000 -0.000000 0.000053
vn 1.000000 0.000162 0.000000
vn 1.000000 0.000000 0.000000
vn -1.000000 0.000162 -0.000133
vn -1.000000 -0.000161 -0.000045
vn -1.000000 -0.000004 -0.000062
vn -1.000000 -0.000323 -0.000065
vn -1.000000 0.000000 -0.000187
vn -1.000000 0.000000 -0.000089
vn -1.000000 -0.000040 0.000000
vn -1.000000 -0.000040 0.000000
vn -1.000000 0.000000 0.000000
vn -1.000000 0.000000 0.000000
vn -1.000000 0.000000 0.000000
vn -1.000000 0.000000 0.000000
vn -1.000000 0.000000 0.000000
vn -1.000000 0.000081 0.000000
vn -1.000000 0.000081 0.000000
vn -1.000000 0.000000 -0.000089
vn -1.000000 0.000000 -0.000187
vn -1.000000 0.000081 -0.000137
vn -1.000000 0.000081 -0.000089
vn -1.000000 0.000000 -0.000105
vn -1.000000 0.000000 -0.000110
vn 0.000001 0.309057 0.951043
vn 0.000002 0.587773 0.809026
vn 0.000002 0.587773 0.809026
vn 0.000001 0.309057 0.951043
vn 0.000001 0.808982 0.587833
vn 0.000001 0.808982 0.587833
vn -0.000001 0.951026 0.309112
vn -0.000001 0.951026 0.309112
vn 0.000000 1.000000 0.000000
vn 0.000000 1.000000 0.000000
vn -0.000000 0.951057 -0.309015
vn -0.000000 0.951057 -0.309015
vn 0.000003 0.808971 -0.587849
vn 0.000003 0.808971 -0.587849
vn 0.000004 0.587767 -0.809030
vn 0.000004 0.587774 -0.809025
vn -0.000003 0.309068 -0.951040
vn -0.000003 0.309060 -0.951043
vn -0.000003 0.000000 -1.000000
vn -0.000003 0.000000 -1.000000
vn -0.000000 -0.309085 -0.951034
vn -0.000000 -0.309077 -0.951037
vn 0.000003 -0.587767 -0.809030
vn 0.000003 -0.587774 -0.809025
vn 0.000004 -0.808964 -0.587858
vn 0.000004 -0.808964 -0.587858
vn 0.000001 -0.951062 -0.309001
vn 0.000001 -0.951062 -0.309001
vn -0.000000 -1.000000 0.000000
vn -0.000000 -1.000000 0.000000
vn -0.000000 -0.951034 0.309085
vn -0.000000 -0.951034 0.309085
vn 0.000001 -0.808975 0.587843
vn 0.000001 -0.808975 0.587843
vn 0.000001 -0.587759 0.809036
vn 0.000001 -0.587759 0.809036
vn -0.000002 -0.309070 0.951039
vn -0.000002 -0.309070 0.951039
vn 0.000000 -0.000000 1.000000
vn 0.000000 0.000000 1.000000
vn 1.000000 0.000000 0.000000
vn 1.000000 0.000000 0.000000
vn 1.000000 -0.000000 0.000026
vn 1.000000 -0.000081 0.000000
vn 1.000000 -0.000081 0.000000
vn 1.000000 0.000000 0.000000
vn 1.000000 0.000000 0.000085
vn 1.000000 0.000000 0.000105
vn 1.000000 0.000000 0.000045
vn 1.000000 -0.000162 0.000025
vn 1.000000 -0.000000 0.000000
vn 1.000000 0.000162 0.000025
vn 1.000000 0.000000 0.000045
vn 1.000000 0.000000 0.000105
vn 1.000000 0.000000 0.000085
vn 1.000000 0.000000 0.000000
vn 1.000000 0.000081 0.000000
vn 1.000000 0.000081 0.000000
vn 1.000000 0.000000 0.000000
vn 1.000000 0.000000 0.000000
vn 1.000000 0.000000 0.000000
vn -1.000000 0.000000 0.000000
vn -1.000000 0.000000 0.000000
vn -1.000000 0.000004 0.000021
vn -1.000000 0.000000 0.000000
vn -1.000000 0.000000 0.000000
vn -1.000000 0.000000 0.000000
vn -1.000000 -0.000040 0.000085
vn -1.000000 -0.000121 0.000105
vn -1.000000 -0.000081 -0.000008
vn -1.000000 0.000000 0.000000
vn -1.000000 0.000000 0.000055
vn -1.000000 0.000000 0.000000
vn -1.000000 0.000000 -0.000008
vn -1.000000 0.000081 0.000105
vn -1.000000 0.000081 0.000085
vn -1.000000 0.000000 0.000000
vn -1.000000 0.000000 0.000000
vn -1.000000 0.000081 0.000000
vn -1.000000 0.000081 0.000000
vn -1.000000 0.000000 0.000000
vn -1.000000 0.000000 0.000000
vn -0.951073 0.308967 0.000001
vn -0.809002 0.587807 0.000000
vn -0.809002 0.587807 0.000000
vn -0.951073 0.308967 0.000001
vn -0.587824 0.808989 0.000001
vn -0.587825 0.808989 0.000001
vn -0.308983 0.951068 0.000001
vn -0.308984 0.951067 0.000001
vn 0.000000 1.000000 0.000000
vn -0.000000 1.000000 0.000000
vn 0.309052 0.951045 -0.000000
vn 0.309052 0.951045 -0.000000
vn 0.587770 0.809028 -0.000001
vn 0.587769 0.809029 -0.000001
vn 0.809003 0.587805 -0.000001
vn 0.809003 0.587805 -0.000001
vn 0.951039 0.309072 -0.000001
vn 0.951039 0.309072 -0.000001
vn 1.000000 0.000000 -0.000002
vn 1.000000 0.000000 -0.000002
vn 0.951036 -0.309079 -0.000001
vn 0.951036 -0.309079 -0.000001
vn 0.809000 -0.587809 -0.000001
vn 0.809000 -0.587809 -0.000001
vn 0.587763 -0.809034 -0.000001
vn 0.587762 -0.809034 -0.000001
vn 0.309069 -0.951039 -0.000000
vn 0.309069 -0.951039 -0.000000
vn 0.000000 -1.000000 -0.000000
vn -0.000000 -1.000000 -0.000000
vn -0.309000 -0.951062 0.000000
vn -0.309000 -0.951062 0.000000
vn -0.587819 -0.808992 0.000001
vn -0.587820 -0.808992 0.000001
vn -0.809001 -0.587807 0.000002
vn -0.809001 -0.587807 0.000002
vn -0.951071 -0.308972 0.000003
vn -0.951071 -0.308971 0.000003
vn -1.000000 -0.000000 0.000003
vn -1.000000 0.000000 0.000003
vn 0.000323 0.000000 1.000000
vn 0.000323 0.000000 1.000000
vn 0.000016 0.000000 1.000000
vn 0.000000 0.000000 1.000000
vn 0.000000 0.000000 1.000000
vn 0.000000 0.000000 1.000000
vn -0.000323 0.000000 1.000000
vn 0.000000 0.000000 1.000000
vn 0.000162 0.000000 1.000000
vn -0.000162 0.000000 1.000000
vn 0.000000 0.000000 1.000000
vn 0.000000 0.000000 1.000000
vn 0.000000 0.000000 1.000000
vn 0.000000 0.000000 1.000000
vn 0.000000 0.000000 1.000000
vn 0.000000 0.000000 1.000000
vn 0.000323 0.000000 1.000000
vn 0.000000 0.000000 1.000000
vn -0.000323 0.000000 1.000000
vn 0.000000 0.000000 1.000000
vn 0.000000 0.000000 1.000000
vn 0.000142 0.000000 -1.000000
vn 0.000485 0.000000 -1.000000
vn 0.000047 0.000000 -1.000000
vn -0.000000 0.000000 -1.000000
vn 0.000323 0.000000 -1.000000
vn 0.000000 0.000000 -1.000000
vn -0.000000 0.000000 -1.000000
vn 0.000323 0.000000 -1.000000
vn -0.000646 0.000000 -1.000000
vn -0.000323 0.000000 -1.000000
vn 0.000000 0.000000 -1.000000
vn -0.000162 0.000000 -1.000000
vn -0.000485 0.000000 -1.000000
vn -0.000000 0.000000 -1.000000
vn 0.000323 0.000000 -1.000000
vn 0.000000 0.000000 -1.000000
vn 0.000000 0.000000 -1.000000
vn 0.000323 0.000000 -1.000000
vn 0.000646 0.000000 -1.000000
vn 0.000162 0.000000 -1.000000
vn -0.000181 0.000000 -1.000000
vn -0.951038 0.309073 0.000003
vn -0.809001 0.587807 0.000001
vn -0.809001 0.587807 0.000001
vn -0.951038 0.309073 0.000003
vn -0.587821 0.808991 0.000000
vn -0.587821 0.808991 0.000000
vn -0.309020 0.951056 0.000001
vn -0.309020 0.951056 0.000001
vn 0.000000 1.000000 -0.000000
vn -0.000001 1.000000 -0.000000
vn 0.309019 0.951056 -0.000002
vn 0.309018 0.951056 -0.000002
vn 0.587709 0.809072 -0.000002
vn 0.587709 0.809073 -0.000002
vn 0.809002 0.587806 -0.000002
vn 0.809002 0.587806 -0.000002
vn 0.951073 0.308966 -0.000002
vn 0.951073 0.308966 -0.000002
vn 1.000000 0.000000 -0.000002
vn 1.000000 0.000000 -0.000002
vn 0.951071 -0.308973 -0.000002
vn 0.951071 -0.308973 -0.000002
vn 0.809002 -0.587806 -0.000002
vn 0.809002 -0.587806 -0.000002
vn 0.587717 -0.809066 -0.000002
vn 0.587717 -0.809067 -0.000002
vn 0.309029 -0.951053 -0.000002
vn 0.309029 -0.951053 -0.000002
vn -0.000011 -1.000000 -0.000000
vn -0.000012 -1.000000 -0.000000
vn -0.309033 -0.951051 0.000001
vn -0.309034 -0.951051 0.000001
vn -0.587821 -0.808991 0.000000
vn -0.587821 -0.808991 0.000000
vn -0.809000 -0.587808 0.000001
vn -0.809000 -0.587808 0.000001
vn -0.951036 -0.309079 0.000003
vn -0.951036 -0.309079 0.000003
vn -1.000000 0.000000 0.000004
vn -1.000000 0.000000 0.000004
vn -0.000323 0.000000 1.000000
vn 0.000000 0.000000 1.000000
vn -0.000032 0.000000 1.000000
vn -0.000323 0.000000 1.000000
vn 0.000000 0.000000 1.000000
vn 0.000000 0.000000 1.000000
vn 0.000000 0.000000 1.000000
vn 0.000323 0.000000 1.000000
vn 0.000323 0.000000 1.000000
vn 0.000000 0.000000 1.000000
vn 0.000000 0.000000 1.000000
vn 0.000000 0.000000 1.000000
vn 0.000323 0.000000 1.000000
vn 0.000323 0.000000 1.000000
vn -0.000646 0.000000 1.000000
vn -0.000646 0.000000 1.000000
vn 0.000323 0.000000 1.000000
vn 0.000000 0.000000 1.000000
vn -0.000323 0.000000 1.000000
vn 0.000000 0.000000 1.000000
vn 0.000000 0.000000 1.000000
vn 0.000000 0.000000 -1.000000
vn 0.000000 0.000000 -1.000000
vn 0.000065 0.000000 -1.000000
vn -0.000323 0.000000 -1.000000
vn 0.000323 0.000000 -1.000000
vn 0.000000 0.000000 -1.000000
vn -0.000000 0.000000 -1.000000
vn 0.000646 0.000000 -1.000000
vn 0.000000 0.000000 -1.000000
vn 0.000000 0.000000 -1.000000
vn 0.000000 0.000000 -1.000000
vn 0.000000 0.000000 -1.000000
vn 0.000000 0.000000 -1.000000
vn 0.000323 0.000000 -1.000000
vn -0.000323 0.000000 -1.000000
vn 0.000000 0.000000 -1.000000
vn 0.000646 0.000000 -1.000000
vn 0.000000 0.000000 -1.000000
vn 0.000000 0.000000 -1.000000
vn 0.000000 0.000000 -1.000000
vn 0.000000 0.000000 -1.000000
s 1
g Hallway_Masters:LampMiddle_Hallway_Masters2:LampMiddleShape
usemtl initialShadingGroup
f 2/695/1 1/696/2 21/697/3
f 3/699/4 2/695/1 21/697/3
f 4/701/5 3/699/4 21/697/3
f 5/703/6 4/701/5 21/697/3
f 6/705/7 5/703/6 21/697/3
f 7/707/8 6/705/7 21/697/3
f 8/709/9 7/707/8 21/697/3
f 9/711/10 8/709/9 21/697/3
f 10/713/11 9/711/10 21/697/3
f 11/715/12 10/713/11 21/697/3
f 12/714/13 11/715/12 21/697/3
f 13/712/14 12/714/13 21/697/3
f 14/710/15 13/712/14 21/697/3
f 15/708/16 14/710/15 21/697/3
f 16/706/17 15/708/16 21/697/3
f 17/704/18 16/706/17 21/697/3
f 18/702/19 17/704/18 21/697/3
f 19/700/20 18/702/19 21/697/3
f 20/698/21 19/700/20 21/697/3
f 1/696/2 20/698/21 21/697/3
s 2
f 542/716/22 543/717/23 544/718/24
f 543/717/23 545/719/25 544/718/24
f 545/719/25 546/721/26 544/718/24
f 546/721/26 547/723/27 544/718/24
f 547/723/27 548/725/28 544/718/24
f 548/725/28 549/727/29 544/718/24
f 549/727/29 550/729/30 544/718/24
f 550/729/30 551/731/31 544/718/24
f 551/731/31 552/733/32 544/718/24
f 552/733/32 553/735/33 544/718/24
f 553/735/33 554/736/34 544/718/24
f 554/736/34 555/734/35 544/718/24
f 555/734/35 556/732/36 544/718/24
f 556/732/36 557/730/37 544/718/24
f 557/730/37 558/728/38 544/718/24
f 558/728/38 559/726/39 544/718/24
f 559/726/39 560/724/40 544/718/24
f 560/724/40 561/722/41 544/718/24
f 561/722/41 562/720/42 544/718/24
f 562/720/42 542/716/22 544/718/24
s 3
f 2/1/43 23/2/44 22/3/45 1/4/46
f 3/5/47 24/6/48 23/2/44 2/1/43
f 4/1455/49 25/1456/50 24/1457/48 3/1458/47
f 5/1459/51 26/1460/52 25/1456/50 4/1455/49
f 6/1461/53 27/1462/54 26/1460/52 5/1459/51
f 7/1463/55 28/1464/56 27/1462/54 6/1461/53
f 8/21/57 29/20/58 28/24/56 7/25/55
f 9/18/59 30/19/60 29/20/58 8/21/57
f 10/22/61 31/23/62 30/19/60 9/18/59
f 11/26/63 32/27/64 31/23/62 10/22/61
f 12/30/65 33/31/66 32/27/64 11/26/63
f 13/33/67 34/34/68 33/31/66 12/30/65
f 14/1465/69 35/1466/70 34/1467/68 13/1468/67
f 15/1469/71 36/1470/72 35/1466/70 14/1465/69
f 16/1471/73 37/1472/74 36/1470/72 15/1469/71
f 17/1473/75 38/1474/76 37/1472/74 16/1471/73
f 18/15/77 39/14/78 38/16/76 17/17/75
f 19/12/79 40/11/80 39/14/78 18/15/77
f 20/8/81 41/7/82 40/11/80 19/12/79
f 1/4/46 22/3/45 41/7/82 20/8/81
s 4
f 42/39/83 43/40/84 63/36/85 62/35/86
f 43/737/84 44/738/87 64/739/88 63/740/85
f 44/738/87 45/741/89 65/742/90 64/739/88
f 45/741/89 46/743/91 66/744/92 65/742/90
f 46/743/91 47/745/93 67/746/94 66/744/92
f 47/745/93 48/747/95 68/748/96 67/746/94
f 48/747/95 49/749/97 69/750/98 68/748/96
f 49/109/97 50/110/99 70/106/100 69/105/98
f 50/110/99 51/119/101 71/111/102 70/106/100
f 51/119/101 52/129/103 72/120/104 71/111/102
f 52/129/103 53/138/105 73/130/106 72/120/104
f 53/751/105 54/752/107 74/753/108 73/754/106
f 54/752/107 55/755/109 75/756/110 74/753/108
f 55/755/109 56/757/111 76/758/112 75/756/110
f 56/757/111 57/759/113 77/760/114 76/758/112
f 57/759/113 58/761/115 78/762/116 77/760/114
f 58/761/115 59/763/117 79/764/118 78/762/116
f 59/68/117 60/59/119 80/54/120 79/65/118
f 60/59/119 61/49/121 81/45/122 80/54/120
f 61/49/121 42/39/83 62/35/86 81/45/122
f 62/35/86 63/36/85 83/37/123 82/38/124
f 63/36/85 64/41/88 84/42/125 83/37/123
f 64/1475/88 65/1476/90 85/1477/126 84/1478/125
f 65/1476/90 66/1479/92 86/1480/127 85/1477/126
f 66/1479/92 67/1483/94 87/1484/128 86/1480/127
f 67/1483/94 68/1488/96 88/1489/129 87/1484/128
f 68/115/96 69/105/98 89/108/130 88/116/129
f 69/105/98 70/106/100 90/107/131 89/108/130
f 70/106/100 71/111/102 91/112/132 90/107/131
f 71/111/102 72/120/104 92/121/133 91/112/132
f 72/120/104 73/130/106 93/131/134 92/121/133
f 73/130/106 74/139/108 94/140/135 93/131/134
f 74/1515/108 75/1516/110 95/1517/136 94/1518/135
f 75/1516/110 76/1519/112 96/1520/137 95/1517/136
f 76/1519/112 77/1523/114 97/1524/138 96/1520/137
f 77/1523/114 78/1528/116 98/1529/139 97/1524/138
f 78/75/116 79/65/118 99/66/140 98/76/139
f 79/65/118 80/54/120 100/55/141 99/66/140
f 80/54/120 81/45/122 101/46/142 100/55/141
f 81/45/122 62/35/86 82/38/124 101/46/142
f 82/38/124 83/37/123 103/43/143 102/44/144
f 83/37/123 84/42/125 104/50/145 103/43/143
f 84/1478/125 85/1477/126 105/1481/146 104/1482/145
f 85/1477/126 86/1480/127 106/1485/147 105/1481/146
f 86/1480/127 87/1484/128 107/1490/148 106/1485/147
f 87/1484/128 88/1489/129 108/1494/149 107/1490/148
f 88/116/129 89/108/130 109/114/150 108/125/149
f 89/108/130 90/107/131 110/113/151 109/114/150
f 90/107/131 91/112/132 111/122/152 110/113/151
f 91/112/132 92/121/133 112/132/153 111/122/152
f 92/121/133 93/131/134 113/141/154 112/132/153
f 93/131/134 94/140/135 114/148/155 113/141/154
f 94/1518/135 95/1517/136 115/1521/156 114/1522/155
f 95/1517/136 96/1520/137 116/1525/157 115/1521/156
f 96/1520/137 97/1524/138 117/1530/158 116/1525/157
f 97/1524/138 98/1529/139 118/1534/159 117/1530/158
f 98/76/139 99/66/140 119/74/160 118/84/159
f 99/66/140 100/55/141 120/64/161 119/74/160
f 100/55/141 101/46/142 121/53/162 120/64/161
f 101/46/142 82/38/124 102/44/144 121/53/162
s 5
f 102/44/163 103/43/164 123/51/165 122/52/166
f 103/43/164 104/50/167 124/60/168 123/51/165
f 104/1482/167 105/1481/169 125/1486/170 124/1487/168
f 105/1481/169 106/1485/171 126/1491/172 125/1486/170
f 106/1485/171 107/1490/173 127/1495/174 126/1491/172
f 107/1490/173 108/1494/175 128/1499/176 127/1495/174
f 108/125/175 109/114/177 129/124/178 128/136/176
f 109/114/177 110/113/179 130/123/180 129/124/178
f 110/113/179 111/122/181 131/133/182 130/123/180
f 111/122/181 112/132/183 132/142/184 131/133/182
f 112/132/183 113/141/185 133/149/186 132/142/184
f 113/141/185 114/148/187 134/157/188 133/149/186
f 114/1522/187 115/1521/189 135/1526/190 134/1527/188
f 115/1521/189 116/1525/191 136/1531/192 135/1526/190
f 116/1525/191 117/1530/193 137/1535/194 136/1531/192
f 117/1530/193 118/1534/195 138/1539/196 137/1535/194
f 118/84/195 119/74/197 139/83/198 138/93/196
f 119/74/197 120/64/199 140/73/200 139/83/198
f 120/64/199 121/53/201 141/63/202 140/73/200
f 121/53/201 102/44/163 122/52/166 141/63/202
s 6
f 122/52/203 123/51/204 143/61/205 142/62/206
f 123/51/204 124/60/207 144/69/208 143/61/205
f 124/1487/207 125/1486/209 145/1492/210 144/1493/208
f 125/1486/209 126/1491/211 146/1496/212 145/1492/210
f 126/1491/211 127/1495/213 147/1500/214 146/1496/212
f 127/1495/213 128/1499/215 148/1504/216 147/1500/214
f 128/136/215 129/124/217 149/135/218 148/146/216
f 129/124/217 130/123/219 150/134/220 149/135/218
f 130/123/219 131/133/221 151/143/222 150/134/220
f 131/133/221 132/142/223 152/150/224 151/143/222
f 132/142/223 133/149/225 153/158/226 152/150/224
f 133/149/225 134/157/227 154/164/228 153/158/226
f 134/1527/227 135/1526/229 155/1532/230 154/1533/228
f 135/1526/229 136/1531/231 156/1536/232 155/1532/230
f 136/1531/231 137/1535/233 157/1540/234 156/1536/232
f 137/1535/233 138/1539/235 158/1544/236 157/1540/234
f 138/93/235 139/83/237 159/92/238 158/98/236
f 139/83/237 140/73/239 160/82/240 159/92/238
f 140/73/239 141/63/241 161/72/242 160/82/240
f 141/63/241 122/52/203 142/62/206 161/72/242
f 142/62/206 143/61/205 163/70/243 162/71/244
f 143/61/205 144/69/208 164/78/245 163/70/243
f 144/1493/208 145/1492/210 165/1497/246 164/1498/245
f 145/1492/210 146/1496/212 166/1501/247 165/1497/246
f 146/1496/212 147/1500/214 167/1505/248 166/1501/247
f 147/1500/214 148/1504/216 168/1509/249 167/1505/248
f 148/146/216 149/135/218 169/145/250 168/154/249
f 149/135/218 150/134/220 170/144/251 169/145/250
f 150/134/220 151/143/222 171/151/252 170/144/251
f 151/143/222 152/150/224 172/159/253 171/151/252
f 152/150/224 153/158/226 173/165/254 172/159/253
f 153/158/226 154/164/228 174/169/255 173/165/254
f 154/1533/228 155/1532/230 175/1537/256 174/1538/255
f 155/1532/230 156/1536/232 176/1541/257 175/1537/256
f 156/1536/232 157/1540/234 177/1545/258 176/1541/257
f 157/1540/234 158/1544/236 178/1549/259 177/1545/258
f 158/98/236 159/92/238 179/97/260 178/101/259
f 159/92/238 160/82/240 180/91/261 179/97/260
f 160/82/240 161/72/242 181/81/262 180/91/261
f 161/72/242 142/62/206 162/71/244 181/81/262
f 162/71/244 163/70/243 183/79/263 182/80/264
f 163/70/243 164/78/245 184/87/265 183/79/263
f 164/1498/245 165/1497/246 185/1502/266 184/1503/265
f 165/1497/246 166/1501/247 186/1506/267 185/1502/266
f 166/1501/247 167/1505/248 187/1510/268 186/1506/267
f 167/1505/248 168/1509/249 188/1512/269 187/1510/268
f 168/154/249 169/145/250 189/153/270 188/163/269
f 169/145/250 170/144/251 190/152/271 189/153/270
f 170/144/251 171/151/252 191/160/272 190/152/271
f 171/151/252 172/159/253 192/166/273 191/160/272
f 172/159/253 173/165/254 193/170/274 192/166/273
f 173/165/254 174/169/255 194/172/275 193/170/274
f 174/1538/255 175/1537/256 195/1542/276 194/1543/275
f 175/1537/256 176/1541/257 196/1546/277 195/1542/276
f 176/1541/257 177/1545/258 197/1550/278 196/1546/277
f 177/1545/258 178/1549/259 198/1552/279 197/1550/278
f 178/101/259 179/97/260 199/100/280 198/103/279
f 179/97/260 180/91/261 200/96/281 199/100/280
f 180/91/261 181/81/262 201/90/282 200/96/281
f 181/81/262 162/71/244 182/80/264 201/90/282
f 182/80/264 183/79/263 203/88/283 202/89/284
f 183/79/263 184/87/265 204/94/285 203/88/283
f 184/1503/265 185/1502/266 205/1507/286 204/1508/285
f 185/1502/266 186/1506/267 206/1511/287 205/1507/286
f 186/1506/267 187/1510/268 207/1513/288 206/1511/287
f 187/1510/268 188/1512/269 208/1514/289 207/1513/288
f 188/163/269 189/153/270 209/162/290 208/168/289
f 189/153/270 190/152/271 210/161/291 209/162/290
f 190/152/271 191/160/272 211/167/292 210/161/291
f 191/160/272 192/166/273 212/171/293 211/167/292
f 192/166/273 193/170/274 213/173/294 212/171/293
f 193/170/274 194/172/275 214/174/295 213/173/294
f 194/1543/275 195/1542/276 215/1547/296 214/1548/295
f 195/1542/276 196/1546/277 216/1551/297 215/1547/296
f 196/1546/277 197/1550/278 217/1553/298 216/1551/297
f 197/1550/278 198/1552/279 218/1554/299 217/1553/298
f 198/103/279 199/100/280 219/102/300 218/104/299
f 199/100/280 200/96/281 220/99/301 219/102/300
f 200/96/281 201/90/282 221/95/302 220/99/301
f 201/90/282 182/80/264 202/89/284 221/95/302
s 7
f 223/175/303 222/176/304 322/177/305 324/178/306
f 224/185/307 223/175/303 324/178/306 326/186/308
f 225/1555/309 224/1556/307 326/1557/308 328/1558/310
f 226/1563/311 225/1555/309 328/1558/310 330/1564/312
f 227/1567/313 226/1563/311 330/1564/312 332/1568/314
f 228/1571/315 227/1567/313 332/1568/314 334/1572/316
f 229/254/317 228/259/315 334/260/316 336/255/318
f 230/253/319 229/254/317 336/255/318 338/256/320
f 231/263/321 230/253/319 338/256/320 340/264/322
f 232/271/323 231/263/321 340/264/322 342/272/324
f 233/278/325 232/271/323 342/272/324 344/279/326
f 234/288/327 233/278/325 344/279/326 346/289/328
f 235/1575/329 234/1576/327 346/1577/328 348/1578/330
f 236/1583/331 235/1575/329 348/1578/330 350/1584/332
f 237/1587/333 236/1583/331 350/1584/332 352/1588/334
f 238/1591/335 237/1587/333 352/1588/334 354/1592/336
f 239/199/337 238/209/335 354/210/336 356/200/338
f 240/191/339 239/199/337 356/200/338 358/192/340
f 241/181/341 240/191/339 358/192/340 360/182/342
f 222/176/304 241/181/341 360/182/342 322/177/305
s 8
f 222/176/343 223/175/344 243/179/345 242/180/346
f 223/175/344 224/185/347 244/187/348 243/179/345
f 224/1556/347 225/1555/349 245/1559/350 244/1560/348
f 225/1555/349 226/1563/351 246/1565/352 245/1559/350
f 226/1563/351 227/1567/353 247/1569/354 246/1565/352
f 227/1567/353 228/1571/355 248/1573/356 247/1569/354
f 228/259/355 229/254/357 249/258/358 248/268/356
f 229/254/357 230/253/359 250/257/360 249/258/358
f 230/253/359 231/263/361 251/265/362 250/257/360
f 231/263/361 232/271/363 252/273/364 251/265/362
f 232/271/363 233/278/365 253/280/366 252/273/364
f 233/278/365 234/288/367 254/290/368 253/280/366
f 234/1576/367 235/1575/369 255/1579/370 254/1580/368
f 235/1575/369 236/1583/371 256/1585/372 255/1579/370
f 236/1583/371 237/1587/373 257/1589/374 256/1585/372
f 237/1587/373 238/1591/375 258/1593/376 257/1589/374
f 238/209/375 239/199/377 259/208/378 258/218/376
f 239/199/377 240/191/379 260/198/380 259/208/378
f 240/191/379 241/181/381 261/190/382 260/198/380
f 241/181/381 222/176/343 242/180/346 261/190/382
s 9
f 242/180/383 243/179/384 263/188/385 262/189/386
f 243/765/384 244/766/387 264/767/388 263/768/385
f 244/766/387 245/769/389 265/770/390 264/767/388
f 245/769/389 246/771/391 266/772/392 265/770/390
f 246/771/391 247/775/393 267/776/394 266/772/392
f 247/775/393 248/778/395 268/779/396 267/776/394
f 248/778/395 249/781/397 269/782/398 268/779/396
f 249/258/397 250/257/399 270/266/400 269/267/398
f 250/257/399 251/265/401 271/274/402 270/266/400
f 251/265/401 252/273/403 272/281/404 271/274/402
f 252/273/403 253/280/405 273/291/406 272/281/404
f 253/784/405 254/785/407 274/786/408 273/787/406
f 254/785/407 255/788/409 275/789/410 274/786/408
f 255/788/409 256/790/411 276/791/412 275/789/410
f 256/790/411 257/794/413 277/795/414 276/791/412
f 257/794/413 258/797/415 278/798/416 277/795/414
f 258/797/415 259/800/417 279/801/418 278/798/416
f 259/208/417 260/198/419 280/207/420 279/217/418
f 260/198/419 261/190/421 281/197/422 280/207/420
f 261/190/421 242/180/383 262/189/386 281/197/422
f 262/189/386 263/188/385 283/195/423 282/196/424
f 263/188/385 264/202/388 284/203/425 283/195/423
f 264/767/388 265/770/390 285/773/426 284/774/425
f 265/770/390 266/772/392 286/777/427 285/773/426
f 266/772/392 267/776/394 287/780/428 286/777/427
f 267/776/394 268/779/396 288/783/429 287/780/428
f 268/285/396 269/267/398 289/276/430 288/286/429
f 269/267/398 270/266/400 290/275/431 289/276/430
f 270/266/400 271/274/402 291/282/432 290/275/431
f 271/274/402 272/281/404 292/292/433 291/282/432
f 272/281/404 273/291/406 293/298/434 292/292/433
f 273/291/406 274/304/408 294/305/435 293/298/434
f 274/786/408 275/789/410 295/792/436 294/793/435
f 275/789/410 276/791/412 296/796/437 295/792/436
f 276/791/412 277/795/414 297/799/438 296/796/437
f 277/795/414 278/798/416 298/802/439 297/799/438
f 278/232/416 279/217/418 299/225/440 298/233/439
f 279/217/418 280/207/420 300/216/441 299/225/440
f 280/207/420 281/197/422 301/206/442 300/216/441
f 281/197/422 262/189/386 282/196/424 301/206/442
f 282/196/424 283/195/423 303/204/443 302/205/444
f 283/195/423 284/203/425 304/212/445 303/204/443
f 284/1595/425 285/1596/426 305/1597/446 304/1598/445
f 285/1596/426 286/1599/427 306/1600/447 305/1597/446
f 286/1599/427 287/1603/428 307/1604/448 306/1600/447
f 287/1603/428 288/1608/429 308/1609/449 307/1604/448
f 288/286/429 289/276/430 309/284/450 308/296/449
f 289/276/430 290/275/431 310/283/451 309/284/450
f 290/275/431 291/282/432 311/293/452 310/283/451
f 291/282/432 292/292/433 312/299/453 311/293/452
f 292/292/433 293/298/434 313/306/454 312/299/453
f 293/298/434 294/305/435 314/312/455 313/306/454
f 294/1615/435 295/1616/436 315/1617/456 314/1618/455
f 295/1616/436 296/1619/437 316/1620/457 315/1617/456
f 296/1619/437 297/1623/438 317/1624/458 316/1620/457
f 297/1623/438 298/1628/439 318/1629/459 317/1624/458
f 298/233/439 299/225/440 319/231/460 318/240/459
f 299/225/440 300/216/441 320/224/461 319/231/460
f 300/216/441 301/206/442 321/215/462 320/224/461
f 301/206/442 282/196/424 302/205/444 321/215/462
s 10
f 322/177/463 323/183/464 325/184/465 324/178/466
f 323/183/464 322/177/463 360/182/467 361/193/468
f 324/178/466 325/184/465 327/194/469 326/186/470
f 326/1557/470 327/1561/469 329/1562/471 328/1558/472
f 328/1558/472 329/1562/471 331/1566/473 330/1564/474
f 330/1564/474 331/1566/473 333/1570/475 332/1568/476
f 332/1568/476 333/1570/475 335/1574/477 334/1572/478
f 334/260/478 335/269/477 337/261/479 336/255/480
f 336/255/480 337/261/479 339/262/481 338/256/482
f 338/256/482 339/262/481 341/270/483 340/264/484
f 340/264/484 341/270/483 343/277/485 342/272/486
f 342/272/486 343/277/485 345/287/487 344/279/488
f 344/279/488 345/287/487 347/297/489 346/289/490
f 346/1577/490 347/1581/489 349/1582/491 348/1578/492
f 348/1578/492 349/1582/491 351/1586/493 350/1584/494
f 350/1584/494 351/1586/493 353/1590/495 352/1588/496
f 352/1588/496 353/1590/495 355/1594/497 354/1592/498
f 354/210/498 355/219/497 357/211/499 356/200/500
f 356/200/500 357/211/499 359/201/501 358/192/502
f 358/192/502 359/201/501 361/193/468 360/182/467
s 11
f 203/803/503 204/804/504 347/805/505 345/806/506
f 204/804/504 205/807/507 349/808/508 347/805/505
f 205/807/507 206/811/509 351/812/510 349/808/508
f 206/811/509 207/815/511 353/816/512 351/812/510
f 207/815/511 208/819/513 355/820/514 353/816/512
f 208/819/513 209/823/515 357/824/516 355/820/514
f 209/823/515 210/827/517 359/828/518 357/824/516
f 210/827/517 211/831/519 361/832/520 359/828/518
f 211/831/519 212/835/521 323/836/522 361/832/520
f 212/835/521 213/839/523 325/840/524 323/836/522
f 213/839/523 214/841/525 327/842/526 325/840/524
f 214/841/525 215/837/527 329/838/528 327/842/526
f 215/837/527 216/833/529 331/834/530 329/838/528
f 216/833/529 217/829/531 333/830/532 331/834/530
f 217/829/531 218/825/533 335/826/534 333/830/532
f 218/825/533 219/821/535 337/822/536 335/826/534
f 219/821/535 220/817/537 339/818/538 337/822/536
f 220/817/537 221/813/539 341/814/540 339/818/538
f 221/813/539 202/809/541 343/810/542 341/814/540
f 202/809/541 203/803/503 345/806/506 343/810/542
s 12
f 403/331/543 423/332/544 422/333/545 402/334/546
f 404/335/547 424/336/548 423/332/544 403/331/543
f 405/1635/549 425/1636/550 424/1637/548 404/1638/547
f 406/1639/551 426/1640/552 425/1636/550 405/1635/549
f 407/1641/553 427/1642/554 426/1640/552 406/1639/551
f 408/1643/555 428/1644/556 427/1642/554 407/1641/553
f 409/348/557 429/347/558 428/351/556 408/352/555
f 410/345/559 430/346/560 429/347/558 409/348/557
f 411/349/561 431/350/562 430/346/560 410/345/559
f 412/353/563 432/354/564 431/350/562 411/349/561
f 413/355/565 433/356/566 432/354/564 412/353/563
f 414/357/567 434/358/568 433/356/566 413/355/565
f 415/1645/569 435/1646/570 434/1647/568 414/1648/567
f 416/1649/571 436/1650/572 435/1646/570 415/1645/569
f 417/1651/573 437/1652/574 436/1650/572 416/1649/571
f 418/1653/575 438/1654/576 437/1652/574 417/1651/573
f 419/342/577 439/341/578 438/343/576 418/344/575
f 420/340/579 440/339/580 439/341/578 419/342/577
f 421/338/581 441/337/582 440/339/580 420/340/579
f 402/334/546 422/333/545 441/337/582 421/338/581
s 13
f 422/843/583 423/844/584 443/845/585 442/846/586
f 423/844/584 424/847/587 444/848/588 443/845/585
f 424/847/587 425/851/589 445/852/590 444/848/588
f 425/851/589 426/855/591 446/856/592 445/852/590
f 426/855/591 427/859/593 447/860/594 446/856/592
f 427/859/593 428/863/595 448/864/596 447/860/594
f 428/863/595 429/867/597 449/868/598 448/864/596
f 429/867/597 430/871/599 450/872/600 449/868/598
f 430/871/599 431/875/601 451/876/602 450/872/600
f 431/875/601 432/879/603 452/880/604 451/876/602
f 432/879/603 433/881/605 453/882/606 452/880/604
f 433/881/605 434/877/607 454/878/608 453/882/606
f 434/877/607 435/873/609 455/874/610 454/878/608
f 435/873/609 436/869/611 456/870/612 455/874/610
f 436/869/611 437/865/613 457/866/614 456/870/612
f 437/865/613 438/861/615 458/862/616 457/866/614
f 438/861/615 439/857/617 459/858/618 458/862/616
f 439/857/617 440/853/619 460/854/620 459/858/618
f 440/853/619 441/849/621 461/850/622 460/854/620
f 441/849/621 422/843/583 442/846/586 461/850/622
s 14
f 442/359/623 443/360/624 463/361/625 462/362/626
f 443/360/624 444/363/627 464/364/628 463/361/625
f 444/1655/627 445/1656/629 465/1657/630 464/1658/628
f 445/1656/629 446/1659/631 466/1660/632 465/1657/630
f 446/1659/631 447/1661/633 467/1662/634 466/1660/632
f 447/1661/633 448/1663/635 468/1664/636 467/1662/634
f 448/379/635 449/373/637 469/376/638 468/380/636
f 449/373/637 450/374/639 470/375/640 469/376/638
f 450/374/639 451/377/641 471/378/642 470/375/640
f 451/377/641 452/381/643 472/382/644 471/378/642
f 452/381/643 453/383/645 473/384/646 472/382/644
f 453/383/645 454/385/647 474/386/648 473/384/646
f 454/1665/647 455/1666/649 475/1667/650 474/1668/648
f 455/1666/649 456/1669/651 476/1670/652 475/1667/650
f 456/1669/651 457/1671/653 477/1672/654 476/1670/652
f 457/1671/653 458/1673/655 478/1674/656 477/1672/654
f 458/371/655 459/369/657 479/370/658 478/372/656
f 459/369/657 460/367/659 480/368/660 479/370/658
f 460/367/659 461/365/661 481/366/662 480/368/660
f 461/365/661 442/359/623 462/362/626 481/366/662
s 15
f 462/883/663 463/884/664 483/885/665 482/886/666
f 463/884/664 464/887/667 484/888/668 483/885/665
f 464/887/667 465/891/669 485/892/670 484/888/668
f 465/891/669 466/895/671 486/896/672 485/892/670
f 466/895/671 467/899/673 487/900/674 486/896/672
f 467/899/673 468/903/675 488/904/676 487/900/674
f 468/903/675 469/907/677 489/908/678 488/904/676
f 469/907/677 470/911/679 490/912/680 489/908/678
f 470/911/679 471/915/681 491/916/682 490/912/680
f 471/915/681 472/919/683 492/920/684 491/916/682
f 472/919/683 473/921/685 493/922/686 492/920/684
f 473/921/685 474/917/687 494/918/688 493/922/686
f 474/917/687 475/913/689 495/914/690 494/918/688
f 475/913/689 476/909/691 496/910/692 495/914/690
f 476/909/691 477/905/693 497/906/694 496/910/692
f 477/905/693 478/901/695 498/902/696 497/906/694
f 478/901/695 479/897/697 499/898/698 498/902/696
f 479/897/697 480/893/699 500/894/700 499/898/698
f 480/893/699 481/889/701 501/890/702 500/894/700
f 481/889/701 462/883/663 482/886/666 501/890/702
s 16
f 482/387/703 483/388/704 503/389/705 502/390/706
f 483/388/704 484/391/707 504/392/708 503/389/705
f 484/1675/707 485/1676/709 505/1677/710 504/1678/708
f 485/1676/709 486/1679/711 506/1680/712 505/1677/710
f 486/1679/711 487/1681/713 507/1682/714 506/1680/712
f 487/1681/713 488/1683/715 508/1684/716 507/1682/714
f 488/407/715 489/401/717 509/404/718 508/408/716
f 489/401/717 490/402/719 510/403/720 509/404/718
f 490/402/719 491/405/721 511/406/722 510/403/720
f 491/405/721 492/409/723 512/410/724 511/406/722
f 492/409/723 493/411/725 513/412/726 512/410/724
f 493/411/725 494/413/727 514/414/728 513/412/726
f 494/1685/727 495/1686/729 515/1687/730 514/1688/728
f 495/1686/729 496/1689/731 516/1690/732 515/1687/730
f 496/1689/731 497/1691/733 517/1692/734 516/1690/732
f 497/1691/733 498/1693/735 518/1694/736 517/1692/734
f 498/399/735 499/397/737 519/398/738 518/400/736
f 499/397/737 500/395/739 520/396/740 519/398/738
f 500/395/739 501/393/741 521/394/742 520/396/740
f 501/393/741 482/387/703 502/390/706 521/394/742
s 17
f 502/923/743 503/924/744 523/925/745 522/926/746
f 503/924/744 504/927/747 524/928/748 523/925/745
f 504/927/747 505/931/749 525/932/750 524/928/748
f 505/931/749 506/935/751 526/936/752 525/932/750
f 506/935/751 507/939/753 527/940/754 526/936/752
f 507/939/753 508/943/755 528/944/756 527/940/754
f 508/943/755 509/947/757 529/948/758 528/944/756
f 509/947/757 510/951/759 530/952/760 529/948/758
f 510/951/759 511/955/761 531/956/762 530/952/760
f 511/955/761 512/959/763 532/960/764 531/956/762
f 512/959/763 513/961/765 533/962/766 532/960/764
f 513/961/765 514/957/767 534/958/768 533/962/766
f 514/957/767 515/953/769 535/954/770 534/958/768
f 515/953/769 516/949/771 536/950/772 535/954/770
f 516/949/771 517/945/773 537/946/774 536/950/772
f 517/945/773 518/941/775 538/942/776 537/946/774
f 518/941/775 519/937/777 539/938/778 538/942/776
f 519/937/777 520/933/779 540/934/780 539/938/778
f 520/933/779 521/929/781 541/930/782 540/934/780
f 521/929/781 502/923/743 522/926/746 541/930/782
s 18
f 522/415/783 523/416/784 543/417/785 542/418/786
f 523/416/784 524/419/787 545/420/788 543/417/785
f 524/1695/787 525/1696/789 546/1697/790 545/1698/788
f 525/1696/789 526/1699/791 547/1700/792 546/1697/790
f 526/1699/791 527/1701/793 548/1702/794 547/1700/792
f 527/1701/793 528/1703/795 549/1704/796 548/1702/794
f 528/435/795 529/429/797 550/432/798 549/436/796
f 529/429/797 530/430/799 551/431/800 550/432/798
f 530/430/799 531/433/801 552/434/802 551/431/800
f 531/433/801 532/437/803 553/438/804 552/434/802
f 532/437/803 533/439/805 554/440/806 553/438/804
f 533/439/805 534/441/807 555/442/808 554/440/806
f 534/1705/807 535/1706/809 556/1707/810 555/1708/808
f 535/1706/809 536/1709/811 557/1710/812 556/1707/810
f 536/1709/811 537/1711/813 558/1712/814 557/1710/812
f 537/1711/813 538/1713/815 559/1714/816 558/1712/814
f 538/427/815 539/425/817 560/426/818 559/428/816
f 539/425/817 540/423/819 561/424/820 560/426/818
f 540/423/819 541/421/821 562/422/822 561/424/820
f 541/421/821 522/415/783 542/418/786 562/422/822
s 19
f 565/963/823 568/964/824 403/965/825 402/966/826
f 568/964/824 571/969/827 404/970/828 403/965/825
f 571/969/827 574/975/829 405/976/830 404/970/828
f 574/975/829 577/981/831 406/982/832 405/976/830
f 577/981/831 580/987/833 407/988/834 406/982/832
f 580/987/833 583/993/835 408/994/836 407/988/834
f 583/993/835 586/999/837 409/1000/838 408/994/836
f 586/999/837 589/1005/839 410/1006/840 409/1000/838
f 589/1005/839 592/1011/841 411/1012/842 410/1006/840
f 592/1011/841 595/1017/843 412/1018/844 411/1012/842
f 595/1017/843 598/1019/845 413/1020/846 412/1018/844
f 598/1019/845 601/1013/847 414/1014/848 413/1020/846
f 601/1013/847 604/1007/849 415/1008/850 414/1014/848
f 604/1007/849 607/1001/851 416/1002/852 415/1008/850
f 607/1001/851 610/995/853 417/996/854 416/1002/852
f 610/995/853 613/989/855 418/990/856 417/996/854
f 613/989/855 616/983/857 419/984/858 418/990/856
f 616/983/857 619/977/859 420/978/860 419/984/858
f 619/977/859 622/971/861 421/972/862 420/978/860
f 622/971/861 565/963/823 402/966/826 421/972/862
s 20
f 563/443/863 564/444/864 621/445/865 620/446/866
s 19
f 564/967/867 565/963/823 622/971/861 621/973/868
f 565/963/823 564/967/867 567/968/869 568/964/824
s 20
f 564/444/864 563/443/863 566/447/870 567/448/871
s 19
f 568/964/824 567/968/869 570/974/872 571/969/827
s 20
f 567/448/871 566/447/870 569/454/873 570/455/874
s 19
f 571/969/827 570/974/872 573/980/875 574/975/829
s 20
f 570/1715/874 569/1716/873 572/1717/876 573/1718/877
s 19
f 574/975/829 573/980/875 576/986/878 577/981/831
s 20
f 573/1718/877 572/1717/876 575/1721/879 576/1722/880
s 19
f 577/981/831 576/986/878 579/992/881 580/987/833
s 20
f 576/1722/880 575/1721/879 578/1726/882 579/1727/883
s 19
f 580/987/833 579/992/881 582/998/884 583/993/835
s 20
f 579/1727/883 578/1726/882 581/1730/885 582/1731/886
s 19
f 583/993/835 582/998/884 585/1004/887 586/999/837
s 20
f 582/475/886 581/476/885 584/472/888 585/471/889
s 19
f 586/999/837 585/1004/887 588/1010/890 589/1005/839
s 20
f 585/471/889 584/472/888 587/473/891 588/474/892
s 19
f 589/1005/839 588/1010/890 591/1016/893 592/1011/841
s 20
f 588/474/892 587/473/891 590/479/894 591/480/895
s 19
f 592/1011/841 591/1016/893 594/1022/896 595/1017/843
s 20
f 591/480/895 590/479/894 593/485/897 594/486/898
s 19
f 595/1017/843 594/1022/896 597/1021/899 598/1019/845
s 20
f 594/486/898 593/485/897 596/490/900 597/491/901
s 19
f 598/1019/845 597/1021/899 600/1015/902 601/1013/847
s 20
f 597/491/901 596/490/900 599/494/903 600/495/904
s 19
f 601/1013/847 600/1015/902 603/1009/905 604/1007/849
s 20
f 600/1735/904 599/1736/903 602/1737/906 603/1738/907
s 19
f 604/1007/849 603/1009/905 606/1003/908 607/1001/851
s 20
f 603/1738/907 602/1737/906 605/1741/909 606/1742/910
s 19
f 607/1001/851 606/1003/908 609/997/911 610/995/853
s 20
f 606/1742/910 605/1741/909 608/1746/912 609/1747/913
s 19
f 610/995/853 609/997/911 612/991/914 613/989/855
s 20
f 609/1747/913 608/1746/912 611/1750/915 612/1751/916
s 19
f 613/989/855 612/991/914 615/985/917 616/983/857
s 20
f 612/463/916 611/464/915 614/457/918 615/456/919
s 19
f 616/983/857 615/985/917 618/979/920 619/977/859
s 20
f 615/456/919 614/457/918 617/450/921 618/449/922
s 19
f 619/977/859 618/979/920 621/973/868 622/971/861
s 20
f 618/449/922 617/450/921 620/446/866 621/445/865
s 21
f 382/1023/923 383/1024/924 626/1025/925 623/1026/926
f 383/1065/924 384/1066/927 629/1067/928 626/1068/925
f 384/1069/927 385/1070/929 632/1071/930 629/1072/928
f 385/1073/929 386/1074/931 635/1075/932 632/1076/930
f 386/1077/931 387/1078/933 638/1079/934 635/1080/932
f 387/1081/933 388/1082/935 641/1083/936 638/1084/934
f 388/1085/935 389/1086/937 644/1087/938 641/1088/936
f 389/1089/937 390/1090/939 647/1091/940 644/1092/938
f 390/1093/939 391/1094/941 650/1095/942 647/1096/940
f 391/1097/941 392/1098/943 653/1099/944 650/1100/942
f 392/1101/943 393/1102/945 656/1103/946 653/1104/944
f 393/1105/945 394/1106/947 659/1107/948 656/1108/946
f 394/1109/947 395/1110/949 662/1111/950 659/1112/948
f 395/1113/949 396/1114/951 665/1115/952 662/1116/950
f 396/1117/951 397/1118/953 668/1119/954 665/1120/952
f 397/1121/953 398/1122/955 671/1123/956 668/1124/954
f 398/1125/955 399/1126/957 674/1127/958 671/1128/956
f 399/1129/957 400/1130/959 677/1131/960 674/1132/958
f 400/1133/959 401/1134/961 680/1135/962 677/1136/960
f 401/1137/961 382/1138/923 623/1139/926 680/1140/962
s 20
f 625/452/963 628/453/964 566/447/870 563/443/863
f 628/453/964 631/462/965 569/454/873 566/447/870
f 631/1719/965 634/1720/966 572/1717/876 569/1716/873
f 634/1720/966 637/1725/967 575/1721/879 572/1717/876
f 637/1725/967 640/1729/968 578/1726/882 575/1721/879
f 640/1729/968 643/1733/969 581/1730/885 578/1726/882
f 643/481/969 646/477/970 584/472/888 581/476/885
f 646/477/970 649/478/971 587/473/891 584/472/888
f 649/478/971 652/484/972 590/479/894 587/473/891
f 652/484/972 655/489/973 593/485/897 590/479/894
f 655/489/973 658/493/974 596/490/900 593/485/897
f 658/493/974 661/497/975 599/494/903 596/490/900
f 661/1739/975 664/1740/976 602/1737/906 599/1736/903
f 664/1740/976 667/1745/977 605/1741/909 602/1737/906
f 667/1745/977 670/1749/978 608/1746/912 605/1741/909
f 670/1749/978 673/1753/979 611/1750/915 608/1746/912
f 673/468/979 676/465/980 614/457/918 611/464/915
f 676/465/980 679/458/981 617/450/921 614/457/918
f 679/458/981 682/451/982 620/446/866 617/450/921
f 682/451/982 625/452/963 563/443/863 620/446/866
s 21
f 623/1026/926 624/1027/983 681/1029/984 680/1030/962
s 20
f 624/459/985 625/452/963 682/451/982 681/460/986
f 625/452/963 624/459/985 627/461/987 628/453/964
s 21
f 624/1027/983 623/1026/926 626/1025/925 627/1028/988
s 20
f 628/453/964 627/461/987 630/467/989 631/462/965
s 21
f 627/1028/988 626/1025/925 629/1031/928 630/1032/990
s 20
f 631/1719/965 630/1723/989 633/1724/991 634/1720/966
s 21
f 630/1032/990 629/1031/928 632/1035/930 633/1036/992
s 20
f 634/1720/966 633/1724/991 636/1728/993 637/1725/967
s 21
f 633/1036/992 632/1035/930 635/1039/932 636/1040/994
s 20
f 637/1725/967 636/1728/993 639/1732/995 640/1729/968
s 21
f 636/1040/994 635/1039/932 638/1043/934 639/1044/996
s 20
f 640/1729/968 639/1732/995 642/1734/997 643/1733/969
s 21
f 639/1044/996 638/1043/934 641/1047/936 642/1048/998
s 20
f 643/481/969 642/487/997 645/482/999 646/477/970
s 21
f 642/1048/998 641/1047/936 644/1051/938 645/1052/1000
s 20
f 646/477/970 645/482/999 648/483/1001 649/478/971
s 21
f 645/1052/1000 644/1051/938 647/1055/940 648/1056/1002
s 20
f 649/478/971 648/483/1001 651/488/1003 652/484/972
s 21
f 648/1056/1002 647/1055/940 650/1059/942 651/1060/1004
s 20
f 652/484/972 651/488/1003 654/492/1005 655/489/973
s 21
f 651/1060/1004 650/1059/942 653/1063/944 654/1064/1006
s 20
f 655/489/973 654/492/1005 657/496/1007 658/493/974
s 21
f 654/1064/1006 653/1063/944 656/1062/946 657/1061/1008
s 20
f 658/493/974 657/496/1007 660/498/1009 661/497/975
s 21
f 657/1061/1008 656/1062/946 659/1058/948 660/1057/1010
s 20
f 661/1739/975 660/1743/1009 663/1744/1011 664/1740/976
s 21
f 660/1057/1010 659/1058/948 662/1054/950 663/1053/1012
s 20
f 664/1740/976 663/1744/1011 666/1748/1013 667/1745/977
s 21
f 663/1053/1012 662/1054/950 665/1050/952 666/1049/1014
s 20
f 667/1745/977 666/1748/1013 669/1752/1015 670/1749/978
s 21
f 666/1049/1014 665/1050/952 668/1046/954 669/1045/1016
s 20
f 670/1749/978 669/1752/1015 672/1754/1017 673/1753/979
s 21
f 669/1045/1016 668/1046/954 671/1042/956 672/1041/1018
s 20
f 673/468/979 672/470/1017 675/469/1019 676/465/980
s 21
f 672/1041/1018 671/1042/956 674/1038/958 675/1037/1020
s 20
f 676/465/980 675/469/1019 678/466/1021 679/458/981
s 21
f 675/1037/1020 674/1038/958 677/1034/960 678/1033/1022
s 20
f 679/458/981 678/466/1021 681/460/986 682/451/982
s 21
f 678/1033/1022 677/1034/960 680/1030/962 681/1029/984
s 4
f 683/1141/1023 684/1142/1024 722/1143/1025 721/1144/1026
f 684/1142/1024 683/1141/1023 685/1145/1027 686/1146/1028
f 686/1146/1028 685/1145/1027 687/1152/1029 688/1153/1030
f 688/1153/1030 687/1152/1029 689/1160/1031 690/1161/1032
f 690/1161/1032 689/1160/1031 691/1167/1033 692/1168/1034
f 692/1168/1034 691/1167/1033 693/1176/1035 694/1177/1036
f 694/1177/1036 693/1176/1035 695/1184/1037 696/1185/1038
f 696/1185/1038 695/1184/1037 697/1192/1039 698/1193/1040
f 698/1193/1040 697/1192/1039 699/1200/1041 700/1201/1042
f 700/1201/1042 699/1200/1041 701/1208/1043 702/1209/1044
f 702/1209/1044 701/1208/1043 703/1211/1045 704/1210/1046
f 704/1210/1046 703/1211/1045 705/1203/1047 706/1202/1048
f 706/1202/1048 705/1203/1047 707/1195/1049 708/1194/1050
f 708/1194/1050 707/1195/1049 709/1187/1051 710/1186/1052
f 710/1186/1052 709/1187/1051 711/1179/1053 712/1178/1054
f 712/1178/1054 711/1179/1053 713/1170/1055 714/1169/1056
f 714/1169/1056 713/1170/1055 715/1163/1057 716/1162/1058
f 716/1162/1058 715/1163/1057 717/1155/1059 718/1154/1060
f 718/1154/1060 717/1155/1059 719/1148/1061 720/1147/1062
f 720/1147/1062 719/1148/1061 721/1144/1026 722/1143/1025
f 22/1157/1063 23/1158/1064 723/1151/1065 724/1150/1066
f 23/1158/1064 24/1165/1067 742/1159/1068 723/1151/1065
f 24/1165/1067 25/1174/1069 741/1166/1070 742/1159/1068
f 25/1174/1069 26/1182/1071 740/1175/1072 741/1166/1070
f 26/1182/1071 27/1190/1073 739/1183/1074 740/1175/1072
f 27/1190/1073 28/1198/1075 738/1191/1076 739/1183/1074
f 28/1198/1075 29/1206/1077 737/1199/1078 738/1191/1076
f 29/1206/1077 30/1214/1079 736/1207/1080 737/1199/1078
f 30/19/1079 31/23/1081 735/28/1082 736/29/1080
f 31/23/1081 32/27/1083 734/32/1084 735/28/1082
f 32/1218/1083 33/1217/1085 733/1212/1086 734/1216/1084
f 33/1217/1085 34/1213/1087 732/1204/1088 733/1212/1086
f 34/1213/1087 35/1205/1089 731/1196/1090 732/1204/1088
f 35/1205/1089 36/1197/1091 730/1188/1092 731/1196/1090
f 36/1197/1091 37/1189/1093 729/1180/1094 730/1188/1092
f 37/1189/1093 38/1181/1095 728/1171/1096 729/1180/1094
f 38/1181/1095 39/1172/1097 727/1164/1098 728/1171/1096
f 39/1172/1097 40/1173/1099 726/1156/1100 727/1164/1098
f 40/11/1099 41/7/1101 725/10/1102 726/13/1100
f 41/7/1101 22/3/1063 724/9/1066 725/10/1102
f 684/47/1024 686/48/1028 43/40/84 42/39/83
f 686/48/1028 688/56/1030 44/57/87 43/40/84
f 688/1755/1030 690/1756/1032 45/1757/89 44/1758/87
f 690/1756/1032 692/1759/1034 46/1760/91 45/1757/89
f 692/1759/1034 694/1761/1036 47/1762/93 46/1760/91
f 694/1761/1036 696/1763/1038 48/1764/95 47/1762/93
f 696/127/1038 698/117/1040 49/109/97 48/128/95
f 698/117/1040 700/118/1042 50/110/99 49/109/97
f 700/118/1042 702/126/1044 51/119/101 50/110/99
f 702/126/1044 704/137/1046 52/129/103 51/119/101
f 704/137/1046 706/147/1048 53/138/105 52/129/103
f 706/147/1048 708/155/1050 54/156/107 53/138/105
f 708/1765/1050 710/1766/1052 55/1767/109 54/1768/107
f 710/1766/1052 712/1769/1054 56/1770/111 55/1767/109
f 712/1769/1054 714/1771/1056 57/1772/113 56/1770/111
f 714/1771/1056 716/1773/1058 58/1774/115 57/1772/113
f 716/85/1058 718/77/1060 59/68/117 58/86/115
f 718/77/1060 720/67/1062 60/59/119 59/68/117
f 720/67/1062 722/58/1025 61/49/121 60/59/119
f 722/58/1025 684/47/1024 42/39/83 61/49/121
f 724/1150/1066 723/1151/1065 685/1145/1027 683/1141/1023
f 725/1149/1102 724/1150/1066 683/1141/1023 721/1144/1026
f 726/1156/1100 725/1149/1102 721/1144/1026 719/1148/1061
f 727/1164/1098 726/1156/1100 719/1148/1061 717/1155/1059
f 728/1171/1096 727/1164/1098 717/1155/1059 715/1163/1057
f 729/1180/1094 728/1171/1096 715/1163/1057 713/1170/1055
f 730/1188/1092 729/1180/1094 713/1170/1055 711/1179/1053
f 731/1196/1090 730/1188/1092 711/1179/1053 709/1187/1051
f 732/1204/1088 731/1196/1090 709/1187/1051 707/1195/1049
f 733/1212/1086 732/1204/1088 707/1195/1049 705/1203/1047
f 734/1216/1084 733/1212/1086 705/1203/1047 703/1211/1045
f 735/1215/1082 734/1216/1084 703/1211/1045 701/1208/1043
f 736/1207/1080 735/1215/1082 701/1208/1043 699/1200/1041
f 737/1199/1078 736/1207/1080 699/1200/1041 697/1192/1039
f 738/1191/1076 737/1199/1078 697/1192/1039 695/1184/1037
f 739/1183/1074 738/1191/1076 695/1184/1037 693/1176/1035
f 740/1175/1072 739/1183/1074 693/1176/1035 691/1167/1033
f 741/1166/1070 740/1175/1072 691/1167/1033 689/1160/1031
f 742/1159/1068 741/1166/1070 689/1160/1031 687/1152/1029
f 723/1151/1065 742/1159/1068 687/1152/1029 685/1145/1027
s 9
f 302/205/444 743/214/1103 762/223/1104 321/215/462
f 303/204/443 744/213/1105 743/214/1103 302/205/444
f 304/212/445 745/220/1106 744/213/1105 303/204/443
f 305/1597/446 746/1601/1107 745/1602/1106 304/1598/445
f 306/1600/447 747/1605/1108 746/1601/1107 305/1597/446
f 307/1604/448 748/1610/1109 747/1605/1108 306/1600/447
f 308/1609/449 749/1612/1110 748/1610/1109 307/1604/448
f 309/284/450 750/295/1111 749/303/1110 308/296/449
f 310/283/451 751/294/1112 750/295/1111 309/284/450
f 311/293/452 752/300/1113 751/294/1112 310/283/451
f 312/299/453 753/307/1114 752/300/1113 311/293/452
f 313/306/454 754/313/1115 753/307/1114 312/299/453
f 314/312/455 755/319/1116 754/313/1115 313/306/454
f 315/1617/456 756/1621/1117 755/1622/1116 314/1618/455
f 316/1620/457 757/1625/1118 756/1621/1117 315/1617/456
f 317/1624/458 758/1630/1119 757/1625/1118 316/1620/457
f 318/1629/459 759/1632/1120 758/1630/1119 317/1624/458
f 319/231/460 760/239/1121 759/244/1120 318/240/459
f 320/224/461 761/230/1122 760/239/1121 319/231/460
f 321/215/462 762/223/1104 761/230/1122 320/224/461
f 743/214/1103 744/213/1105 363/221/1123 362/222/1124
f 744/213/1105 745/220/1106 364/226/1125 363/221/1123
f 745/1602/1106 746/1601/1107 365/1606/1126 364/1607/1125
f 746/1601/1107 747/1605/1108 366/1611/1127 365/1606/1126
f 747/1605/1108 748/1610/1109 367/1613/1128 366/1611/1127
f 748/1610/1109 749/1612/1110 368/1614/1129 367/1613/1128
f 749/303/1110 750/295/1111 369/302/1130 368/311/1129
f 750/295/1111 751/294/1112 370/301/1131 369/302/1130
f 751/294/1112 752/300/1113 371/308/1132 370/301/1131
f 752/300/1113 753/307/1114 372/314/1133 371/308/1132
f 753/307/1114 754/313/1115 373/320/1134 372/314/1133
f 754/313/1115 755/319/1116 374/323/1135 373/320/1134
f 755/1622/1116 756/1621/1117 375/1626/1136 374/1627/1135
f 756/1621/1117 757/1625/1118 376/1631/1137 375/1626/1136
f 757/1625/1118 758/1630/1119 377/1633/1138 376/1631/1137
f 758/1630/1119 759/1632/1120 378/1634/1139 377/1633/1138
f 759/244/1120 760/239/1121 379/243/1140 378/249/1139
f 760/239/1121 761/230/1122 380/238/1141 379/243/1140
f 761/230/1122 762/223/1104 381/229/1142 380/238/1141
f 762/223/1104 743/214/1103 362/222/1124 381/229/1142
f 763/228/1143 764/235/1144 802/241/1145 801/237/1146
f 764/235/1144 763/228/1143 765/227/1147 766/236/1148
f 766/1219/1148 765/1220/1147 767/1221/1149 768/1222/1150
f 768/1222/1150 767/1221/1149 769/1223/1151 770/1224/1152
f 770/1224/1152 769/1223/1151 771/1229/1153 772/1230/1154
f 772/1230/1154 771/1229/1153 773/1235/1155 774/1236/1156
f 774/1236/1156 773/1235/1155 775/1239/1157 776/1240/1158
f 776/1240/1158 775/1239/1157 777/1243/1159 778/1244/1160
f 778/316/1160 777/310/1159 779/309/1161 780/317/1162
f 780/317/1162 779/309/1161 781/315/1163 782/322/1164
f 782/322/1164 781/315/1163 783/321/1165 784/325/1166
f 784/325/1166 783/321/1165 785/324/1167 786/329/1168
f 786/1249/1168 785/1250/1167 787/1251/1169 788/1252/1170
f 788/1252/1170 787/1251/1169 789/1253/1171 790/1254/1172
f 790/1254/1172 789/1253/1171 791/1259/1173 792/1260/1174
f 792/1260/1174 791/1259/1173 793/1265/1175 794/1266/1176
f 794/1266/1176 793/1265/1175 795/1269/1177 796/1270/1178
f 796/1270/1178 795/1269/1177 797/1273/1179 798/1274/1180
f 798/251/1180 797/248/1179 799/242/1181 800/247/1182
f 800/247/1182 799/242/1181 801/237/1146 802/241/1145
f 362/222/1124 363/221/1123 765/227/1147 763/228/1143
f 363/221/1123 364/226/1125 767/234/1149 765/227/1147
f 364/1227/1125 365/1228/1126 769/1223/1151 767/1221/1149
f 365/1228/1126 366/1234/1127 771/1229/1153 769/1223/1151
f 366/1234/1127 367/1238/1128 773/1235/1155 771/1229/1153
f 367/1238/1128 368/1242/1129 775/1239/1157 773/1235/1155
f 368/311/1129 369/302/1130 777/310/1159 775/318/1157
f 369/302/1130 370/301/1131 779/309/1161 777/310/1159
f 370/301/1131 371/308/1132 781/315/1163 779/309/1161
f 371/308/1132 372/314/1133 783/321/1165 781/315/1163
f 372/314/1133 373/320/1134 785/324/1167 783/321/1165
f 373/320/1134 374/323/1135 787/328/1169 785/324/1167
f 374/1257/1135 375/1258/1136 789/1253/1171 787/1251/1169
f 375/1258/1136 376/1264/1137 791/1259/1173 789/1253/1171
f 376/1264/1137 377/1268/1138 793/1265/1175 791/1259/1173
f 377/1268/1138 378/1272/1139 795/1269/1177 793/1265/1175
f 378/249/1139 379/243/1140 797/248/1179 795/252/1177
f 379/243/1140 380/238/1141 799/242/1181 797/248/1179
f 380/238/1141 381/229/1142 801/237/1146 799/242/1181
f 381/229/1142 362/222/1124 763/228/1143 801/237/1146
f 764/1232/1144 766/1219/1148 383/1226/1183 382/1233/1184
f 766/1219/1148 768/1222/1150 384/1225/1185 383/1226/1183
f 768/1222/1150 770/1224/1152 385/1231/1186 384/1225/1185
f 770/1224/1152 772/1230/1154 386/1237/1187 385/1231/1186
f 772/1230/1154 774/1236/1156 387/1241/1188 386/1237/1187
f 774/1236/1156 776/1240/1158 388/1245/1189 387/1241/1188
f 776/1240/1158 778/1244/1160 389/1246/1190 388/1245/1189
f 778/1244/1160 780/1247/1162 390/1248/1191 389/1246/1190
f 780/317/1162 782/322/1164 391/326/1192 390/327/1191
f 782/322/1164 784/325/1166 392/330/1193 391/326/1192
f 784/1262/1166 786/1249/1168 393/1256/1194 392/1263/1193
f 786/1249/1168 788/1252/1170 394/1255/1195 393/1256/1194
f 788/1252/1170 790/1254/1172 395/1261/1196 394/1255/1195
f 790/1254/1172 792/1260/1174 396/1267/1197 395/1261/1196
f 792/1260/1174 794/1266/1176 397/1271/1198 396/1267/1197
f 794/1266/1176 796/1270/1178 398/1275/1199 397/1271/1198
f 796/1270/1178 798/1274/1180 399/1276/1200 398/1275/1199
f 798/1274/1180 800/1277/1182 400/1278/1201 399/1276/1200
f 800/247/1182 802/241/1145 401/246/1202 400/250/1201
f 802/241/1145 764/235/1144 382/245/1184 401/246/1202
s 25
f 843/499/1203 844/500/1204 845/501/1205 846/502/1206
f 844/500/1204 847/503/1207 848/504/1208 845/501/1205
f 847/1775/1207 849/1776/1209 850/1777/1210 848/1778/1208
f 849/1776/1209 851/1779/1211 852/1780/1212 850/1777/1210
f 851/1779/1211 853/1781/1213 854/1782/1214 852/1780/1212
f 853/1781/1213 855/1783/1215 856/1784/1216 854/1782/1214
f 855/519/1215 857/513/1217 858/516/1218 856/520/1216
f 857/513/1217 859/514/1219 860/515/1220 858/516/1218
f 859/514/1219 861/517/1221 862/518/1222 860/515/1220
f 861/517/1221 863/521/1223 864/522/1224 862/518/1222
f 863/521/1223 865/523/1225 866/524/1226 864/522/1224
f 865/523/1225 867/525/1227 868/526/1228 866/524/1226
f 867/1785/1227 869/1786/1229 870/1787/1230 868/1788/1228
f 869/1786/1229 871/1789/1231 872/1790/1232 870/1787/1230
f 871/1789/1231 873/1791/1233 874/1792/1234 872/1790/1232
f 873/1791/1233 875/1793/1235 876/1794/1236 874/1792/1234
f 875/511/1235 877/509/1237 878/510/1238 876/512/1236
f 877/509/1237 879/507/1239 880/508/1240 878/510/1238
f 879/507/1239 881/505/1241 882/506/1242 880/508/1240
f 881/505/1241 843/499/1203 846/502/1206 882/506/1242
s 26
f 803/527/1243 823/528/1244 824/529/1245 804/530/1246
f 804/530/1246 824/529/1245 825/533/1247 805/534/1248
f 805/1795/1248 825/1796/1247 826/1797/1249 806/1798/1250
f 806/1798/1250 826/1797/1249 827/1799/1251 807/1800/1252
f 807/1800/1252 827/1799/1251 828/1801/1253 808/1802/1254
f 808/1802/1254 828/1801/1253 829/1803/1255 809/1804/1256
f 809/545/1256 829/546/1255 830/542/1257 810/541/1258
f 810/541/1258 830/542/1257 831/543/1259 811/544/1260
f 811/544/1260 831/543/1259 832/547/1261 812/548/1262
f 812/548/1262 832/547/1261 833/549/1263 813/550/1264
f 813/550/1264 833/549/1263 834/551/1265 814/552/1266
f 814/552/1266 834/551/1265 835/553/1267 815/554/1268
f 815/1805/1268 835/1806/1267 836/1807/1269 816/1808/1270
f 816/1808/1270 836/1807/1269 837/1809/1271 817/1810/1272
f 817/1810/1272 837/1809/1271 838/1811/1273 818/1812/1274
f 818/1812/1274 838/1811/1273 839/1813/1275 819/1814/1276
f 819/539/1276 839/540/1275 840/538/1277 820/537/1278
f 820/537/1278 840/538/1277 841/536/1279 821/535/1280
f 821/535/1280 841/536/1279 842/532/1281 822/531/1282
f 822/531/1282 842/532/1281 823/528/1244 803/527/1243
s 27
f 803/1279/1283 804/1280/1284 844/1281/1285 843/1282/1286
s 28
f 824/1319/1287 823/1320/1288 846/1321/1289 845/1322/1290
s 27
f 804/1280/1284 805/1283/1291 847/1284/1292 844/1281/1285
s 28
f 825/1325/1293 824/1319/1287 845/1322/1290 848/1326/1294
s 27
f 805/1283/1291 806/1287/1295 849/1288/1296 847/1284/1292
s 28
f 826/1329/1297 825/1325/1293 848/1326/1294 850/1330/1298
s 27
f 806/1287/1295 807/1291/1299 851/1292/1300 849/1288/1296
s 28
f 827/1333/1301 826/1329/1297 850/1330/1298 852/1334/1302
s 27
f 807/1291/1299 808/1295/1303 853/1296/1304 851/1292/1300
s 28
f 828/1337/1305 827/1333/1301 852/1334/1302 854/1338/1306
s 27
f 808/1295/1303 809/1299/1307 855/1300/1308 853/1296/1304
s 28
f 829/1341/1309 828/1337/1305 854/1338/1306 856/1342/1310
s 27
f 809/1299/1307 810/1303/1311 857/1304/1312 855/1300/1308
s 28
f 830/1345/1313 829/1341/1309 856/1342/1310 858/1346/1314
s 27
f 810/1303/1311 811/1307/1315 859/1308/1316 857/1304/1312
s 28
f 831/1349/1317 830/1345/1313 858/1346/1314 860/1350/1318
s 27
f 811/1307/1315 812/1311/1319 861/1312/1320 859/1308/1316
s 28
f 832/1353/1321 831/1349/1317 860/1350/1318 862/1354/1322
s 27
f 812/1311/1319 813/1315/1323 863/1316/1324 861/1312/1320
s 28
f 833/1357/1325 832/1353/1321 862/1354/1322 864/1358/1326
s 27
f 813/1315/1323 814/1317/1327 865/1318/1328 863/1316/1324
s 28
f 834/1355/1329 833/1357/1325 864/1358/1326 866/1356/1330
s 27
f 814/1317/1327 815/1313/1331 867/1314/1332 865/1318/1328
s 28
f 835/1351/1333 834/1355/1329 866/1356/1330 868/1352/1334
s 27
f 815/1313/1331 816/1309/1335 869/1310/1336 867/1314/1332
s 28
f 836/1347/1337 835/1351/1333 868/1352/1334 870/1348/1338
s 27
f 816/1309/1335 817/1305/1339 871/1306/1340 869/1310/1336
s 28
f 837/1343/1341 836/1347/1337 870/1348/1338 872/1344/1342
s 27
f 817/1305/1339 818/1301/1343 873/1302/1344 871/1306/1340
s 28
f 838/1339/1345 837/1343/1341 872/1344/1342 874/1340/1346
s 27
f 818/1301/1343 819/1297/1347 875/1298/1348 873/1302/1344
s 28
f 839/1335/1349 838/1339/1345 874/1340/1346 876/1336/1350
s 27
f 819/1297/1347 820/1293/1351 877/1294/1352 875/1298/1348
s 28
f 840/1331/1353 839/1335/1349 876/1336/1350 878/1332/1354
s 27
f 820/1293/1351 821/1289/1355 879/1290/1356 877/1294/1352
s 28
f 841/1327/1357 840/1331/1353 878/1332/1354 880/1328/1358
s 27
f 821/1289/1355 822/1285/1359 881/1286/1360 879/1290/1356
s 28
f 842/1323/1361 841/1327/1357 880/1328/1358 882/1324/1362
s 27
f 822/1285/1359 803/1279/1283 843/1282/1286 881/1286/1360
s 28
f 823/1320/1288 842/1323/1361 882/1324/1362 846/1321/1289
s 29
f 883/1815/1363 884/1816/1364 904/1817/1365 903/1818/1366
f 884/1365/1364 885/1359/1367 905/1362/1368 904/1366/1365
f 885/1359/1367 886/1360/1369 906/1361/1370 905/1362/1368
f 886/1360/1369 887/1363/1371 907/1364/1372 906/1361/1370
f 887/1363/1371 888/1367/1373 908/1368/1374 907/1364/1372
f 888/1367/1373 889/1369/1375 909/1370/1376 908/1368/1374
f 889/1369/1375 890/1371/1377 910/1372/1378 909/1370/1376
f 890/1825/1377 891/1826/1379 911/1827/1380 910/1828/1378
f 891/1826/1379 892/1829/1381 912/1830/1382 911/1827/1380
f 892/1829/1381 893/1831/1383 913/1832/1384 912/1830/1382
f 893/1831/1383 894/1833/1385 914/1834/1386 913/1832/1384
f 894/1379/1385 895/1373/1387 915/1376/1388 914/1380/1386
f 895/1373/1387 896/1374/1389 916/1375/1390 915/1376/1388
f 896/1374/1389 897/1377/1391 917/1378/1392 916/1375/1390
f 897/1377/1391 898/1381/1393 918/1382/1394 917/1378/1392
f 898/1381/1393 899/1383/1395 919/1384/1396 918/1382/1394
f 899/1383/1395 900/1385/1397 920/1386/1398 919/1384/1396
f 900/1823/1397 901/1821/1399 921/1822/1400 920/1824/1398
f 901/1821/1399 902/1819/1401 922/1820/1402 921/1822/1400
f 902/1819/1401 883/1815/1363 903/1818/1366 922/1820/1402
s 30
f 884/555/1403 883/556/1404 923/557/1405
f 885/559/1406 884/555/1403 923/557/1405
f 886/561/1407 885/559/1406 923/557/1405
f 887/563/1408 886/561/1407 923/557/1405
f 888/565/1409 887/563/1408 923/557/1405
f 889/567/1410 888/565/1409 923/557/1405
f 890/569/1411 889/567/1410 923/557/1405
f 891/571/1412 890/569/1411 923/557/1405
f 892/573/1413 891/571/1412 923/557/1405
f 893/575/1414 892/573/1413 923/557/1405
f 894/574/1415 893/575/1414 923/557/1405
f 895/572/1416 894/574/1415 923/557/1405
f 896/570/1417 895/572/1416 923/557/1405
f 897/568/1418 896/570/1417 923/557/1405
f 898/566/1419 897/568/1418 923/557/1405
f 899/564/1420 898/566/1419 923/557/1405
f 900/562/1421 899/564/1420 923/557/1405
f 901/560/1422 900/562/1421 923/557/1405
f 902/558/1423 901/560/1422 923/557/1405
f 883/556/1404 902/558/1423 923/557/1405
s 31
f 903/576/1424 904/577/1425 924/578/1426
f 904/577/1425 905/579/1427 924/578/1426
f 905/579/1427 906/581/1428 924/578/1426
f 906/581/1428 907/583/1429 924/578/1426
f 907/583/1429 908/585/1430 924/578/1426
f 908/585/1430 909/587/1431 924/578/1426
f 909/587/1431 910/589/1432 924/578/1426
f 910/589/1432 911/591/1433 924/578/1426
f 911/591/1433 912/593/1434 924/578/1426
f 912/593/1434 913/595/1435 924/578/1426
f 913/595/1435 914/596/1436 924/578/1426
f 914/596/1436 915/594/1437 924/578/1426
f 915/594/1437 916/592/1438 924/578/1426
f 916/592/1438 917/590/1439 924/578/1426
f 917/590/1439 918/588/1440 924/578/1426
f 918/588/1440 919/586/1441 924/578/1426
f 919/586/1441 920/584/1442 924/578/1426
f 920/584/1442 921/582/1443 924/578/1426
f 921/582/1443 922/580/1444 924/578/1426
f 922/580/1444 903/576/1424 924/578/1426
s 32
f 925/1835/1445 926/1836/1446 946/1837/1447 945/1838/1448
f 926/1393/1446 927/1387/1449 947/1390/1450 946/1394/1447
f 927/1387/1449 928/1388/1451 948/1389/1452 947/1390/1450
f 928/1388/1451 929/1391/1453 949/1392/1454 948/1389/1452
f 929/1391/1453 930/1395/1455 950/1396/1456 949/1392/1454
f 930/1395/1455 931/1397/1457 951/1398/1458 950/1396/1456
f 931/1397/1457 932/1399/1459 952/1400/1460 951/1398/1458
f 932/1845/1459 933/1846/1461 953/1847/1462 952/1848/1460
f 933/1846/1461 934/1849/1463 954/1850/1464 953/1847/1462
f 934/1849/1463 935/1851/1465 955/1852/1466 954/1850/1464
f 935/1851/1465 936/1853/1467 956/1854/1468 955/1852/1466
f 936/1407/1467 937/1401/1469 957/1404/1470 956/1408/1468
f 937/1401/1469 938/1402/1471 958/1403/1472 957/1404/1470
f 938/1402/1471 939/1405/1473 959/1406/1474 958/1403/1472
f 939/1405/1473 940/1409/1475 960/1410/1476 959/1406/1474
f 940/1409/1475 941/1411/1477 961/1412/1478 960/1410/1476
f 941/1411/1477 942/1413/1479 962/1414/1480 961/1412/1478
f 942/1843/1479 943/1841/1481 963/1842/1482 962/1844/1480
f 943/1841/1481 944/1839/1483 964/1840/1484 963/1842/1482
f 944/1839/1483 925/1835/1445 945/1838/1448 964/1840/1484
s 33
f 926/597/1485 925/598/1486 965/599/1487
f 927/601/1488 926/597/1485 965/599/1487
f 928/603/1489 927/601/1488 965/599/1487
f 929/605/1490 928/603/1489 965/599/1487
f 930/607/1491 929/605/1490 965/599/1487
f 931/609/1492 930/607/1491 965/599/1487
f 932/611/1493 931/609/1492 965/599/1487
f 933/613/1494 932/611/1493 965/599/1487
f 934/615/1495 933/613/1494 965/599/1487
f 935/617/1496 934/615/1495 965/599/1487
f 936/616/1497 935/617/1496 965/599/1487
f 937/614/1498 936/616/1497 965/599/1487
f 938/612/1499 937/614/1498 965/599/1487
f 939/610/1500 938/612/1499 965/599/1487
f 940/608/1501 939/610/1500 965/599/1487
f 941/606/1502 940/608/1501 965/599/1487
f 942/604/1503 941/606/1502 965/599/1487
f 943/602/1504 942/604/1503 965/599/1487
f 944/600/1505 943/602/1504 965/599/1487
f 925/598/1486 944/600/1505 965/599/1487
s 34
f 945/618/1506 946/619/1507 966/620/1508
f 946/619/1507 947/621/1509 966/620/1508
f 947/621/1509 948/623/1510 966/620/1508
f 948/623/1510 949/625/1511 966/620/1508
f 949/625/1511 950/627/1512 966/620/1508
f 950/627/1512 951/629/1513 966/620/1508
f 951/629/1513 952/631/1514 966/620/1508
f 952/631/1514 953/633/1515 966/620/1508
f 953/633/1515 954/635/1516 966/620/1508
f 954/635/1516 955/637/1517 966/620/1508
f 955/637/1517 956/638/1518 966/620/1508
f 956/638/1518 957/636/1519 966/620/1508
f 957/636/1519 958/634/1520 966/620/1508
f 958/634/1520 959/632/1521 966/620/1508
f 959/632/1521 960/630/1522 966/620/1508
f 960/630/1522 961/628/1523 966/620/1508
f 961/628/1523 962/626/1524 966/620/1508
f 962/626/1524 963/624/1525 966/620/1508
f 963/624/1525 964/622/1526 966/620/1508
f 964/622/1526 945/618/1506 966/620/1508
s 35
f 967/639/1527 968/640/1528 988/641/1529 987/642/1530
f 968/640/1528 969/643/1531 989/644/1532 988/641/1529
f 969/1415/1531 970/1416/1533 990/1417/1534 989/1418/1532
f 970/1416/1533 971/1419/1535 991/1420/1536 990/1417/1534
f 971/1419/1535 972/1421/1537 992/1422/1538 991/1420/1536
f 972/1421/1537 973/1423/1539 993/1424/1540 992/1422/1538
f 973/659/1539 974/653/1541 994/656/1542 993/660/1540
f 974/653/1541 975/654/1543 995/655/1544 994/656/1542
f 975/654/1543 976/657/1545 996/658/1546 995/655/1544
f 976/657/1545 977/661/1547 997/662/1548 996/658/1546
f 977/661/1547 978/663/1549 998/664/1550 997/662/1548
f 978/663/1549 979/665/1551 999/666/1552 998/664/1550
f 979/1425/1551 980/1426/1553 1000/1427/1554 999/1428/1552
f 980/1426/1553 981/1429/1555 1001/1430/1556 1000/1427/1554
f 981/1429/1555 982/1431/1557 1002/1432/1558 1001/1430/1556
f 982/1431/1557 983/1433/1559 1003/1434/1560 1002/1432/1558
f 983/651/1559 984/649/1561 1004/650/1562 1003/652/1560
f 984/649/1561 985/647/1563 1005/648/1564 1004/650/1562
f 985/647/1563 986/645/1565 1006/646/1566 1005/648/1564
f 986/645/1565 967/639/1527 987/642/1530 1006/646/1566
s 36
f 968/1855/1567 967/1856/1568 1007/1857/1569
f 969/1859/1570 968/1855/1567 1007/1857/1569
f 970/1861/1571 969/1859/1570 1007/1857/1569
f 971/1863/1572 970/1861/1571 1007/1857/1569
f 972/1865/1573 971/1863/1572 1007/1857/1569
f 973/1867/1574 972/1865/1573 1007/1857/1569
f 974/1869/1575 973/1867/1574 1007/1857/1569
f 975/1871/1576 974/1869/1575 1007/1857/1569
f 976/1873/1577 975/1871/1576 1007/1857/1569
f 977/1875/1578 976/1873/1577 1007/1857/1569
f 978/1874/1579 977/1875/1578 1007/1857/1569
f 979/1872/1580 978/1874/1579 1007/1857/1569
f 980/1870/1581 979/1872/1580 1007/1857/1569
f 981/1868/1582 980/1870/1581 1007/1857/1569
f 982/1866/1583 981/1868/1582 1007/1857/1569
f 983/1864/1584 982/1866/1583 1007/1857/1569
f 984/1862/1585 983/1864/1584 1007/1857/1569
f 985/1860/1586 984/1862/1585 1007/1857/1569
f 986/1858/1587 985/1860/1586 1007/1857/1569
f 967/1856/1568 986/1858/1587 1007/1857/1569
s 37
f 987/1876/1588 988/1877/1589 1008/1878/1590
f 988/1877/1589 989/1879/1591 1008/1878/1590
f 989/1879/1591 990/1881/1592 1008/1878/1590
f 990/1881/1592 991/1883/1593 1008/1878/1590
f 991/1883/1593 992/1885/1594 1008/1878/1590
f 992/1885/1594 993/1887/1595 1008/1878/1590
f 993/1887/1595 994/1889/1596 1008/1878/1590
f 994/1889/1596 995/1891/1597 1008/1878/1590
f 995/1891/1597 996/1893/1598 1008/1878/1590
f 996/1893/1598 997/1895/1599 1008/1878/1590
f 997/1895/1599 998/1896/1600 1008/1878/1590
f 998/1896/1600 999/1894/1601 1008/1878/1590
f 999/1894/1601 1000/1892/1602 1008/1878/1590
f 1000/1892/1602 1001/1890/1603 1008/1878/1590
f 1001/1890/1603 1002/1888/1604 1008/1878/1590
f 1002/1888/1604 1003/1886/1605 1008/1878/1590
f 1003/1886/1605 1004/1884/1606 1008/1878/1590
f 1004/1884/1606 1005/1882/1607 1008/1878/1590
f 1005/1882/1607 1006/1880/1608 1008/1878/1590
f 1006/1880/1608 987/1876/1588 1008/1878/1590
s 38
f 1009/667/1609 1010/668/1610 1030/669/1611 1029/670/1612
f 1010/668/1610 1011/671/1613 1031/672/1614 1030/669/1611
f 1011/1435/1613 1012/1436/1615 1032/1437/1616 1031/1438/1614
f 1012/1436/1615 1013/1439/1617 1033/1440/1618 1032/1437/1616
f 1013/1439/1617 1014/1441/1619 1034/1442/1620 1033/1440/1618
f 1014/1441/1619 1015/1443/1621 1035/1444/1622 1034/1442/1620
f 1015/687/1621 1016/681/1623 1036/684/1624 1035/688/1622
f 1016/681/1623 1017/682/1625 1037/683/1626 1036/684/1624
f 1017/682/1625 1018/685/1627 1038/686/1628 1037/683/1626
f 1018/685/1627 1019/689/1629 1039/690/1630 1038/686/1628
f 1019/689/1629 1020/691/1631 1040/692/1632 1039/690/1630
f 1020/691/1631 1021/693/1633 1041/694/1634 1040/692/1632
f 1021/1445/1633 1022/1446/1635 1042/1447/1636 1041/1448/1634
f 1022/1446/1635 1023/1449/1637 1043/1450/1638 1042/1447/1636
f 1023/1449/1637 1024/1451/1639 1044/1452/1640 1043/1450/1638
f 1024/1451/1639 1025/1453/1641 1045/1454/1642 1044/1452/1640
f 1025/679/1641 1026/677/1643 1046/678/1644 1045/680/1642
f 1026/677/1643 1027/675/1645 1047/676/1646 1046/678/1644
f 1027/675/1645 1028/673/1647 1048/674/1648 1047/676/1646
f 1028/673/1647 1009/667/1609 1029/670/1612 1048/674/1648
s 39
f 1010/1897/1649 1009/1898/1650 1049/1899/1651
f 1011/1901/1652 1010/1897/1649 1049/1899/1651
f 1012/1903/1653 1011/1901/1652 1049/1899/1651
f 1013/1905/1654 1012/1903/1653 1049/1899/1651
f 1014/1907/1655 1013/1905/1654 1049/1899/1651
f 1015/1909/1656 1014/1907/1655 1049/1899/1651
f 1016/1911/1657 1015/1909/1656 1049/1899/1651
f 1017/1913/1658 1016/1911/1657 1049/1899/1651
f 1018/1915/1659 1017/1913/1658 1049/1899/1651
f 1019/1917/1660 1018/1915/1659 1049/1899/1651
f 1020/1916/1661 1019/1917/1660 1049/1899/1651
f 1021/1914/1662 1020/1916/1661 1049/1899/1651
f 1022/1912/1663 1021/1914/1662 1049/1899/1651
f 1023/1910/1664 1022/1912/1663 1049/1899/1651
f 1024/1908/1665 1023/1910/1664 1049/1899/1651
f 1025/1906/1666 1024/1908/1665 1049/1899/1651
f 1026/1904/1667 1025/1906/1666 1049/1899/1651
f 1027/1902/1668 1026/1904/1667 1049/1899/1651
f 1028/1900/1669 1027/1902/1668 1049/1899/1651
f 1009/1898/1650 1028/1900/1669 1049/1899/1651
s 40
f 1029/1918/1670 1030/1919/1671 1050/1920/1672
f 1030/1919/1671 1031/1921/1673 1050/1920/1672
f 1031/1921/1673 1032/1923/1674 1050/1920/1672
f 1032/1923/1674 1033/1925/1675 1050/1920/1672
f 1033/1925/1675 1034/1927/1676 1050/1920/1672
f 1034/1927/1676 1035/1929/1677 1050/1920/1672
f 1035/1929/1677 1036/1931/1678 1050/1920/1672
f 1036/1931/1678 1037/1933/1679 1050/1920/1672
f 1037/1933/1679 1038/1935/1680 1050/1920/1672
f 1038/1935/1680 1039/1937/1681 1050/1920/1672
f 1039/1937/1681 1040/1938/1682 1050/1920/1672
f 1040/1938/1682 1041/1936/1683 1050/1920/1672
f 1041/1936/1683 1042/1934/1684 1050/1920/1672
f 1042/1934/1684 1043/1932/1685 1050/1920/1672
f 1043/1932/1685 1044/1930/1686 1050/1920/1672
f 1044/1930/1686 1045/1928/1687 1050/1920/1672
f 1045/1928/1687 1046/1926/1688 1050/1920/1672
f 1046/1926/1688 1047/1924/1689 1050/1920/1672
f 1047/1924/1689 1048/1922/1690 1050/1920/1672
f 1048/1922/1690 1029/1918/1670 1050/1920/1672
