# This file uses centimeters as units for non-parametric coordinates.

mtllib Shelves.mtl
g default
v -15.627886 11.956542 6.960492
v -15.627886 11.956542 -0.481993
v -19.040432 11.956542 6.960492
v -19.040432 11.956542 -0.481993
v -15.627886 2.866107 6.960492
v -19.040432 2.866107 6.960492
v -19.040432 2.866107 -0.481993
v -15.627886 2.866107 -0.481993
v -19.040432 11.688695 6.960492
v -15.627886 11.688695 6.960492
v -15.627886 11.688695 -0.481993
v -19.040432 11.688695 -0.481993
v -15.627886 2.866107 -0.109868
v -19.040432 2.866107 -0.109868
v -19.040432 11.688695 -0.109868
v -19.040432 11.956542 -0.109868
v -15.627886 11.956542 -0.109868
v -15.627886 11.688695 -0.109868
v -15.627886 2.866107 6.588367
v -15.627886 11.688695 6.588367
v -15.627886 11.956542 6.588367
v -19.040432 11.956542 6.588367
v -19.040432 11.688695 6.588367
v -19.040432 2.866107 6.588367
v -15.627886 7.387674 6.960492
v -15.627886 7.167131 6.960492
v -19.040432 7.167131 6.960492
v -19.040432 7.387674 6.960492
v -19.040432 7.387674 6.588367
v -19.040432 7.167131 6.588367
v -19.040432 7.387674 -0.481993
v -19.040432 7.167131 -0.481993
v -15.627886 7.387674 -0.481993
v -15.627886 7.167131 -0.481993
v -15.627886 7.167131 -0.109868
v -15.627886 7.387674 -0.109868
v -15.627886 7.167131 6.588367
v -15.627886 7.387674 6.588367
v -19.040432 7.167131 -0.109868
v -19.040432 7.387674 -0.109868
v -19.040432 4.961484 6.960492
v -19.040432 5.182027 6.960492
v -15.627886 5.182027 6.960492
v -15.627886 4.961484 6.960492
v -15.627886 4.961484 6.588367
v -15.627886 5.182027 6.588367
v -15.627886 5.182027 -0.109868
v -15.627886 4.961484 -0.109868
v -15.627886 4.961484 -0.481993
v -15.627886 5.182027 -0.481993
v -19.040432 5.182027 -0.481993
v -19.040432 4.961484 -0.481993
v -19.040432 4.961484 -0.109868
v -19.040432 5.182027 -0.109868
v -19.040432 5.182027 6.588367
v -19.040432 4.961484 6.588367
v -15.627886 9.593321 6.960492
v -15.627886 9.372778 6.960492
v -19.040432 9.372778 6.960492
v -19.040432 9.593321 6.960492
v -19.040432 9.593321 6.588367
v -19.040432 9.372778 6.588367
v -19.040432 9.372778 -0.109868
v -19.040432 9.593321 -0.109868
v -19.040432 9.593321 -0.481993
v -19.040432 9.372778 -0.481993
v -15.627886 9.372778 -0.481993
v -15.627886 9.593321 -0.481993
v -15.627886 9.593321 -0.109868
v -15.627886 9.372778 -0.109868
v -15.627886 9.372778 6.588367
v -15.627886 9.593321 6.588367
v -18.437312 5.182027 -0.109868
v -18.437312 7.167131 -0.109868
v -18.437312 5.182027 6.588367
v -18.437312 7.167131 6.588367
v -18.437312 4.961484 -0.109868
v -18.437312 2.866107 -0.109868
v -18.437312 2.866107 6.588367
v -18.437312 4.961484 6.588367
v -18.437312 11.688695 -0.109868
v -18.437312 9.593321 -0.109868
v -18.437312 9.593321 6.588367
v -18.437312 11.688695 6.588367
v -18.437312 9.372778 -0.109868
v -18.437312 7.387674 -0.109868
v -18.437312 7.387674 6.588367
v -18.437312 9.372778 6.588367
v -15.627886 2.866107 1.564693
v -18.437312 2.866107 1.564693
v -18.437312 4.961484 1.564693
v -15.627886 4.961484 1.564693
v -15.627886 5.182027 1.564693
v -18.437312 5.182027 1.564693
v -18.437312 7.167131 1.564693
v -15.627886 7.167131 1.564693
v -15.627886 7.387674 1.564693
v -18.437312 7.387674 1.564693
v -18.437312 9.372778 1.564693
v -15.627886 9.372778 1.564693
v -15.627886 9.593321 1.564693
v -18.437312 9.593321 1.564693
v -18.437312 11.688695 1.564693
v -15.627886 11.688695 1.564693
v -15.627886 11.956542 1.564693
v -19.040432 11.956542 1.564693
v -19.040432 11.688695 1.564693
v -19.040432 9.593321 1.564693
v -19.040432 9.372778 1.564693
v -19.040432 7.387674 1.564693
v -19.040432 7.167131 1.564693
v -19.040432 5.182027 1.564693
v -19.040432 4.961484 1.564693
v -19.040432 2.866107 1.564693
v -15.627886 2.866107 4.913809
v -19.040432 2.866107 4.913809
v -19.040432 4.961484 4.913809
v -19.040432 5.182027 4.913809
v -19.040432 7.167131 4.913809
v -19.040432 7.387674 4.913809
v -19.040432 9.372778 4.913809
v -19.040432 9.593321 4.913809
v -19.040432 11.688695 4.913809
v -19.040432 11.956542 4.913809
v -15.627886 11.956542 4.913809
v -15.627886 11.688695 4.913809
v -18.437312 11.688695 4.913809
v -18.437312 9.593321 4.913809
v -15.627886 9.593321 4.913809
v -15.627886 9.372778 4.913809
v -18.437312 9.372778 4.913809
v -18.437312 7.387674 4.913809
v -15.627886 7.387674 4.913809
v -15.627886 7.167131 4.913809
v -18.437312 7.167131 4.913809
v -18.437312 5.182027 4.913809
v -15.627886 5.182027 4.913809
v -15.627886 4.961484 4.913809
v -18.437312 4.961484 4.913809
v -18.437312 2.866107 4.913809
v -16.020242 11.956542 6.960492
v -16.020242 11.688695 6.960492
v -16.020242 9.593321 6.960492
v -16.020242 9.372778 6.960492
v -16.020242 7.387674 6.960492
v -16.020242 7.167131 6.960492
v -16.020242 5.182027 6.960492
v -16.020242 4.961484 6.960492
v -16.020242 2.866107 6.960492
v -16.020242 2.866107 -0.481993
v -16.020242 4.961484 -0.481993
v -16.020242 5.182027 -0.481993
v -16.020242 7.167131 -0.481993
v -16.020242 7.387674 -0.481993
v -16.020242 9.372778 -0.481993
v -16.020242 9.593321 -0.481993
v -16.020242 11.688695 -0.481993
v -16.020242 11.956542 -0.481993
v -15.908828 11.688695 -0.109868
v -15.908828 9.593321 -0.109868
v -15.908828 9.593321 1.564693
v -15.908828 9.593321 4.913809
v -15.908828 9.593321 6.588367
v -15.908828 11.688695 6.588367
v -15.908828 11.688695 4.913809
v -15.908828 11.688695 1.564693
v -15.908828 11.513966 1.564693
v -15.627886 11.513966 1.564693
v -15.627886 11.513966 4.913809
v -15.908828 11.513966 4.913809
v -15.627886 11.027294 -0.109868
v -15.908828 11.027294 -0.109868
v -15.908828 11.027294 6.588367
v -15.627886 11.027294 6.588367
v -15.627886 2.866107 0.727413
v -19.040432 2.866107 0.727413
v -19.040432 4.961484 0.727413
v -19.040432 5.182027 0.727413
v -19.040432 7.167131 0.727413
v -19.040432 7.387674 0.727413
v -19.040432 9.372778 0.727413
v -19.040432 9.593321 0.727413
v -19.040432 11.688695 0.727413
v -19.040432 11.956542 0.727413
v -15.627886 11.956542 0.727413
v -15.627886 11.688695 0.727413
v -15.627886 11.027294 0.727413
v -15.908828 11.027294 0.727413
v -15.908828 11.688695 0.727413
v -18.437312 11.688695 0.727413
v -18.437312 9.593321 0.727413
v -15.908828 9.593321 0.727413
v -15.627886 9.593321 0.727413
v -15.627886 9.372778 0.727413
v -18.437312 9.372778 0.727413
v -18.437312 7.387674 0.727413
v -15.627886 7.387674 0.727413
v -15.627886 7.167131 0.727413
v -18.437312 7.167131 0.727413
v -18.437312 5.182027 0.727413
v -15.627886 5.182027 0.727413
v -15.627886 4.961484 0.727413
v -18.437312 4.961484 0.727413
v -18.437312 2.866107 0.727413
v -15.627886 2.866107 5.751090
v -18.437312 2.866107 5.751090
v -18.437312 4.961484 5.751090
v -15.627886 4.961484 5.751090
v -15.627886 5.182027 5.751090
v -18.437312 5.182027 5.751090
v -18.437312 7.167131 5.751090
v -15.627886 7.167131 5.751090
v -15.627886 7.387674 5.751090
v -18.437312 7.387674 5.751090
v -18.437312 9.372778 5.751090
v -15.627886 9.372778 5.751090
v -15.627886 9.593321 5.751090
v -15.908828 9.593321 5.751090
v -18.437312 9.593321 5.751090
v -18.437312 11.688695 5.751090
v -15.908828 11.688695 5.751090
v -15.908828 11.027294 5.751090
v -15.627886 11.027294 5.751090
v -15.627886 11.688695 5.751090
v -15.627886 11.956542 5.751090
v -19.040432 11.956542 5.751090
v -19.040432 11.688695 5.751090
v -19.040432 9.593321 5.751090
v -19.040432 9.372778 5.751090
v -19.040432 7.387674 5.751090
v -19.040432 7.167131 5.751090
v -19.040432 5.182027 5.751090
v -19.040432 4.961484 5.751090
v -19.040432 2.866107 5.751090
v -16.020242 0.698105 6.588367
v -16.020242 0.698105 -0.109868
v -16.020242 0.698105 1.564693
v -16.020242 0.698105 4.913809
v -16.020242 0.698105 0.727413
v -16.020242 0.698105 5.751090
v -18.687308 2.866107 6.960492
v -18.687308 4.961484 6.960492
v -18.687308 5.182027 6.960492
v -18.687308 7.167131 6.960492
v -18.687308 7.387674 6.960492
v -18.687308 9.372778 6.960492
v -18.687308 9.593321 6.960492
v -18.687308 11.688695 6.960492
v -18.687308 11.956542 6.960492
v -18.687308 11.956542 -0.481993
v -18.687308 11.688695 -0.481993
v -18.687308 9.593321 -0.481993
v -18.687308 9.372778 -0.481993
v -18.687308 7.387674 -0.481993
v -18.687308 7.167131 -0.481993
v -18.687308 5.182027 -0.481993
v -18.687308 4.961484 -0.481993
v -18.687308 2.866107 -0.481993
v -18.687308 0.698105 -0.109868
v -18.687308 0.698105 0.727413
v -18.687308 0.698105 1.564695
v -18.687308 0.698105 4.913809
v -18.687308 0.698105 5.751090
v -18.687308 0.698105 6.588367
v -16.020242 0.698105 6.588367
v -16.020242 0.698105 -0.109868
v -16.020242 0.698105 1.564693
v -16.020242 0.698105 4.913809
v -16.020242 0.698105 0.727413
v -16.020242 0.698105 5.751090
v -18.687308 0.698105 6.588367
v -18.687308 0.698105 5.751090
v -18.687308 0.698105 4.913809
v -18.687308 0.698105 1.564695
v -18.687308 0.698105 -0.109868
v -18.687308 0.698105 0.727413
v -16.020242 0.439958 6.960492
v -16.020242 0.439958 6.588367
v -15.627886 0.439958 6.588367
v -15.627886 0.439958 6.960492
v -15.627886 0.439958 -0.109868
v -16.020242 0.439958 -0.109868
v -16.020242 0.439958 -0.481993
v -15.627886 0.439958 -0.481993
v -16.020242 0.439958 1.564693
v -15.627886 0.439958 1.564693
v -15.627886 0.439958 4.913809
v -16.020242 0.439958 4.913809
v -15.627886 0.439958 0.727413
v -16.020242 0.439958 0.727413
v -16.020242 0.439958 5.751090
v -15.627886 0.439958 5.751090
v -19.040432 0.439958 6.960492
v -19.040432 0.439958 6.588367
v -18.687308 0.439958 6.588367
v -18.687308 0.439958 6.960492
v -19.040432 0.439958 5.751090
v -18.687308 0.439958 5.751090
v -18.687308 0.439958 4.913809
v -19.040432 0.439958 4.913809
v -18.687308 0.439958 1.564695
v -19.040432 0.439958 1.564693
v -18.687308 0.439958 -0.109868
v -18.687308 0.439958 0.727413
v -19.040432 0.439958 0.727413
v -19.040432 0.439958 -0.109868
v -18.687308 0.439958 -0.481993
v -19.040432 0.439958 -0.481993
v -16.020242 0.181812 6.960492
v -16.020242 0.181812 6.588367
v -15.627886 0.181812 6.588367
v -15.627886 0.181812 6.960492
v -19.040432 0.181812 6.960492
v -19.040432 0.181812 6.588367
v -18.687308 0.181812 6.588367
v -18.687308 0.181812 6.960492
v -15.627886 0.181812 -0.109868
v -16.020242 0.181812 -0.109868
v -16.020242 0.181812 -0.481993
v -15.627886 0.181812 -0.481993
v -18.687308 0.181812 -0.481993
v -18.687308 0.181812 -0.109868
v -19.040432 0.181812 -0.109868
v -19.040432 0.181812 -0.481993
v -16.020242 0.532765 6.960492
v -15.627886 0.532765 6.960492
v -15.627886 0.532765 6.588367
v -15.627886 0.532765 5.751090
v -15.627886 0.532765 4.913809
v -15.627886 0.532765 1.564693
v -15.627886 0.532765 0.727413
v -15.627886 0.532765 -0.109868
v -15.627886 0.532765 -0.481993
v -16.020242 0.532765 -0.481993
v -18.687308 0.532765 -0.481993
v -19.040432 0.532765 -0.481993
v -19.040432 0.532765 -0.109868
v -19.040432 0.532765 0.727413
v -19.040432 0.532765 1.564693
v -19.040432 0.532765 4.913809
v -19.040432 0.532765 5.751090
v -19.040432 0.532765 6.588367
v -19.040432 0.532765 6.960492
v -18.687308 0.532765 6.960492
v -16.020242 0.699817 6.960492
v -15.627886 0.699817 6.960492
v -15.627886 0.699817 6.588367
v -15.627886 0.699817 5.751090
v -15.627886 0.699817 4.913809
v -15.627886 0.699817 1.564693
v -15.627886 0.699817 0.727413
v -15.627886 0.699817 -0.109868
v -15.627886 0.699817 -0.481993
v -16.020242 0.699817 -0.481993
v -18.687308 0.699817 -0.481993
v -19.040432 0.699817 -0.481993
v -19.040432 0.699817 -0.109868
v -19.040432 0.699817 0.727413
v -19.040432 0.699817 1.564693
v -19.040432 0.699817 4.913809
v -19.040432 0.699817 5.751090
v -19.040432 0.699817 6.588367
v -19.040432 0.699817 6.960492
v -18.687308 0.699817 6.960492
v -15.524627 0.679168 6.960492
v -15.530675 0.693769 6.960492
v -15.545277 0.699817 6.960492
v -15.545277 0.699817 6.588367
v -15.530675 0.693769 6.588367
v -15.524627 0.679168 6.588367
v -15.545277 0.699817 5.751090
v -15.530675 0.693769 5.751090
v -15.524627 0.679168 5.751090
v -15.545277 0.699817 4.913809
v -15.530675 0.693769 4.913809
v -15.524627 0.679168 4.913809
v -15.545277 0.699817 1.564693
v -15.530675 0.693769 1.564693
v -15.524627 0.679168 1.564693
v -15.545277 0.699817 0.727413
v -15.530675 0.693769 0.727413
v -15.524627 0.679168 0.727413
v -15.545277 0.699817 -0.109868
v -15.530675 0.693769 -0.109868
v -15.524627 0.679168 -0.109868
v -15.545277 0.699817 -0.481993
v -15.530675 0.693769 -0.481993
v -15.524627 0.679168 -0.481993
v -15.627886 0.679168 -0.585253
v -15.627886 0.693769 -0.579202
v -15.627886 0.699817 -0.564600
v -16.020242 0.699817 -0.564600
v -16.020242 0.693769 -0.579202
v -16.020242 0.679168 -0.585253
v -18.687308 0.699817 -0.564600
v -18.687308 0.693769 -0.579202
v -18.687308 0.679168 -0.585253
v -19.040432 0.699817 -0.564600
v -19.040432 0.693769 -0.579202
v -19.040432 0.679168 -0.585253
v -15.545277 0.699817 -0.564600
v -15.530675 0.693769 -0.579202
v -15.524627 0.679168 -0.585253
v -19.143687 0.679168 -0.481993
v -19.137639 0.693769 -0.481993
v -19.123038 0.699817 -0.481993
v -19.123038 0.699817 -0.109868
v -19.137639 0.693769 -0.109868
v -19.143687 0.679168 -0.109868
v -19.123038 0.699817 0.727413
v -19.137639 0.693769 0.727413
v -19.143687 0.679168 0.727413
v -19.123038 0.699817 1.564693
v -19.137639 0.693769 1.564693
v -19.143687 0.679168 1.564693
v -19.123038 0.699817 4.913809
v -19.137639 0.693769 4.913809
v -19.143687 0.679168 4.913809
v -19.123038 0.699817 5.751090
v -19.137639 0.693769 5.751090
v -19.143687 0.679168 5.751090
v -19.123038 0.699817 6.588367
v -19.137639 0.693769 6.588367
v -19.143687 0.679168 6.588367
v -19.123038 0.699817 6.960492
v -19.137639 0.693769 6.960492
v -19.143687 0.679168 6.960492
v -19.123038 0.699817 -0.564600
v -19.137639 0.693769 -0.579202
v -19.143687 0.679168 -0.585253
v -16.020242 0.679168 7.063751
v -16.020242 0.693769 7.057704
v -16.020242 0.699817 7.043102
v -15.627886 0.699817 7.043102
v -15.627886 0.693769 7.057704
v -15.627886 0.679168 7.063751
v -19.040432 0.679168 7.063751
v -19.040432 0.693769 7.057704
v -19.040432 0.699817 7.043102
v -18.687308 0.699817 7.043102
v -18.687308 0.693769 7.057704
v -18.687308 0.679168 7.063751
v -15.524627 0.679168 7.063751
v -15.530675 0.693769 7.057704
v -15.545277 0.699817 7.043102
v -19.123038 0.699817 7.043102
v -19.137639 0.693769 7.057704
v -19.143687 0.679168 7.063751
v -15.545277 0.532765 6.960492
v -15.530675 0.538813 6.960492
v -15.524627 0.553415 6.960492
v -15.545277 0.532765 6.588367
v -15.530675 0.538813 6.588367
v -15.524627 0.553415 6.588367
v -15.545277 0.532765 5.751090
v -15.530675 0.538813 5.751090
v -15.524627 0.553415 5.751090
v -15.545277 0.532765 4.913809
v -15.530675 0.538813 4.913809
v -15.524627 0.553415 4.913809
v -15.545277 0.532765 1.564693
v -15.530675 0.538813 1.564693
v -15.524627 0.553415 1.564693
v -15.545277 0.532765 0.727413
v -15.530675 0.538813 0.727413
v -15.524627 0.553415 0.727413
v -15.545277 0.532765 -0.109868
v -15.530675 0.538813 -0.109868
v -15.524627 0.553415 -0.109868
v -15.545277 0.532765 -0.481993
v -15.530675 0.538813 -0.481993
v -15.524627 0.553415 -0.481993
v -15.627886 0.532765 -0.564600
v -15.627886 0.538813 -0.579202
v -15.627886 0.553415 -0.585253
v -16.020242 0.532765 -0.564600
v -16.020242 0.538813 -0.579202
v -16.020242 0.553415 -0.585253
v -18.687308 0.532765 -0.564600
v -18.687308 0.538813 -0.579202
v -18.687308 0.553415 -0.585253
v -19.040432 0.532765 -0.564600
v -19.040432 0.538813 -0.579202
v -19.040432 0.553415 -0.585253
v -15.545277 0.532765 -0.564600
v -15.530675 0.538813 -0.579202
v -15.524627 0.553415 -0.585253
v -19.123038 0.532765 -0.481993
v -19.137639 0.538813 -0.481993
v -19.143687 0.553415 -0.481993
v -19.123038 0.532765 -0.109868
v -19.137639 0.538813 -0.109868
v -19.143687 0.553415 -0.109868
v -19.123038 0.532765 0.727413
v -19.137639 0.538813 0.727413
v -19.143687 0.553415 0.727413
v -19.123038 0.532765 1.564693
v -19.137639 0.538813 1.564693
v -19.143687 0.553415 1.564693
v -19.123038 0.532765 4.913809
v -19.137639 0.538813 4.913809
v -19.143687 0.553415 4.913809
v -19.123038 0.532765 5.751090
v -19.137639 0.538813 5.751090
v -19.143687 0.553415 5.751090
v -19.123038 0.532765 6.588367
v -19.137639 0.538813 6.588367
v -19.143687 0.553415 6.588367
v -19.123038 0.532765 6.960492
v -19.137639 0.538813 6.960492
v -19.143687 0.553415 6.960492
v -19.123038 0.532765 -0.564600
v -19.137639 0.538813 -0.579202
v -19.143687 0.553415 -0.585253
v -16.020242 0.532765 7.043102
v -16.020242 0.538813 7.057704
v -16.020242 0.553415 7.063751
v -15.627886 0.532765 7.043102
v -15.627886 0.538813 7.057704
v -15.627886 0.553415 7.063751
v -19.040432 0.532765 7.043102
v -19.040432 0.538813 7.057704
v -19.040432 0.553415 7.063751
v -18.687308 0.532765 7.043102
v -18.687308 0.538813 7.057704
v -18.687308 0.553415 7.063751
v -15.545277 0.532765 7.043102
v -15.530675 0.538813 7.057704
v -15.524627 0.553415 7.063751
v -19.123038 0.532765 7.043102
v -19.137639 0.538813 7.057704
v -19.143687 0.553415 7.063751
v -16.020242 1.782962 6.960492
v -15.627886 1.782962 6.960492
v -15.627886 1.782962 6.588367
v -15.627886 1.782962 5.751090
v -15.627886 1.782962 4.913809
v -15.627886 1.782962 1.564693
v -15.627886 1.782962 0.727413
v -15.627886 1.782962 -0.109868
v -15.627886 1.782962 -0.481993
v -16.020242 1.782962 -0.481993
v -18.687308 1.782962 -0.481993
v -19.040432 1.782962 -0.481993
v -19.040432 1.782962 -0.109868
v -19.040432 1.782962 0.727413
v -19.040432 1.782962 1.564693
v -19.040432 1.782962 4.913809
v -19.040432 1.782962 5.751090
v -19.040432 1.782962 6.588367
v -19.040432 1.782962 6.960492
v -18.687308 1.782962 6.960492
v -16.020242 1.241390 6.960492
v -15.627886 1.241390 6.960492
v -15.627886 1.241390 6.588367
v -15.627886 1.241390 5.751090
v -15.627886 1.241390 4.913809
v -15.627886 1.241390 1.564693
v -15.627886 1.241390 0.727413
v -15.627886 1.241390 -0.109868
v -15.627886 1.241390 -0.481993
v -16.020242 1.241390 -0.481993
v -18.687308 1.241390 -0.481993
v -19.040432 1.241390 -0.481993
v -19.040432 1.241390 -0.109868
v -19.040432 1.241390 0.727413
v -19.040432 1.241390 1.564693
v -19.040432 1.241390 4.913809
v -19.040432 1.241390 5.751090
v -19.040432 1.241390 6.588367
v -19.040432 1.241390 6.960492
v -18.687308 1.241390 6.960492
v -16.020242 2.324534 6.960492
v -15.627886 2.324534 6.960492
v -15.627886 2.324534 6.588367
v -15.627886 2.324534 5.751090
v -15.627886 2.324534 4.913809
v -15.627886 2.324534 1.564693
v -15.627886 2.324534 0.727413
v -15.627886 2.324534 -0.109868
v -15.627886 2.324534 -0.481993
v -16.020242 2.324534 -0.481993
v -18.687308 2.324534 -0.481993
v -19.040432 2.324534 -0.481993
v -19.040432 2.324534 -0.109868
v -19.040432 2.324534 0.727413
v -19.040432 2.324534 1.564693
v -19.040432 2.324534 4.913809
v -19.040432 2.324534 5.751090
v -19.040432 2.324534 6.588367
v -19.040432 2.324534 6.960492
v -18.687308 2.324534 6.960492
v -15.627886 12.463958 6.960492
v -15.627886 12.463958 6.588367
v -16.020242 12.463959 6.588367
v -16.020242 12.463958 6.960492
v -16.020242 12.463958 -0.481993
v -16.020242 12.463959 -0.109868
v -15.627886 12.463958 -0.109868
v -15.627886 12.463958 -0.481993
v -16.020242 12.463959 0.727413
v -15.627886 12.463958 0.727413
v -15.627886 12.463958 5.751090
v -16.020242 12.463959 5.751090
v -19.040432 12.463958 -0.109868
v -18.687308 12.463959 -0.109868
v -18.687308 12.463958 -0.481993
v -19.040432 12.463958 -0.481993
v -19.040432 12.463958 0.727413
v -18.687308 12.463959 0.727413
v -18.687308 12.463959 6.588367
v -19.040432 12.463958 6.588367
v -18.687308 12.463959 5.751090
v -19.040432 12.463958 5.751090
v -18.687308 12.463958 6.960492
v -19.040432 12.463958 6.960492
v -18.687308 12.463959 1.564693
v -19.040432 12.463958 1.564693
v -16.020242 12.463959 1.564693
v -15.627886 12.463958 1.564693
v -16.020242 12.463959 4.913809
v -15.627886 12.463958 4.913809
v -18.687308 12.463959 4.913809
v -19.040432 12.463958 4.913809
v -15.369738 12.463958 6.588367
v -15.369738 12.463958 6.960492
v -15.369738 12.463958 -0.481993
v -15.369738 12.463958 -0.109868
v -15.369738 12.463958 0.727413
v -15.369738 12.463958 5.751090
v -15.369738 12.463958 1.564693
v -15.369738 12.463958 4.913809
v -16.020242 12.463958 -0.791769
v -15.627886 12.463958 -0.791769
v -19.040432 12.463958 -0.791769
v -18.687308 12.463958 -0.791769
v -15.369738 12.463958 -0.791769
v -19.350205 12.463958 -0.109868
v -19.350205 12.463958 -0.481993
v -19.350205 12.463958 0.727413
v -19.350205 12.463958 6.588367
v -19.350205 12.463958 5.751090
v -19.350205 12.463958 6.960492
v -19.350205 12.463958 1.564695
v -19.350205 12.463958 4.913809
v -19.350205 12.463958 -0.791769
v -15.627886 12.463958 7.270269
v -16.020242 12.463958 7.270269
v -18.687308 12.463958 7.270269
v -19.040432 12.463958 7.270269
v -15.369738 12.463958 7.270269
v -19.350205 12.463958 7.270269
v -15.411123 12.143205 6.960492
v -15.369738 12.233454 6.960492
v -15.369738 12.233454 6.588367
v -15.411123 12.143205 6.588367
v -15.411123 12.143205 -0.109868
v -15.369738 12.233454 -0.109868
v -15.369738 12.233454 -0.481993
v -15.411123 12.143205 -0.481993
v -15.411123 12.143205 0.727413
v -15.369738 12.233454 0.727413
v -15.369738 12.233454 5.751090
v -15.411123 12.143205 5.751090
v -15.411123 12.143205 1.564693
v -15.369738 12.233454 1.564693
v -15.369738 12.233454 4.913809
v -15.411123 12.143205 4.913809
v -15.627886 12.146307 -0.746434
v -15.627886 12.234641 -0.791769
v -16.020242 12.234641 -0.791769
v -16.020242 12.146307 -0.746434
v -18.687308 12.146307 -0.746434
v -18.687308 12.234641 -0.791769
v -19.040432 12.234641 -0.791769
v -19.040432 12.146307 -0.746434
v -15.369738 12.235575 -0.791769
v -15.408150 12.145764 -0.745677
v -19.350205 12.234641 -0.109868
v -19.304871 12.146307 -0.109868
v -19.304871 12.146307 -0.481993
v -19.350205 12.234641 -0.481993
v -19.350205 12.234641 0.727413
v -19.304871 12.146307 0.727413
v -19.350205 12.234641 6.588367
v -19.304871 12.146307 6.588367
v -19.304871 12.146307 5.751090
v -19.350205 12.234641 5.751090
v -19.350205 12.234641 6.960492
v -19.304871 12.146307 6.960492
v -19.350205 12.234641 1.564695
v -19.304871 12.146307 1.564695
v -19.304871 12.146307 4.913809
v -19.350205 12.234641 4.913809
v -19.350205 12.234641 -0.791769
v -19.304871 12.146307 -0.746434
v -15.627886 12.234641 7.270269
v -15.627886 12.146307 7.224937
v -16.020242 12.146307 7.224937
v -16.020242 12.234641 7.270269
v -18.687308 12.234641 7.270269
v -18.687308 12.146307 7.224937
v -19.040432 12.146307 7.224937
v -19.040432 12.234641 7.270269
v -15.369738 12.235575 7.270269
v -15.408150 12.145764 7.224177
v -19.350205 12.234641 7.270269
v -19.304871 12.146307 7.224937
vt 0.198983 0.674843
vt 0.191594 0.674843
vt 0.191594 0.670761
vt 0.198983 0.670761
vt 0.191594 0.690636
vt 0.198983 0.690636
vt 0.141370 0.674843
vt 0.141370 0.670761
vt 0.191594 0.666679
vt 0.198983 0.666679
vt 0.141370 0.690636
vt 0.191594 0.692298
vt 0.198983 0.692298
vt 0.134720 0.674843
vt 0.134720 0.670761
vt 0.141370 0.666679
vt 0.191594 0.662597
vt 0.198983 0.662597
vt 0.134720 0.690636
vt 0.141370 0.692298
vt 0.191594 0.707260
vt 0.198983 0.707260
vt 0.134720 0.666679
vt 0.141370 0.662597
vt 0.191594 0.658515
vt 0.198983 0.658515
vt 0.134720 0.692298
vt 0.141370 0.707260
vt 0.198983 0.708923
vt 0.191594 0.708923
vt 0.134720 0.662597
vt 0.141370 0.658515
vt 0.134720 0.707260
vt 0.141370 0.708923
vt 0.191594 0.723885
vt 0.198983 0.723885
vt 0.134720 0.658515
vt 0.134720 0.708923
vt 0.141370 0.723885
vt 0.198983 0.725547
vt 0.191594 0.725547
vt 0.134720 0.723885
vt 0.141370 0.725547
vt 0.191594 0.741340
vt 0.198983 0.741340
vt 0.134720 0.725547
vt 0.141370 0.741340
vt 0.191594 0.743359
vt 0.198983 0.743359
vt 0.134720 0.741340
vt 0.141370 0.743359
vt 0.134720 0.743359
vt 0.134720 0.741340
vt 0.142109 0.741340
vt 0.142109 0.743359
vt 0.134720 0.743359
vt 0.134720 0.725547
vt 0.142109 0.725547
vt 0.192333 0.741340
vt 0.192333 0.743359
vt 0.142109 0.723885
vt 0.134720 0.723885
vt 0.192333 0.725547
vt 0.198983 0.741340
vt 0.198983 0.743359
vt 0.192333 0.723885
vt 0.134720 0.708923
vt 0.142109 0.708923
vt 0.198983 0.725547
vt 0.198983 0.723885
vt 0.192333 0.708923
vt 0.142109 0.707260
vt 0.134720 0.707260
vt 0.198983 0.708923
vt 0.192333 0.707260
vt 0.134720 0.692298
vt 0.142109 0.692298
vt 0.198983 0.707260
vt 0.192333 0.692298
vt 0.134720 0.690636
vt 0.142109 0.690636
vt 0.198983 0.692298
vt 0.192333 0.690636
vt 0.134720 0.674843
vt 0.142109 0.674843
vt 0.198983 0.690636
vt 0.192333 0.674843
vt 0.134720 0.670761
vt 0.142109 0.670761
vt 0.198983 0.674843
vt 0.192333 0.670761
vt 0.134720 0.666679
vt 0.142109 0.666679
vt 0.198983 0.670761
vt 0.192333 0.666679
vt 0.134720 0.662597
vt 0.142109 0.662597
vt 0.198983 0.666679
vt 0.192333 0.662597
vt 0.134720 0.658515
vt 0.142109 0.658515
vt 0.198983 0.662597
vt 0.192333 0.658515
vt 0.198983 0.658515
vt 0.249694 0.007814
vt 0.313934 0.007814
vt 0.313934 0.234965
vt 0.249694 0.234965
vt 0.313934 0.234964
vt 0.249694 0.234964
vt 0.249694 0.007814
vt 0.313934 0.007814
vt 0.247910 0.007814
vt 0.315719 0.007814
vt 0.315719 0.234964
vt 0.247910 0.234964
vt 0.315719 0.234964
vt 0.247910 0.234964
vt 0.247910 0.007814
vt 0.315719 0.007814
vt 0.247910 0.007814
vt 0.315719 0.007814
vt 0.315719 0.030529
vt 0.247910 0.030529
vt 0.315719 0.234964
vt 0.247910 0.234964
vt 0.315719 0.234964
vt 0.247910 0.234964
vt 0.247910 0.212249
vt 0.315719 0.212249
vt 0.247910 0.007814
vt 0.315719 0.007814
vt 0.249694 0.007814
vt 0.313934 0.007814
vt 0.313934 0.234964
vt 0.249694 0.234964
vt 0.313935 0.234964
vt 0.249694 0.234964
vt 0.249694 0.007814
vt 0.313935 0.007814
vt 0.052363 0.442087
vt 0.052363 0.454423
vt 0.040740 0.454423
vt 0.040740 0.442087
vt 0.052364 0.442087
vt 0.052364 0.454423
vt 0.040740 0.454423
vt 0.040740 0.442087
vt 0.030590 0.375662
vt 0.030590 0.502015
vt 0.025695 0.502015
vt 0.025695 0.375662
vt 0.020800 0.502015
vt 0.020800 0.375662
vt 0.025695 0.518744
vt 0.020800 0.518744
vt 0.025695 0.357074
vt 0.020800 0.357074
vt 0.030590 0.373803
vt 0.030590 0.500156
vt 0.025695 0.500156
vt 0.025695 0.373803
vt 0.020800 0.500156
vt 0.020800 0.373803
vt 0.025695 0.518744
vt 0.020800 0.518744
vt 0.025695 0.357074
vt 0.020800 0.357074
vt 0.027262 0.357074
vt 0.027262 0.375662
vt 0.022368 0.375662
vt 0.022368 0.357074
vt 0.029022 0.357074
vt 0.029022 0.375662
vt 0.027262 0.502015
vt 0.022368 0.502015
vt 0.029022 0.502015
vt 0.027262 0.518744
vt 0.022368 0.518744
vt 0.029022 0.518744
vt 0.027262 0.500156
vt 0.027262 0.518744
vt 0.022368 0.518744
vt 0.022368 0.500156
vt 0.029022 0.500156
vt 0.029022 0.518744
vt 0.027262 0.373803
vt 0.022368 0.373803
vt 0.029022 0.373803
vt 0.027262 0.357074
vt 0.022368 0.357074
vt 0.029022 0.357074
vt 0.449113 0.267064
vt 0.448930 0.267064
vt 0.448930 0.254758
vt 0.449113 0.254758
vt 0.449113 0.270113
vt 0.448930 0.270303
vt 0.447351 0.267064
vt 0.447351 0.254758
vt 0.448930 0.171104
vt 0.449113 0.171104
vt 0.447351 0.270303
vt 0.447168 0.267064
vt 0.447168 0.254758
vt 0.447351 0.171104
vt 0.448930 0.160029
vt 0.449113 0.160029
vt 0.447168 0.270113
vt 0.447168 0.171104
vt 0.447351 0.160029
vt 0.448930 0.156790
vt 0.449113 0.156980
vt 0.447168 0.160029
vt 0.447351 0.156790
vt 0.447168 0.156980
vt 0.449113 0.172335
vt 0.448930 0.172335
vt 0.448930 0.160029
vt 0.449113 0.160029
vt 0.449113 0.255989
vt 0.448930 0.255989
vt 0.447351 0.172335
vt 0.447351 0.160029
vt 0.448930 0.156790
vt 0.449113 0.156980
vt 0.449113 0.267064
vt 0.448930 0.267064
vt 0.447351 0.255989
vt 0.447168 0.172335
vt 0.447168 0.160029
vt 0.447351 0.156790
vt 0.449113 0.270113
vt 0.448930 0.270303
vt 0.447351 0.267064
vt 0.447168 0.255989
vt 0.447168 0.156980
vt 0.447351 0.270303
vt 0.447168 0.267064
vt 0.447168 0.270113
vt 0.330888 0.284573
vt 0.333423 0.284573
vt 0.333449 0.303080
vt 0.330872 0.300326
vt 0.330888 0.256444
vt 0.333423 0.256444
vt 0.340003 0.284573
vt 0.340003 0.303080
vt 0.330888 0.065241
vt 0.333423 0.065241
vt 0.340003 0.256444
vt 0.330888 0.039925
vt 0.333423 0.039925
vt 0.340003 0.065241
vt 0.330888 0.020967
vt 0.333423 0.017717
vt 0.340003 0.039925
vt 0.340003 0.017717
vt 0.333422 0.036224
vt 0.330888 0.036224
vt 0.330872 0.020471
vt 0.333449 0.017717
vt 0.333422 0.064353
vt 0.330888 0.064353
vt 0.340003 0.036224
vt 0.340003 0.017717
vt 0.340003 0.064353
vt 0.333422 0.255556
vt 0.330888 0.255556
vt 0.340003 0.255556
vt 0.333422 0.280872
vt 0.330888 0.280872
vt 0.340003 0.280872
vt 0.333422 0.303080
vt 0.330888 0.299829
vt 0.340003 0.303080
vt 0.134234 0.737880
vt 0.134234 0.734186
vt 0.141623 0.734186
vt 0.141623 0.737880
vt 0.129373 0.737880
vt 0.129373 0.734186
vt 0.134234 0.725873
vt 0.141623 0.725873
vt 0.191847 0.734186
vt 0.191847 0.737880
vt 0.141623 0.740955
vt 0.134234 0.740955
vt 0.129373 0.740955
vt 0.129373 0.725873
vt 0.141623 0.717561
vt 0.134234 0.717561
vt 0.191847 0.725873
vt 0.198497 0.734186
vt 0.198497 0.737880
vt 0.191847 0.740955
vt 0.129373 0.717561
vt 0.191847 0.717561
vt 0.141623 0.684313
vt 0.134234 0.684313
vt 0.198497 0.725873
vt 0.204330 0.734186
vt 0.204330 0.737880
vt 0.198497 0.740955
vt 0.129373 0.684313
vt 0.198497 0.717561
vt 0.191847 0.684313
vt 0.134234 0.676001
vt 0.141623 0.676001
vt 0.204330 0.725873
vt 0.204330 0.740955
vt 0.129373 0.676001
vt 0.198497 0.684313
vt 0.204330 0.717561
vt 0.191847 0.676001
vt 0.141623 0.667689
vt 0.134234 0.667689
vt 0.129373 0.667689
vt 0.198497 0.676001
vt 0.204330 0.684313
vt 0.191847 0.667689
vt 0.141623 0.663994
vt 0.134234 0.663994
vt 0.129373 0.663994
vt 0.198497 0.667689
vt 0.204330 0.676001
vt 0.191847 0.663994
vt 0.134234 0.660919
vt 0.141623 0.660919
vt 0.129373 0.660919
vt 0.198497 0.663994
vt 0.204330 0.667689
vt 0.191847 0.660919
vt 0.198497 0.660919
vt 0.204330 0.663994
vt 0.204330 0.660919
vt 0.021048 0.500156
vt 0.030342 0.500156
vt 0.030342 0.518744
vt 0.021048 0.518744
vt 0.021048 0.373803
vt 0.030342 0.373803
vt 0.021048 0.357074
vt 0.030342 0.357074
vt 0.021048 0.518744
vt 0.021048 0.500156
vt 0.030342 0.500156
vt 0.030342 0.518744
vt 0.021048 0.373803
vt 0.030342 0.373803
vt 0.021048 0.357074
vt 0.030342 0.357074
vt 0.741880 0.491456
vt 0.729574 0.491456
vt 0.729574 0.436077
vt 0.741880 0.436077
vt 0.741880 0.505300
vt 0.729574 0.505300
vt 0.729574 0.422232
vt 0.741880 0.422232
vt 0.741880 0.519145
vt 0.729574 0.519145
vt 0.729574 0.408387
vt 0.741880 0.408387
vt 0.269621 0.722750
vt 0.213746 0.722750
vt 0.213746 0.687634
vt 0.269621 0.687634
vt 0.269621 0.731528
vt 0.213746 0.731528
vt 0.213746 0.678856
vt 0.269621 0.678856
vt 0.269621 0.740307
vt 0.213746 0.740307
vt 0.269621 0.670077
vt 0.213746 0.670077
vt 0.420184 0.503694
vt 0.420184 0.579061
vt 0.300259 0.579061
vt 0.300259 0.503694
vt 0.420184 0.597903
vt 0.300259 0.597903
vt 0.300259 0.484852
vt 0.420184 0.484852
vt 0.300259 0.616745
vt 0.420184 0.616745
vt 0.300259 0.466010
vt 0.420184 0.466010
vt 0.269621 0.722750
vt 0.213746 0.722750
vt 0.213746 0.687634
vt 0.269621 0.687634
vt 0.269621 0.731528
vt 0.213746 0.731528
vt 0.213746 0.678856
vt 0.269621 0.678856
vt 0.269621 0.740307
vt 0.213746 0.740307
vt 0.269621 0.670077
vt 0.213746 0.670077
vt 0.420184 0.503694
vt 0.420184 0.579061
vt 0.300259 0.579061
vt 0.300259 0.503694
vt 0.420184 0.597903
vt 0.300259 0.597903
vt 0.300259 0.484852
vt 0.420184 0.484852
vt 0.300259 0.616745
vt 0.420184 0.616745
vt 0.300259 0.466010
vt 0.420184 0.466010
vt 0.052720 0.487019
vt 0.040384 0.487019
vt 0.040384 0.409492
vt 0.052720 0.409492
vt 0.052720 0.506401
vt 0.040384 0.506401
vt 0.040384 0.390110
vt 0.052720 0.390110
vt 0.040384 0.525782
vt 0.052720 0.525782
vt 0.052720 0.370728
vt 0.040384 0.370728
vt 0.312251 0.503694
vt 0.312251 0.579061
vt 0.300259 0.579061
vt 0.300259 0.503694
vt 0.420183 0.503694
vt 0.420183 0.579061
vt 0.312251 0.597903
vt 0.300259 0.597903
vt 0.300259 0.484852
vt 0.312251 0.484852
vt 0.420183 0.597903
vt 0.420183 0.484852
vt 0.300259 0.616745
vt 0.312251 0.616745
vt 0.312251 0.466010
vt 0.300259 0.466010
vt 0.420183 0.616745
vt 0.420183 0.466010
vt 0.269621 0.722750
vt 0.213746 0.722750
vt 0.213746 0.687634
vt 0.269621 0.687634
vt 0.269621 0.731528
vt 0.213746 0.731528
vt 0.213746 0.678856
vt 0.269621 0.678856
vt 0.269621 0.740307
vt 0.213746 0.740307
vt 0.269621 0.670077
vt 0.213746 0.670077
vt 0.420183 0.503694
vt 0.420183 0.579061
vt 0.300259 0.579061
vt 0.300259 0.503694
vt 0.420183 0.597903
vt 0.300259 0.597903
vt 0.300259 0.484852
vt 0.420183 0.484852
vt 0.300259 0.616745
vt 0.420183 0.616745
vt 0.300259 0.466010
vt 0.420183 0.466010
vt 0.431114 0.598256
vt 0.442190 0.598256
vt 0.442190 0.612101
vt 0.431114 0.612101
vt 0.442190 0.584412
vt 0.431114 0.584412
vt 0.442190 0.529033
vt 0.431114 0.529033
vt 0.431114 0.515188
vt 0.442190 0.515188
vt 0.442190 0.501344
vt 0.431114 0.501344
vt 0.216540 0.731528
vt 0.266827 0.731528
vt 0.266827 0.740307
vt 0.216540 0.740307
vt 0.216540 0.722750
vt 0.266827 0.722750
vt 0.216540 0.687634
vt 0.266827 0.687634
vt 0.216540 0.678856
vt 0.266827 0.678856
vt 0.266827 0.670077
vt 0.216540 0.670077
vt 0.839836 0.409189
vt 0.839836 0.423034
vt 0.756183 0.423034
vt 0.756183 0.409189
vt 0.756183 0.436879
vt 0.839836 0.436879
vt 0.839836 0.492257
vt 0.756183 0.492257
vt 0.839836 0.506102
vt 0.756183 0.506102
vt 0.756183 0.519947
vt 0.839836 0.519947
vt 0.131691 0.647785
vt 0.131149 0.647785
vt 0.131149 0.640495
vt 0.131691 0.640495
vt 0.131691 0.649403
vt 0.131149 0.649689
vt 0.130924 0.647785
vt 0.130924 0.640495
vt 0.131149 0.624095
vt 0.131691 0.624095
vt 0.134761 0.640495
vt 0.134761 0.647785
vt 0.134761 0.649403
vt 0.134761 0.649689
vt 0.130924 0.649807
vt 0.130924 0.624095
vt 0.131149 0.607694
vt 0.131691 0.607694
vt 0.134761 0.624095
vt 0.149339 0.647785
vt 0.149339 0.649403
vt 0.149339 0.649689
vt 0.130924 0.607694
vt 0.131691 0.542092
vt 0.131149 0.542092
vt 0.134761 0.607694
vt 0.248436 0.647785
vt 0.248436 0.649403
vt 0.248436 0.649689
vt 0.130924 0.542092
vt 0.134761 0.542092
vt 0.131149 0.525691
vt 0.131691 0.525691
vt 0.261557 0.647785
vt 0.261557 0.649403
vt 0.261557 0.649689
vt 0.130924 0.525691
vt 0.134761 0.525691
vt 0.131149 0.509290
vt 0.131691 0.509290
vt 0.264626 0.647785
vt 0.264626 0.649403
vt 0.265168 0.649689
vt 0.130924 0.509290
vt 0.134761 0.509290
vt 0.131149 0.502001
vt 0.131691 0.502001
vt 0.261557 0.640495
vt 0.264626 0.640495
vt 0.265168 0.647785
vt 0.130924 0.502001
vt 0.134761 0.502001
vt 0.131149 0.500097
vt 0.131691 0.500383
vt 0.261557 0.624095
vt 0.264626 0.624095
vt 0.265168 0.640495
vt 0.265393 0.647785
vt 0.265393 0.649807
vt 0.130924 0.499979
vt 0.134761 0.500383
vt 0.134761 0.500097
vt 0.261557 0.607694
vt 0.264626 0.607694
vt 0.265168 0.624095
vt 0.265393 0.640495
vt 0.149339 0.502001
vt 0.149339 0.500383
vt 0.149339 0.500097
vt 0.261557 0.542092
vt 0.264626 0.542092
vt 0.265168 0.607694
vt 0.265393 0.624095
vt 0.248436 0.502001
vt 0.248436 0.500383
vt 0.248436 0.500097
vt 0.261557 0.525691
vt 0.264626 0.525691
vt 0.265168 0.542092
vt 0.265393 0.607694
vt 0.261557 0.502001
vt 0.261557 0.500383
vt 0.261557 0.500097
vt 0.261557 0.509290
vt 0.264626 0.509290
vt 0.265168 0.525691
vt 0.265393 0.542092
vt 0.264626 0.500383
vt 0.264626 0.502001
vt 0.265168 0.500097
vt 0.265168 0.509290
vt 0.265393 0.525691
vt 0.265168 0.502001
vt 0.265393 0.509290
vt 0.265393 0.502001
vt 0.265393 0.499979
vt 0.261557 0.647785
vt 0.261557 0.640495
vt 0.264626 0.640495
vt 0.264626 0.647785
vt 0.261557 0.624095
vt 0.264626 0.624095
vt 0.265168 0.647785
vt 0.265168 0.640495
vt 0.264626 0.649403
vt 0.261557 0.649403
vt 0.261557 0.607694
vt 0.264626 0.607694
vt 0.265168 0.624095
vt 0.265168 0.649689
vt 0.265393 0.647785
vt 0.265393 0.640495
vt 0.261557 0.649689
vt 0.246978 0.647785
vt 0.246978 0.649403
vt 0.261557 0.542092
vt 0.264626 0.542092
vt 0.265168 0.607694
vt 0.265393 0.624095
vt 0.265393 0.649807
vt 0.246978 0.649689
vt 0.147881 0.647785
vt 0.147881 0.649403
vt 0.261557 0.525691
vt 0.264626 0.525691
vt 0.265168 0.542092
vt 0.265393 0.607694
vt 0.147881 0.649689
vt 0.134761 0.647785
vt 0.134761 0.649403
vt 0.261557 0.509290
vt 0.264626 0.509290
vt 0.265168 0.525691
vt 0.265393 0.542092
vt 0.134761 0.649689
vt 0.131691 0.647785
vt 0.131691 0.649403
vt 0.261557 0.502001
vt 0.264626 0.502001
vt 0.265168 0.509290
vt 0.265393 0.525691
vt 0.131149 0.649689
vt 0.134761 0.640495
vt 0.131691 0.640495
vt 0.131149 0.647785
vt 0.261557 0.500383
vt 0.264626 0.500383
vt 0.265168 0.502001
vt 0.265393 0.509290
vt 0.131149 0.640495
vt 0.134761 0.624095
vt 0.131691 0.624095
vt 0.130924 0.647785
vt 0.130924 0.649807
vt 0.246978 0.502001
vt 0.246978 0.500383
vt 0.261557 0.500097
vt 0.265168 0.500097
vt 0.265393 0.502001
vt 0.131149 0.624095
vt 0.130924 0.640495
vt 0.134761 0.607694
vt 0.131691 0.607694
vt 0.147881 0.502001
vt 0.147881 0.500383
vt 0.246978 0.500097
vt 0.265393 0.499979
vt 0.131149 0.607694
vt 0.130924 0.624095
vt 0.134761 0.542092
vt 0.131691 0.542092
vt 0.134761 0.502001
vt 0.134761 0.500383
vt 0.147881 0.500097
vt 0.131149 0.542092
vt 0.130924 0.607694
vt 0.134761 0.525691
vt 0.131691 0.525691
vt 0.131691 0.502001
vt 0.131691 0.500383
vt 0.134761 0.500097
vt 0.130924 0.542092
vt 0.131149 0.525691
vt 0.134761 0.509290
vt 0.131691 0.509290
vt 0.131149 0.502001
vt 0.131149 0.500097
vt 0.130924 0.525691
vt 0.131149 0.509290
vt 0.130924 0.502001
vt 0.130924 0.499979
vt 0.130924 0.509290
vt 0.975550 0.519871
vt 0.976848 0.519871
vt 0.976848 0.524994
vt 0.975644 0.524231
vt 0.975550 0.513718
vt 0.976848 0.513718
vt 0.968752 0.519871
vt 0.968752 0.513718
vt 0.975550 0.499873
vt 0.976848 0.499873
vt 0.968752 0.524244
vt 0.968752 0.499873
vt 0.975550 0.486029
vt 0.976848 0.486029
vt 0.956445 0.519871
vt 0.956445 0.524244
vt 0.968752 0.486029
vt 0.975550 0.430650
vt 0.976848 0.430650
vt 0.872792 0.519871
vt 0.872792 0.524244
vt 0.968752 0.430650
vt 0.975550 0.416805
vt 0.976848 0.416805
vt 0.861716 0.519871
vt 0.861716 0.524244
vt 0.968752 0.416805
vt 0.975550 0.402960
vt 0.976848 0.402960
vt 0.853422 0.524244
vt 0.968752 0.402960
vt 0.975550 0.396807
vt 0.976848 0.396807
vt 0.853422 0.519871
vt 0.968752 0.396807
vt 0.975644 0.392447
vt 0.976848 0.391685
vt 0.861716 0.513718
vt 0.853422 0.513718
vt 0.852000 0.519871
vt 0.852000 0.524994
vt 0.852000 0.513718
vt 0.861716 0.499873
vt 0.853422 0.499873
vt 0.968752 0.392434
vt 0.852000 0.499873
vt 0.861716 0.486029
vt 0.853422 0.486029
vt 0.956445 0.396807
vt 0.956445 0.392434
vt 0.852000 0.486029
vt 0.861716 0.430650
vt 0.853422 0.430650
vt 0.872792 0.396807
vt 0.872792 0.392434
vt 0.852000 0.430650
vt 0.861716 0.416805
vt 0.853422 0.416805
vt 0.861716 0.396807
vt 0.861716 0.392434
vt 0.852000 0.416805
vt 0.861716 0.402960
vt 0.853422 0.402960
vt 0.853422 0.392434
vt 0.852000 0.402960
vt 0.853422 0.396807
vt 0.852000 0.396807
vt 0.852000 0.391685
vt 0.581999 0.363541
vt 0.581888 0.382206
vt 0.561264 0.382084
vt 0.561375 0.363418
vt 0.661794 0.364013
vt 0.661683 0.382678
vt 0.540640 0.381962
vt 0.540751 0.363296
vt 0.582247 0.321544
vt 0.561623 0.321421
vt 0.670082 0.382728
vt 0.670192 0.364063
vt 0.520017 0.381840
vt 0.520127 0.363174
vt 0.541000 0.321299
vt 0.582496 0.279546
vt 0.561872 0.279424
vt 0.662042 0.322016
vt 0.670441 0.322066
vt 0.745788 0.364510
vt 0.745678 0.383175
vt 0.499393 0.381718
vt 0.499503 0.363052
vt 0.520376 0.321177
vt 0.541248 0.279302
vt 0.562867 0.111436
vt 0.583490 0.111558
vt 0.662291 0.280019
vt 0.670689 0.280068
vt 0.754076 0.383225
vt 0.754187 0.364560
vt 0.499752 0.321055
vt 0.520624 0.279180
vt 0.542242 0.111314
vt 0.583739 0.069561
vt 0.563115 0.069439
vt 0.671684 0.112080
vt 0.663285 0.112030
vt 0.746037 0.322513
vt 0.754435 0.322563
vt 0.829782 0.365007
vt 0.829672 0.383673
vt 0.500000 0.279058
vt 0.521619 0.111192
vt 0.542491 0.069317
vt 0.583987 0.027564
vt 0.562713 0.028028
vt 0.663534 0.070033
vt 0.671932 0.070083
vt 0.746285 0.280516
vt 0.754684 0.280565
vt 0.838070 0.383722
vt 0.838181 0.365057
vt 0.500995 0.111070
vt 0.521867 0.069194
vt 0.542089 0.027985
vt 0.584098 0.008898
vt 0.562751 0.009362
vt 0.663783 0.028036
vt 0.672181 0.028086
vt 0.755678 0.112577
vt 0.747280 0.112527
vt 0.830031 0.323010
vt 0.838429 0.323060
vt 0.917976 0.365529
vt 0.917865 0.384195
vt 0.501243 0.069072
vt 0.521464 0.027943
vt 0.542127 0.009319
vt 0.663893 0.009370
vt 0.672292 0.009420
vt 0.747528 0.070530
vt 0.755927 0.070580
vt 0.830279 0.281013
vt 0.838678 0.281063
vt 0.928176 0.365590
vt 0.928065 0.384255
vt 0.500840 0.027900
vt 0.521503 0.009277
vt 0.747777 0.028533
vt 0.747887 0.009868
vt 0.756175 0.028583
vt 0.839672 0.113074
vt 0.831274 0.113025
vt 0.918224 0.323532
vt 0.928424 0.323593
vt 0.500879 0.009234
vt 0.756286 0.009917
vt 0.831522 0.071027
vt 0.839921 0.071077
vt 0.893038 0.323383
vt 0.892789 0.365380
vt 0.918473 0.281535
vt 0.928673 0.281595
vt 0.831882 0.010365
vt 0.831771 0.029030
vt 0.840169 0.029080
vt 0.911819 0.281496
vt 0.919467 0.113547
vt 0.929667 0.113607
vt 0.840280 0.010414
vt 0.912813 0.113507
vt 0.919716 0.071550
vt 0.929916 0.071610
vt 0.920075 0.010887
vt 0.919965 0.029552
vt 0.894529 0.071400
vt 0.930164 0.029613
vt 0.930275 0.010947
vt 0.894778 0.029403
vt 0.129909 0.658515
vt 0.133603 0.658515
vt 0.133603 0.660534
vt 0.129909 0.660534
vt 0.141915 0.658515
vt 0.141915 0.660534
vt 0.133603 0.676327
vt 0.129909 0.676327
vt 0.150227 0.658515
vt 0.150227 0.660534
vt 0.141915 0.676327
vt 0.129909 0.677990
vt 0.133603 0.677990
vt 0.183476 0.660534
vt 0.183476 0.658515
vt 0.150227 0.676327
vt 0.141915 0.677990
vt 0.133603 0.692952
vt 0.129909 0.692952
vt 0.183476 0.676327
vt 0.191788 0.658515
vt 0.191788 0.660534
vt 0.150227 0.677990
vt 0.141915 0.692952
vt 0.129909 0.694614
vt 0.133603 0.694614
vt 0.191788 0.676327
vt 0.183476 0.677990
vt 0.200100 0.658515
vt 0.200100 0.660534
vt 0.150227 0.692952
vt 0.141915 0.694614
vt 0.133603 0.709576
vt 0.129909 0.709576
vt 0.200100 0.676327
vt 0.191788 0.677990
vt 0.183476 0.692952
vt 0.203794 0.660534
vt 0.203794 0.658515
vt 0.150227 0.694614
vt 0.141915 0.709576
vt 0.129909 0.711238
vt 0.133603 0.711238
vt 0.203794 0.676327
vt 0.200100 0.677990
vt 0.191788 0.692952
vt 0.183476 0.694614
vt 0.150227 0.709576
vt 0.141915 0.711238
vt 0.133603 0.727031
vt 0.129909 0.727031
vt 0.203794 0.677990
vt 0.200100 0.692952
vt 0.191788 0.694614
vt 0.183476 0.709576
vt 0.150227 0.711238
vt 0.141915 0.727031
vt 0.133603 0.731113
vt 0.129909 0.731113
vt 0.203794 0.692952
vt 0.200100 0.694614
vt 0.191788 0.709576
vt 0.183476 0.711238
vt 0.150227 0.727031
vt 0.141915 0.731113
vt 0.133603 0.735195
vt 0.129909 0.735195
vt 0.203794 0.694614
vt 0.200100 0.709576
vt 0.191788 0.711238
vt 0.183476 0.727031
vt 0.150227 0.731113
vt 0.141915 0.735195
vt 0.133603 0.739277
vt 0.129909 0.739277
vt 0.203794 0.709576
vt 0.200100 0.711238
vt 0.191788 0.727031
vt 0.183476 0.731113
vt 0.150227 0.735195
vt 0.141915 0.739277
vt 0.133603 0.743359
vt 0.129909 0.743359
vt 0.203794 0.711238
vt 0.200100 0.727031
vt 0.191788 0.731113
vt 0.183476 0.735195
vt 0.150227 0.739277
vt 0.141915 0.743359
vt 0.203794 0.727031
vt 0.200100 0.731113
vt 0.191788 0.735195
vt 0.183476 0.739277
vt 0.150227 0.743359
vt 0.203794 0.731113
vt 0.200100 0.735195
vt 0.191788 0.739277
vt 0.183476 0.743359
vt 0.203794 0.735195
vt 0.200100 0.739277
vt 0.191788 0.743359
vt 0.203794 0.739277
vt 0.200100 0.743359
vt 0.203794 0.743359
vt 0.440295 0.310422
vt 0.352254 0.310422
vt 0.352254 0.114777
vt 0.440295 0.114777
vt 0.440295 0.359333
vt 0.352254 0.359333
vt 0.352254 0.065866
vt 0.440295 0.065866
vt 0.440295 0.408244
vt 0.352254 0.408244
vt 0.352254 0.016955
vt 0.440295 0.016955
vt 0.442740 0.310422
vt 0.349809 0.310422
vt 0.349809 0.114777
vt 0.442740 0.114777
vt 0.442740 0.359333
vt 0.349809 0.359333
vt 0.349809 0.065866
vt 0.442740 0.065866
vt 0.442740 0.408244
vt 0.349809 0.408244
vt 0.349809 0.016955
vt 0.442740 0.016955
vt 0.442740 0.310422
vt 0.349809 0.310422
vt 0.349809 0.114777
vt 0.442740 0.114777
vt 0.442740 0.359333
vt 0.349809 0.359333
vt 0.349809 0.065866
vt 0.442740 0.065866
vt 0.442740 0.408244
vt 0.349809 0.408244
vt 0.349809 0.016955
vt 0.442740 0.016955
vt 0.440295 0.310422
vt 0.352255 0.310422
vt 0.352255 0.114777
vt 0.440295 0.114777
vt 0.440295 0.359333
vt 0.352255 0.359333
vt 0.352255 0.065866
vt 0.440295 0.065866
vt 0.440295 0.408244
vt 0.352255 0.408244
vt 0.352255 0.016955
vt 0.440295 0.016955
vt 0.043810 0.487019
vt 0.040740 0.487019
vt 0.040740 0.409492
vt 0.043810 0.409492
vt 0.052364 0.506401
vt 0.040740 0.506401
vt 0.040740 0.390110
vt 0.052364 0.390110
vt 0.040740 0.525782
vt 0.052364 0.525782
vt 0.040740 0.370728
vt 0.052364 0.370728
vt 0.028142 0.396086
vt 0.028142 0.479732
vt 0.028142 0.479732
vt 0.028142 0.396086
vt 0.028142 0.500643
vt 0.028142 0.500643
vt 0.028142 0.375174
vt 0.028142 0.375174
vt 0.028142 0.521555
vt 0.028142 0.521555
vt 0.028142 0.354263
vt 0.028142 0.354263
vt 0.028142 0.521555
vt 0.028142 0.521555
vt 0.028142 0.354263
vt 0.028142 0.354263
vt 0.028142 0.500643
vt 0.028142 0.500643
vt 0.028142 0.375174
vt 0.028142 0.375174
vt 0.023247 0.521555
vt 0.023247 0.500643
vt 0.028142 0.479732
vt 0.028142 0.479732
vt 0.028142 0.396086
vt 0.028142 0.396086
vt 0.023247 0.375174
vt 0.023247 0.354263
vt 0.023247 0.479732
vt 0.023247 0.396086
vt 0.023247 0.479732
vt 0.023247 0.396086
vt 0.028142 0.396086
vt 0.028142 0.479732
vt 0.023247 0.375174
vt 0.028142 0.375174
vt 0.023247 0.500643
vt 0.028142 0.500643
vt 0.023247 0.354263
vt 0.028142 0.354263
vt 0.023247 0.521555
vt 0.028142 0.521555
vt 0.449792 0.130735
vt 0.449792 0.136888
vt 0.453032 0.136888
vt 0.453032 0.130735
vt 0.448627 0.130735
vt 0.448627 0.136888
vt 0.448627 0.116890
vt 0.449792 0.116890
vt 0.448627 0.103046
vt 0.449792 0.103046
vt 0.449792 0.047667
vt 0.448627 0.047667
vt 0.448627 0.033822
vt 0.449792 0.033822
vt 0.448627 0.019977
vt 0.449792 0.019977
vt 0.448627 0.013824
vt 0.449792 0.013824
vt 0.453032 0.019977
vt 0.453032 0.013824
vt 0.449792 0.136888
vt 0.449792 0.130735
vt 0.453032 0.130735
vt 0.453032 0.136888
vt 0.448627 0.136888
vt 0.448627 0.130735
vt 0.448627 0.116890
vt 0.449792 0.116890
vt 0.448627 0.103046
vt 0.449792 0.103046
vt 0.448627 0.047666
vt 0.449792 0.047666
vt 0.448627 0.033822
vt 0.449792 0.033822
vt 0.448627 0.019977
vt 0.449792 0.019977
vt 0.448627 0.013824
vt 0.449792 0.013824
vt 0.453032 0.013824
vt 0.453032 0.019977
vt 0.448930 0.268925
vt 0.448930 0.275079
vt 0.447351 0.275079
vt 0.447351 0.268925
vt 0.448930 0.276786
vt 0.447351 0.276786
vt 0.448930 0.255081
vt 0.447351 0.255081
vt 0.448930 0.241236
vt 0.447351 0.241236
vt 0.447351 0.185857
vt 0.448930 0.185857
vt 0.448930 0.172012
vt 0.447351 0.172012
vt 0.448930 0.158168
vt 0.447351 0.158168
vt 0.448930 0.152014
vt 0.447351 0.152014
vt 0.447351 0.150307
vt 0.448930 0.150307
vt 0.447351 0.158168
vt 0.447351 0.152014
vt 0.448930 0.152014
vt 0.448930 0.158168
vt 0.447351 0.150307
vt 0.448930 0.150307
vt 0.447351 0.172012
vt 0.448930 0.172012
vt 0.447351 0.185857
vt 0.448930 0.185857
vt 0.448930 0.241236
vt 0.447351 0.241236
vt 0.447351 0.255081
vt 0.448930 0.255081
vt 0.447351 0.268925
vt 0.448930 0.268925
vt 0.447351 0.275079
vt 0.448930 0.275079
vt 0.448930 0.276786
vt 0.447351 0.276786
vt 0.332130 0.301040
vt 0.332130 0.286976
vt 0.338744 0.286976
vt 0.338744 0.301040
vt 0.332130 0.255332
vt 0.338744 0.255332
vt 0.338744 0.312748
vt 0.332191 0.312748
vt 0.332130 0.223687
vt 0.338744 0.223687
vt 0.338744 0.097110
vt 0.332130 0.097110
vt 0.332130 0.065465
vt 0.338744 0.065465
vt 0.332130 0.033821
vt 0.338744 0.033821
vt 0.332130 0.019757
vt 0.338744 0.019757
vt 0.332191 0.008049
vt 0.338744 0.008049
vt 0.338727 0.019757
vt 0.338727 0.033821
vt 0.332147 0.033821
vt 0.332147 0.019757
vt 0.338727 0.065465
vt 0.332147 0.065465
vt 0.332147 0.008049
vt 0.338727 0.008049
vt 0.338727 0.097110
vt 0.332147 0.097110
vt 0.338727 0.223688
vt 0.332147 0.223688
vt 0.338727 0.255332
vt 0.332147 0.255332
vt 0.338727 0.286976
vt 0.332147 0.286976
vt 0.338727 0.301040
vt 0.332147 0.301040
vt 0.338727 0.312748
vt 0.332147 0.312748
vn 1.000000 0.000000 0.000000
vn 1.000000 0.000000 0.000000
vn 1.000000 0.000000 0.000000
vn 1.000000 0.000000 0.000000
vn 0.000001 1.000000 0.000001
vn 0.000002 1.000000 0.000000
vn 0.000000 1.000000 0.000001
vn 0.000000 1.000000 0.000002
vn 0.000000 -1.000000 0.000000
vn 0.000000 -1.000000 0.000000
vn 0.000000 -1.000000 0.000000
vn 0.000000 -1.000000 0.000000
vn 0.000000 0.000000 1.000000
vn 0.000000 0.000000 1.000000
vn 0.000000 0.000000 1.000000
vn 0.000000 0.000000 1.000000
vn 0.000000 0.000000 1.000000
vn 0.000000 0.000000 1.000000
vn 0.000000 0.000000 1.000000
vn 0.000000 0.000000 1.000000
vn -1.000000 0.000000 -0.000000
vn -1.000000 0.000000 -0.000000
vn -1.000000 0.000000 -0.000000
vn -1.000000 0.000000 -0.000000
vn 0.000000 0.000000 -1.000000
vn 0.000000 0.000000 -1.000000
vn 0.000000 0.000000 -1.000000
vn 0.000000 0.000000 -1.000000
vn 1.000000 0.000000 0.000000
vn 1.000000 0.000000 0.000000
vn 1.000000 0.000000 0.000000
vn 1.000000 0.000000 0.000000
vn 1.000000 0.000000 0.000000
vn 1.000000 0.000000 0.000000
vn 1.000000 0.000000 0.000000
vn 1.000000 0.000000 0.000000
vn 1.000000 0.000000 0.000000
vn 1.000000 0.000000 0.000000
vn 1.000000 0.000000 0.000000
vn 1.000000 0.000000 0.000000
vn 0.000000 1.000000 -0.000002
vn 0.000000 1.000000 -0.000001
vn 0.000002 1.000000 -0.000000
vn 0.000001 1.000000 -0.000001
vn -1.000000 0.000000 -0.000000
vn -1.000000 0.000000 -0.000000
vn -1.000000 0.000000 -0.000000
vn -1.000000 0.000000 -0.000000
vn 0.000000 -1.000000 0.000000
vn 0.000000 -1.000000 0.000000
vn 0.000000 -1.000000 0.000000
vn 0.000000 -1.000000 0.000000
vn 1.000000 0.000000 0.000000
vn 1.000000 0.000000 0.000000
vn 1.000000 0.000000 0.000000
vn 1.000000 0.000000 0.000000
vn 1.000000 0.000000 0.000000
vn 1.000000 0.000000 0.000000
vn 1.000000 0.000000 0.000000
vn 1.000000 0.000000 0.000000
vn 0.000000 1.000000 0.000000
vn 0.000000 1.000000 0.000000
vn 0.000002 1.000000 0.000000
vn 0.000002 1.000000 0.000000
vn -1.000000 0.000000 -0.000000
vn -1.000000 0.000000 -0.000000
vn -1.000000 0.000000 -0.000000
vn -1.000000 0.000000 -0.000000
vn 0.000000 -1.000000 0.000000
vn 0.000000 -1.000000 0.000000
vn 0.000000 -1.000000 0.000000
vn 0.000000 -1.000000 0.000000
vn 1.000000 0.000000 0.000000
vn 1.000000 0.000000 0.000000
vn 1.000000 0.000000 0.000000
vn 1.000000 0.000000 0.000000
vn 0.000000 0.000000 1.000000
vn 0.000000 0.000000 1.000000
vn 0.000000 0.000000 1.000000
vn 0.000000 0.000000 1.000000
vn -1.000000 0.000000 -0.000000
vn -1.000000 0.000000 -0.000000
vn -1.000000 0.000000 -0.000000
vn -1.000000 0.000000 -0.000000
vn -1.000000 0.000000 -0.000000
vn -1.000000 0.000000 -0.000000
vn -1.000000 0.000000 -0.000000
vn -1.000000 0.000000 -0.000000
vn -1.000000 0.000000 -0.000000
vn -1.000000 0.000000 -0.000000
vn -1.000000 0.000000 -0.000000
vn -1.000000 0.000000 -0.000000
vn 0.000000 0.000000 -1.000000
vn 0.000000 0.000000 -1.000000
vn 0.000000 0.000000 -1.000000
vn 0.000000 0.000000 -1.000000
vn 1.000000 0.000000 0.000000
vn 1.000000 0.000000 0.000000
vn 1.000000 0.000000 0.000000
vn 1.000000 0.000000 0.000000
vn 1.000000 0.000000 0.000000
vn 1.000000 0.000000 0.000000
vn 1.000000 0.000000 0.000000
vn 1.000000 0.000000 0.000000
vn -1.000000 0.000000 -0.000000
vn -1.000000 0.000000 -0.000000
vn -1.000000 0.000000 -0.000000
vn -1.000000 0.000000 -0.000000
vn 0.000000 0.000000 1.000000
vn 0.000000 0.000000 1.000000
vn 0.000000 0.000000 1.000000
vn 0.000000 0.000000 1.000000
vn 1.000000 0.000000 0.000000
vn 1.000000 0.000000 0.000000
vn 1.000000 0.000000 0.000000
vn 1.000000 0.000000 0.000000
vn 1.000000 0.000000 0.000000
vn 1.000000 0.000000 0.000000
vn 1.000000 0.000000 0.000000
vn 1.000000 0.000000 0.000000
vn 1.000000 0.000000 0.000000
vn 1.000000 0.000000 0.000000
vn 1.000000 0.000000 0.000000
vn 1.000000 0.000000 0.000000
vn 0.000000 0.000000 -1.000000
vn 0.000000 0.000000 -1.000000
vn 0.000000 0.000000 -1.000000
vn 0.000000 0.000000 -1.000000
vn -1.000000 0.000000 -0.000000
vn -1.000000 0.000000 -0.000000
vn -1.000000 0.000000 -0.000000
vn -1.000000 0.000000 -0.000000
vn -1.000000 0.000000 -0.000000
vn -1.000000 0.000000 -0.000000
vn -1.000000 0.000000 -0.000000
vn -1.000000 0.000000 -0.000000
vn 1.000000 0.000000 0.000000
vn 1.000000 0.000000 0.000000
vn 1.000000 0.000000 0.000000
vn 1.000000 0.000000 0.000000
vn 0.000000 0.000000 1.000000
vn 0.000000 0.000000 1.000000
vn 0.000000 0.000000 1.000000
vn 0.000000 0.000000 1.000000
vn -1.000000 0.000000 -0.000000
vn -1.000000 0.000000 -0.000000
vn -1.000000 0.000000 -0.000000
vn -1.000000 0.000000 -0.000000
vn -1.000000 0.000000 -0.000000
vn -1.000000 0.000000 -0.000000
vn -1.000000 0.000000 -0.000000
vn -1.000000 0.000000 -0.000000
vn -1.000000 0.000000 -0.000000
vn -1.000000 0.000000 -0.000000
vn -1.000000 0.000000 -0.000000
vn -1.000000 0.000000 -0.000000
vn 0.000000 0.000000 -1.000000
vn 0.000000 0.000000 -1.000000
vn 0.000000 0.000000 -1.000000
vn 0.000000 0.000000 -1.000000
vn 1.000000 0.000000 0.000000
vn 1.000000 0.000000 0.000000
vn 1.000000 0.000000 0.000000
vn 1.000000 0.000000 0.000000
vn 1.000000 0.000000 0.000000
vn 1.000000 0.000000 0.000000
vn 1.000000 0.000000 0.000000
vn 1.000000 0.000000 0.000000
vn 0.000000 0.000000 -1.000000
vn 0.000000 0.000000 -1.000000
vn -1.000000 0.000000 -0.000000
vn -1.000000 0.000000 -0.000000
vn -1.000000 0.000000 -0.000000
vn -1.000000 0.000000 -0.000000
vn 1.000000 0.000000 0.000000
vn 1.000000 0.000000 0.000000
vn 1.000000 0.000000 0.000000
vn 1.000000 0.000000 0.000000
vn 1.000000 0.000000 0.000000
vn 1.000000 0.000000 0.000000
vn 1.000000 0.000000 0.000000
vn 1.000000 0.000000 0.000000
vn -1.000000 0.000000 -0.000000
vn -1.000000 0.000000 -0.000000
vn 1.000000 0.000000 0.000000
vn 1.000000 0.000000 0.000000
vn 1.000000 0.000000 0.000000
vn 1.000000 0.000000 0.000000
vn 1.000000 0.000000 0.000000
vn 1.000000 0.000000 0.000000
vn 1.000000 0.000000 0.000000
vn 1.000000 0.000000 0.000000
vn 0.000000 0.000000 1.000000
vn 0.000000 0.000000 1.000000
vn 0.000000 0.000000 1.000000
vn 0.000000 0.000000 1.000000
vn 0.000000 -1.000000 0.000000
vn 0.000000 -1.000000 0.000000
vn 0.000000 -1.000000 0.000000
vn 0.000000 -1.000000 0.000000
vn 0.000000 0.000000 -1.000000
vn 0.000000 0.000000 -1.000000
vn 0.000000 0.000000 -1.000000
vn 0.000000 0.000000 -1.000000
vn 0.000000 1.000000 0.000000
vn 0.000000 1.000000 0.000000
vn 0.000000 1.000000 0.000000
vn 0.000000 1.000000 0.000000
vn 0.000000 0.000000 1.000000
vn 0.000000 0.000000 1.000000
vn 0.000000 0.000000 1.000000
vn 0.000000 0.000000 1.000000
vn 0.000000 -1.000000 0.000000
vn 0.000000 -1.000000 0.000000
vn 0.000000 -1.000000 0.000000
vn 0.000000 -1.000000 0.000000
vn 0.000000 0.000000 -1.000000
vn 0.000000 0.000000 -1.000000
vn 0.000000 0.000000 -1.000000
vn 0.000000 0.000000 -1.000000
vn 0.000000 1.000000 0.000000
vn 0.000000 1.000000 0.000000
vn 0.000000 1.000000 0.000000
vn 0.000000 1.000000 0.000000
vn 0.000000 0.000000 1.000000
vn 0.000000 0.000000 1.000000
vn 0.000000 0.000000 1.000000
vn 0.000000 0.000000 1.000000
vn 0.000000 -0.993311 -0.115473
vn 0.000000 -0.993311 -0.115473
vn 0.000000 -0.993311 0.115473
vn 0.000000 -0.993311 0.115473
vn 0.000000 0.000000 -1.000000
vn 0.000000 0.000000 -1.000000
vn 0.000000 0.000000 -1.000000
vn 0.000000 0.000000 -1.000000
vn 0.000000 1.000000 0.000000
vn 0.000000 1.000000 0.000000
vn 0.000000 1.000000 0.000000
vn 0.000000 1.000000 0.000000
vn 0.000000 0.000000 1.000000
vn 0.000000 0.000000 1.000000
vn 0.000000 0.000000 1.000000
vn 0.000000 0.000000 1.000000
vn 0.000000 -1.000000 0.000000
vn 0.000000 -1.000000 0.000000
vn 0.000000 -1.000000 0.000000
vn 0.000000 -1.000000 0.000000
vn 0.000000 0.000000 -1.000000
vn 0.000000 0.000000 -1.000000
vn 0.000000 0.000000 -1.000000
vn 0.000000 0.000000 -1.000000
vn 0.000000 1.000000 0.000000
vn 0.000000 1.000000 0.000000
vn 0.000000 1.000000 0.000000
vn 0.000000 1.000000 0.000000
vn 1.000000 0.000000 0.000000
vn 1.000000 0.000000 0.000000
vn 0.000000 1.000000 0.000000
vn 0.000000 1.000000 0.000000
vn 0.000000 1.000000 0.000000
vn 0.000000 1.000000 0.000000
vn 1.000000 0.000000 0.000000
vn 1.000000 0.000000 0.000000
vn 1.000000 0.000000 0.000000
vn 1.000000 0.000000 0.000000
vn 0.000000 -1.000000 0.000000
vn 0.000000 -1.000000 0.000000
vn 0.000000 -1.000000 0.000000
vn 0.000000 -1.000000 0.000000
vn 1.000000 0.000000 0.000000
vn 1.000000 0.000000 0.000000
vn 0.000000 1.000000 0.000000
vn 0.000000 1.000000 0.000000
vn 0.000000 1.000000 0.000000
vn 0.000000 1.000000 0.000000
vn 1.000000 0.000000 0.000000
vn 1.000000 0.000000 0.000000
vn 1.000000 0.000000 0.000000
vn 1.000000 0.000000 0.000000
vn 0.000000 -1.000000 0.000000
vn 0.000000 -1.000000 0.000000
vn 0.000000 -1.000000 0.000000
vn 0.000000 -1.000000 0.000000
vn 1.000000 0.000000 0.000000
vn 1.000000 0.000000 0.000000
vn 0.000000 1.000000 0.000000
vn 0.000000 1.000000 0.000000
vn 0.000000 1.000000 0.000000
vn 0.000000 1.000000 0.000000
vn 1.000000 0.000000 0.000000
vn 1.000000 0.000000 0.000000
vn 1.000000 0.000000 0.000000
vn 1.000000 0.000000 0.000000
vn 0.000000 -1.000000 0.000000
vn 0.000000 -1.000000 0.000000
vn 0.000000 -1.000000 0.000000
vn 0.000000 -1.000000 0.000000
vn 1.000000 0.000000 0.000000
vn 1.000000 0.000000 0.000000
vn 0.000000 1.000000 0.000000
vn 0.000000 1.000000 0.000000
vn 0.000000 1.000000 0.000000
vn 0.000000 1.000000 0.000000
vn 1.000000 0.000000 0.000000
vn 1.000000 0.000000 0.000000
vn 1.000000 0.000000 0.000000
vn 1.000000 0.000000 0.000000
vn 0.000000 -1.000000 0.000000
vn 0.000000 -0.960268 0.279079
vn 0.000000 -0.960268 0.279079
vn 0.000000 -1.000000 0.000000
vn 1.000000 0.000000 0.000000
vn 1.000000 0.000000 0.000000
vn 0.000000 1.000000 0.000000
vn 0.000002 1.000000 0.000000
vn -1.000000 0.000000 -0.000000
vn -1.000000 0.000000 -0.000000
vn -1.000000 0.000000 -0.000000
vn -1.000000 0.000000 -0.000000
vn -1.000000 0.000000 -0.000000
vn -1.000000 0.000000 -0.000000
vn -1.000000 0.000000 -0.000000
vn -1.000000 0.000000 -0.000000
vn -1.000000 0.000000 -0.000000
vn 0.000000 -1.000000 0.000000
vn 0.000000 -1.000000 0.000000
vn 0.000000 -1.000000 0.000000
vn 0.000000 -1.000000 0.000000
vn 1.000000 0.000000 0.000000
vn 1.000000 0.000000 0.000000
vn 0.000000 -1.000000 0.000000
vn 0.000000 -1.000000 0.000000
vn 0.000000 -1.000000 0.000000
vn 0.000000 -1.000000 0.000000
vn -1.000000 0.000000 -0.000000
vn -1.000000 0.000000 -0.000000
vn -1.000000 0.000000 -0.000000
vn -1.000000 0.000000 -0.000000
vn -1.000000 0.000000 -0.000000
vn -1.000000 0.000000 -0.000000
vn -1.000000 0.000000 -0.000000
vn -1.000000 0.000000 -0.000000
vn -1.000000 0.000000 -0.000000
vn 0.000002 1.000000 0.000000
vn 0.000000 1.000000 0.000000
vn 1.000000 0.000000 0.000000
vn 1.000000 0.000000 0.000000
vn 0.000000 -1.000000 0.000000
vn 0.000000 -0.960268 -0.279080
vn 0.000000 -0.960268 -0.279080
vn 0.000000 -1.000000 0.000000
vn 1.000000 0.000000 0.000000
vn 1.000000 0.000000 0.000000
vn 1.000000 0.000000 0.000000
vn 1.000000 0.000000 0.000000
vn 0.000000 1.000000 0.000000
vn 0.000000 1.000000 0.000000
vn 0.000000 1.000000 0.000000
vn 0.000000 1.000000 0.000000
vn 1.000000 0.000000 0.000000
vn 1.000000 0.000000 0.000000
vn 0.000000 -1.000000 0.000000
vn 0.000000 -1.000000 0.000000
vn 0.000000 -1.000000 0.000000
vn 0.000000 -1.000000 0.000000
vn 1.000000 0.000000 0.000000
vn 1.000000 0.000000 0.000000
vn 1.000000 0.000000 0.000000
vn 1.000000 0.000000 0.000000
vn 0.000000 1.000000 0.000000
vn 0.000000 1.000000 0.000000
vn 0.000000 1.000000 0.000000
vn 0.000000 1.000000 0.000000
vn 1.000000 0.000000 0.000000
vn 1.000000 0.000000 0.000000
vn 0.000000 -1.000000 0.000000
vn 0.000000 -1.000000 0.000000
vn 0.000000 -1.000000 0.000000
vn 0.000000 -1.000000 0.000000
vn 1.000000 0.000000 0.000000
vn 1.000000 0.000000 0.000000
vn 1.000000 0.000000 0.000000
vn 1.000000 0.000000 0.000000
vn 0.000000 1.000000 0.000000
vn 0.000000 1.000000 0.000000
vn 0.000000 1.000000 0.000000
vn 0.000000 1.000000 0.000000
vn 1.000000 0.000000 0.000000
vn 1.000000 0.000000 0.000000
vn 0.000000 -1.000000 0.000000
vn 0.000000 -1.000000 0.000000
vn 0.000000 -1.000000 0.000000
vn 0.000000 -1.000000 0.000000
vn 1.000000 0.000000 0.000000
vn 1.000000 0.000000 0.000000
vn 1.000000 0.000000 0.000000
vn 1.000000 0.000000 0.000000
vn 0.000000 1.000000 0.000000
vn 0.000000 1.000000 0.000000
vn 0.000000 1.000000 0.000000
vn 0.000000 1.000000 0.000000
vn 0.000000 0.000000 1.000000
vn 0.000000 0.000000 1.000000
vn 0.000000 0.000000 1.000000
vn 0.000000 0.000000 1.000000
vn 0.000000 0.000000 1.000000
vn 0.000000 0.000000 1.000000
vn 0.000000 0.000000 1.000000
vn 0.000000 0.000000 1.000000
vn 0.000000 0.000000 1.000000
vn 0.000000 0.000000 1.000000
vn 0.000000 0.000000 1.000000
vn 0.000000 0.000000 1.000000
vn 0.000000 0.000000 1.000000
vn 0.000000 0.000000 1.000000
vn 0.000000 0.000000 1.000000
vn 0.000000 0.000000 1.000000
vn 0.000000 0.000000 1.000000
vn 0.000000 0.000000 1.000000
vn 0.000000 0.000000 1.000000
vn 0.000000 0.000000 1.000000
vn 0.000000 -1.000000 0.000000
vn 0.000000 -1.000000 0.000000
vn 0.000000 -1.000000 0.000000
vn 0.000000 -1.000000 0.000000
vn 0.000000 -1.000000 0.000000
vn 0.000000 -1.000000 0.000000
vn 0.000000 -1.000000 0.000000
vn 0.000000 -1.000000 0.000000
vn 0.000000 -1.000000 0.000000
vn 0.000001 -1.000000 0.000000
vn 0.000001 -1.000000 0.000000
vn 0.000000 -1.000000 0.000000
vn 0.000000 -1.000000 0.000000
vn -0.000001 -1.000000 0.000000
vn -0.000001 -1.000000 0.000000
vn 0.000000 -1.000000 0.000000
vn 0.000000 -1.000000 0.000000
vn 0.000000 -1.000000 0.000000
vn 0.000000 -1.000000 0.000000
vn 0.000000 -1.000000 0.000000
vn 0.000000 0.000000 -1.000000
vn 0.000000 0.000000 -1.000000
vn 0.000000 0.000000 -1.000000
vn 0.000000 0.000000 -1.000000
vn 0.000000 0.000000 -1.000000
vn 0.000000 0.000000 -1.000000
vn 0.000000 0.000000 -1.000000
vn 0.000000 0.000000 -1.000000
vn 0.000000 0.000000 -1.000000
vn 0.000000 0.000000 -1.000000
vn 0.000000 0.000000 -1.000000
vn 0.000000 0.000000 -1.000000
vn 0.000000 0.000000 -1.000000
vn 0.000000 0.000000 -1.000000
vn 0.000000 0.000000 -1.000000
vn 0.000000 0.000000 -1.000000
vn 0.000000 0.000000 -1.000000
vn 0.000000 0.000000 -1.000000
vn -0.000002 1.000000 -0.000000
vn -0.000000 1.000000 -0.000001
vn -0.000000 1.000000 -0.000002
vn -0.000001 1.000000 -0.000000
vn -0.000002 1.000000 -0.000000
vn -0.000000 1.000000 -0.000000
vn -0.000002 1.000000 -0.000000
vn -0.000000 1.000000 -0.000000
vn -0.000000 1.000000 -0.000000
vn -0.000002 1.000000 -0.000000
vn -0.000002 1.000000 0.000000
vn -0.000000 1.000000 0.000001
vn -0.000000 1.000000 -0.000000
vn -0.000002 1.000000 -0.000000
vn -0.000000 1.000000 0.000002
vn -0.000001 1.000000 0.000000
vn 0.000000 0.000000 1.000000
vn 0.000000 0.000000 1.000000
vn 0.000000 1.000000 0.000000
vn 0.000000 1.000000 0.000000
vn 0.000000 1.000000 0.000000
vn 0.000000 1.000000 0.000000
vn 0.000000 1.000000 0.000000
vn 0.000000 1.000000 0.000000
vn 0.000000 0.000000 -1.000000
vn 0.000000 0.000000 -1.000000
vn 0.000000 -1.000000 0.000000
vn 0.000000 -1.000000 0.000000
vn 0.000000 -1.000000 0.000000
vn 0.000000 -1.000000 0.000000
vn 0.000000 -1.000000 0.000000
vn 0.000000 -1.000000 0.000000
vn 0.000000 -1.000000 0.000000
vn 0.000000 -1.000000 0.000000
vn 0.000000 -1.000000 0.000000
vn 0.000000 -1.000000 0.000000
vn 0.000000 -1.000000 0.000000
vn 0.000000 -1.000000 0.000000
vn 1.000000 0.000000 0.000000
vn 1.000000 0.000000 0.000000
vn -1.000000 0.000000 -0.000000
vn -1.000000 0.000000 -0.000000
vn -1.000000 0.000000 -0.000000
vn -1.000000 0.000000 -0.000000
vn 1.000000 0.000000 0.000000
vn 1.000000 0.000000 0.000000
vn -1.000000 0.000000 -0.000000
vn -1.000000 0.000000 -0.000000
vn -1.000000 0.000000 -0.000000
vn -1.000000 0.000000 -0.000000
vn 0.000000 0.000000 -1.000000
vn 0.000000 0.000000 -1.000000
vn 0.000000 0.000000 -1.000000
vn 0.000000 0.000000 -1.000000
vn -1.000000 0.000000 -0.000000
vn -1.000000 0.000000 -0.000000
vn -1.000000 0.000000 -0.000000
vn -1.000000 0.000000 -0.000000
vn 1.000000 0.000000 0.000000
vn 1.000000 0.000000 0.000000
vn 0.000000 0.000000 1.000000
vn 0.000000 0.000000 1.000000
vn 0.000000 0.000000 1.000000
vn 0.000000 0.000000 1.000000
vn 0.000000 -1.000000 0.000000
vn 0.000000 -1.000000 0.000000
vn 0.000000 -1.000000 0.000000
vn 0.000000 -1.000000 0.000000
vn 0.000000 -1.000000 0.000000
vn 0.000000 -1.000000 0.000000
vn 0.000000 -1.000000 0.000000
vn 0.000000 -1.000000 0.000000
vn 0.000000 -1.000000 0.000000
vn 0.000000 -1.000000 0.000000
vn 0.000000 -1.000000 0.000000
vn 0.000000 -1.000000 0.000000
vn 0.000000 0.000000 0.000000
vn 0.000000 0.000000 0.000000
vn 0.000000 0.000000 0.000000
vn 0.000000 0.000000 0.000000
vn 0.000000 0.000000 0.000000
vn 0.000000 0.000000 0.000000
vn 0.000000 0.000000 0.000000
vn 0.000000 0.000000 0.000000
vn 0.000000 0.000000 0.000000
vn 0.000000 0.000000 0.000000
vn 0.000000 0.000000 0.000000
vn 0.000000 0.000000 0.000000
vn 0.000000 0.000000 0.000000
vn 0.000000 0.000000 0.000000
vn 0.000000 0.000000 0.000000
vn 0.000000 0.000000 0.000000
vn 0.000000 0.000000 0.000000
vn 0.000000 0.000000 0.000000
vn 0.000000 0.000000 0.000000
vn 0.000000 0.000000 0.000000
vn 0.000000 0.000000 0.000000
vn 0.000000 0.000000 0.000000
vn 0.000000 0.000000 0.000000
vn 0.000000 0.000000 0.000000
vn 0.000000 0.000000 0.000000
vn 0.000000 0.000000 0.000000
vn 0.000000 0.000000 0.000000
vn 0.000000 0.000000 0.000000
vn 0.000000 0.000000 0.000000
vn 0.000000 0.000000 0.000000
vn 0.000000 0.000000 0.000000
vn 0.000000 0.000000 0.000000
vn 0.000000 0.000000 0.000000
vn 0.000000 0.000000 0.000000
vn 0.000000 0.000000 0.000000
vn 0.000000 0.000000 0.000000
vn 0.000000 0.000000 0.000000
vn 0.000000 0.000000 0.000000
vn 0.000000 0.000000 0.000000
vn 0.000000 0.000000 0.000000
vn 0.000000 0.000000 0.000000
vn 0.000000 0.000000 0.000000
vn 0.000000 0.000000 0.000000
vn 0.000000 0.000000 0.000000
vn 0.000000 0.000000 -1.000000
vn 0.000000 0.000000 -1.000000
vn -1.000000 0.000000 -0.000000
vn -1.000000 0.000000 -0.000000
vn -1.000000 0.000000 -0.000000
vn -1.000000 0.000000 -0.000000
vn -1.000000 0.000000 -0.000000
vn -1.000000 0.000000 -0.000000
vn -1.000000 0.000000 -0.000000
vn -1.000000 0.000000 -0.000000
vn -1.000000 0.000000 -0.000000
vn -1.000000 0.000000 -0.000000
vn -1.000000 0.000000 -0.000000
vn -1.000000 0.000000 -0.000000
vn -1.000000 0.000000 -0.000000
vn -1.000000 0.000000 -0.000000
vn 1.000000 0.000000 0.000000
vn 1.000000 0.000000 0.000000
vn 1.000000 0.000000 0.000000
vn 1.000000 0.000000 0.000000
vn -1.000000 0.000000 -0.000000
vn -1.000000 0.000000 -0.000000
vn -1.000000 0.000000 -0.000000
vn 1.000000 0.000000 0.000000
vn 1.000000 0.000000 0.000000
vn 1.000000 0.000000 0.000000
vn 1.000000 0.000000 0.000000
vn 1.000000 0.000000 0.000000
vn 1.000000 0.000000 0.000000
vn 1.000000 0.000000 0.000000
vn 1.000000 0.000000 0.000000
vn -1.000000 0.000000 -0.000000
vn -1.000000 0.000000 -0.000000
vn -1.000000 0.000000 -0.000000
vn 0.000000 0.000000 -1.000000
vn 0.000000 0.000000 -1.000000
vn 0.000000 0.000000 1.000000
vn 0.000000 0.000000 1.000000
vn 0.000000 0.000000 1.000000
vn 0.000000 0.000000 1.000000
vn 0.000000 0.000000 -1.000000
vn 0.000000 0.000000 -1.000000
vn 0.000000 0.000000 -1.000000
vn 0.000000 0.000000 -1.000000
vn 0.000000 0.000000 -1.000000
vn 0.000000 0.000000 -1.000000
vn 0.000000 0.000000 -1.000000
vn 1.000000 0.000000 0.000000
vn 1.000000 0.000000 0.000000
vn 1.000000 0.000000 0.000000
vn 1.000000 0.000000 0.000000
vn 0.000000 0.000000 1.000000
vn 0.000000 0.000000 1.000000
vn 0.000000 0.000000 1.000000
vn 0.000000 0.000000 1.000000
vn -1.000000 0.000000 -0.000000
vn -1.000000 0.000000 -0.000000
vn -1.000000 0.000000 -0.000000
vn -1.000000 0.000000 -0.000000
vn 0.000000 0.000000 -1.000000
vn 0.000000 0.000000 -1.000000
vn 0.000000 0.000000 -1.000000
vn 0.000000 0.000000 1.000000
vn 0.000000 0.000000 1.000000
vn 0.000000 0.000000 1.000000
vn 0.000000 0.000000 1.000000
vn 0.000000 0.000000 1.000000
vn 0.000000 0.000000 1.000000
vn 0.000000 0.000000 1.000000
vn 0.000000 0.000000 -1.000000
vn 0.000000 0.000000 -1.000000
vn 0.000000 0.000000 -1.000000
vn 0.000000 0.000000 -1.000000
vn 1.000000 0.000000 0.000000
vn 1.000000 0.000000 0.000000
vn 1.000000 0.000000 0.000000
vn 1.000000 0.000000 0.000000
vn 0.000000 0.000000 1.000000
vn 0.000000 0.000000 1.000000
vn 0.000000 0.000000 1.000000
vn -1.000000 0.000000 -0.000000
vn -1.000000 0.000000 -0.000000
vn -1.000000 0.000000 -0.000000
vn -1.000000 0.000000 -0.000000
vn 0.000000 0.000000 -1.000000
vn 0.000000 0.000000 -1.000000
vn 0.000000 0.000000 -1.000000
vn 0.000000 0.000000 -1.000000
vn 0.000000 0.000000 1.000000
vn 0.000000 0.000000 1.000000
vn 1.000000 0.000000 0.000000
vn 1.000000 0.000000 0.000000
vn 1.000000 0.000000 0.000000
vn 1.000000 0.000000 0.000000
vn 1.000000 0.000000 0.000000
vn 1.000000 0.000000 0.000000
vn 1.000000 0.000000 0.000000
vn 1.000000 0.000000 0.000000
vn 1.000000 0.000000 0.000000
vn 1.000000 0.000000 0.000000
vn 1.000000 0.000000 0.000000
vn 1.000000 0.000000 0.000000
vn 0.000000 0.000000 -1.000000
vn 0.000000 0.000000 -1.000000
vn 0.000000 0.000000 -1.000000
vn 0.000000 0.000000 -1.000000
vn -1.000000 0.000000 -0.000000
vn -1.000000 0.000000 -0.000000
vn -1.000000 0.000000 -0.000000
vn -1.000000 0.000000 -0.000000
vn -1.000000 0.000000 -0.000000
vn -1.000000 0.000000 -0.000000
vn -1.000000 0.000000 -0.000000
vn -1.000000 0.000000 -0.000000
vn -1.000000 0.000000 -0.000000
vn -1.000000 0.000000 -0.000000
vn -1.000000 0.000000 -0.000000
vn -1.000000 0.000000 -0.000000
vn 0.000000 0.000000 1.000000
vn 0.000000 0.000000 1.000000
vn 0.062939 0.998017 0.000000
vn 0.382685 0.923879 0.000000
vn 0.382685 0.923879 0.000000
vn 0.062097 0.998070 0.000000
vn 0.923869 0.382709 0.000000
vn 0.999083 0.042810 0.000000
vn 0.999073 0.043055 0.000000
vn 0.923869 0.382708 0.000000
vn 0.000000 0.998020 -0.062903
vn 0.000000 0.923884 -0.382672
vn 0.000000 0.923885 -0.382670
vn 0.000000 0.998070 -0.062097
vn 0.000000 0.382827 -0.923820
vn 0.000000 0.042836 -0.999082
vn 0.000000 0.043071 -0.999072
vn 0.000000 0.382830 -0.923819
vn -0.062942 0.998017 -0.000000
vn -0.382708 0.923869 -0.000000
vn -0.382705 0.923871 -0.000000
vn -0.062099 0.998070 -0.000000
vn -0.923869 0.382709 -0.000000
vn -0.999083 0.042810 -0.000000
vn -0.999073 0.043055 -0.000000
vn -0.923869 0.382709 -0.000000
vn 0.000000 0.998070 0.062095
vn 0.000000 0.923888 0.382663
vn 0.000000 0.923887 0.382665
vn 0.000000 0.998020 0.062901
vn 0.000000 0.382636 0.923899
vn 0.000000 0.043046 0.999073
vn 0.000000 0.042810 0.999083
vn 0.000000 0.382630 0.923902
vn 0.000000 0.998015 0.062973
vn 0.000000 0.923888 0.382663
vn 0.000000 0.923888 0.382663
vn 0.000000 0.998070 0.062095
vn 0.000000 0.382629 0.923902
vn 0.000000 0.042790 0.999084
vn 0.000000 0.043046 0.999073
vn 0.000000 0.382635 0.923899
vn 0.000000 1.000000 0.000000
vn 0.000000 1.000000 0.000000
vn 0.000000 1.000000 0.000000
vn 0.062097 0.998070 0.000000
vn 0.000000 1.000000 0.000000
vn 0.062097 0.998070 0.000000
vn 0.062097 0.998070 0.000000
vn 0.000000 1.000000 0.000000
vn 0.000000 1.000000 0.000000
vn 0.062097 0.998070 0.000000
vn 0.000000 1.000000 0.000000
vn 0.062097 0.998070 0.000000
vn 0.000000 1.000000 0.000000
vn 0.062939 0.998017 0.000000
vn 0.000000 1.000000 0.000000
vn 0.000000 1.000000 0.000000
vn 0.000000 0.998070 -0.062097
vn 0.000000 1.000000 0.000000
vn 0.000000 0.998015 -0.062976
vn 0.065698 0.994256 -0.084491
vn 0.000000 1.000000 0.000000
vn 0.000000 1.000000 0.000000
vn -0.062099 0.998070 -0.000000
vn 0.000000 1.000000 0.000000
vn -0.062099 0.998070 -0.000000
vn -0.062099 0.998070 -0.000000
vn 0.000000 1.000000 0.000000
vn 0.000000 1.000000 0.000000
vn -0.062099 0.998070 -0.000000
vn 0.000000 1.000000 0.000000
vn -0.062100 0.998070 -0.000000
vn 0.000000 1.000000 0.000000
vn -0.062941 0.998017 -0.000000
vn -0.065706 0.994256 -0.084490
vn 0.000000 1.000000 0.000000
vn 0.000000 1.000000 0.000000
vn 0.065700 0.994256 0.084487
vn -0.065704 0.994256 0.084486
vn 0.923867 0.382713 0.000000
vn 0.999454 0.033037 0.000000
vn 0.382676 0.923882 0.000000
vn 0.382683 0.923880 0.000000
vn 0.999073 0.043055 0.000000
vn 0.923869 0.382708 0.000000
vn 0.382683 0.923880 0.000000
vn 0.999073 0.043055 0.000000
vn 0.923869 0.382708 0.000000
vn 0.382683 0.923880 0.000000
vn 0.999073 0.043055 0.000000
vn 0.923869 0.382708 0.000000
vn 0.382683 0.923880 0.000000
vn 0.999073 0.043055 0.000000
vn 0.923869 0.382709 0.000000
vn 0.382684 0.923879 0.000000
vn 0.999073 0.043055 0.000000
vn 0.923869 0.382709 0.000000
vn 0.382683 0.923880 0.000000
vn 0.999083 0.042810 0.000000
vn 0.923869 0.382709 0.000000
vn 0.382669 0.923886 0.000000
vn 0.999454 0.033032 0.000000
vn 0.923870 0.382706 0.000000
vn 0.000000 0.923885 -0.382671
vn 0.000000 0.043071 -0.999072
vn 0.000000 0.382830 -0.923819
vn 0.000000 0.923883 -0.382675
vn 0.000000 0.042816 -0.999083
vn 0.000000 0.382830 -0.923819
vn 0.000000 0.923884 -0.382674
vn 0.000000 0.023375 -0.999727
vn 0.000000 0.382833 -0.923818
vn 0.000000 0.382835 -0.923817
vn 0.000000 0.023375 -0.999727
vn 0.000000 0.923881 -0.382679
vn -0.382704 0.923871 -0.000000
vn -0.999073 0.043055 -0.000000
vn -0.923869 0.382709 -0.000000
vn -0.382704 0.923871 -0.000000
vn -0.999073 0.043055 -0.000000
vn -0.923869 0.382708 -0.000000
vn -0.382704 0.923871 -0.000000
vn -0.999073 0.043055 -0.000000
vn -0.923869 0.382708 -0.000000
vn -0.382704 0.923871 -0.000000
vn -0.999073 0.043055 -0.000000
vn -0.923869 0.382708 -0.000000
vn -0.382706 0.923870 -0.000000
vn -0.999073 0.043055 -0.000000
vn -0.923869 0.382708 -0.000000
vn -0.382706 0.923870 -0.000000
vn -0.999083 0.042810 -0.000000
vn -0.923869 0.382709 -0.000000
vn -0.382697 0.923874 -0.000000
vn -0.999454 0.033037 -0.000000
vn -0.923867 0.382713 -0.000000
vn -0.923870 0.382706 -0.000000
vn -0.999454 0.033032 -0.000000
vn -0.382710 0.923868 -0.000000
vn 0.000000 0.923887 0.382665
vn 0.000000 0.023359 0.999727
vn 0.000000 0.382630 0.923902
vn 0.000000 0.382628 0.923903
vn 0.000000 0.023358 0.999727
vn 0.000000 0.923886 0.382667
vn 0.000000 -1.000000 0.000000
vn 0.000000 -1.000000 0.000000
vn 0.062095 -0.998070 0.000000
vn 0.062933 -0.998018 0.000000
vn 0.000000 -1.000000 0.000000
vn 0.062097 -0.998070 0.000000
vn 0.000000 -1.000000 0.000000
vn 0.062097 -0.998070 0.000000
vn 0.000000 -1.000000 0.000000
vn 0.062097 -0.998070 0.000000
vn 0.000000 -1.000000 0.000000
vn 0.062097 -0.998070 0.000000
vn 0.000000 -1.000000 0.000000
vn 0.062095 -0.998070 0.000000
vn 0.000000 -1.000000 0.000000
vn 0.062933 -0.998018 0.000000
vn 0.000000 -1.000000 0.000000
vn 0.000000 -0.998070 -0.062097
vn 0.000000 -0.998020 -0.062903
vn 0.000000 -1.000000 0.000000
vn 0.000000 -0.998070 -0.062097
vn 0.000000 -1.000000 0.000000
vn 0.000000 -0.998015 -0.062976
vn 0.065702 -0.994256 -0.084491
vn 0.000000 -1.000000 0.000000
vn -0.062097 -0.998070 0.000000
vn -0.062935 -0.998018 0.000000
vn 0.000000 -1.000000 0.000000
vn -0.062099 -0.998070 0.000000
vn 0.000000 -1.000000 0.000000
vn -0.062099 -0.998070 0.000000
vn 0.000000 -1.000000 0.000000
vn -0.062099 -0.998070 0.000000
vn 0.000000 -1.000000 0.000000
vn -0.062099 -0.998070 0.000000
vn 0.000000 -1.000000 0.000000
vn -0.062097 -0.998070 0.000000
vn 0.000000 -1.000000 0.000000
vn -0.062935 -0.998018 0.000000
vn -0.065702 -0.994256 -0.084490
vn 0.000000 -1.000000 0.000000
vn 0.000000 -0.998020 0.062901
vn 0.000000 -0.998070 0.062095
vn 0.000000 -1.000000 0.000000
vn 0.000000 -0.998070 0.062095
vn 0.000000 -0.998015 0.062973
vn 0.065700 -0.994256 0.084487
vn -0.065704 -0.994256 0.084486
vn 0.000000 -0.043046 0.999073
vn 0.000000 -0.042810 0.999083
vn 0.999083 -0.042810 0.000000
vn 0.999073 -0.043055 0.000000
vn 0.999073 -0.043055 0.000000
vn 0.999073 -0.043055 0.000000
vn 0.999073 -0.043055 0.000000
vn 0.999073 -0.043055 0.000000
vn 0.999073 -0.043055 0.000000
vn 0.999083 -0.042810 0.000000
vn 0.000000 -0.042836 -0.999082
vn 0.000000 -0.043071 -0.999072
vn 0.000000 -0.043071 -0.999072
vn 0.000000 -0.042816 -0.999083
vn -0.999083 -0.042810 0.000000
vn -0.999073 -0.043055 0.000000
vn -0.999073 -0.043055 0.000000
vn -0.999073 -0.043055 0.000000
vn -0.999073 -0.043055 0.000000
vn -0.999073 -0.043055 0.000000
vn -0.999073 -0.043055 0.000000
vn -0.999083 -0.042810 0.000000
vn 0.000000 -0.042790 0.999084
vn 0.000000 -0.043046 0.999073
vn 0.000000 -0.023359 0.999727
vn 0.000000 -0.023375 -0.999727
vn -0.999454 -0.033031 0.000000
vn 0.999454 -0.033031 0.000000
vn 0.000000 -0.023358 0.999727
vn 0.000000 -0.023375 -0.999727
vn 0.999454 -0.033037 0.000000
vn -0.999454 -0.033037 0.000000
vn 0.382654 -0.923892 0.000000
vn 0.382676 -0.923882 0.000000
vn 0.923869 -0.382709 0.000000
vn 0.923867 -0.382713 0.000000
vn 0.923869 -0.382708 0.000000
vn 0.382673 -0.923884 0.000000
vn 0.923869 -0.382708 0.000000
vn 0.382683 -0.923880 0.000000
vn 0.923869 -0.382708 0.000000
vn 0.382683 -0.923880 0.000000
vn 0.923869 -0.382708 0.000000
vn 0.382683 -0.923880 0.000000
vn 0.923869 -0.382709 0.000000
vn 0.382683 -0.923880 0.000000
vn 0.923869 -0.382709 0.000000
vn 0.382672 -0.923885 0.000000
vn 0.923869 -0.382709 0.000000
vn 0.382655 -0.923891 0.000000
vn 0.000000 -0.923884 -0.382672
vn 0.000000 -0.923881 -0.382679
vn 0.000000 -0.382827 -0.923820
vn 0.000000 -0.382835 -0.923817
vn 0.000000 -0.382830 -0.923819
vn 0.000000 -0.923885 -0.382670
vn 0.000000 -0.382830 -0.923819
vn 0.000000 -0.923885 -0.382671
vn 0.000000 -0.382830 -0.923819
vn 0.000000 -0.923883 -0.382675
vn 0.923870 -0.382706 0.000000
vn 0.382689 -0.923877 0.000000
vn -0.382672 -0.923884 0.000000
vn -0.382690 -0.923877 0.000000
vn -0.923869 -0.382709 0.000000
vn -0.923870 -0.382706 0.000000
vn -0.923869 -0.382709 0.000000
vn -0.382693 -0.923876 0.000000
vn -0.923869 -0.382709 0.000000
vn -0.382704 -0.923871 0.000000
vn -0.923869 -0.382708 0.000000
vn -0.382704 -0.923871 0.000000
vn -0.923869 -0.382708 0.000000
vn -0.382704 -0.923871 0.000000
vn -0.923869 -0.382708 0.000000
vn -0.382704 -0.923871 0.000000
vn -0.923869 -0.382708 0.000000
vn -0.382694 -0.923875 0.000000
vn -0.923869 -0.382709 0.000000
vn -0.382674 -0.923883 0.000000
vn 0.000000 -0.382833 -0.923818
vn 0.000000 -0.923884 -0.382674
vn 0.000000 -0.923888 0.382663
vn 0.000000 -0.923888 0.382663
vn 0.000000 -0.382636 0.923899
vn 0.000000 -0.382635 0.923899
vn 0.000000 -0.382630 0.923902
vn 0.000000 -0.923887 0.382665
vn 0.000000 -0.923888 0.382663
vn 0.000000 -0.923886 0.382667
vn 0.000000 -0.382629 0.923902
vn 0.000000 -0.382628 0.923903
vn 0.000000 -0.382630 0.923902
vn 0.000000 -0.923887 0.382665
vn -0.923867 -0.382713 0.000000
vn -0.382697 -0.923874 0.000000
vn 0.000000 0.000000 1.000000
vn 0.000000 0.000000 1.000000
vn 0.000000 0.000000 1.000000
vn 0.000000 0.000000 1.000000
vn 1.000000 0.000000 0.000000
vn 1.000000 0.000000 0.000000
vn 1.000000 0.000000 0.000000
vn 1.000000 0.000000 0.000000
vn 1.000000 0.000000 0.000000
vn 1.000000 0.000000 0.000000
vn 1.000000 0.000000 0.000000
vn 1.000000 0.000000 0.000000
vn 1.000000 0.000000 0.000000
vn 1.000000 0.000000 0.000000
vn 1.000000 0.000000 0.000000
vn 1.000000 0.000000 0.000000
vn 1.000000 0.000000 0.000000
vn 1.000000 0.000000 0.000000
vn 1.000000 0.000000 0.000000
vn 1.000000 0.000000 0.000000
vn 0.000000 0.000000 -1.000000
vn 0.000000 0.000000 -1.000000
vn 0.000000 0.000000 -1.000000
vn 0.000000 0.000000 -1.000000
vn 0.000000 0.000000 -1.000000
vn 0.000000 0.000000 -1.000000
vn 0.000000 0.000000 -1.000000
vn 0.000000 0.000000 -1.000000
vn -1.000000 0.000000 -0.000000
vn -1.000000 0.000000 -0.000000
vn -1.000000 0.000000 -0.000000
vn -1.000000 0.000000 -0.000000
vn -1.000000 0.000000 -0.000000
vn -1.000000 0.000000 -0.000000
vn -1.000000 0.000000 -0.000000
vn -1.000000 0.000000 -0.000000
vn -1.000000 0.000000 -0.000000
vn -1.000000 0.000000 -0.000000
vn -1.000000 0.000000 -0.000000
vn -1.000000 0.000000 -0.000000
vn -1.000000 0.000000 -0.000000
vn -1.000000 0.000000 -0.000000
vn -1.000000 0.000000 -0.000000
vn -1.000000 0.000000 -0.000000
vn 0.000000 0.000000 1.000000
vn 0.000000 0.000000 1.000000
vn 0.000000 0.000000 1.000000
vn 0.000000 0.000000 1.000000
vn 0.000000 0.000000 1.000000
vn 0.000000 0.000000 1.000000
vn 1.000000 0.000000 0.000000
vn 1.000000 0.000000 0.000000
vn 1.000000 0.000000 0.000000
vn 1.000000 0.000000 0.000000
vn 1.000000 0.000000 0.000000
vn 1.000000 0.000000 0.000000
vn 1.000000 0.000000 0.000000
vn 1.000000 0.000000 0.000000
vn 0.000000 0.000000 -1.000000
vn 0.000000 0.000000 -1.000000
vn 0.000000 0.000000 -1.000000
vn 0.000000 0.000000 -1.000000
vn -1.000000 0.000000 -0.000000
vn -1.000000 0.000000 -0.000000
vn -1.000000 0.000000 -0.000000
vn -1.000000 0.000000 -0.000000
vn -1.000000 0.000000 -0.000000
vn -1.000000 0.000000 -0.000000
vn -1.000000 0.000000 -0.000000
vn -1.000000 0.000000 -0.000000
vn 0.000000 0.000000 1.000000
vn 0.000000 0.000000 1.000000
vn 1.000000 0.000000 0.000000
vn 1.000000 0.000000 0.000000
vn 1.000000 0.000000 0.000000
vn 1.000000 0.000000 0.000000
vn 0.000000 1.000000 0.000000
vn 0.000000 1.000000 0.000000
vn 0.000000 1.000000 0.000000
vn 0.000000 1.000000 0.000000
vn 0.000000 1.000000 0.000000
vn 0.000000 1.000000 0.000000
vn 0.000000 1.000000 0.000000
vn 0.000000 1.000000 0.000000
vn 0.000000 1.000000 0.000000
vn 0.000000 1.000000 0.000000
vn 0.000000 1.000000 0.000000
vn 0.000000 1.000000 0.000000
vn 0.000000 1.000000 0.000000
vn 0.000000 1.000000 0.000000
vn 0.000000 1.000000 0.000000
vn 0.000000 1.000000 0.000000
vn 0.000000 1.000000 0.000000
vn 0.000000 1.000000 0.000000
vn 0.000000 1.000000 0.000000
vn 0.000000 1.000000 0.000000
vn 0.000000 1.000000 0.000000
vn 0.000000 1.000000 0.000000
vn 0.000000 1.000000 0.000000
vn 0.000000 1.000000 0.000000
vn 0.000000 1.000000 0.000000
vn 0.000000 1.000000 0.000000
vn 0.000000 1.000000 0.000000
vn 0.000000 1.000000 0.000000
vn 0.747586 -0.664165 -0.000195
vn 0.992374 -0.123259 -0.000186
vn 0.995829 -0.091236 -0.000324
vn 0.829014 -0.559227 -0.000882
vn 0.731456 -0.681889 0.000000
vn 0.991779 -0.127962 0.000000
vn 0.731456 -0.681889 0.000000
vn 0.991779 -0.127962 0.000000
vn 0.731456 -0.681889 0.000000
vn 0.991779 -0.127962 0.000000
vn 0.991779 -0.127962 0.000000
vn 0.731456 -0.681889 0.000000
vn 0.747586 -0.664165 0.000195
vn 0.992374 -0.123259 0.000186
vn 0.829014 -0.559227 0.000883
vn 0.995829 -0.091236 0.000324
vn 0.991779 -0.127962 0.000000
vn 0.731456 -0.681889 0.000000
vn 0.731456 -0.681889 0.000000
vn 0.991779 -0.127962 0.000000
vn 0.000193 -0.729913 -0.683540
vn 0.000206 -0.138803 -0.990320
vn 0.000324 -0.083019 -0.996548
vn 0.001296 -0.573123 -0.819468
vn 0.000000 -0.744128 -0.668037
vn 0.000000 -0.141288 -0.989969
vn 0.000000 -0.744128 -0.668037
vn 0.000000 -0.141288 -0.989969
vn 0.000000 -0.726946 -0.686694
vn 0.000000 -0.137834 -0.990455
vn 0.000000 -0.559135 -0.829076
vn 0.000000 -0.074975 -0.997185
vn -0.989969 -0.141285 0.000000
vn -0.668040 -0.744125 0.000000
vn -0.668040 -0.744125 0.000000
vn -0.989969 -0.141285 0.000000
vn -0.990442 -0.137928 0.000000
vn -0.686047 -0.727557 0.000000
vn -0.994187 -0.107672 0.000000
vn -0.770493 -0.637448 0.000000
vn -0.668041 -0.744125 0.000000
vn -0.989969 -0.141285 0.000000
vn -0.668041 -0.744125 0.000000
vn -0.989969 -0.141285 0.000000
vn -0.989969 -0.141285 0.000000
vn -0.668040 -0.744125 0.000000
vn -0.686048 -0.727557 0.000000
vn -0.990442 -0.137928 0.000000
vn -0.989969 -0.141285 0.000000
vn -0.668040 -0.744125 0.000000
vn -0.770493 -0.637448 0.000000
vn -0.994186 -0.107674 0.000000
vn 0.000207 -0.138799 0.990321
vn 0.000195 -0.729915 0.683538
vn 0.001302 -0.573123 0.819468
vn 0.000325 -0.083018 0.996548
vn 0.000000 -0.141280 0.989970
vn 0.000000 -0.744130 0.668035
vn 0.000000 -0.141280 0.989970
vn 0.000000 -0.744130 0.668035
vn 0.000000 -0.137827 0.990456
vn 0.000000 -0.726948 0.686693
vn 0.000000 -0.074971 0.997186
vn 0.000000 -0.559128 0.829082
vn 1.000000 0.000000 0.000000
vn 1.000000 0.000000 -0.000000
vn 0.000000 0.000000 1.000000
vn 0.000000 0.000000 1.000000
vn 1.000000 0.000000 0.000000
vn 1.000000 0.000000 0.000000
vn 0.000000 0.000000 -1.000000
vn 0.000000 0.000000 -1.000000
vn 1.000000 0.000000 0.000000
vn 1.000000 0.000000 0.000000
vn 1.000000 0.000000 0.000000
vn 1.000000 0.000000 0.000000
vn 0.000000 0.000000 -1.000000
vn 0.000000 0.000000 -1.000000
vn -1.000000 0.000000 -0.000000
vn -1.000000 0.000000 -0.000000
vn -1.000000 0.000000 -0.000000
vn -1.000000 0.000000 -0.000000
vn -1.000000 0.000000 -0.000000
vn -1.000000 0.000000 -0.000000
vn -1.000000 0.000000 -0.000000
vn -1.000000 0.000000 -0.000000
vn 0.000000 0.000000 1.000000
vn 0.000000 0.000000 1.000000
vn 0.652536 -0.757758 -0.000000
vn 0.652535 -0.757758 0.000000
vn 0.000000 0.000000 1.000000
vn 0.652535 -0.757758 0.000000
vn 0.652535 -0.757759 0.000000
vn 0.000000 0.000000 -1.000000
vn 0.652536 -0.757758 0.000000
vn 0.652536 -0.757758 0.000000
vn 0.652535 -0.757758 0.000000
vn 0.652535 -0.757758 0.000000
vn 0.000000 -0.812454 -0.583025
vn 0.000000 -0.812454 -0.583025
vn 0.000000 -0.812454 -0.583026
vn 0.000000 -0.812454 -0.583025
vn -1.000000 0.000000 -0.000000
vn 1.000000 0.000000 0.000000
vn -0.583028 -0.812452 0.000000
vn -0.583028 -0.812452 0.000000
vn -0.583028 -0.812452 0.000000
vn -0.583028 -0.812452 0.000000
vn -0.583028 -0.812452 0.000000
vn -0.583028 -0.812452 0.000000
vn -0.583028 -0.812452 0.000000
vn -0.583028 -0.812452 0.000000
vn 0.000000 0.000000 1.000000
vn 0.000000 0.000000 -1.000000
vn 0.000000 -0.812458 0.583019
vn 0.000001 -0.812458 0.583020
vn 0.000000 -0.812458 0.583020
vn 0.000000 -0.812458 0.583019
vn 1.000000 0.000000 -0.000000
vn -1.000000 0.000000 -0.000000
vn -0.000000 -1.000000 0.000000
vn -0.000000 -1.000000 0.000000
vn -0.000000 -1.000000 0.000000
vn -0.000000 -1.000000 0.000000
s 1
g Cabnet
usemtl initialShadingGroup
f 19/763/1 5/764/2 574/765/3 575/766/4
s 2
f 593/277/5 594/278/6 595/279/7 596/280/8
s 3
f 309/337/9 310/338/10 311/339/11 312/340/12
s 4
f 5/1/13 149/2/14 573/3/15 574/4/16
f 141/48/17 142/44/18 10/45/19 1/49/20
s 6
f 3/873/21 22/874/22 23/875/23 9/876/24
s 7
f 11/53/25 157/54/26 158/55/27 2/56/28
s 1
f 10/828/29 20/827/30 21/838/31 1/839/32
f 8/819/33 13/808/34 580/809/35 581/820/36
f 17/870/37 18/868/38 11/867/39 2/871/40
s 2
f 597/322/41 598/316/42 599/317/43 600/323/44
s 6
f 12/910/45 15/902/46 16/901/47 4/911/48
s 13
f 317/345/49 318/346/50 319/347/51 320/348/52
s 1
f 115/778/53 577/779/54 578/788/55 89/789/56
f 125/856/57 126/855/58 104/861/59 105/862/60
s 2
f 619/299/61 621/291/62 622/292/63 620/300/64
s 6
f 107/886/65 123/882/66 124/881/67 106/887/68
s 18
f 287/353/69 288/354/70 285/355/71 286/356/72
s 1
f 25/792/73 26/783/74 37/782/75 38/793/76
s 4
f 26/22/77 25/29/78 145/30/79 146/21/80
s 6
f 27/897/81 28/891/82 29/890/83 30/898/84
f 111/919/85 119/912/86 120/903/87 110/909/88
f 31/932/89 32/940/90 39/933/91 40/925/92
s 7
f 153/72/93 154/68/94 33/67/95 34/73/96
s 1
f 34/843/97 33/850/98 36/844/99 35/842/100
f 97/823/101 133/813/102 134/812/103 96/824/104
s 6
f 41/914/105 42/906/106 55/905/107 56/915/108
s 4
f 147/12/109 148/5/110 44/6/111 43/13/112
s 1
f 43/773/113 44/768/114 45/767/115 46/774/116
f 93/799/117 137/791/118 138/790/119 92/800/120
f 47/822/121 48/821/122 49/832/123 50/833/124
s 7
f 50/76/125 49/80/126 151/81/127 152/77/128
s 6
f 51/948/129 52/956/130 53/949/131 54/941/132
f 113/935/133 117/928/134 118/920/135 112/927/136
s 1
f 57/814/137 58/804/138 71/803/139 72/815/140
s 4
f 58/36/141 57/40/142 143/41/143 144/35/144
s 6
f 59/884/145 60/880/146 61/879/147 62/885/148
f 109/900/149 121/895/150 122/888/151 108/892/152
f 63/917/153 64/907/154 65/916/155 66/924/156
s 7
f 155/61/157 156/58/158 68/57/159 67/62/160
s 1
f 67/857/161 68/863/162 69/859/163 70/858/164
f 101/845/165 129/837/166 130/836/167 100/846/168
s 4
f 146/21/80 147/12/109 43/13/112 26/22/77
s 6
f 27/897/81 30/898/84 55/905/107 42/906/106
f 51/948/129 54/941/132 39/933/91 32/940/90
s 7
f 50/76/125 152/77/128 153/72/93 34/73/96
s 1
f 35/842/100 47/822/121 50/833/124 34/843/97
f 43/773/113 46/774/116 37/782/75 26/783/74
s 4
f 144/35/144 145/30/79 25/29/78 58/36/141
s 1
f 25/792/73 38/793/76 71/803/139 58/804/138
f 67/857/161 70/858/164 36/844/99 33/850/98
s 7
f 33/67/95 154/68/94 155/61/157 67/62/160
s 6
f 40/925/92 63/917/153 66/924/156 31/932/89
f 59/884/145 62/885/148 29/890/83 28/891/82
s 4
f 148/5/110 149/2/14 5/1/13 44/6/111
s 1
f 5/764/2 19/763/1 45/767/115 44/768/114
f 49/832/123 48/821/122 13/808/34 8/819/33
s 7
f 8/84/169 150/85/170 151/81/127 49/80/126
s 6
f 7/962/171 14/957/172 53/949/131 52/956/130
f 41/914/105 56/915/108 24/922/173 6/923/174
s 4
f 142/44/18 143/41/143 57/40/142 10/45/19
s 6
f 9/876/24 23/875/23 61/879/147 60/880/146
f 65/916/155 64/907/154 15/902/46 12/910/45
s 7
f 68/57/159 156/58/158 157/54/26 11/53/25
s 1
f 11/867/39 18/868/38 69/859/163 68/863/162
f 57/814/137 72/815/140 20/827/30 10/828/29
s 36
f 135/977/175 136/978/176 94/979/177 95/980/178
s 37
f 139/989/179 140/990/180 90/991/181 91/992/182
s 6
f 116/936/183 117/928/134 113/935/133 114/943/184
f 118/920/135 119/912/86 111/919/85 112/927/136
f 120/903/87 121/895/150 109/900/149 110/909/88
f 122/888/151 123/882/66 107/886/65 108/892/152
s 38
f 127/1001/185 128/1002/186 102/1003/187 103/1004/188
s 39
f 131/1013/189 132/1014/190 98/1015/191 99/1016/192
s off
f 47/105/193 35/106/194 74/107/195 73/108/196
s 40
f 134/365/197 135/366/198 95/367/199 96/368/200
s off
f 37/109/201 46/110/202 75/111/203 76/112/204
s 41
f 94/377/205 136/378/206 137/379/207 93/380/208
s off
f 13/113/209 48/114/210 77/115/211 78/116/212
s 42
f 138/389/213 139/390/214 91/391/215 92/392/216
s off
f 45/117/217 19/118/218 79/119/219 80/120/220
s 43
f 90/401/221 140/402/222 115/403/223 89/404/224
s 44
f 69/121/225 18/122/226 159/123/227 160/124/228
s 45
f 169/413/229 170/414/230 167/415/231 168/416/232
s 46
f 20/127/233 72/128/234 163/129/235 164/130/236
s 47
f 161/425/237 162/426/238 129/427/239 101/428/240
s off
f 36/133/241 70/134/242 85/135/243 86/136/244
s 48
f 130/443/245 131/444/246 99/445/247 100/446/248
s off
f 71/137/249 38/138/250 87/139/251 88/140/252
s 49
f 98/455/253 132/456/254 133/457/255 97/458/256
s 1
f 13/808/34 175/797/257 579/798/258 580/809/35
s 43
f 204/408/259 175/407/260 13/411/261 78/412/262
s 37
f 78/999/263 77/1000/264 203/996/265 204/995/266
s 42
f 48/399/267 202/396/268 203/395/269 77/400/270
s 1
f 201/811/271 202/810/272 48/821/122 47/822/121
s 41
f 200/384/273 201/383/274 47/387/275 73/388/276
s 36
f 199/984/277 200/983/278 73/987/279 74/988/280
s 40
f 35/375/281 198/372/282 199/371/283 74/376/284
s 1
f 35/842/100 36/844/99 197/835/285 198/834/286
s 49
f 196/462/287 197/461/288 36/465/289 86/466/290
s 39
f 86/1023/291 85/1024/292 195/1020/293 196/1019/294
s 48
f 70/453/295 194/450/296 195/449/297 85/454/298
s 1
f 70/858/164 69/859/163 193/852/299 194/851/300
s 47
f 160/439/301 192/434/302 193/433/303 69/440/304
s 38
f 82/1011/305 81/1012/306 190/1008/307 191/1007/308
s 45
f 171/423/309 187/420/310 188/419/311 172/424/312
s 1
f 185/866/313 186/865/314 18/868/38 17/870/37
s 2
f 598/316/42 601/309/315 602/308/316 599/317/43
s 6
f 16/901/47 15/902/46 183/894/317 184/893/318
f 15/902/46 64/907/154 182/899/319 183/894/317
f 181/908/320 182/899/319 64/907/154 63/917/153
f 180/918/321 181/908/320 63/917/153 40/925/92
f 179/926/322 180/918/321 40/925/92 39/933/91
f 39/933/91 54/941/132 178/934/323 179/926/322
f 54/941/132 53/949/131 177/942/324 178/934/323
f 53/949/131 14/957/172 176/950/325 177/942/324
s 18
f 289/360/326 290/359/327 282/363/328 281/364/329
s 1
f 205/771/330 19/763/1 575/766/4 576/772/331
s 18
f 279/361/332 278/362/333 291/358/334 292/357/335
s 6
f 24/922/173 56/915/108 233/921/336 234/929/337
f 232/913/338 233/921/336 56/915/108 55/905/107
f 55/905/107 30/898/84 231/904/339 232/913/338
f 30/898/84 29/890/83 230/896/340 231/904/339
f 29/890/83 62/885/148 229/889/341 230/896/340
f 62/885/148 61/879/147 228/883/342 229/889/341
f 61/879/147 23/875/23 227/878/343 228/883/342
f 23/875/23 22/874/22 226/877/344 227/878/343
s 2
f 603/283/345 604/284/346 595/279/7 594/278/6
s 1
f 21/838/31 20/827/30 224/847/347 225/848/348
s 45
f 173/421/349 222/418/350 223/417/351 174/422/352
s 38
f 84/1009/353 83/1010/354 219/1006/355 220/1005/356
s 47
f 72/437/357 217/432/358 218/431/359 163/438/360
s 1
f 216/825/361 217/826/362 72/815/140 71/803/139
s 48
f 215/448/363 216/447/364 71/451/365 88/452/366
s 39
f 88/1021/367 87/1022/368 214/1018/369 215/1017/370
s 49
f 38/463/371 213/460/372 214/459/373 87/464/374
s 1
f 212/801/375 213/802/376 38/793/76 37/782/75
s 40
f 211/370/377 212/369/378 37/373/379 76/374/380
s 36
f 76/985/381 75/986/382 210/982/383 211/981/384
s 41
f 46/385/385 209/382/386 210/381/387 75/386/388
s 1
f 46/774/116 45/767/115 208/780/389 209/781/390
s 42
f 207/394/391 208/393/392 45/397/393 80/398/394
s 37
f 80/997/395 79/998/396 206/994/397 207/993/398
s 43
f 19/409/399 205/406/400 206/405/401 79/410/402
s 4
f 9/50/403 248/47/404 249/51/405 3/52/406
f 60/46/407 247/43/408 248/47/404 9/50/403
f 246/39/409 247/43/408 60/46/407 59/42/410
f 28/38/411 245/34/412 246/39/409 59/42/410
f 244/28/413 245/34/412 28/38/411 27/33/414
f 42/27/415 243/20/416 244/28/413 27/33/414
f 42/27/415 41/19/417 242/11/418 243/20/416
f 6/14/419 241/7/420 242/11/418 41/19/417
f 241/7/420 6/14/419 591/15/421 592/8/422
s 3
f 313/343/423 314/344/424 315/342/425 316/341/426
s 52
f 297/467/427 298/468/428 295/469/429 294/470/430
f 301/473/431 299/471/432 300/472/433 302/474/434
f 303/477/435 304/476/436 305/475/437 306/478/438
s 13
f 321/350/439 322/349/440 323/351/441 324/352/442
s 7
f 257/83/443 258/87/444 7/90/445 52/86/446
f 256/79/447 257/83/443 52/86/446 51/82/448
f 255/75/449 256/79/447 51/82/448 32/78/450
f 32/78/450 31/74/451 254/71/452 255/75/449
f 253/66/453 254/71/452 31/74/451 66/70/454
f 66/70/454 65/69/455 252/63/456 253/66/453
f 251/59/457 252/63/456 65/69/455 12/64/458
f 250/60/459 251/59/457 12/64/458 4/65/460
s 2
f 605/325/461 606/321/462 607/327/463 608/331/464
f 609/319/465 610/315/466 606/321/462 605/325/461
f 624/306/467 623/298/468 617/307/469 618/313/470
f 612/294/471 611/285/472 613/293/473 614/301/474
f 615/286/475 611/285/472 612/294/471 616/295/476
s 44
f 160/124/228 159/123/227 81/125/477 82/126/478
s 47
f 191/436/479 192/434/302 160/439/301 82/442/480
f 102/429/481 128/430/482 162/426/238 161/425/237
f 163/438/360 218/431/359 219/435/483 83/441/484
s 46
f 164/130/236 163/129/235 83/131/485 84/132/486
s 56
f 220/479/487 221/480/488 164/481/489 84/482/490
f 165/484/491 127/483/492 103/485/493 166/486/494
f 159/489/495 189/488/496 190/487/497 81/490/498
s 1
f 126/855/58 169/860/499 168/864/500 104/861/59
s 57
f 170/1025/501 165/1026/502 166/1027/503 167/1028/504
s 1
f 18/868/38 186/865/314 187/869/505 171/872/506
s 57
f 188/1032/507 189/1031/508 159/1035/509 172/1036/510
s off
f 159/141/511 18/142/512 171/143/513 172/144/514
s 57
f 164/1033/515 221/1030/516 222/1029/517 173/1034/518
s 1
f 223/853/519 224/847/347 20/827/30 174/854/520
s off
f 20/145/521 164/146/522 173/147/523 174/148/524
s 1
f 175/797/257 89/789/56 578/788/55 579/798/258
s 18
f 286/356/72 285/355/71 290/359/327 289/360/326
s 52
f 305/475/437 304/476/436 301/473/431 302/474/434
s 6
f 177/942/324 176/950/325 114/943/184 113/935/133
f 178/934/323 177/942/324 113/935/133 112/927/136
f 179/926/322 178/934/323 112/927/136 111/919/85
f 111/919/85 110/909/88 180/918/321 179/926/322
f 110/909/88 109/900/149 181/908/320 180/918/321
f 109/900/149 108/892/152 182/899/319 181/908/320
f 183/894/317 182/899/319 108/892/152 107/886/65
f 184/893/318 183/894/317 107/886/65 106/887/68
s 2
f 618/313/470 617/307/469 610/315/466 609/319/465
f 602/308/316 601/309/315 619/299/61 620/300/64
s 1
f 105/862/60 104/861/59 186/865/314 185/866/313
f 187/869/505 186/865/314 104/861/59 168/864/500
s 45
f 188/419/311 187/420/310 168/416/232 167/415/231
s 57
f 166/1027/503 189/1031/508 188/1032/507 167/1028/504
s 56
f 190/487/497 189/488/496 166/486/494 103/485/493
s 38
f 191/1007/308 190/1008/307 103/1004/188 102/1003/187
s 47
f 102/429/481 161/425/237 192/434/302 191/436/479
f 193/433/303 192/434/302 161/425/237 101/428/240
s 1
f 194/851/300 193/852/299 101/845/165 100/846/168
s 48
f 195/449/297 194/450/296 100/446/248 99/445/247
s 39
f 196/1019/294 195/1020/293 99/1016/192 98/1015/191
s 49
f 98/455/253 97/458/256 197/461/288 196/462/287
s 1
f 198/834/286 197/835/285 97/823/101 96/824/104
s 40
f 199/371/283 198/372/282 96/368/200 95/367/199
s 36
f 95/980/178 94/979/177 200/983/278 199/984/277
s 41
f 94/377/205 93/380/208 201/383/274 200/384/273
s 1
f 93/799/117 92/800/120 202/810/272 201/811/271
s 42
f 203/395/269 202/396/268 92/392/216 91/391/215
s 37
f 204/995/266 203/996/265 91/992/182 90/991/181
s 43
f 90/401/221 89/404/224 175/407/260 204/408/259
s 1
f 115/778/53 205/771/330 576/772/331 577/779/54
s 43
f 206/405/401 205/406/400 115/403/223 140/402/222
s 37
f 207/993/398 206/994/397 140/990/180 139/989/179
s 42
f 139/390/214 138/389/213 208/393/392 207/394/391
s 1
f 209/781/390 208/780/389 138/790/119 137/791/118
s 41
f 210/381/387 209/382/386 137/379/207 136/378/206
s 36
f 211/981/384 210/982/383 136/978/176 135/977/175
s 40
f 135/366/198 134/365/197 212/369/378 211/370/377
s 1
f 134/812/103 133/813/102 213/802/376 212/801/375
s 49
f 214/459/373 213/460/372 133/457/255 132/456/254
s 39
f 215/1017/370 214/1018/369 132/1014/190 131/1013/189
s 48
f 131/444/246 130/443/245 216/447/364 215/448/363
s 1
f 130/836/167 129/837/166 217/826/362 216/825/361
s 47
f 218/431/359 217/432/358 129/427/239 162/426/238
f 219/435/483 218/431/359 162/426/238 128/430/482
s 38
f 220/1005/356 219/1006/355 128/1002/186 127/1001/185
s 56
f 127/483/492 165/484/491 221/480/488 220/479/487
s 57
f 222/1029/517 221/1030/516 165/1026/502 170/1025/501
s 45
f 223/417/351 222/418/350 170/414/230 169/413/229
s 1
f 126/855/58 224/847/347 223/853/519 169/860/499
f 225/848/348 224/847/347 126/855/58 125/856/57
s 2
f 621/291/62 604/284/346 603/283/345 622/292/63
f 614/301/474 613/293/473 623/298/468 624/306/467
s 6
f 227/878/343 226/877/344 124/881/67 123/882/66
f 228/883/342 227/878/343 123/882/66 122/888/151
f 229/889/341 228/883/342 122/888/151 121/895/150
f 230/896/340 229/889/341 121/895/150 120/903/87
f 231/904/339 230/896/340 120/903/87 119/912/86
f 232/913/338 231/904/339 119/912/86 118/920/135
f 118/920/135 117/928/134 233/921/336 232/913/338
f 234/929/337 233/921/336 117/928/134 116/936/183
s 52
f 299/471/432 298/468/428 297/467/427 300/472/433
s 18
f 292/357/335 291/358/334 288/354/70 287/353/69
s 4
f 149/2/14 241/7/420 592/8/422 573/3/15
f 242/11/418 241/7/420 149/2/14 148/5/110
f 243/20/416 242/11/418 148/5/110 147/12/109
f 244/28/413 243/20/416 147/12/109 146/21/80
f 146/21/80 145/30/79 245/34/412 244/28/413
f 246/39/409 245/34/412 145/30/79 144/35/144
f 144/35/144 143/41/143 247/43/408 246/39/409
f 248/47/404 247/43/408 143/41/143 142/44/18
f 249/51/405 248/47/404 142/44/18 141/48/17
s 2
f 596/280/8 595/279/7 611/285/472 615/286/475
f 613/293/473 611/285/472 595/279/7 604/284/346
f 623/298/468 613/293/473 604/284/346 621/291/62
f 617/307/469 623/298/468 621/291/62 619/299/61
f 610/315/466 617/307/469 619/299/61 601/309/315
f 606/321/462 610/315/466 601/309/315 598/316/42
f 607/327/463 606/321/462 598/316/42 597/322/41
s 7
f 158/55/27 157/54/26 251/59/457 250/60/459
f 157/54/26 156/58/158 252/63/456 251/59/457
f 253/66/453 252/63/456 156/58/158 155/61/157
f 155/61/157 154/68/94 254/71/452 253/66/453
f 255/75/449 254/71/452 154/68/94 153/72/93
f 153/72/93 152/77/128 256/79/447 255/75/449
f 152/77/128 151/81/127 257/83/443 256/79/447
f 151/81/127 150/85/170 258/87/444 257/83/443
s 13
f 319/347/51 318/346/50 322/349/440 321/350/439
s 58
f 236/491/525 239/492/526 260/493/527 259/494/528
f 261/495/529 260/493/527 239/492/526 237/496/530
s 59
f 238/497/531 240/499/532 263/500/533 262/498/534
f 264/501/535 263/500/533 240/499/532 235/502/536
s 3
f 316/341/426 315/342/425 310/338/10 309/337/9
s off
f 267/1037/537 268/1038/538 238/1039/539 237/1040/540
f 239/1043/541 236/1047/542 266/1048/543 269/1044/544
f 235/1045/545 240/1041/546 270/1042/547 265/1046/548
f 263/1053/549 264/1049/550 271/1050/551 272/1054/552
f 259/1051/553 260/1055/554 276/1056/555 275/1052/556
f 237/1040/557 239/1043/558 269/1044/559 267/1037/560
f 260/1055/561 261/1061/562 274/1062/563 276/1056/564
f 262/1059/565 263/1053/566 272/1054/567 273/1060/568
f 240/1041/569 238/1039/570 268/1038/571 270/1042/572
f 236/1047/573 259/1051/574 275/1052/575 266/1048/576
f 264/1049/577 235/1045/578 265/1046/579 271/1050/580
s 7
f 8/84/169 581/88/581 582/89/582 150/85/170
s 60
f 268/1067/583 267/1068/584 285/1069/585 288/1070/586
f 269/1071/587 266/1075/588 282/1076/589 290/1072/590
f 265/1077/591 270/1073/592 291/1074/593 278/1078/594
s 6
f 24/922/173 590/930/595 591/931/596 6/923/174
s 61
f 272/1054/597 271/1050/598 295/1057/599 298/1058/600
s 6
f 234/929/337 589/937/601 590/930/595 24/922/173
f 587/951/602 588/944/603 116/936/183 114/943/184
s 61
f 274/1062/604 273/1060/605 299/1065/606 301/1066/607
s off
f 275/1052/608 276/1056/609 304/1063/610 303/1064/611
s 6
f 14/957/172 585/963/612 586/958/613 176/950/325
f 7/962/171 584/967/614 585/963/612 14/957/172
s 7
f 258/87/444 583/91/615 584/94/616 7/90/445
s 60
f 267/1068/584 269/1071/587 290/1072/590 285/1069/585
s 6
f 176/950/325 586/958/613 587/951/602 114/943/184
s 61
f 273/1060/605 272/1054/597 298/1058/600 299/1065/606
s 6
f 116/936/183 588/944/603 589/937/601 234/929/337
s 60
f 270/1073/592 268/1067/583 288/1070/586 291/1074/593
s 62
f 266/149/617 275/150/618 303/151/619 282/152/620
s 7
f 150/85/170 582/89/582 583/91/615 258/87/444
s 63
f 271/159/621 265/160/622 278/161/623 295/162/624
f 278/161/623 279/165/625 311/166/626 310/163/627
s 64
f 279/1079/628 280/1080/629 312/1081/630 311/1082/631
s 65
f 280/169/632 277/170/633 309/171/634 312/172/635
s 66
f 293/1099/636 294/1100/637 314/1101/638 313/1102/639
s 63
f 294/167/640 295/162/624 315/164/641 314/168/642
s 65
f 296/175/643 293/178/644 313/179/645 316/176/646
s 63
f 295/162/624 278/161/623 310/163/627 315/164/641
s 65
f 277/170/633 296/175/643 316/176/646 309/171/634
s 62
f 281/157/647 282/152/620 318/154/648 317/158/649
s 68
f 283/181/650 284/182/651 320/183/652 319/184/653
s 64
f 284/1096/654 281/1094/655 317/1097/656 320/1098/657
s 62
f 303/151/619 306/155/658 323/156/659 322/153/660
s 66
f 306/1114/661 308/1116/662 324/1117/663 323/1118/664
s 68
f 308/190/665 307/187/666 321/188/667 324/191/668
s 62
f 282/152/620 303/151/619 322/153/660 318/154/648
s 68
f 307/187/666 283/181/650 319/184/653 321/188/667
s 65
f 326/173/669 325/174/670 277/170/633 280/169/632
s 64
f 327/1083/671 326/1084/672 280/1080/629 279/1079/628
f 328/1085/673 327/1083/671 279/1079/628 292/1086/674
f 329/1087/675 328/1085/673 292/1086/674 287/1088/676
f 329/1087/675 287/1088/676 286/1089/677 330/1090/678
f 331/1091/679 330/1090/678 286/1089/677 289/1092/680
f 332/1093/681 331/1091/679 289/1092/680 281/1094/655
f 333/1095/682 332/1093/681 281/1094/655 284/1096/654
s 68
f 334/185/683 333/186/684 284/182/651 283/181/650
f 335/189/685 334/185/683 283/181/650 307/187/666
f 336/192/686 335/189/685 307/187/666 308/190/665
s 66
f 337/1113/687 336/1115/688 308/1116/662 306/1114/661
f 338/1111/689 337/1113/687 306/1114/661 305/1112/690
f 339/1109/691 338/1111/689 305/1112/690 302/1110/692
f 300/1108/693 340/1107/694 339/1109/691 302/1110/692
f 341/1105/695 340/1107/694 300/1108/693 297/1106/696
f 342/1104/697 341/1105/695 297/1106/696 294/1100/637
f 343/1103/698 342/1104/697 294/1100/637 293/1099/636
s 65
f 344/177/699 343/180/700 293/178/644 296/175/643
f 325/174/670 344/177/699 296/175/643 277/170/633
s 72
f 367/503/701 366/504/702 369/505/703 368/506/704
s 73
f 366/504/705 365/509/706 370/510/707 369/505/708
s 72
f 391/563/709 390/564/710 393/571/711 392/570/712
s 75
f 390/193/713 389/194/714 394/195/715 393/196/716
s 72
f 406/591/717 405/595/718 408/593/719 407/587/720
s 77
f 405/595/721 404/597/722 409/596/723 408/593/724
s 72
f 433/523/725 432/524/726 435/516/727 434/515/728
s 79
f 432/217/729 431/218/730 436/219/731 435/220/732
s 72
f 439/537/733 438/538/734 441/531/735 440/530/736
s 79
f 438/227/737 437/228/738 442/222/739 441/221/740
s 72
f 347/513/741 346/514/742 367/503/701 368/506/704
f 348/521/743 347/513/741 368/506/704 371/512/744
f 349/528/745 348/521/743 371/512/744 374/520/746
f 349/528/745 374/520/746 377/526/747 350/533/748
f 351/540/749 350/533/748 377/526/747 380/535/750
f 352/547/751 351/540/749 380/535/750 383/542/752
f 353/554/753 352/547/751 383/542/752 386/549/754
f 354/569/755 353/554/753 391/563/709 392/570/712
f 355/576/756 354/569/755 392/570/712 395/577/757
f 356/583/758 355/576/756 395/577/757 398/584/759
f 353/554/753 386/549/754 401/556/760 391/563/709
f 357/586/761 356/583/758 406/591/717 407/587/720
f 358/579/762 357/586/761 407/587/720 410/580/763
f 359/572/764 358/579/762 410/580/763 413/573/765
f 416/566/766 360/565/767 359/572/764 413/573/765
f 361/557/768 360/565/767 416/566/766 419/558/769
f 362/550/770 361/557/768 419/558/769 422/551/771
f 363/536/772 362/550/770 422/551/771 425/543/773
f 356/583/758 398/584/759 428/590/774 406/591/717
f 346/514/742 345/522/775 433/523/725 434/515/728
f 364/529/776 363/536/772 439/537/733 440/530/736
f 345/522/775 364/529/776 440/530/736 433/523/725
f 367/503/701 346/514/742 434/515/728 445/507/777
f 363/536/772 425/543/773 446/544/778 439/537/733
s 73
f 365/509/706 366/504/705 444/508/779 443/517/780
s 72
f 366/504/702 367/503/701 445/507/777 444/508/781
f 368/506/704 369/505/703 372/511/782 371/512/744
s 73
f 369/505/708 370/510/707 373/518/783 372/511/784
s 72
f 371/512/744 372/511/782 375/519/785 374/520/746
s 73
f 372/511/784 373/518/783 376/525/786 375/519/787
s 72
f 377/526/747 374/520/746 375/519/785 378/527/788
s 73
f 375/519/787 376/525/786 379/532/789 378/527/790
s 72
f 377/526/747 378/527/788 381/534/791 380/535/750
s 73
f 378/527/790 379/532/789 382/539/792 381/534/793
s 72
f 380/535/750 381/534/791 384/541/794 383/542/752
s 73
f 381/534/793 382/539/792 385/546/795 384/541/796
s 72
f 383/542/752 384/541/794 387/548/797 386/549/754
s 73
f 384/541/796 385/546/795 388/553/798 387/548/799
s 72
f 386/549/754 387/548/797 402/555/800 401/556/760
s 73
f 387/548/799 388/553/798 403/562/801 402/555/802
s 72
f 392/570/712 393/571/711 396/578/803 395/577/757
s 75
f 393/196/716 394/195/715 397/201/804 396/202/805
s 72
f 395/577/757 396/578/803 399/585/806 398/584/759
s 75
f 396/202/805 397/201/804 400/207/807 399/208/808
s 72
f 398/584/759 399/585/806 429/592/809 428/590/774
s 75
f 399/208/808 400/207/807 430/212/810 429/213/811
f 389/194/714 390/193/713 402/197/812 403/198/813
s 72
f 390/564/710 391/563/709 401/556/760 402/555/814
f 407/587/720 408/593/719 411/588/815 410/580/763
s 77
f 408/593/724 409/596/723 412/594/816 411/588/817
s 72
f 410/580/763 411/588/815 414/581/818 413/573/765
s 77
f 411/588/817 412/594/816 415/589/819 414/581/820
s 72
f 414/581/818 417/574/821 416/566/766 413/573/765
s 77
f 415/589/819 418/582/822 417/574/823 414/581/820
s 72
f 416/566/766 417/574/821 420/567/824 419/558/769
s 77
f 417/574/823 418/582/822 421/575/825 420/567/826
s 72
f 419/558/769 420/567/824 423/559/827 422/551/771
s 77
f 420/567/826 421/575/825 424/568/828 423/559/829
s 72
f 422/551/771 423/559/827 426/552/830 425/543/773
s 77
f 423/559/829 424/568/828 427/560/831 426/552/832
s 72
f 425/543/773 426/552/830 447/545/833 446/544/778
s 77
f 426/552/832 427/560/831 448/561/834 447/545/835
f 404/597/722 405/595/721 429/592/836 430/598/837
s 72
f 405/595/718 406/591/717 428/590/774 429/592/838
s 79
f 431/218/730 432/217/729 441/221/740 442/222/739
s 72
f 432/524/726 433/523/725 440/530/736 441/531/735
f 434/515/728 435/516/727 444/508/839 445/507/777
s 79
f 435/220/732 436/219/731 443/225/840 444/226/841
f 437/228/738 438/227/737 447/233/842 448/234/843
s 72
f 438/538/734 439/537/733 446/544/778 447/545/844
s 82
f 326/599/845 327/600/846 452/601/847 449/602/848
f 327/600/846 328/603/849 455/604/850 452/601/847
f 328/603/849 329/609/851 458/610/852 455/604/850
f 458/610/852 329/609/851 330/618/853 461/619/854
f 330/618/853 331/626/855 464/627/856 461/619/854
f 331/626/855 332/633/857 467/634/858 464/627/856
f 332/633/857 333/640/859 470/641/860 467/634/858
f 333/640/859 334/657/861 476/658/862 473/648/863
f 334/657/861 335/666/864 479/667/865 476/658/862
f 335/666/864 336/674/866 482/675/867 479/667/865
f 470/641/860 333/640/859 473/648/863 485/649/868
f 336/674/866 337/686/869 491/687/870 488/681/871
f 337/686/869 338/679/872 494/680/873 491/687/870
f 338/679/872 339/672/874 497/673/875 494/680/873
f 339/672/874 340/664/876 500/665/877 497/673/875
f 340/664/876 341/653/878 503/654/879 500/665/877
f 341/653/878 342/645/880 506/646/881 503/654/879
f 342/645/880 343/631/882 509/638/883 506/646/881
f 482/675/867 336/674/866 488/681/871 512/682/884
f 325/616/885 326/599/845 518/608/886 515/617/887
f 343/631/882 344/624/888 524/625/889 521/632/890
f 344/624/888 325/616/885 515/617/887 524/625/889
f 326/599/845 449/602/848 527/607/891 518/608/886
f 509/638/883 343/631/882 521/632/890 530/639/892
s 79
f 436/219/731 431/218/730 517/223/893 520/224/894
s 73
f 370/1119/707 365/1120/706 451/1121/895 454/1122/896
f 373/1125/783 370/1119/707 454/1122/896 457/1126/897
f 376/1127/786 373/1125/783 457/1126/897 460/1128/898
f 376/1127/786 460/1128/898 463/1129/899 379/1130/789
f 382/1131/792 379/1130/789 463/1129/899 466/1132/900
f 385/1133/795 382/1131/792 466/1132/900 469/1134/901
f 388/1135/798 385/1133/795 469/1134/901 472/1136/902
s 75
f 394/195/715 389/194/714 475/199/903 478/200/904
f 397/201/804 394/195/715 478/200/904 481/206/905
f 400/207/807 397/201/804 481/206/905 484/211/906
s 77
f 409/1139/723 404/1140/722 490/1141/907 493/1142/908
f 412/1145/816 409/1139/723 493/1142/908 496/1146/909
f 415/1147/819 412/1145/816 496/1146/909 499/1148/910
f 502/1149/911 418/1150/822 415/1147/819 499/1148/910
f 421/1151/825 418/1150/822 502/1149/911 505/1152/912
f 424/1153/828 421/1151/825 505/1152/912 508/1154/913
f 427/1155/831 424/1153/828 508/1154/913 511/1156/914
s 79
f 442/222/739 437/228/738 523/235/915 526/229/916
f 431/218/730 442/222/739 526/229/916 517/223/893
f 436/219/731 520/224/894 529/232/917 443/225/840
s 75
f 475/199/903 389/194/714 403/198/813 487/203/918
s 77
f 490/1141/907 404/1140/722 430/1143/837 514/1144/919
s 73
f 388/1135/798 472/1136/902 487/1137/920 403/1138/801
s 79
f 523/235/915 437/228/738 448/234/843 532/238/921
s 75
f 400/207/807 484/211/906 514/215/922 430/212/810
s 73
f 451/1121/895 365/1120/706 443/1123/780 529/1124/923
s 77
f 427/1155/831 511/1156/914 532/1157/924 448/1158/834
s 82
f 449/602/848 450/605/925 528/612/926 527/607/891
s 73
f 450/605/927 451/613/895 529/622/923 528/612/928
f 451/613/895 450/605/927 453/606/929 454/614/896
s 82
f 450/605/925 449/602/848 452/601/847 453/606/930
s 73
f 454/614/896 453/606/929 456/611/931 457/621/897
s 82
f 453/606/930 452/601/847 455/604/850 456/611/932
s 73
f 457/621/897 456/611/931 459/620/933 460/629/898
s 82
f 456/611/932 455/604/850 458/610/852 459/620/934
s 73
f 463/636/899 460/629/898 459/620/933 462/628/935
s 82
f 459/620/934 458/610/852 461/619/854 462/628/936
s 73
f 463/636/899 462/628/935 465/635/937 466/643/900
s 82
f 462/628/936 461/619/854 464/627/856 465/635/938
s 73
f 466/643/900 465/635/937 468/642/939 469/651/901
s 82
f 465/635/938 464/627/856 467/634/858 468/642/940
s 73
f 469/651/901 468/642/939 471/650/941 472/661/902
s 82
f 468/642/940 467/634/858 470/641/860 471/650/942
f 473/648/863 474/659/943 486/660/944 485/649/868
s 75
f 474/204/945 475/199/903 487/203/918 486/209/946
f 475/199/903 474/204/945 477/205/947 478/200/904
s 82
f 474/659/943 473/648/863 476/658/862 477/668/948
s 75
f 478/200/904 477/205/947 480/210/949 481/206/905
s 82
f 477/668/948 476/658/862 479/667/865 480/676/950
s 75
f 481/206/905 480/210/949 483/214/951 484/211/906
s 82
f 480/676/950 479/667/865 482/675/867 483/683/952
s 73
f 472/661/902 471/650/941 486/660/953 487/669/920
s 82
f 471/650/942 470/641/860 485/649/868 486/660/954
f 488/681/871 489/688/955 513/689/956 512/682/884
s 77
f 489/688/957 490/692/907 514/693/919 513/689/958
f 490/692/907 489/688/957 492/691/959 493/694/908
s 82
f 489/688/955 488/681/871 491/687/870 492/691/960
s 77
f 493/694/908 492/691/959 495/685/961 496/690/909
s 82
f 492/691/960 491/687/870 494/680/873 495/685/962
s 77
f 496/690/909 495/685/961 498/677/963 499/684/910
s 82
f 495/685/962 494/680/873 497/673/875 498/677/964
s 77
f 498/677/963 501/670/965 502/678/911 499/684/910
s 82
f 497/673/875 500/665/877 501/670/966 498/677/964
s 77
f 502/678/911 501/670/965 504/662/967 505/671/912
s 82
f 501/670/966 500/665/877 503/654/879 504/662/968
s 77
f 505/671/912 504/662/967 507/652/969 508/663/913
s 82
f 504/662/968 503/654/879 506/646/881 507/652/970
s 77
f 508/663/913 507/652/969 510/647/971 511/655/914
s 82
f 507/652/970 506/646/881 509/638/883 510/647/972
s 75
f 484/211/906 483/214/951 513/216/973 514/215/922
s 82
f 483/683/952 482/675/867 512/682/884 513/689/974
f 515/617/887 516/623/975 525/630/976 524/625/889
s 79
f 516/230/977 517/223/893 526/229/916 525/236/978
f 517/223/893 516/230/977 519/231/979 520/224/894
s 82
f 516/623/975 515/617/887 518/608/886 519/615/980
f 521/632/890 522/637/981 531/644/982 530/639/892
s 79
f 522/239/983 523/235/915 532/238/921 531/240/984
f 523/235/915 522/239/983 525/236/978 526/229/916
s 82
f 522/637/981 521/632/890 524/625/889 525/630/976
s 79
f 520/224/894 519/231/979 528/237/985 529/232/917
s 82
f 519/615/980 518/608/886 527/607/891 528/612/986
s 77
f 511/655/914 510/647/971 531/644/987 532/656/924
s 82
f 510/647/972 509/638/883 530/639/892 531/644/988
s 4
f 534/10/989 533/9/990 553/17/991 554/18/992
s 1
f 535/770/993 534/769/994 554/775/995 555/776/996
f 536/777/997 535/770/993 555/776/996 556/786/998
f 537/787/999 536/777/997 556/786/998 557/795/1000
f 537/787/999 557/795/1000 558/806/1001 538/796/1002
f 539/807/1003 538/796/1002 558/806/1001 559/817/1004
f 540/818/1005 539/807/1003 559/817/1004 560/830/1006
f 541/831/1007 540/818/1005 560/830/1006 561/841/1008
s 7
f 542/93/1009 541/92/1010 561/96/1011 562/97/1012
f 543/95/1013 542/93/1009 562/97/1012 563/99/1014
f 544/98/1015 543/95/1013 563/99/1014 564/102/1016
s 6
f 545/968/1017 544/971/1018 564/974/1019 565/972/1020
f 546/964/1021 545/968/1017 565/972/1020 566/969/1022
f 547/959/1023 546/964/1021 566/969/1022 567/965/1024
f 567/965/1024 568/960/1025 548/952/1026 547/959/1023
f 549/945/1027 548/952/1026 568/960/1025 569/953/1028
f 550/938/1029 549/945/1027 569/953/1028 570/946/1030
f 551/939/1031 550/938/1029 570/946/1030 571/947/1032
s 4
f 552/16/1033 551/23/1034 571/31/1035 572/24/1036
f 533/9/990 552/16/1033 572/24/1036 553/17/991
f 554/18/992 553/17/991 345/25/1037 346/26/1038
s 1
f 555/776/996 554/775/995 346/784/1039 347/785/1040
f 556/786/998 555/776/996 347/785/1040 348/794/1041
f 557/795/1000 556/786/998 348/794/1041 349/805/1042
f 557/795/1000 349/805/1042 350/816/1043 558/806/1001
f 559/817/1004 558/806/1001 350/816/1043 351/829/1044
f 560/830/1006 559/817/1004 351/829/1044 352/840/1045
f 561/841/1008 560/830/1006 352/840/1045 353/849/1046
s 7
f 562/97/1012 561/96/1011 353/100/1047 354/101/1048
f 563/99/1014 562/97/1012 354/101/1048 355/103/1049
f 564/102/1016 563/99/1014 355/103/1049 356/104/1050
s 6
f 565/972/1020 564/974/1019 356/976/1051 357/975/1052
f 566/969/1022 565/972/1020 357/975/1052 358/973/1053
f 567/965/1024 566/969/1022 358/973/1053 359/970/1054
f 359/970/1054 360/966/1055 568/960/1025 567/965/1024
f 569/953/1028 568/960/1025 360/966/1055 361/961/1056
f 570/946/1030 569/953/1028 361/961/1056 362/954/1057
f 571/947/1032 570/946/1030 362/954/1057 363/955/1058
s 4
f 572/24/1036 571/31/1035 363/37/1059 364/32/1060
f 553/17/991 572/24/1036 364/32/1060 345/25/1037
f 574/4/16 573/3/15 533/9/990 534/10/989
s 1
f 575/766/4 574/765/3 534/769/994 535/770/993
f 576/772/331 575/766/4 535/770/993 536/777/997
f 577/779/54 576/772/331 536/777/997 537/787/999
f 577/779/54 537/787/999 538/796/1002 578/788/55
f 579/798/258 578/788/55 538/796/1002 539/807/1003
f 580/809/35 579/798/258 539/807/1003 540/818/1005
f 581/820/36 580/809/35 540/818/1005 541/831/1007
s 7
f 582/89/582 581/88/581 541/92/1010 542/93/1009
f 583/91/615 582/89/582 542/93/1009 543/95/1013
f 584/94/616 583/91/615 543/95/1013 544/98/1015
s 6
f 585/963/612 584/967/614 544/971/1018 545/968/1017
f 586/958/613 585/963/612 545/968/1017 546/964/1021
f 587/951/602 586/958/613 546/964/1021 547/959/1023
f 547/959/1023 548/952/1026 588/944/603 587/951/602
f 589/937/601 588/944/603 548/952/1026 549/945/1027
f 590/930/595 589/937/601 549/945/1027 550/938/1029
f 591/931/596 590/930/595 550/938/1029 551/939/1031
s 4
f 592/8/422 591/15/421 551/23/1034 552/16/1033
f 573/3/15 592/8/422 552/16/1033 533/9/990
s off
f 274/1062/1061 301/1066/1062 304/1063/1063 276/1056/1064
s 2
f 594/278/6 593/277/5 626/281/1065 625/282/1066
f 600/323/44 599/317/43 628/318/1067 627/324/1068
f 599/317/43 602/308/316 629/312/1069 628/318/1067
f 603/283/345 594/278/6 625/282/1066 630/290/1070
f 602/308/316 620/300/64 631/305/1071 629/312/1069
f 622/292/63 603/283/345 630/290/1070 632/297/1072
f 631/305/1071 620/300/64 622/292/63 632/297/1072
f 597/322/41 600/323/44 634/328/1073 633/329/1074
f 608/331/464 607/327/463 636/333/1075 635/334/1076
f 607/327/463 597/322/41 633/329/1074 636/333/1075
f 600/323/44 627/324/1068 637/330/1077 634/328/1073
f 605/325/461 608/331/464 639/335/1078 638/332/1079
f 609/319/465 605/325/461 638/332/1079 640/326/1080
f 612/294/471 614/301/474 642/310/1081 641/302/1082
f 616/295/476 612/294/471 641/302/1082 643/303/1083
f 618/313/470 609/319/465 640/326/1080 644/320/1084
f 614/301/474 624/306/467 645/314/1085 642/310/1081
f 645/314/1085 624/306/467 618/313/470 644/320/1084
f 608/331/464 635/334/1076 646/336/1086 639/335/1078
f 593/277/5 596/280/8 648/287/1087 647/288/1088
f 615/286/475 616/295/476 650/304/1089 649/296/1090
f 596/280/8 615/286/475 649/296/1090 648/287/1087
f 626/281/1065 593/277/5 647/288/1088 651/289/1091
f 616/295/476 643/303/1083 652/311/1092 650/304/1089
s 85
f 653/695/1093 654/696/1094 705/697/1095 706/698/1096
f 654/696/1094 653/695/1093 656/699/1097 655/700/1098
f 655/700/1098 656/699/1097 664/703/1099 663/704/1100
f 657/722/1101 658/723/1102 662/718/1103 661/717/1104
f 658/723/1102 657/722/1101 660/726/1105 659/727/1106
f 659/727/1106 660/726/1105 678/730/1107 677/731/1108
f 667/708/1109 668/707/1110 665/712/1111 666/713/1112
f 661/717/1104 662/718/1103 666/713/1112 665/712/1111
f 663/704/1100 664/703/1099 668/707/1110 667/708/1109
s 87
f 669/241/1113 670/242/1114 677/243/1115 678/244/1116
f 670/242/1114 669/241/1113 672/245/1117 671/246/1118
f 671/246/1118 672/245/1117 673/249/1119 674/250/1120
f 674/250/1120 673/249/1119 676/252/1121 675/253/1122
f 675/253/1122 676/252/1121 696/255/1123 695/256/1124
s 88
f 679/759/1125 680/757/1126 684/752/1127 683/755/1128
f 680/757/1126 679/759/1125 682/761/1129 681/760/1130
f 681/760/1130 682/761/1129 695/762/1131 696/758/1132
f 683/755/1128 684/752/1127 692/747/1133 691/750/1134
f 693/742/1135 694/745/1136 691/750/1134 692/747/1133
f 685/736/1137 686/733/1138 690/728/1139 689/734/1140
f 686/733/1138 685/736/1137 688/740/1141 687/738/1142
f 687/738/1142 688/740/1141 694/745/1136 693/742/1135
f 689/734/1140 690/728/1139 708/724/1143 707/735/1144
s 90
f 697/259/1145 698/260/1146 706/261/1147 705/262/1148
f 698/260/1146 697/259/1145 700/263/1149 699/264/1150
f 699/264/1150 700/263/1149 701/268/1151 702/269/1152
f 702/269/1152 701/268/1151 704/271/1153 703/272/1154
f 703/272/1154 704/271/1153 707/274/1155 708/275/1156
s 85
f 654/1159/1094 655/1160/1098 625/1161/1157 626/1162/1158
s 90
f 700/263/1149 697/259/1145 647/265/1159 648/267/1160
s 85
f 658/1173/1102 659/1175/1106 627/1176/1161 628/1174/1162
s 87
f 670/242/1114 671/246/1118 633/251/1163 634/247/1164
s 85
f 631/1169/1165 632/1168/1166 667/1167/1109 666/1170/1112
f 662/1171/1103 658/1173/1102 628/1174/1162 629/1172/1167
f 655/1160/1098 663/1163/1100 630/1164/1168 625/1161/1157
s 87
f 674/250/1120 675/253/1122 635/257/1169 636/254/1170
s 88
f 682/1179/1129 679/1180/1125 638/1181/1171 639/1182/1172
f 679/1180/1125 683/1183/1128 640/1184/1173 638/1181/1171
f 691/1187/1134 694/1189/1136 645/1190/1174 644/1188/1175
f 688/1191/1141 685/1193/1137 641/1194/1176 642/1192/1177
f 685/1193/1137 689/1195/1140 643/1196/1178 641/1194/1176
s 90
f 704/271/1153 701/268/1151 649/270/1179 650/273/1180
s 88
f 683/1183/1128 691/1187/1134 644/1188/1175 640/1184/1173
s 85
f 666/1170/1112 662/1171/1103 629/1172/1167 631/1169/1165
f 663/1163/1100 667/1167/1109 632/1168/1166 630/1164/1168
s 88
f 694/1189/1136 688/1191/1141 642/1192/1177 645/1190/1174
s 90
f 701/268/1151 700/263/1149 648/267/1160 649/270/1179
s 87
f 671/246/1118 674/250/1120 636/254/1170 633/251/1163
s 85
f 1/701/1181 21/702/1182 656/699/1097 653/695/1093
s 90
f 647/265/1159 697/259/1145 705/262/1148 651/266/1183
s 85
f 17/725/1184 2/729/1185 660/726/1105 657/722/1101
s 87
f 670/242/1114 634/247/1164 637/248/1186 677/243/1115
s 85
f 665/712/1111 668/707/1110 125/711/1187 105/716/1188
f 185/721/1189 17/725/1184 657/722/1101 661/717/1104
f 21/702/1182 225/706/1190 664/703/1099 656/699/1097
f 105/716/1188 185/721/1189 661/717/1104 665/712/1111
f 225/706/1190 125/711/1187 668/707/1110 664/703/1099
s 87
f 2/729/1191 158/743/1192 672/744/1117 669/739/1113
f 250/748/1193 4/753/1194 676/754/1121 673/749/1119
s 88
f 682/1179/1129 639/1182/1172 646/1185/1195 695/1186/1131
s 87
f 158/743/1192 250/748/1193 673/749/1119 672/744/1117
s 85
f 627/1176/1161 659/1175/1106 677/1177/1108 637/1178/1196
s 87
f 678/730/1116 2/729/1191 669/739/1113
s 88
f 4/753/1197 16/756/1198 680/757/1126 681/760/1130
f 16/756/1198 184/751/1199 684/752/1127 680/757/1126
f 106/746/1200 124/741/1201 693/742/1135 692/747/1133
f 226/737/1202 22/732/1203 686/733/1138 687/738/1142
f 22/732/1203 3/719/1204 690/728/1139 686/733/1138
s 90
f 704/271/1153 650/273/1180 652/276/1205 707/274/1155
s 88
f 184/751/1199 106/746/1200 692/747/1133 684/752/1127
f 124/741/1201 226/737/1202 687/738/1142 693/742/1135
s 87
f 635/257/1169 675/253/1122 695/256/1124 646/258/1206
s 88
f 696/758/1132 4/753/1197 681/760/1130
s 90
f 141/709/1207 1/701/1208 698/705/1146 699/710/1150
f 3/719/1209 249/714/1210 702/715/1152 703/720/1154
f 249/714/1210 141/709/1207 699/710/1150 702/715/1152
s 85
f 1/701/1181 653/695/1093 706/698/1096
f 654/1159/1094 626/1162/1158 651/1165/1211 705/1166/1095
s 88
f 643/1196/1178 689/1195/1140 707/1197/1144 652/1198/1212
s 90
f 708/724/1156 3/719/1209 703/720/1154
s 87
f 676/754/1121 4/753/1194 696/758/1123
s 85
f 660/726/1105 2/729/1185 678/730/1107
s 90
f 1/701/1208 706/698/1147 698/705/1146
s 88
f 690/728/1139 3/719/1204 708/724/1143
s off
f 238/497/1213 262/498/1214 261/495/1215 237/496/1216
