# This file uses centimeters as units for non-parametric coordinates.

mtllib TVStand.mtl
g default
v -4.604218 3.464518 17.707152
v -4.652649 3.439850 17.707875
v -4.691096 3.401427 17.709000
v -4.715773 3.353013 17.710418
v -4.724278 3.299345 17.711989
v -4.715773 3.245678 17.713561
v -4.691096 3.197263 17.714979
v -4.652649 3.158842 17.716103
v -4.604218 3.134173 17.716826
v -4.550526 3.125673 17.717074
v -4.496830 3.134173 17.716826
v -4.448398 3.158842 17.716103
v -4.409967 3.197263 17.714979
v -4.385290 3.245678 17.713561
v -4.376774 3.299345 17.711989
v -4.385290 3.353013 17.710418
v -4.409967 3.401427 17.709000
v -4.448398 3.439850 17.707875
v -4.496830 3.464517 17.707152
v -4.550526 3.473018 17.706903
v -4.604218 3.474690 18.111827
v -4.652649 3.450021 18.112550
v -4.691096 3.411600 18.113676
v -4.715773 3.363185 18.115092
v -4.724278 3.309518 18.116664
v -4.715773 3.255850 18.118237
v -4.691096 3.207436 18.119654
v -4.652649 3.169014 18.120778
v -4.604218 3.144345 18.121501
v -4.550526 3.135845 18.121750
v -4.496830 3.144345 18.121501
v -4.448398 3.169014 18.120778
v -4.409967 3.207436 18.119654
v -4.385290 3.255850 18.118237
v -4.376774 3.309518 18.116664
v -4.385290 3.363185 18.115092
v -4.409967 3.411600 18.113676
v -4.448398 3.450021 18.112550
v -4.496830 3.474690 18.111827
v -4.550526 3.483190 18.111578
v -4.550526 3.309518 18.116664
v -4.604361 3.461490 17.565315
v -4.652883 3.436698 17.566041
v -4.691335 3.398123 17.567171
v -4.715917 3.349587 17.568592
v -4.724278 3.295872 17.570165
v -4.715636 3.242251 17.571736
v -4.690863 3.193961 17.573150
v -4.652416 3.155691 17.574271
v -4.604080 3.131145 17.574989
v -4.550526 3.122692 17.575237
v -4.496973 3.131145 17.574989
v -4.448637 3.155691 17.574271
v -4.410205 3.193961 17.573150
v -4.385433 3.242251 17.571736
v -4.376774 3.295872 17.570165
v -4.385131 3.349587 17.568592
v -4.409733 3.398123 17.567171
v -4.448165 3.436698 17.566041
v -4.496686 3.461489 17.565315
v -4.550526 3.470037 17.565065
v -4.614396 3.496129 17.718083
v -4.672009 3.466784 17.718942
v -4.614566 3.492174 17.564417
v -4.672287 3.462683 17.565280
v -4.717745 3.421079 17.720281
v -4.718029 3.416796 17.566624
v -4.747100 3.363486 17.721968
v -4.747270 3.359057 17.568315
v -4.757217 3.299644 17.723837
v -4.757217 3.295160 17.570186
v -4.747100 3.235803 17.725707
v -4.746936 3.231374 17.572054
v -4.717745 3.178210 17.727393
v -4.717467 3.173929 17.573737
v -4.672009 3.132505 17.728731
v -4.671731 3.128404 17.575070
v -4.614396 3.103160 17.729591
v -4.614232 3.099206 17.575925
v -4.550526 3.093048 17.729886
v -4.550526 3.089150 17.576219
v -4.486650 3.103160 17.729591
v -4.486820 3.099205 17.575925
v -4.429037 3.132505 17.728731
v -4.429321 3.128404 17.575070
v -4.383320 3.178210 17.727393
v -4.383604 3.173929 17.573737
v -4.353965 3.235803 17.725707
v -4.354136 3.231374 17.572054
v -4.343835 3.299644 17.723837
v -4.343835 3.295160 17.570186
v -4.353965 3.363486 17.721968
v -4.353776 3.359057 17.568315
v -4.383320 3.421079 17.720281
v -4.383043 3.416795 17.566624
v -4.429037 3.466784 17.718942
v -4.428760 3.462683 17.565280
v -4.486650 3.496129 17.718083
v -4.486480 3.492174 17.564417
v -4.550526 3.506240 17.717787
v -4.550526 3.502342 17.564119
vt 0.150328 0.004640
vt 0.124921 0.004640
vt 0.124921 0.216996
vt 0.150328 0.216995
vt 0.104752 0.004640
vt 0.104752 0.216996
vt 0.178494 0.004640
vt 0.178494 0.216995
vt 0.206663 0.004640
vt 0.206663 0.216995
vt 0.232070 0.004640
vt 0.232070 0.216996
vt 0.232070 0.004641
vt 0.211901 0.004641
vt 0.211901 0.216995
vt 0.232070 0.216996
vt 0.186494 0.004641
vt 0.186494 0.216996
vt 0.158328 0.004640
vt 0.158328 0.216996
vt 0.130159 0.004641
vt 0.130159 0.216996
vt 0.104752 0.004641
vt 0.104752 0.216995
vt 0.008301 0.029340
vt 0.008301 0.059563
vt 0.088940 0.059474
vt 0.088940 0.029194
vt 0.008301 0.093069
vt 0.088940 0.093069
vt 0.008301 0.126578
vt 0.088940 0.126668
vt 0.008301 0.156801
vt 0.088940 0.156947
vt 0.008302 0.156796
vt 0.008301 0.180789
vt 0.088940 0.180644
vt 0.088940 0.156651
vt 0.008301 0.126573
vt 0.088940 0.126487
vt 0.008302 0.093067
vt 0.088940 0.093067
vt 0.008301 0.059558
vt 0.088940 0.059648
vt 0.008302 0.029335
vt 0.088940 0.029484
vt 0.008301 0.005352
vt 0.088940 0.005501
vt 0.132470 0.311170
vt 0.123445 0.328881
vt 0.072042 0.291536
vt 0.109388 0.342941
vt 0.135579 0.291536
vt 0.091676 0.351965
vt 0.132470 0.271900
vt 0.072042 0.355075
vt 0.123445 0.254189
vt 0.052408 0.351965
vt 0.109388 0.240135
vt 0.034696 0.342941
vt 0.091676 0.231111
vt 0.020639 0.328881
vt 0.072042 0.227997
vt 0.011614 0.311170
vt 0.052408 0.231111
vt 0.008504 0.291536
vt 0.034696 0.240135
vt 0.011614 0.271900
vt 0.020639 0.254189
vt 0.292660 0.333739
vt 0.304868 0.357623
vt 0.309077 0.384122
vt 0.304868 0.410624
vt 0.292660 0.434508
vt 0.273664 0.453425
vt 0.249762 0.465535
vt 0.223311 0.469649
vt 0.196906 0.465387
vt 0.173125 0.453193
vt 0.154280 0.434276
vt 0.142192 0.410483
vt 0.138029 0.384122
vt 0.142192 0.357762
vt 0.154279 0.333969
vt 0.173125 0.315044
vt 0.196906 0.302850
vt 0.223311 0.298596
vt 0.249762 0.302712
vt 0.273664 0.314812
vt 0.305456 0.324188
vt 0.319979 0.352600
vt 0.324986 0.384122
vt 0.319978 0.415648
vt 0.305456 0.444060
vt 0.282859 0.466563
vt 0.254426 0.480969
vt 0.222960 0.485862
vt 0.191549 0.480792
vt 0.163261 0.466287
vt 0.140842 0.443783
vt 0.126464 0.415480
vt 0.121512 0.384122
vt 0.126464 0.352764
vt 0.140842 0.324461
vt 0.163261 0.301949
vt 0.191549 0.287443
vt 0.222960 0.282382
vt 0.254426 0.287279
vt 0.282859 0.301672
vt 0.117876 0.324825
vt 0.125921 0.309037
vt 0.136116 0.312355
vt 0.126547 0.331135
vt 0.128693 0.291536
vt 0.139414 0.291536
vt 0.105347 0.337357
vt 0.111642 0.346043
vt 0.125921 0.274033
vt 0.136116 0.270715
vt 0.089559 0.345401
vt 0.092861 0.355612
vt 0.117876 0.258246
vt 0.126547 0.251935
vt 0.072057 0.348173
vt 0.072042 0.358910
vt 0.105347 0.245719
vt 0.111642 0.237033
vt 0.054556 0.345401
vt 0.051223 0.355612
vt 0.089559 0.237675
vt 0.092861 0.227464
vt 0.038768 0.337357
vt 0.032442 0.346043
vt 0.072057 0.234899
vt 0.072042 0.224162
vt 0.026239 0.324825
vt 0.017537 0.331135
vt 0.054556 0.237675
vt 0.051223 0.227464
vt 0.018194 0.309037
vt 0.007967 0.312355
vt 0.038768 0.245719
vt 0.032442 0.237033
vt 0.015422 0.291536
vt 0.004670 0.291536
vt 0.026239 0.258246
vt 0.017537 0.251935
vt 0.018194 0.274033
vt 0.007967 0.270715
vt 0.114396 0.216996
vt 0.139805 0.216995
vt 0.140686 0.004641
vt 0.115277 0.004640
vt 0.167971 0.216996
vt 0.168851 0.004641
vt 0.196137 0.216996
vt 0.197017 0.004641
vt 0.221545 0.216996
vt 0.222426 0.004641
vt 0.241710 0.004640
vt 0.221545 0.004641
vt 0.222426 0.216995
vt 0.242590 0.216995
vt 0.196137 0.004641
vt 0.197017 0.216996
vt 0.167971 0.004641
vt 0.168851 0.216995
vt 0.139805 0.004641
vt 0.140686 0.216995
vt 0.114397 0.004641
vt 0.115277 0.216996
vt 0.094232 0.004641
vt 0.095112 0.216996
vt 0.088940 0.041438
vt 0.088940 0.017451
vt 0.008301 0.017242
vt 0.008301 0.041324
vt 0.088940 0.071664
vt 0.008301 0.071627
vt 0.088940 0.105169
vt 0.008301 0.105161
vt 0.088940 0.138674
vt 0.008301 0.138637
vt 0.088940 0.168900
vt 0.008301 0.168785
vt 0.008301 0.138674
vt 0.008301 0.168900
vt 0.088940 0.168785
vt 0.088940 0.138637
vt 0.008301 0.105169
vt 0.088940 0.105161
vt 0.008301 0.071664
vt 0.088940 0.071626
vt 0.008301 0.041438
vt 0.088940 0.041324
vt 0.008301 0.017451
vt 0.088940 0.017242
vn -0.308899 0.950795 -0.023899
vn -0.587563 0.808923 -0.020333
vn -0.587956 0.808637 -0.020326
vn -0.309142 0.950716 -0.023897
vn -0.808787 0.587916 -0.014778
vn -0.809180 0.587376 -0.014764
vn -0.950936 0.309290 -0.007774
vn -0.951178 0.308544 -0.007756
vn -1.000000 0.000412 -0.000010
vn -1.000000 -0.000414 0.000010
vn -0.951179 -0.308543 0.007756
vn -0.950936 -0.309289 0.007775
vn -0.809179 -0.587376 0.014765
vn -0.808788 -0.587914 0.014778
vn -0.587956 -0.808638 0.020326
vn -0.587563 -0.808923 0.020334
vn -0.309144 -0.950715 0.023898
vn -0.308901 -0.950794 0.023900
vn 0.000000 -0.999684 0.025129
vn 0.000000 -0.999684 0.025129
vn 0.309130 -0.950719 0.023898
vn 0.308887 -0.950799 0.023900
vn 0.588026 -0.808586 0.020325
vn 0.587633 -0.808872 0.020332
vn 0.809250 -0.587279 0.014762
vn 0.808859 -0.587818 0.014776
vn 0.951150 -0.308632 0.007758
vn 0.950907 -0.309378 0.007777
vn 1.000000 0.000413 -0.000010
vn 1.000000 -0.000415 0.000010
vn 0.950907 0.309379 -0.007777
vn 0.951149 0.308634 -0.007758
vn 0.808858 0.587819 -0.014776
vn 0.809250 0.587279 -0.014762
vn 0.587632 0.808873 -0.020332
vn 0.588026 0.808587 -0.020325
vn 0.308884 0.950799 -0.023900
vn 0.309128 0.950720 -0.023898
vn 0.000001 0.999684 -0.025129
vn 0.000001 0.999684 -0.025129
vn 0.000008 0.029276 0.999571
vn 0.000013 0.029276 0.999571
vn 0.000000 0.029271 0.999571
vn -0.000002 0.029258 0.999572
vn -0.000007 0.029263 0.999572
vn 0.000000 0.029287 0.999571
vn 0.000005 0.029275 0.999571
vn 0.000012 0.029257 0.999572
vn -0.000005 0.029267 0.999572
vn -0.000012 0.029277 0.999571
vn -0.000000 0.029273 0.999571
vn 0.000012 0.029277 0.999571
vn 0.000005 0.029267 0.999572
vn -0.000012 0.029257 0.999572
vn -0.000005 0.029275 0.999571
vn 0.000000 0.029287 0.999571
vn 0.000007 0.029263 0.999572
vn 0.000002 0.029258 0.999572
vn -0.000012 0.029276 0.999571
vn -0.000008 0.029276 0.999571
vn 0.000000 0.029273 0.999571
vn -0.588394 0.808313 -0.020581
vn -0.309423 0.950616 -0.024209
vn -0.309415 0.950619 -0.024209
vn -0.588383 0.808320 -0.020582
vn -0.809629 0.586751 -0.014930
vn -0.809622 0.586761 -0.014931
vn -0.951462 0.307668 -0.007829
vn -0.951456 0.307687 -0.007829
vn -0.999999 -0.001317 0.000049
vn -0.999999 -0.001298 0.000048
vn -0.950658 -0.310139 0.007929
vn -0.950665 -0.310119 0.007928
vn -0.808323 -0.588548 0.015006
vn -0.808333 -0.588535 0.015006
vn -0.587127 -0.809232 0.020617
vn -0.587137 -0.809225 0.020617
vn -0.308621 -0.950877 0.024221
vn -0.308636 -0.950872 0.024221
vn -0.000001 -0.999676 0.025457
vn -0.000001 -0.999676 0.025457
vn 0.308618 -0.950878 0.024211
vn 0.308625 -0.950876 0.024211
vn 0.587201 -0.809179 0.020590
vn 0.587206 -0.809175 0.020590
vn 0.808395 -0.588450 0.014969
vn 0.808402 -0.588441 0.014969
vn 0.950622 -0.310251 0.007903
vn 0.950628 -0.310232 0.007903
vn 0.999999 -0.001415 0.000072
vn 0.999999 -0.001396 0.000072
vn 0.951424 0.307784 -0.007783
vn 0.951421 0.307796 -0.007783
vn 0.809666 0.586701 -0.014919
vn 0.809656 0.586715 -0.014919
vn 0.588474 0.808254 -0.020588
vn 0.588464 0.808261 -0.020588
vn 0.309409 0.950621 -0.024209
vn 0.309401 0.950624 -0.024209
vn 0.000004 0.999676 -0.025456
vn 0.000004 0.999676 -0.025456
vn -0.000000 -0.029273 -0.999571
vn -0.000000 -0.029273 -0.999571
vn -0.000000 -0.029273 -0.999571
vn -0.000000 -0.029273 -0.999571
vn -0.000000 -0.029273 -0.999571
vn -0.000000 -0.029273 -0.999571
vn -0.000000 -0.029273 -0.999571
vn -0.000000 -0.029273 -0.999571
vn -0.000000 -0.029273 -0.999571
vn -0.000000 -0.029273 -0.999571
vn -0.000000 -0.029273 -0.999571
vn -0.000000 -0.029273 -0.999571
vn -0.000000 -0.029273 -0.999571
vn -0.000000 -0.029273 -0.999571
vn -0.000000 -0.029273 -0.999571
vn -0.000000 -0.029273 -0.999571
vn -0.000000 -0.029273 -0.999571
vn -0.000000 -0.029273 -0.999571
vn -0.000000 -0.029273 -0.999571
vn -0.000000 -0.029273 -0.999571
vn 0.155586 -0.277703 0.947984
vn 0.155586 -0.277703 0.947984
vn 0.155586 -0.277703 0.947984
vn 0.155586 -0.277703 0.947984
vn -0.000001 -0.029271 -0.999572
vn -0.000001 -0.029271 -0.999572
vn -0.000001 -0.029271 -0.999571
vn -0.000001 -0.029271 -0.999572
vn 0.242231 -0.214680 0.946169
vn 0.242231 -0.214680 0.946169
vn 0.242231 -0.214680 0.946169
vn 0.242231 -0.214680 0.946169
vn -0.000002 -0.029272 -0.999572
vn -0.000002 -0.029272 -0.999572
vn -0.000002 -0.029272 -0.999572
vn -0.000002 -0.029272 -0.999572
vn 0.305167 -0.127897 0.943671
vn 0.305167 -0.127897 0.943671
vn 0.305167 -0.127897 0.943671
vn 0.305167 -0.127897 0.943671
vn -0.000002 -0.029272 -0.999571
vn -0.000002 -0.029272 -0.999572
vn -0.000002 -0.029272 -0.999571
vn -0.000002 -0.029272 -0.999571
vn 0.338136 -0.026047 0.940737
vn 0.338136 -0.026047 0.940737
vn 0.338136 -0.026047 0.940737
vn 0.338136 -0.026047 0.940737
vn -0.000002 -0.029273 -0.999571
vn -0.000002 -0.029273 -0.999571
vn -0.000002 -0.029273 -0.999571
vn -0.000002 -0.029273 -0.999571
vn 0.338000 0.081024 0.937652
vn 0.338000 0.081024 0.937652
vn 0.338000 0.081024 0.937652
vn 0.338000 0.081024 0.937652
vn -0.000002 -0.029273 -0.999571
vn -0.000002 -0.029273 -0.999571
vn -0.000002 -0.029273 -0.999571
vn -0.000002 -0.029273 -0.999571
vn 0.304802 0.182733 0.934721
vn 0.304802 0.182733 0.934721
vn 0.304802 0.182733 0.934721
vn 0.304802 0.182733 0.934721
vn -0.000002 -0.029274 -0.999571
vn -0.000002 -0.029274 -0.999571
vn -0.000002 -0.029274 -0.999571
vn -0.000002 -0.029274 -0.999571
vn 0.241791 0.269236 0.932228
vn 0.241791 0.269236 0.932228
vn 0.241791 0.269236 0.932228
vn 0.241791 0.269236 0.932228
vn -0.000002 -0.029274 -0.999571
vn -0.000002 -0.029274 -0.999571
vn -0.000002 -0.029274 -0.999571
vn -0.000002 -0.029274 -0.999571
vn 0.155218 0.332007 0.930418
vn 0.155218 0.332007 0.930418
vn 0.155218 0.332007 0.930418
vn 0.155218 0.332007 0.930418
vn 0.000000 -0.029275 -0.999571
vn 0.000000 -0.029275 -0.999571
vn 0.000000 -0.029275 -0.999571
vn 0.000000 -0.029275 -0.999571
vn 0.053499 0.365001 0.929469
vn 0.053499 0.365001 0.929469
vn 0.053499 0.365001 0.929469
vn 0.053499 0.365001 0.929469
vn 0.000000 -0.029276 -0.999571
vn 0.000000 -0.029276 -0.999571
vn 0.000000 -0.029276 -0.999571
vn 0.000000 -0.029276 -0.999571
vn -0.053493 0.365001 0.929469
vn -0.053493 0.365001 0.929469
vn -0.053493 0.365001 0.929469
vn -0.053493 0.365001 0.929469
vn 0.000000 -0.029276 -0.999571
vn 0.000000 -0.029276 -0.999571
vn 0.000000 -0.029276 -0.999571
vn 0.000000 -0.029276 -0.999571
vn -0.155216 0.332004 0.930420
vn -0.155216 0.332004 0.930420
vn -0.155216 0.332004 0.930420
vn -0.155216 0.332004 0.930420
vn 0.000001 -0.029275 -0.999571
vn 0.000001 -0.029275 -0.999571
vn 0.000001 -0.029275 -0.999571
vn 0.000001 -0.029275 -0.999571
vn -0.241843 0.269189 0.932228
vn -0.241843 0.269189 0.932228
vn -0.241843 0.269189 0.932228
vn -0.241843 0.269189 0.932228
vn 0.000002 -0.029274 -0.999571
vn 0.000002 -0.029274 -0.999571
vn 0.000002 -0.029274 -0.999571
vn 0.000002 -0.029274 -0.999571
vn -0.304817 0.182740 0.934715
vn -0.304817 0.182740 0.934715
vn -0.304817 0.182740 0.934715
vn -0.304817 0.182740 0.934715
vn 0.000001 -0.029274 -0.999571
vn 0.000001 -0.029274 -0.999571
vn 0.000001 -0.029274 -0.999571
vn 0.000001 -0.029274 -0.999571
vn -0.337999 0.081091 0.937646
vn -0.337999 0.081091 0.937646
vn -0.337999 0.081091 0.937647
vn -0.337999 0.081091 0.937647
vn 0.000002 -0.029273 -0.999571
vn 0.000002 -0.029273 -0.999571
vn 0.000002 -0.029273 -0.999571
vn 0.000002 -0.029273 -0.999571
vn -0.338135 -0.026114 0.940735
vn -0.338135 -0.026114 0.940735
vn -0.338135 -0.026114 0.940735
vn -0.338135 -0.026114 0.940735
vn 0.000002 -0.029273 -0.999571
vn 0.000002 -0.029273 -0.999571
vn 0.000002 -0.029273 -0.999572
vn 0.000002 -0.029273 -0.999572
vn -0.305183 -0.127905 0.943665
vn -0.305183 -0.127905 0.943665
vn -0.305183 -0.127905 0.943665
vn -0.305183 -0.127905 0.943665
vn 0.000002 -0.029272 -0.999571
vn 0.000002 -0.029272 -0.999571
vn 0.000002 -0.029272 -0.999571
vn 0.000002 -0.029272 -0.999571
vn -0.242283 -0.214632 0.946167
vn -0.242283 -0.214632 0.946167
vn -0.242283 -0.214632 0.946167
vn -0.242283 -0.214632 0.946167
vn 0.000002 -0.029272 -0.999572
vn 0.000002 -0.029272 -0.999572
vn 0.000002 -0.029272 -0.999571
vn 0.000002 -0.029272 -0.999572
vn -0.155583 -0.277700 0.947985
vn -0.155583 -0.277700 0.947985
vn -0.155583 -0.277700 0.947985
vn -0.155583 -0.277700 0.947985
vn 0.000001 -0.029271 -0.999572
vn 0.000001 -0.029271 -0.999572
vn 0.000001 -0.029271 -0.999571
vn 0.000001 -0.029271 -0.999572
vn -0.053610 -0.310868 0.948940
vn -0.053610 -0.310868 0.948940
vn -0.053610 -0.310868 0.948940
vn -0.053610 -0.310868 0.948940
vn 0.000001 -0.029271 -0.999572
vn 0.000001 -0.029271 -0.999572
vn 0.000001 -0.029271 -0.999572
vn 0.000001 -0.029271 -0.999572
vn 0.053613 -0.310867 0.948940
vn 0.053613 -0.310867 0.948940
vn 0.053613 -0.310867 0.948940
vn 0.053613 -0.310867 0.948940
vn 0.000000 -0.029271 -0.999572
vn 0.000000 -0.029271 -0.999572
vn 0.000000 -0.029271 -0.999571
vn 0.000000 -0.029271 -0.999572
s 1
g pCylinder7 Draws9
usemtl initialShadingGroup
f 1/1/1 2/2/2 22/3/3 21/4/4
f 2/2/2 3/5/5 23/6/6 22/3/3
f 3/150/5 4/151/7 24/152/8 23/153/6
f 4/151/7 5/154/9 25/155/10 24/152/8
f 5/154/9 6/156/11 26/157/12 25/155/10
f 6/156/11 7/158/13 27/159/14 26/157/12
f 7/13/13 8/14/15 28/15/16 27/16/14
f 8/14/15 9/17/17 29/18/18 28/15/16
f 9/17/17 10/19/19 30/20/20 29/18/18
f 10/19/19 11/21/21 31/22/22 30/20/20
f 11/21/21 12/23/23 32/24/24 31/22/22
f 12/160/23 13/161/25 33/162/26 32/163/24
f 13/161/25 14/164/27 34/165/28 33/162/26
f 14/164/27 15/166/29 35/167/30 34/165/28
f 15/166/29 16/168/31 36/169/32 35/167/30
f 16/168/31 17/170/33 37/171/34 36/169/32
f 17/170/33 18/172/35 38/173/36 37/171/34
f 18/11/35 19/9/37 39/10/38 38/12/36
f 19/9/37 20/7/39 40/8/40 39/10/38
f 20/7/39 1/1/1 21/4/4 40/8/40
s 2
f 21/49/41 22/50/42 41/51/43
f 22/50/42 23/52/44 41/51/43
f 23/52/44 24/54/45 41/51/43
f 24/54/45 25/56/46 41/51/43
f 25/56/46 26/58/47 41/51/43
f 26/58/47 27/60/48 41/51/43
f 27/60/48 28/62/49 41/51/43
f 28/62/49 29/64/50 41/51/43
f 29/64/50 30/66/51 41/51/43
f 30/66/51 31/68/52 41/51/43
f 31/68/52 32/69/53 41/51/43
f 32/69/53 33/67/54 41/51/43
f 33/67/54 34/65/55 41/51/43
f 34/65/55 35/63/56 41/51/43
f 35/63/56 36/61/57 41/51/43
f 36/61/57 37/59/58 41/51/43
f 37/59/58 38/57/59 41/51/43
f 38/57/59 39/55/60 41/51/43
f 39/55/60 40/53/61 41/51/43
f 40/53/61 21/49/41 41/51/43
s 3
f 63/25/62 62/26/63 64/27/64 65/28/65
f 66/174/66 63/175/62 65/176/65 67/177/67
f 68/178/68 66/174/66 67/177/67 69/179/69
f 70/180/70 68/178/68 69/179/69 71/181/71
f 72/182/72 70/180/70 71/181/71 73/183/73
f 74/184/74 72/182/72 73/183/73 75/185/75
f 76/35/76 74/36/74 75/37/75 77/38/77
f 78/39/78 76/35/76 77/38/77 79/40/79
f 80/41/80 78/39/78 79/40/79 81/42/81
f 82/43/82 80/41/80 81/42/81 83/44/83
f 84/45/84 82/43/82 83/44/83 85/46/85
f 86/47/86 84/45/84 85/46/85 87/48/87
f 88/186/88 86/187/86 87/188/87 89/189/89
f 90/190/90 88/186/88 89/189/89 91/191/91
f 92/192/92 90/190/90 91/191/91 93/193/93
f 94/194/94 92/192/92 93/193/93 95/195/95
f 96/196/96 94/194/94 95/195/95 97/197/97
f 98/31/98 96/33/96 97/34/97 99/32/99
f 100/29/100 98/31/98 99/32/99 101/30/101
f 62/26/63 100/29/100 101/30/101 64/27/64
s off
f 43/70/102 42/71/103 61/72/104 60/73/105 59/74/106 58/75/107 57/76/108 56/77/109 55/78/110 54/79/111 53/80/112 52/81/113 51/82/114 50/83/115 49/84/116 48/85/117 47/86/118 46/87/119 45/88/120 44/89/121
f 2/110/122 1/111/123 62/112/124 63/113/125
f 42/71/126 43/70/127 65/90/128 64/91/129
f 3/116/130 2/110/131 63/113/132 66/117/133
f 43/70/134 44/89/135 67/109/136 65/90/137
f 4/120/138 3/116/139 66/117/140 68/121/141
f 44/89/142 45/88/143 69/108/144 67/109/145
f 5/124/146 4/120/147 68/121/148 70/125/149
f 45/88/150 46/87/151 71/107/152 69/108/153
f 6/128/154 5/124/155 70/125/156 72/129/157
f 46/87/158 47/86/159 73/106/160 71/107/161
f 7/132/162 6/128/163 72/129/164 74/133/165
f 47/86/166 48/85/167 75/105/168 73/106/169
f 8/136/170 7/132/171 74/133/172 76/137/173
f 48/85/174 49/84/175 77/104/176 75/105/177
f 9/140/178 8/136/179 76/137/180 78/141/181
f 49/84/182 50/83/183 79/103/184 77/104/185
f 10/144/186 9/140/187 78/141/188 80/145/189
f 50/83/190 51/82/191 81/102/192 79/103/193
f 11/148/194 10/144/195 80/145/196 82/149/197
f 51/82/198 52/81/199 83/101/200 81/102/201
f 12/146/202 11/148/203 82/149/204 84/147/205
f 52/81/206 53/80/207 85/100/208 83/101/209
f 13/142/210 12/146/211 84/147/212 86/143/213
f 53/80/214 54/79/215 87/99/216 85/100/217
f 14/138/218 13/142/219 86/143/220 88/139/221
f 54/79/222 55/78/223 89/98/224 87/99/225
f 15/134/226 14/138/227 88/139/228 90/135/229
f 55/78/230 56/77/231 91/97/232 89/98/233
f 16/130/234 15/134/235 90/135/236 92/131/237
f 56/77/238 57/76/239 93/96/240 91/97/241
f 17/126/242 16/130/243 92/131/244 94/127/245
f 57/76/246 58/75/247 95/95/248 93/96/249
f 18/122/250 17/126/251 94/127/252 96/123/253
f 58/75/254 59/74/255 97/94/256 95/95/257
f 19/118/258 18/122/259 96/123/260 98/119/261
f 59/74/262 60/73/263 99/93/264 97/94/265
f 20/114/266 19/118/267 98/119/268 100/115/269
f 60/73/270 61/72/271 101/92/272 99/93/273
f 1/111/274 20/114/275 100/115/276 62/112/277
f 61/72/278 42/71/279 64/91/280 101/92/281
g default
v -0.280918 3.464518 17.707152
v -0.329349 3.439850 17.707875
v -0.367796 3.401427 17.709000
v -0.392473 3.353013 17.710418
v -0.400978 3.299345 17.711989
v -0.392473 3.245678 17.713561
v -0.367796 3.197263 17.714979
v -0.329349 3.158842 17.716103
v -0.280918 3.134173 17.716826
v -0.227226 3.125673 17.717074
v -0.173530 3.134173 17.716826
v -0.125098 3.158842 17.716103
v -0.086667 3.197263 17.714979
v -0.061990 3.245678 17.713561
v -0.053474 3.299345 17.711989
v -0.061990 3.353013 17.710418
v -0.086667 3.401427 17.709000
v -0.125098 3.439850 17.707875
v -0.173530 3.464517 17.707152
v -0.227226 3.473018 17.706903
v -0.280918 3.474690 18.111827
v -0.329349 3.450021 18.112550
v -0.367796 3.411600 18.113676
v -0.392473 3.363185 18.115092
v -0.400978 3.309518 18.116664
v -0.392473 3.255850 18.118237
v -0.367796 3.207436 18.119654
v -0.329349 3.169014 18.120778
v -0.280918 3.144345 18.121501
v -0.227226 3.135845 18.121750
v -0.173530 3.144345 18.121501
v -0.125098 3.169014 18.120778
v -0.086667 3.207436 18.119654
v -0.061990 3.255850 18.118237
v -0.053474 3.309518 18.116664
v -0.061990 3.363185 18.115092
v -0.086667 3.411600 18.113676
v -0.125098 3.450021 18.112550
v -0.173530 3.474690 18.111827
v -0.227226 3.483190 18.111578
v -0.227226 3.309518 18.116664
v -0.281060 3.461490 17.565315
v -0.329582 3.436698 17.566041
v -0.368034 3.398123 17.567171
v -0.392616 3.349587 17.568592
v -0.400978 3.295872 17.570165
v -0.392335 3.242251 17.571736
v -0.367563 3.193961 17.573150
v -0.329115 3.155691 17.574271
v -0.280780 3.131145 17.574989
v -0.227226 3.122692 17.575237
v -0.173673 3.131145 17.574989
v -0.125336 3.155691 17.574271
v -0.086905 3.193961 17.573150
v -0.062133 3.242251 17.571736
v -0.053474 3.295872 17.570165
v -0.061831 3.349587 17.568592
v -0.086433 3.398123 17.567171
v -0.124865 3.436698 17.566041
v -0.173386 3.461489 17.565315
v -0.227226 3.470037 17.565065
v -0.291096 3.496129 17.718083
v -0.348709 3.466784 17.718942
v -0.291266 3.492174 17.564417
v -0.348986 3.462683 17.565280
v -0.394444 3.421079 17.720281
v -0.394728 3.416796 17.566624
v -0.423800 3.363486 17.721968
v -0.423970 3.359057 17.568315
v -0.433917 3.299644 17.723837
v -0.433917 3.295160 17.570186
v -0.423800 3.235803 17.725707
v -0.423636 3.231374 17.572054
v -0.394444 3.178210 17.727393
v -0.394167 3.173929 17.573737
v -0.348709 3.132505 17.728731
v -0.348431 3.128404 17.575070
v -0.291096 3.103160 17.729591
v -0.290932 3.099206 17.575925
v -0.227226 3.093048 17.729886
v -0.227226 3.089150 17.576219
v -0.163350 3.103160 17.729591
v -0.163520 3.099205 17.575925
v -0.105737 3.132505 17.728731
v -0.106021 3.128404 17.575070
v -0.060021 3.178210 17.727393
v -0.060305 3.173929 17.573737
v -0.030665 3.235803 17.725707
v -0.030835 3.231374 17.572054
v -0.020535 3.299644 17.723837
v -0.020535 3.295160 17.570186
v -0.030665 3.363486 17.721968
v -0.030476 3.359057 17.568315
v -0.060021 3.421079 17.720281
v -0.059743 3.416795 17.566624
v -0.105737 3.466784 17.718942
v -0.105460 3.462683 17.565280
v -0.163350 3.496129 17.718083
v -0.163180 3.492174 17.564417
v -0.227226 3.506240 17.717787
v -0.227226 3.502342 17.564119
vt 0.150328 0.004640
vt 0.124922 0.004640
vt 0.124922 0.216996
vt 0.150328 0.216995
vt 0.104752 0.004640
vt 0.104752 0.216996
vt 0.178494 0.004640
vt 0.178494 0.216995
vt 0.206663 0.004640
vt 0.206663 0.216995
vt 0.232070 0.004640
vt 0.232070 0.216996
vt 0.232070 0.004641
vt 0.211901 0.004641
vt 0.211901 0.216995
vt 0.232070 0.216996
vt 0.186494 0.004641
vt 0.186494 0.216996
vt 0.158328 0.004640
vt 0.158328 0.216996
vt 0.130159 0.004641
vt 0.130159 0.216996
vt 0.104752 0.004641
vt 0.104752 0.216995
vt 0.008301 0.029340
vt 0.008301 0.059564
vt 0.088940 0.059474
vt 0.088940 0.029195
vt 0.008301 0.093069
vt 0.088940 0.093069
vt 0.008301 0.126578
vt 0.088940 0.126667
vt 0.008301 0.156801
vt 0.088940 0.156947
vt 0.008302 0.156796
vt 0.008301 0.180789
vt 0.088940 0.180643
vt 0.088940 0.156651
vt 0.008301 0.126573
vt 0.088940 0.126487
vt 0.008302 0.093067
vt 0.088940 0.093067
vt 0.008301 0.059558
vt 0.088940 0.059648
vt 0.008302 0.029335
vt 0.088940 0.029484
vt 0.008301 0.005353
vt 0.088940 0.005501
vt 0.132470 0.311171
vt 0.123445 0.328881
vt 0.072042 0.291536
vt 0.109388 0.342941
vt 0.135579 0.291536
vt 0.091676 0.351965
vt 0.132470 0.271900
vt 0.072042 0.355076
vt 0.123445 0.254189
vt 0.052408 0.351965
vt 0.109388 0.240135
vt 0.034696 0.342941
vt 0.091676 0.231111
vt 0.020639 0.328881
vt 0.072042 0.227997
vt 0.011614 0.311171
vt 0.052408 0.231111
vt 0.008504 0.291536
vt 0.034696 0.240135
vt 0.011614 0.271900
vt 0.020639 0.254189
vt 0.292660 0.333739
vt 0.304868 0.357623
vt 0.309077 0.384122
vt 0.304868 0.410624
vt 0.292660 0.434508
vt 0.273664 0.453425
vt 0.249762 0.465535
vt 0.223311 0.469649
vt 0.196906 0.465387
vt 0.173125 0.453193
vt 0.154280 0.434276
vt 0.142192 0.410483
vt 0.138030 0.384122
vt 0.142192 0.357761
vt 0.154280 0.333969
vt 0.173125 0.315044
vt 0.196906 0.302850
vt 0.223311 0.298596
vt 0.249762 0.302712
vt 0.273664 0.314812
vt 0.305456 0.324188
vt 0.319979 0.352600
vt 0.324986 0.384122
vt 0.319979 0.415648
vt 0.305456 0.444060
vt 0.282859 0.466563
vt 0.254426 0.480969
vt 0.222960 0.485862
vt 0.191549 0.480792
vt 0.163261 0.466287
vt 0.140842 0.443783
vt 0.126464 0.415480
vt 0.121512 0.384122
vt 0.126464 0.352764
vt 0.140842 0.324461
vt 0.163261 0.301949
vt 0.191549 0.287443
vt 0.222960 0.282382
vt 0.254426 0.287279
vt 0.282859 0.301672
vt 0.117876 0.324824
vt 0.125921 0.309038
vt 0.136116 0.312355
vt 0.126547 0.331135
vt 0.128693 0.291536
vt 0.139414 0.291536
vt 0.105347 0.337357
vt 0.111642 0.346043
vt 0.125921 0.274033
vt 0.136116 0.270715
vt 0.089559 0.345401
vt 0.092861 0.355612
vt 0.117876 0.258246
vt 0.126547 0.251935
vt 0.072057 0.348173
vt 0.072042 0.358910
vt 0.105347 0.245719
vt 0.111642 0.237033
vt 0.054556 0.345401
vt 0.051223 0.355612
vt 0.089559 0.237675
vt 0.092861 0.227464
vt 0.038768 0.337357
vt 0.032442 0.346043
vt 0.072057 0.234899
vt 0.072042 0.224162
vt 0.026239 0.324824
vt 0.017537 0.331135
vt 0.054556 0.237675
vt 0.051223 0.227464
vt 0.018194 0.309038
vt 0.007967 0.312355
vt 0.038768 0.245719
vt 0.032442 0.237033
vt 0.015422 0.291536
vt 0.004670 0.291536
vt 0.026239 0.258246
vt 0.017537 0.251935
vt 0.018194 0.274033
vt 0.007967 0.270715
vt 0.114396 0.216996
vt 0.139805 0.216996
vt 0.140686 0.004641
vt 0.115277 0.004640
vt 0.167971 0.216996
vt 0.168851 0.004641
vt 0.196137 0.216996
vt 0.197017 0.004641
vt 0.221545 0.216996
vt 0.222426 0.004641
vt 0.241710 0.004640
vt 0.221545 0.004640
vt 0.222426 0.216996
vt 0.242590 0.216995
vt 0.196136 0.004640
vt 0.197017 0.216996
vt 0.167971 0.004640
vt 0.168851 0.216996
vt 0.139805 0.004641
vt 0.140686 0.216995
vt 0.114396 0.004640
vt 0.115277 0.216996
vt 0.094232 0.004640
vt 0.095112 0.216996
vt 0.088940 0.041438
vt 0.088940 0.017451
vt 0.008301 0.017242
vt 0.008301 0.041324
vt 0.088940 0.071664
vt 0.008301 0.071627
vt 0.088940 0.105169
vt 0.008301 0.105161
vt 0.088940 0.138674
vt 0.008301 0.138637
vt 0.088940 0.168900
vt 0.008301 0.168785
vt 0.008301 0.138674
vt 0.008301 0.168900
vt 0.088940 0.168785
vt 0.088940 0.138637
vt 0.008301 0.105169
vt 0.088940 0.105161
vt 0.008301 0.071664
vt 0.088940 0.071626
vt 0.008301 0.041438
vt 0.088940 0.041324
vt 0.008301 0.017451
vt 0.088940 0.017242
vn -0.308899 0.950794 -0.023899
vn -0.587566 0.808921 -0.020333
vn -0.587959 0.808635 -0.020326
vn -0.309143 0.950715 -0.023897
vn -0.808789 0.587913 -0.014778
vn -0.809182 0.587373 -0.014764
vn -0.950936 0.309291 -0.007775
vn -0.951178 0.308546 -0.007756
vn -1.000000 0.000412 -0.000010
vn -1.000000 -0.000414 0.000010
vn -0.951178 -0.308544 0.007756
vn -0.950936 -0.309290 0.007775
vn -0.809181 -0.587374 0.014765
vn -0.808790 -0.587912 0.014778
vn -0.587959 -0.808635 0.020326
vn -0.587566 -0.808921 0.020334
vn -0.309145 -0.950715 0.023898
vn -0.308902 -0.950794 0.023900
vn 0.000000 -0.999684 0.025129
vn 0.000000 -0.999684 0.025129
vn 0.309130 -0.950719 0.023898
vn 0.308887 -0.950798 0.023900
vn 0.588025 -0.808587 0.020325
vn 0.587632 -0.808873 0.020332
vn 0.809248 -0.587281 0.014762
vn 0.808857 -0.587819 0.014776
vn 0.951150 -0.308632 0.007758
vn 0.950907 -0.309378 0.007777
vn 1.000000 0.000413 -0.000010
vn 1.000000 -0.000415 0.000010
vn 0.950907 0.309379 -0.007777
vn 0.951149 0.308634 -0.007758
vn 0.808857 0.587820 -0.014776
vn 0.809249 0.587281 -0.014762
vn 0.587632 0.808873 -0.020332
vn 0.588025 0.808587 -0.020325
vn 0.308885 0.950799 -0.023900
vn 0.309128 0.950720 -0.023898
vn 0.000001 0.999684 -0.025129
vn 0.000001 0.999684 -0.025129
vn 0.000008 0.029276 0.999571
vn 0.000013 0.029276 0.999571
vn 0.000000 0.029271 0.999572
vn -0.000002 0.029258 0.999572
vn -0.000007 0.029263 0.999572
vn 0.000000 0.029287 0.999571
vn 0.000005 0.029275 0.999571
vn 0.000012 0.029257 0.999572
vn -0.000005 0.029267 0.999572
vn -0.000012 0.029277 0.999571
vn -0.000000 0.029273 0.999571
vn 0.000012 0.029277 0.999571
vn 0.000005 0.029267 0.999572
vn -0.000012 0.029257 0.999572
vn -0.000005 0.029275 0.999571
vn 0.000000 0.029287 0.999571
vn 0.000007 0.029263 0.999572
vn 0.000002 0.029258 0.999572
vn -0.000012 0.029276 0.999571
vn -0.000008 0.029276 0.999571
vn 0.000000 0.029273 0.999571
vn -0.588394 0.808312 -0.020582
vn -0.309425 0.950616 -0.024209
vn -0.309417 0.950618 -0.024209
vn -0.588384 0.808320 -0.020582
vn -0.809627 0.586754 -0.014931
vn -0.809620 0.586764 -0.014932
vn -0.951462 0.307665 -0.007830
vn -0.951456 0.307684 -0.007830
vn -0.999999 -0.001317 0.000048
vn -0.999999 -0.001298 0.000048
vn -0.950658 -0.310140 0.007929
vn -0.950665 -0.310119 0.007928
vn -0.808325 -0.588545 0.015006
vn -0.808335 -0.588532 0.015006
vn -0.587129 -0.809231 0.020618
vn -0.587139 -0.809224 0.020617
vn -0.308619 -0.950877 0.024222
vn -0.308634 -0.950872 0.024222
vn -0.000001 -0.999676 0.025458
vn -0.000001 -0.999676 0.025458
vn 0.308618 -0.950878 0.024211
vn 0.308626 -0.950875 0.024211
vn 0.587203 -0.809178 0.020591
vn 0.587208 -0.809174 0.020591
vn 0.808396 -0.588449 0.014970
vn 0.808403 -0.588440 0.014969
vn 0.950621 -0.310255 0.007904
vn 0.950627 -0.310236 0.007904
vn 0.999999 -0.001417 0.000073
vn 0.999999 -0.001398 0.000072
vn 0.951424 0.307786 -0.007782
vn 0.951420 0.307798 -0.007783
vn 0.809666 0.586702 -0.014918
vn 0.809656 0.586715 -0.014919
vn 0.588474 0.808254 -0.020587
vn 0.588463 0.808262 -0.020588
vn 0.309409 0.950621 -0.024209
vn 0.309401 0.950624 -0.024209
vn 0.000004 0.999676 -0.025456
vn 0.000004 0.999676 -0.025456
vn -0.000000 -0.029273 -0.999571
vn -0.000000 -0.029273 -0.999571
vn -0.000000 -0.029273 -0.999571
vn -0.000000 -0.029273 -0.999571
vn -0.000000 -0.029273 -0.999571
vn -0.000000 -0.029273 -0.999571
vn -0.000000 -0.029273 -0.999571
vn -0.000000 -0.029273 -0.999571
vn -0.000000 -0.029273 -0.999571
vn -0.000000 -0.029273 -0.999571
vn -0.000000 -0.029273 -0.999571
vn -0.000000 -0.029273 -0.999571
vn -0.000000 -0.029273 -0.999571
vn -0.000000 -0.029273 -0.999571
vn -0.000000 -0.029273 -0.999571
vn -0.000000 -0.029273 -0.999571
vn -0.000000 -0.029273 -0.999571
vn -0.000000 -0.029273 -0.999571
vn -0.000000 -0.029273 -0.999571
vn -0.000000 -0.029273 -0.999571
vn 0.155587 -0.277702 0.947985
vn 0.155587 -0.277701 0.947984
vn 0.155587 -0.277702 0.947984
vn 0.155587 -0.277702 0.947985
vn -0.000001 -0.029271 -0.999572
vn -0.000001 -0.029271 -0.999572
vn -0.000001 -0.029271 -0.999572
vn -0.000001 -0.029271 -0.999572
vn 0.242230 -0.214680 0.946170
vn 0.242230 -0.214680 0.946170
vn 0.242230 -0.214680 0.946170
vn 0.242230 -0.214680 0.946170
vn -0.000002 -0.029272 -0.999572
vn -0.000002 -0.029272 -0.999572
vn -0.000002 -0.029272 -0.999572
vn -0.000002 -0.029272 -0.999572
vn 0.305163 -0.127894 0.943673
vn 0.305163 -0.127894 0.943673
vn 0.305163 -0.127894 0.943673
vn 0.305163 -0.127894 0.943673
vn -0.000002 -0.029272 -0.999571
vn -0.000002 -0.029272 -0.999571
vn -0.000002 -0.029272 -0.999572
vn -0.000002 -0.029272 -0.999571
vn 0.338133 -0.026046 0.940738
vn 0.338133 -0.026046 0.940738
vn 0.338133 -0.026046 0.940738
vn 0.338133 -0.026046 0.940738
vn -0.000002 -0.029273 -0.999571
vn -0.000002 -0.029273 -0.999571
vn -0.000002 -0.029273 -0.999571
vn -0.000002 -0.029273 -0.999571
vn 0.337997 0.081023 0.937653
vn 0.337997 0.081023 0.937653
vn 0.337997 0.081023 0.937653
vn 0.337997 0.081023 0.937653
vn -0.000002 -0.029273 -0.999571
vn -0.000002 -0.029273 -0.999571
vn -0.000002 -0.029273 -0.999571
vn -0.000002 -0.029273 -0.999571
vn 0.304798 0.182730 0.934723
vn 0.304798 0.182730 0.934723
vn 0.304798 0.182730 0.934723
vn 0.304798 0.182730 0.934723
vn -0.000002 -0.029274 -0.999571
vn -0.000002 -0.029274 -0.999571
vn -0.000002 -0.029274 -0.999571
vn -0.000002 -0.029274 -0.999571
vn 0.241790 0.269237 0.932228
vn 0.241790 0.269237 0.932228
vn 0.241790 0.269237 0.932228
vn 0.241790 0.269237 0.932228
vn -0.000002 -0.029274 -0.999571
vn -0.000002 -0.029274 -0.999571
vn -0.000002 -0.029274 -0.999571
vn -0.000002 -0.029274 -0.999571
vn 0.155218 0.332006 0.930419
vn 0.155218 0.332006 0.930419
vn 0.155218 0.332006 0.930419
vn 0.155218 0.332006 0.930419
vn 0.000000 -0.029275 -0.999571
vn 0.000000 -0.029275 -0.999571
vn 0.000000 -0.029275 -0.999571
vn 0.000000 -0.029275 -0.999571
vn 0.053499 0.365002 0.929468
vn 0.053499 0.365002 0.929468
vn 0.053499 0.365002 0.929468
vn 0.053499 0.365002 0.929468
vn 0.000000 -0.029276 -0.999571
vn 0.000000 -0.029276 -0.999571
vn 0.000000 -0.029276 -0.999571
vn 0.000000 -0.029276 -0.999571
vn -0.053494 0.365001 0.929469
vn -0.053494 0.365001 0.929469
vn -0.053494 0.365001 0.929469
vn -0.053494 0.365001 0.929469
vn 0.000000 -0.029276 -0.999571
vn 0.000000 -0.029276 -0.999571
vn 0.000000 -0.029276 -0.999571
vn 0.000000 -0.029276 -0.999571
vn -0.155215 0.332002 0.930421
vn -0.155215 0.332002 0.930421
vn -0.155215 0.332002 0.930421
vn -0.155215 0.332002 0.930421
vn 0.000001 -0.029275 -0.999571
vn 0.000001 -0.029275 -0.999571
vn 0.000001 -0.029275 -0.999571
vn 0.000001 -0.029275 -0.999571
vn -0.241844 0.269190 0.932227
vn -0.241844 0.269190 0.932227
vn -0.241844 0.269190 0.932227
vn -0.241844 0.269190 0.932227
vn 0.000002 -0.029274 -0.999571
vn 0.000002 -0.029274 -0.999571
vn 0.000002 -0.029274 -0.999571
vn 0.000002 -0.029274 -0.999571
vn -0.304820 0.182741 0.934714
vn -0.304820 0.182741 0.934714
vn -0.304820 0.182741 0.934714
vn -0.304820 0.182741 0.934714
vn 0.000001 -0.029274 -0.999571
vn 0.000001 -0.029274 -0.999571
vn 0.000001 -0.029274 -0.999571
vn 0.000001 -0.029274 -0.999571
vn -0.337999 0.081095 0.937646
vn -0.337999 0.081095 0.937646
vn -0.337999 0.081095 0.937646
vn -0.337999 0.081095 0.937646
vn 0.000002 -0.029273 -0.999571
vn 0.000002 -0.029273 -0.999571
vn 0.000002 -0.029273 -0.999571
vn 0.000002 -0.029273 -0.999571
vn -0.338136 -0.026117 0.940735
vn -0.338135 -0.026117 0.940735
vn -0.338135 -0.026117 0.940735
vn -0.338135 -0.026117 0.940735
vn 0.000002 -0.029273 -0.999571
vn 0.000002 -0.029273 -0.999571
vn 0.000002 -0.029273 -0.999571
vn 0.000002 -0.029273 -0.999571
vn -0.305185 -0.127908 0.943664
vn -0.305185 -0.127908 0.943664
vn -0.305185 -0.127908 0.943664
vn -0.305185 -0.127908 0.943664
vn 0.000002 -0.029272 -0.999572
vn 0.000002 -0.029272 -0.999571
vn 0.000002 -0.029272 -0.999571
vn 0.000002 -0.029272 -0.999571
vn -0.242285 -0.214633 0.946166
vn -0.242285 -0.214633 0.946166
vn -0.242285 -0.214633 0.946166
vn -0.242285 -0.214633 0.946166
vn 0.000002 -0.029272 -0.999572
vn 0.000002 -0.029272 -0.999572
vn 0.000002 -0.029272 -0.999572
vn 0.000002 -0.029272 -0.999572
vn -0.155582 -0.277699 0.947986
vn -0.155582 -0.277699 0.947986
vn -0.155582 -0.277699 0.947986
vn -0.155582 -0.277699 0.947986
vn 0.000001 -0.029271 -0.999572
vn 0.000001 -0.029271 -0.999572
vn 0.000001 -0.029271 -0.999572
vn 0.000001 -0.029271 -0.999572
vn -0.053610 -0.310868 0.948940
vn -0.053610 -0.310869 0.948940
vn -0.053610 -0.310869 0.948940
vn -0.053610 -0.310869 0.948940
vn 0.000001 -0.029271 -0.999572
vn 0.000001 -0.029271 -0.999572
vn 0.000001 -0.029271 -0.999572
vn 0.000001 -0.029271 -0.999572
vn 0.053613 -0.310868 0.948940
vn 0.053613 -0.310868 0.948940
vn 0.053613 -0.310868 0.948940
vn 0.053613 -0.310868 0.948940
vn 0.000000 -0.029271 -0.999571
vn 0.000000 -0.029271 -0.999572
vn 0.000000 -0.029271 -0.999571
vn 0.000000 -0.029271 -0.999572
s 1
g Draws9 pCylinder6
usemtl initialShadingGroup
f 102/198/282 103/199/283 123/200/284 122/201/285
f 103/199/283 104/202/286 124/203/287 123/200/284
f 104/347/286 105/348/288 125/349/289 124/350/287
f 105/348/288 106/351/290 126/352/291 125/349/289
f 106/351/290 107/353/292 127/354/293 126/352/291
f 107/353/292 108/355/294 128/356/295 127/354/293
f 108/210/294 109/211/296 129/212/297 128/213/295
f 109/211/296 110/214/298 130/215/299 129/212/297
f 110/214/298 111/216/300 131/217/301 130/215/299
f 111/216/300 112/218/302 132/219/303 131/217/301
f 112/218/302 113/220/304 133/221/305 132/219/303
f 113/357/304 114/358/306 134/359/307 133/360/305
f 114/358/306 115/361/308 135/362/309 134/359/307
f 115/361/308 116/363/310 136/364/311 135/362/309
f 116/363/310 117/365/312 137/366/313 136/364/311
f 117/365/312 118/367/314 138/368/315 137/366/313
f 118/367/314 119/369/316 139/370/317 138/368/315
f 119/208/316 120/206/318 140/207/319 139/209/317
f 120/206/318 121/204/320 141/205/321 140/207/319
f 121/204/320 102/198/282 122/201/285 141/205/321
s 2
f 122/246/322 123/247/323 142/248/324
f 123/247/323 124/249/325 142/248/324
f 124/249/325 125/251/326 142/248/324
f 125/251/326 126/253/327 142/248/324
f 126/253/327 127/255/328 142/248/324
f 127/255/328 128/257/329 142/248/324
f 128/257/329 129/259/330 142/248/324
f 129/259/330 130/261/331 142/248/324
f 130/261/331 131/263/332 142/248/324
f 131/263/332 132/265/333 142/248/324
f 132/265/333 133/266/334 142/248/324
f 133/266/334 134/264/335 142/248/324
f 134/264/335 135/262/336 142/248/324
f 135/262/336 136/260/337 142/248/324
f 136/260/337 137/258/338 142/248/324
f 137/258/338 138/256/339 142/248/324
f 138/256/339 139/254/340 142/248/324
f 139/254/340 140/252/341 142/248/324
f 140/252/341 141/250/342 142/248/324
f 141/250/342 122/246/322 142/248/324
s 3
f 164/222/343 163/223/344 165/224/345 166/225/346
f 167/371/347 164/372/343 166/373/346 168/374/348
f 169/375/349 167/371/347 168/374/348 170/376/350
f 171/377/351 169/375/349 170/376/350 172/378/352
f 173/379/353 171/377/351 172/378/352 174/380/354
f 175/381/355 173/379/353 174/380/354 176/382/356
f 177/232/357 175/233/355 176/234/356 178/235/358
f 179/236/359 177/232/357 178/235/358 180/237/360
f 181/238/361 179/236/359 180/237/360 182/239/362
f 183/240/363 181/238/361 182/239/362 184/241/364
f 185/242/365 183/240/363 184/241/364 186/243/366
f 187/244/367 185/242/365 186/243/366 188/245/368
f 189/383/369 187/384/367 188/385/368 190/386/370
f 191/387/371 189/383/369 190/386/370 192/388/372
f 193/389/373 191/387/371 192/388/372 194/390/374
f 195/391/375 193/389/373 194/390/374 196/392/376
f 197/393/377 195/391/375 196/392/376 198/394/378
f 199/228/379 197/230/377 198/231/378 200/229/380
f 201/226/381 199/228/379 200/229/380 202/227/382
f 163/223/344 201/226/381 202/227/382 165/224/345
s off
f 144/267/383 143/268/384 162/269/385 161/270/386 160/271/387 159/272/388 158/273/389 157/274/390 156/275/391 155/276/392 154/277/393 153/278/394 152/279/395 151/280/396 150/281/397 149/282/398 148/283/399 147/284/400 146/285/401 145/286/402
f 103/307/403 102/308/404 163/309/405 164/310/406
f 143/268/407 144/267/408 166/287/409 165/288/410
f 104/313/411 103/307/412 164/310/413 167/314/414
f 144/267/415 145/286/416 168/306/417 166/287/418
f 105/317/419 104/313/420 167/314/421 169/318/422
f 145/286/423 146/285/424 170/305/425 168/306/426
f 106/321/427 105/317/428 169/318/429 171/322/430
f 146/285/431 147/284/432 172/304/433 170/305/434
f 107/325/435 106/321/436 171/322/437 173/326/438
f 147/284/439 148/283/440 174/303/441 172/304/442
f 108/329/443 107/325/444 173/326/445 175/330/446
f 148/283/447 149/282/448 176/302/449 174/303/450
f 109/333/451 108/329/452 175/330/453 177/334/454
f 149/282/455 150/281/456 178/301/457 176/302/458
f 110/337/459 109/333/460 177/334/461 179/338/462
f 150/281/463 151/280/464 180/300/465 178/301/466
f 111/341/467 110/337/468 179/338/469 181/342/470
f 151/280/471 152/279/472 182/299/473 180/300/474
f 112/345/475 111/341/476 181/342/477 183/346/478
f 152/279/479 153/278/480 184/298/481 182/299/482
f 113/343/483 112/345/484 183/346/485 185/344/486
f 153/278/487 154/277/488 186/297/489 184/298/490
f 114/339/491 113/343/492 185/344/493 187/340/494
f 154/277/495 155/276/496 188/296/497 186/297/498
f 115/335/499 114/339/500 187/340/501 189/336/502
f 155/276/503 156/275/504 190/295/505 188/296/506
f 116/331/507 115/335/508 189/336/509 191/332/510
f 156/275/511 157/274/512 192/294/513 190/295/514
f 117/327/515 116/331/516 191/332/517 193/328/518
f 157/274/519 158/273/520 194/293/521 192/294/522
f 118/323/523 117/327/524 193/328/525 195/324/526
f 158/273/527 159/272/528 196/292/529 194/293/530
f 119/319/531 118/323/532 195/324/533 197/320/534
f 159/272/535 160/271/536 198/291/537 196/292/538
f 120/315/539 119/319/540 197/320/541 199/316/542
f 160/271/543 161/270/544 200/290/545 198/291/546
f 121/311/547 120/315/548 199/316/549 201/312/550
f 161/270/551 162/269/552 202/289/553 200/290/554
f 102/308/555 121/311/556 201/312/557 163/309/558
f 162/269/559 143/268/560 165/288/561 202/289/562
g default
v -4.136059 3.066594 18.072916
v -7.195129 3.066594 18.072917
v -4.136059 4.753825 18.072916
v -7.195129 4.753825 18.072917
v -7.195129 1.379364 18.072917
v -4.136059 1.379364 18.072916
v -4.136059 3.066594 17.864271
v -7.195129 3.066594 17.864271
v -4.136059 4.753825 17.864271
v -7.195129 4.753825 17.864271
v -7.195129 1.379364 17.864271
v -4.136059 1.379364 17.864271
vt 0.144667 0.874364
vt 0.144667 0.990502
vt 0.014639 0.990502
vt 0.014639 0.874364
vt 0.014639 0.758226
vt 0.144667 0.758226
vt 0.013130 0.543903
vt 0.119950 0.543903
vt 0.119950 0.639312
vt 0.119950 0.734721
vt 0.013130 0.734721
vt 0.013130 0.639312
vt 0.056501 0.692722
vt 0.056501 0.585902
vt 0.076579 0.585902
vt 0.076579 0.692722
vt 0.056501 0.692722
vt 0.056501 0.585902
vt 0.076579 0.585902
vt 0.076579 0.692722
vt 0.076579 0.639312
vt 0.076579 0.734721
vt 0.056501 0.734721
vt 0.056501 0.639312
vt 0.056501 0.543903
vt 0.076579 0.543903
vt 0.076579 0.639313
vt 0.076579 0.734720
vt 0.056501 0.734720
vt 0.056501 0.639313
vt 0.056501 0.543904
vt 0.076579 0.543904
vn 0.000000 0.000000 -1.000000
vn 0.000000 0.000000 -1.000000
vn 0.000000 0.000000 -1.000000
vn 0.000000 0.000000 -1.000000
vn 0.000000 0.000000 -1.000000
vn 0.000000 0.000000 -1.000000
vn 0.000000 0.000000 1.000000
vn 0.000000 0.000000 1.000000
vn 0.000000 0.000000 1.000000
vn 0.000000 0.000000 1.000000
vn 0.000000 0.000000 1.000000
vn 0.000000 0.000000 1.000000
vn 1.000000 0.000000 0.000003
vn 1.000000 0.000000 0.000003
vn 1.000000 0.000000 0.000003
vn 1.000000 0.000000 0.000003
vn 1.000000 0.000000 0.000003
vn 1.000000 0.000000 0.000003
vn 0.000000 1.000000 0.000000
vn 0.000000 1.000000 0.000000
vn 0.000000 1.000000 0.000000
vn 0.000000 1.000000 0.000000
vn -1.000000 0.000000 -0.000000
vn -1.000000 0.000000 -0.000000
vn -1.000000 0.000000 -0.000000
vn -1.000000 0.000000 -0.000000
vn -1.000000 0.000000 -0.000000
vn -1.000000 0.000000 -0.000000
vn 0.000000 -1.000000 0.000000
vn 0.000000 -1.000000 0.000000
vn 0.000000 -1.000000 0.000000
vn 0.000000 -1.000000 0.000000
s off
g Draws9 Draws6
usemtl initialShadingGroup
f 210/395/563 212/396/564 211/397/565 209/398/566 214/399/567 213/400/568
f 207/401/569 208/402/570 203/403/571 205/404/572 206/405/573 204/406/574
f 209/415/575 211/416/576 205/417/577 203/418/578 208/419/579 214/420/580
f 206/407/581 205/408/582 211/409/583 212/410/584
f 210/421/585 213/422/586 207/423/587 204/424/588 206/425/589 212/426/590
f 208/411/591 207/412/592 213/413/593 214/414/594
g default
v -2.391521 2.737303 17.707152
v -2.439953 2.712635 17.707875
v -2.478400 2.674213 17.709000
v -2.503077 2.625798 17.710418
v -2.511582 2.572131 17.711989
v -2.503077 2.518463 17.713561
v -2.478400 2.470049 17.714979
v -2.439953 2.431627 17.716103
v -2.391521 2.406958 17.716826
v -2.337830 2.398458 17.717074
v -2.284133 2.406958 17.716826
v -2.235701 2.431627 17.716103
v -2.197270 2.470049 17.714979
v -2.172593 2.518463 17.713561
v -2.164078 2.572131 17.711989
v -2.172593 2.625798 17.710418
v -2.197270 2.674213 17.709000
v -2.235701 2.712635 17.707875
v -2.284133 2.737303 17.707152
v -2.337830 2.745803 17.706903
v -2.391521 2.747475 18.111827
v -2.439953 2.722807 18.112550
v -2.478400 2.684385 18.113676
v -2.503077 2.635971 18.115092
v -2.511582 2.582303 18.116664
v -2.503077 2.528635 18.118237
v -2.478400 2.480221 18.119654
v -2.439953 2.441799 18.120778
v -2.391521 2.417131 18.121501
v -2.337830 2.408631 18.121750
v -2.284133 2.417131 18.121501
v -2.235701 2.441799 18.120778
v -2.197270 2.480221 18.119654
v -2.172593 2.528635 18.118237
v -2.164078 2.582303 18.116664
v -2.172593 2.635971 18.115092
v -2.197270 2.684385 18.113676
v -2.235701 2.722807 18.112550
v -2.284133 2.747475 18.111827
v -2.337830 2.755975 18.111578
v -2.337830 2.582303 18.116664
v -2.391664 2.734275 17.565315
v -2.440186 2.709483 17.566041
v -2.478638 2.670909 17.567171
v -2.503220 2.622372 17.568592
v -2.511582 2.568657 17.570165
v -2.502939 2.515037 17.571736
v -2.478166 2.466746 17.573150
v -2.439719 2.428476 17.574271
v -2.391383 2.403931 17.574989
v -2.337830 2.395477 17.575237
v -2.284276 2.403930 17.574989
v -2.235940 2.428476 17.574271
v -2.197509 2.466746 17.573150
v -2.172736 2.515037 17.571736
v -2.164078 2.568657 17.570165
v -2.172434 2.622372 17.568592
v -2.197037 2.670909 17.567171
v -2.235468 2.709483 17.566041
v -2.283990 2.734275 17.565315
v -2.337830 2.742822 17.565065
v -2.401700 2.768914 17.718083
v -2.459312 2.739570 17.718942
v -2.401870 2.764960 17.564417
v -2.459590 2.735468 17.565280
v -2.505048 2.693864 17.720281
v -2.505332 2.689581 17.566624
v -2.534403 2.636271 17.721968
v -2.534574 2.631843 17.568315
v -2.544521 2.572430 17.723837
v -2.544521 2.567945 17.570186
v -2.534403 2.508588 17.725707
v -2.534239 2.504160 17.572054
v -2.505048 2.450996 17.727393
v -2.504771 2.446714 17.573737
v -2.459312 2.405290 17.728731
v -2.459035 2.401189 17.575070
v -2.401700 2.375945 17.729591
v -2.401536 2.371991 17.575925
v -2.337830 2.365834 17.729886
v -2.337830 2.361935 17.576219
v -2.273954 2.375945 17.729591
v -2.274124 2.371991 17.575925
v -2.216341 2.405290 17.728731
v -2.216625 2.401190 17.575070
v -2.170624 2.450996 17.727393
v -2.170908 2.446715 17.573737
v -2.141269 2.508588 17.725707
v -2.141439 2.504160 17.572054
v -2.131139 2.572430 17.723837
v -2.131139 2.567945 17.570186
v -2.141269 2.636271 17.721968
v -2.141079 2.631843 17.568315
v -2.170624 2.693864 17.720281
v -2.170346 2.689581 17.566624
v -2.216341 2.739570 17.718942
v -2.216063 2.735468 17.565280
v -2.273954 2.768914 17.718083
v -2.273783 2.764959 17.564417
v -2.337830 2.779026 17.717787
v -2.337830 2.775127 17.564119
vt 0.150328 0.004640
vt 0.124921 0.004640
vt 0.124921 0.216996
vt 0.150328 0.216995
vt 0.104752 0.004640
vt 0.104752 0.216996
vt 0.178494 0.004640
vt 0.178494 0.216995
vt 0.206663 0.004640
vt 0.206663 0.216995
vt 0.232070 0.004640
vt 0.232070 0.216996
vt 0.232070 0.004641
vt 0.211901 0.004641
vt 0.211901 0.216995
vt 0.232070 0.216996
vt 0.186494 0.004641
vt 0.186494 0.216996
vt 0.158328 0.004640
vt 0.158328 0.216996
vt 0.130159 0.004641
vt 0.130159 0.216996
vt 0.104752 0.004641
vt 0.104752 0.216995
vt 0.008301 0.029340
vt 0.008301 0.059563
vt 0.088940 0.059474
vt 0.088940 0.029194
vt 0.008301 0.093069
vt 0.088940 0.093069
vt 0.008301 0.126578
vt 0.088940 0.126668
vt 0.008301 0.156801
vt 0.088940 0.156947
vt 0.008302 0.156796
vt 0.008301 0.180789
vt 0.088940 0.180644
vt 0.088940 0.156651
vt 0.008301 0.126573
vt 0.088940 0.126487
vt 0.008302 0.093067
vt 0.088940 0.093067
vt 0.008301 0.059558
vt 0.088940 0.059648
vt 0.008302 0.029335
vt 0.088940 0.029484
vt 0.008301 0.005352
vt 0.088940 0.005501
vt 0.132470 0.311170
vt 0.123445 0.328881
vt 0.072042 0.291536
vt 0.109388 0.342941
vt 0.135579 0.291536
vt 0.091676 0.351965
vt 0.132470 0.271900
vt 0.072042 0.355075
vt 0.123445 0.254189
vt 0.052408 0.351965
vt 0.109388 0.240135
vt 0.034696 0.342941
vt 0.091676 0.231111
vt 0.020639 0.328881
vt 0.072042 0.227997
vt 0.011614 0.311170
vt 0.052408 0.231111
vt 0.008504 0.291536
vt 0.034696 0.240135
vt 0.011614 0.271900
vt 0.020639 0.254189
vt 0.292660 0.333739
vt 0.304868 0.357623
vt 0.309077 0.384122
vt 0.304868 0.410624
vt 0.292660 0.434508
vt 0.273664 0.453425
vt 0.249762 0.465535
vt 0.223311 0.469649
vt 0.196906 0.465387
vt 0.173125 0.453193
vt 0.154280 0.434276
vt 0.142192 0.410483
vt 0.138029 0.384122
vt 0.142192 0.357762
vt 0.154279 0.333969
vt 0.173125 0.315044
vt 0.196906 0.302850
vt 0.223311 0.298596
vt 0.249762 0.302712
vt 0.273664 0.314812
vt 0.305456 0.324188
vt 0.319979 0.352600
vt 0.324986 0.384122
vt 0.319978 0.415648
vt 0.305456 0.444060
vt 0.282859 0.466563
vt 0.254426 0.480969
vt 0.222960 0.485862
vt 0.191549 0.480792
vt 0.163261 0.466287
vt 0.140842 0.443783
vt 0.126464 0.415480
vt 0.121512 0.384122
vt 0.126464 0.352764
vt 0.140842 0.324461
vt 0.163261 0.301949
vt 0.191549 0.287443
vt 0.222960 0.282382
vt 0.254426 0.287279
vt 0.282859 0.301672
vt 0.117876 0.324825
vt 0.125921 0.309037
vt 0.136116 0.312355
vt 0.126547 0.331135
vt 0.128693 0.291536
vt 0.139414 0.291536
vt 0.105347 0.337357
vt 0.111642 0.346043
vt 0.125921 0.274033
vt 0.136116 0.270715
vt 0.089559 0.345401
vt 0.092861 0.355612
vt 0.117876 0.258246
vt 0.126547 0.251935
vt 0.072057 0.348173
vt 0.072042 0.358910
vt 0.105347 0.245719
vt 0.111642 0.237033
vt 0.054556 0.345401
vt 0.051223 0.355612
vt 0.089559 0.237675
vt 0.092861 0.227464
vt 0.038768 0.337357
vt 0.032442 0.346043
vt 0.072057 0.234899
vt 0.072042 0.224162
vt 0.026239 0.324825
vt 0.017537 0.331135
vt 0.054556 0.237675
vt 0.051223 0.227464
vt 0.018194 0.309037
vt 0.007967 0.312355
vt 0.038768 0.245719
vt 0.032442 0.237033
vt 0.015422 0.291536
vt 0.004670 0.291536
vt 0.026239 0.258246
vt 0.017537 0.251935
vt 0.018194 0.274033
vt 0.007967 0.270715
vt 0.114396 0.216996
vt 0.139805 0.216995
vt 0.140686 0.004641
vt 0.115277 0.004640
vt 0.167971 0.216996
vt 0.168851 0.004641
vt 0.196137 0.216996
vt 0.197017 0.004641
vt 0.221545 0.216996
vt 0.222426 0.004641
vt 0.241710 0.004640
vt 0.221545 0.004641
vt 0.222426 0.216995
vt 0.242590 0.216995
vt 0.196137 0.004641
vt 0.197017 0.216996
vt 0.167971 0.004641
vt 0.168851 0.216995
vt 0.139805 0.004641
vt 0.140686 0.216995
vt 0.114397 0.004641
vt 0.115277 0.216996
vt 0.094232 0.004641
vt 0.095112 0.216996
vt 0.088940 0.041438
vt 0.088940 0.017451
vt 0.008301 0.017242
vt 0.008301 0.041324
vt 0.088940 0.071664
vt 0.008301 0.071627
vt 0.088940 0.105169
vt 0.008301 0.105161
vt 0.088940 0.138674
vt 0.008301 0.138637
vt 0.088940 0.168900
vt 0.008301 0.168785
vt 0.008301 0.138674
vt 0.008301 0.168900
vt 0.088940 0.168785
vt 0.088940 0.138637
vt 0.008301 0.105169
vt 0.088940 0.105161
vt 0.008301 0.071664
vt 0.088940 0.071626
vt 0.008301 0.041438
vt 0.088940 0.041324
vt 0.008301 0.017451
vt 0.088940 0.017242
vn -0.308899 0.950795 -0.023899
vn -0.587563 0.808923 -0.020333
vn -0.587956 0.808637 -0.020326
vn -0.309142 0.950716 -0.023897
vn -0.808787 0.587916 -0.014778
vn -0.809180 0.587376 -0.014764
vn -0.950936 0.309290 -0.007774
vn -0.951178 0.308544 -0.007756
vn -1.000000 0.000412 -0.000010
vn -1.000000 -0.000414 0.000010
vn -0.951179 -0.308543 0.007756
vn -0.950936 -0.309289 0.007775
vn -0.809179 -0.587376 0.014765
vn -0.808788 -0.587914 0.014778
vn -0.587956 -0.808638 0.020326
vn -0.587563 -0.808923 0.020334
vn -0.309144 -0.950715 0.023898
vn -0.308901 -0.950794 0.023900
vn 0.000000 -0.999684 0.025129
vn 0.000000 -0.999684 0.025129
vn 0.309130 -0.950719 0.023898
vn 0.308887 -0.950799 0.023900
vn 0.588026 -0.808586 0.020325
vn 0.587633 -0.808872 0.020332
vn 0.809250 -0.587279 0.014762
vn 0.808859 -0.587818 0.014776
vn 0.951150 -0.308632 0.007758
vn 0.950907 -0.309378 0.007777
vn 1.000000 0.000413 -0.000010
vn 1.000000 -0.000415 0.000010
vn 0.950907 0.309379 -0.007777
vn 0.951149 0.308634 -0.007758
vn 0.808858 0.587819 -0.014776
vn 0.809250 0.587279 -0.014762
vn 0.587632 0.808873 -0.020332
vn 0.588026 0.808587 -0.020325
vn 0.308884 0.950799 -0.023900
vn 0.309128 0.950720 -0.023898
vn 0.000001 0.999684 -0.025129
vn 0.000001 0.999684 -0.025129
vn 0.000008 0.029276 0.999571
vn 0.000013 0.029276 0.999571
vn 0.000000 0.029271 0.999571
vn -0.000002 0.029258 0.999572
vn -0.000007 0.029263 0.999572
vn 0.000000 0.029287 0.999571
vn 0.000005 0.029275 0.999571
vn 0.000012 0.029257 0.999572
vn -0.000005 0.029267 0.999572
vn -0.000012 0.029277 0.999571
vn -0.000000 0.029273 0.999571
vn 0.000012 0.029277 0.999571
vn 0.000005 0.029267 0.999572
vn -0.000012 0.029257 0.999572
vn -0.000005 0.029275 0.999571
vn 0.000000 0.029287 0.999571
vn 0.000007 0.029263 0.999572
vn 0.000002 0.029258 0.999572
vn -0.000012 0.029276 0.999571
vn -0.000008 0.029276 0.999571
vn 0.000000 0.029273 0.999571
vn -0.588394 0.808313 -0.020581
vn -0.309423 0.950616 -0.024209
vn -0.309415 0.950619 -0.024209
vn -0.588383 0.808320 -0.020582
vn -0.809629 0.586751 -0.014930
vn -0.809622 0.586761 -0.014931
vn -0.951462 0.307668 -0.007829
vn -0.951456 0.307687 -0.007829
vn -0.999999 -0.001317 0.000049
vn -0.999999 -0.001298 0.000048
vn -0.950658 -0.310139 0.007929
vn -0.950665 -0.310119 0.007928
vn -0.808323 -0.588548 0.015006
vn -0.808333 -0.588535 0.015006
vn -0.587127 -0.809232 0.020617
vn -0.587137 -0.809225 0.020617
vn -0.308621 -0.950877 0.024221
vn -0.308636 -0.950872 0.024221
vn -0.000001 -0.999676 0.025457
vn -0.000001 -0.999676 0.025457
vn 0.308618 -0.950878 0.024211
vn 0.308625 -0.950876 0.024211
vn 0.587201 -0.809179 0.020590
vn 0.587206 -0.809175 0.020590
vn 0.808395 -0.588450 0.014969
vn 0.808402 -0.588441 0.014969
vn 0.950622 -0.310251 0.007903
vn 0.950628 -0.310232 0.007903
vn 0.999999 -0.001415 0.000072
vn 0.999999 -0.001396 0.000072
vn 0.951424 0.307784 -0.007783
vn 0.951421 0.307796 -0.007783
vn 0.809666 0.586701 -0.014919
vn 0.809656 0.586715 -0.014919
vn 0.588474 0.808254 -0.020588
vn 0.588464 0.808261 -0.020588
vn 0.309409 0.950621 -0.024209
vn 0.309401 0.950624 -0.024209
vn 0.000004 0.999676 -0.025456
vn 0.000004 0.999676 -0.025456
vn -0.000000 -0.029273 -0.999571
vn -0.000000 -0.029273 -0.999571
vn -0.000000 -0.029273 -0.999571
vn -0.000000 -0.029273 -0.999571
vn -0.000000 -0.029273 -0.999571
vn -0.000000 -0.029273 -0.999571
vn -0.000000 -0.029273 -0.999571
vn -0.000000 -0.029273 -0.999571
vn -0.000000 -0.029273 -0.999571
vn -0.000000 -0.029273 -0.999571
vn -0.000000 -0.029273 -0.999571
vn -0.000000 -0.029273 -0.999571
vn -0.000000 -0.029273 -0.999571
vn -0.000000 -0.029273 -0.999571
vn -0.000000 -0.029273 -0.999571
vn -0.000000 -0.029273 -0.999571
vn -0.000000 -0.029273 -0.999571
vn -0.000000 -0.029273 -0.999571
vn -0.000000 -0.029273 -0.999571
vn -0.000000 -0.029273 -0.999571
vn 0.155586 -0.277703 0.947984
vn 0.155586 -0.277703 0.947984
vn 0.155586 -0.277703 0.947984
vn 0.155586 -0.277703 0.947984
vn -0.000001 -0.029271 -0.999572
vn -0.000001 -0.029271 -0.999572
vn -0.000001 -0.029271 -0.999571
vn -0.000001 -0.029271 -0.999572
vn 0.242231 -0.214680 0.946169
vn 0.242231 -0.214680 0.946169
vn 0.242231 -0.214680 0.946169
vn 0.242231 -0.214680 0.946169
vn -0.000002 -0.029272 -0.999572
vn -0.000002 -0.029272 -0.999572
vn -0.000002 -0.029272 -0.999572
vn -0.000002 -0.029272 -0.999572
vn 0.305167 -0.127897 0.943671
vn 0.305167 -0.127897 0.943671
vn 0.305167 -0.127897 0.943671
vn 0.305167 -0.127897 0.943671
vn -0.000002 -0.029272 -0.999571
vn -0.000002 -0.029272 -0.999572
vn -0.000002 -0.029272 -0.999571
vn -0.000002 -0.029272 -0.999571
vn 0.338136 -0.026047 0.940737
vn 0.338136 -0.026047 0.940737
vn 0.338136 -0.026047 0.940737
vn 0.338136 -0.026047 0.940737
vn -0.000002 -0.029273 -0.999571
vn -0.000002 -0.029273 -0.999571
vn -0.000002 -0.029273 -0.999571
vn -0.000002 -0.029273 -0.999571
vn 0.338000 0.081024 0.937652
vn 0.338000 0.081024 0.937652
vn 0.338000 0.081024 0.937652
vn 0.338000 0.081024 0.937652
vn -0.000002 -0.029273 -0.999571
vn -0.000002 -0.029273 -0.999571
vn -0.000002 -0.029273 -0.999571
vn -0.000002 -0.029273 -0.999571
vn 0.304802 0.182733 0.934721
vn 0.304802 0.182733 0.934721
vn 0.304802 0.182733 0.934721
vn 0.304802 0.182733 0.934721
vn -0.000002 -0.029274 -0.999571
vn -0.000002 -0.029274 -0.999571
vn -0.000002 -0.029274 -0.999571
vn -0.000002 -0.029274 -0.999571
vn 0.241791 0.269236 0.932228
vn 0.241791 0.269236 0.932228
vn 0.241791 0.269236 0.932228
vn 0.241791 0.269236 0.932228
vn -0.000002 -0.029274 -0.999571
vn -0.000002 -0.029274 -0.999571
vn -0.000002 -0.029274 -0.999571
vn -0.000002 -0.029274 -0.999571
vn 0.155218 0.332007 0.930418
vn 0.155218 0.332007 0.930418
vn 0.155218 0.332007 0.930418
vn 0.155218 0.332007 0.930418
vn 0.000000 -0.029275 -0.999571
vn 0.000000 -0.029275 -0.999571
vn 0.000000 -0.029275 -0.999571
vn 0.000000 -0.029275 -0.999571
vn 0.053499 0.365001 0.929469
vn 0.053499 0.365001 0.929469
vn 0.053499 0.365001 0.929469
vn 0.053499 0.365001 0.929469
vn 0.000000 -0.029276 -0.999571
vn 0.000000 -0.029276 -0.999571
vn 0.000000 -0.029276 -0.999571
vn 0.000000 -0.029276 -0.999571
vn -0.053493 0.365001 0.929469
vn -0.053493 0.365001 0.929469
vn -0.053493 0.365001 0.929469
vn -0.053493 0.365001 0.929469
vn 0.000000 -0.029276 -0.999571
vn 0.000000 -0.029276 -0.999571
vn 0.000000 -0.029276 -0.999571
vn 0.000000 -0.029276 -0.999571
vn -0.155216 0.332004 0.930420
vn -0.155216 0.332004 0.930420
vn -0.155216 0.332004 0.930420
vn -0.155216 0.332004 0.930420
vn 0.000001 -0.029275 -0.999571
vn 0.000001 -0.029275 -0.999571
vn 0.000001 -0.029275 -0.999571
vn 0.000001 -0.029275 -0.999571
vn -0.241843 0.269189 0.932228
vn -0.241843 0.269189 0.932228
vn -0.241843 0.269189 0.932228
vn -0.241843 0.269189 0.932228
vn 0.000002 -0.029274 -0.999571
vn 0.000002 -0.029274 -0.999571
vn 0.000002 -0.029274 -0.999571
vn 0.000002 -0.029274 -0.999571
vn -0.304817 0.182740 0.934715
vn -0.304817 0.182740 0.934715
vn -0.304817 0.182740 0.934715
vn -0.304817 0.182740 0.934715
vn 0.000001 -0.029274 -0.999571
vn 0.000001 -0.029274 -0.999571
vn 0.000001 -0.029274 -0.999571
vn 0.000001 -0.029274 -0.999571
vn -0.337999 0.081091 0.937646
vn -0.337999 0.081091 0.937646
vn -0.337999 0.081091 0.937647
vn -0.337999 0.081091 0.937647
vn 0.000002 -0.029273 -0.999571
vn 0.000002 -0.029273 -0.999571
vn 0.000002 -0.029273 -0.999571
vn 0.000002 -0.029273 -0.999571
vn -0.338135 -0.026114 0.940735
vn -0.338135 -0.026114 0.940735
vn -0.338135 -0.026114 0.940735
vn -0.338135 -0.026114 0.940735
vn 0.000002 -0.029273 -0.999571
vn 0.000002 -0.029273 -0.999571
vn 0.000002 -0.029273 -0.999572
vn 0.000002 -0.029273 -0.999572
vn -0.305183 -0.127905 0.943665
vn -0.305183 -0.127905 0.943665
vn -0.305183 -0.127905 0.943665
vn -0.305183 -0.127905 0.943665
vn 0.000002 -0.029272 -0.999571
vn 0.000002 -0.029272 -0.999571
vn 0.000002 -0.029272 -0.999571
vn 0.000002 -0.029272 -0.999571
vn -0.242283 -0.214632 0.946167
vn -0.242283 -0.214632 0.946167
vn -0.242283 -0.214632 0.946167
vn -0.242283 -0.214632 0.946167
vn 0.000002 -0.029272 -0.999572
vn 0.000002 -0.029272 -0.999572
vn 0.000002 -0.029272 -0.999571
vn 0.000002 -0.029272 -0.999572
vn -0.155583 -0.277700 0.947985
vn -0.155583 -0.277700 0.947985
vn -0.155583 -0.277700 0.947985
vn -0.155583 -0.277700 0.947985
vn 0.000001 -0.029271 -0.999572
vn 0.000001 -0.029271 -0.999572
vn 0.000001 -0.029271 -0.999571
vn 0.000001 -0.029271 -0.999572
vn -0.053610 -0.310868 0.948940
vn -0.053610 -0.310868 0.948940
vn -0.053610 -0.310868 0.948940
vn -0.053610 -0.310868 0.948940
vn 0.000001 -0.029271 -0.999572
vn 0.000001 -0.029271 -0.999572
vn 0.000001 -0.029271 -0.999572
vn 0.000001 -0.029271 -0.999572
vn 0.053613 -0.310867 0.948940
vn 0.053613 -0.310867 0.948940
vn 0.053613 -0.310867 0.948940
vn 0.053613 -0.310867 0.948940
vn 0.000000 -0.029271 -0.999572
vn 0.000000 -0.029271 -0.999572
vn 0.000000 -0.029271 -0.999571
vn 0.000000 -0.029271 -0.999572
s 1
g Draws9 pCylinder8
usemtl initialShadingGroup
f 215/427/595 216/428/596 236/429/597 235/430/598
f 216/428/596 217/431/599 237/432/600 236/429/597
f 217/576/599 218/577/601 238/578/602 237/579/600
f 218/577/601 219/580/603 239/581/604 238/578/602
f 219/580/603 220/582/605 240/583/606 239/581/604
f 220/582/605 221/584/607 241/585/608 240/583/606
f 221/439/607 222/440/609 242/441/610 241/442/608
f 222/440/609 223/443/611 243/444/612 242/441/610
f 223/443/611 224/445/613 244/446/614 243/444/612
f 224/445/613 225/447/615 245/448/616 244/446/614
f 225/447/615 226/449/617 246/450/618 245/448/616
f 226/586/617 227/587/619 247/588/620 246/589/618
f 227/587/619 228/590/621 248/591/622 247/588/620
f 228/590/621 229/592/623 249/593/624 248/591/622
f 229/592/623 230/594/625 250/595/626 249/593/624
f 230/594/625 231/596/627 251/597/628 250/595/626
f 231/596/627 232/598/629 252/599/630 251/597/628
f 232/437/629 233/435/631 253/436/632 252/438/630
f 233/435/631 234/433/633 254/434/634 253/436/632
f 234/433/633 215/427/595 235/430/598 254/434/634
s 2
f 235/475/635 236/476/636 255/477/637
f 236/476/636 237/478/638 255/477/637
f 237/478/638 238/480/639 255/477/637
f 238/480/639 239/482/640 255/477/637
f 239/482/640 240/484/641 255/477/637
f 240/484/641 241/486/642 255/477/637
f 241/486/642 242/488/643 255/477/637
f 242/488/643 243/490/644 255/477/637
f 243/490/644 244/492/645 255/477/637
f 244/492/645 245/494/646 255/477/637
f 245/494/646 246/495/647 255/477/637
f 246/495/647 247/493/648 255/477/637
f 247/493/648 248/491/649 255/477/637
f 248/491/649 249/489/650 255/477/637
f 249/489/650 250/487/651 255/477/637
f 250/487/651 251/485/652 255/477/637
f 251/485/652 252/483/653 255/477/637
f 252/483/653 253/481/654 255/477/637
f 253/481/654 254/479/655 255/477/637
f 254/479/655 235/475/635 255/477/637
s 3
f 277/451/656 276/452/657 278/453/658 279/454/659
f 280/600/660 277/601/656 279/602/659 281/603/661
f 282/604/662 280/600/660 281/603/661 283/605/663
f 284/606/664 282/604/662 283/605/663 285/607/665
f 286/608/666 284/606/664 285/607/665 287/609/667
f 288/610/668 286/608/666 287/609/667 289/611/669
f 290/461/670 288/462/668 289/463/669 291/464/671
f 292/465/672 290/461/670 291/464/671 293/466/673
f 294/467/674 292/465/672 293/466/673 295/468/675
f 296/469/676 294/467/674 295/468/675 297/470/677
f 298/471/678 296/469/676 297/470/677 299/472/679
f 300/473/680 298/471/678 299/472/679 301/474/681
f 302/612/682 300/613/680 301/614/681 303/615/683
f 304/616/684 302/612/682 303/615/683 305/617/685
f 306/618/686 304/616/684 305/617/685 307/619/687
f 308/620/688 306/618/686 307/619/687 309/621/689
f 310/622/690 308/620/688 309/621/689 311/623/691
f 312/457/692 310/459/690 311/460/691 313/458/693
f 314/455/694 312/457/692 313/458/693 315/456/695
f 276/452/657 314/455/694 315/456/695 278/453/658
s off
f 257/496/696 256/497/697 275/498/698 274/499/699 273/500/700 272/501/701 271/502/702 270/503/703 269/504/704 268/505/705 267/506/706 266/507/707 265/508/708 264/509/709 263/510/710 262/511/711 261/512/712 260/513/713 259/514/714 258/515/715
f 216/536/716 215/537/717 276/538/718 277/539/719
f 256/497/720 257/496/721 279/516/722 278/517/723
f 217/542/724 216/536/725 277/539/726 280/543/727
f 257/496/728 258/515/729 281/535/730 279/516/731
f 218/546/732 217/542/733 280/543/734 282/547/735
f 258/515/736 259/514/737 283/534/738 281/535/739
f 219/550/740 218/546/741 282/547/742 284/551/743
f 259/514/744 260/513/745 285/533/746 283/534/747
f 220/554/748 219/550/749 284/551/750 286/555/751
f 260/513/752 261/512/753 287/532/754 285/533/755
f 221/558/756 220/554/757 286/555/758 288/559/759
f 261/512/760 262/511/761 289/531/762 287/532/763
f 222/562/764 221/558/765 288/559/766 290/563/767
f 262/511/768 263/510/769 291/530/770 289/531/771
f 223/566/772 222/562/773 290/563/774 292/567/775
f 263/510/776 264/509/777 293/529/778 291/530/779
f 224/570/780 223/566/781 292/567/782 294/571/783
f 264/509/784 265/508/785 295/528/786 293/529/787
f 225/574/788 224/570/789 294/571/790 296/575/791
f 265/508/792 266/507/793 297/527/794 295/528/795
f 226/572/796 225/574/797 296/575/798 298/573/799
f 266/507/800 267/506/801 299/526/802 297/527/803
f 227/568/804 226/572/805 298/573/806 300/569/807
f 267/506/808 268/505/809 301/525/810 299/526/811
f 228/564/812 227/568/813 300/569/814 302/565/815
f 268/505/816 269/504/817 303/524/818 301/525/819
f 229/560/820 228/564/821 302/565/822 304/561/823
f 269/504/824 270/503/825 305/523/826 303/524/827
f 230/556/828 229/560/829 304/561/830 306/557/831
f 270/503/832 271/502/833 307/522/834 305/523/835
f 231/552/836 230/556/837 306/557/838 308/553/839
f 271/502/840 272/501/841 309/521/842 307/522/843
f 232/548/844 231/552/845 308/553/846 310/549/847
f 272/501/848 273/500/849 311/520/850 309/521/851
f 233/544/852 232/548/853 310/549/854 312/545/855
f 273/500/856 274/499/857 313/519/858 311/520/859
f 234/540/860 233/544/861 312/545/862 314/541/863
f 274/499/864 275/498/865 315/518/866 313/519/867
f 215/537/868 234/540/869 314/541/870 276/538/871
f 275/498/872 256/497/873 278/517/874 315/518/875
g default
v 3.715103 0.957554 21.627668
v 3.715103 0.957554 17.673134
v 3.715103 5.175634 21.627668
v 3.715103 5.175634 17.673134
v -8.274163 5.175634 21.627668
v -8.274163 5.175634 17.673134
v -8.274163 0.957554 21.627668
v -8.274163 0.957554 17.673134
v 2.516182 5.175634 21.627668
v 2.516182 0.957554 21.627668
v 2.516182 0.957554 17.673134
v 2.516182 5.175634 17.673134
v -7.195129 0.957554 21.627668
v -7.195129 5.175634 21.627668
v -7.195129 5.175634 17.673134
v -7.195129 0.957554 17.673134
v -2.339478 5.175634 21.627668
v -2.339478 0.957554 21.627668
v -2.339478 0.957554 17.673134
v -2.339478 5.175634 17.673134
v 3.715103 3.066594 17.673134
v 3.715103 3.066594 21.627668
v 2.516182 3.066594 21.627668
v -2.339478 3.066594 21.627668
v -7.195129 3.066594 21.627668
v -8.274163 3.066594 21.627668
v -8.274163 3.066594 17.673134
v -7.195129 3.066594 17.673134
v -2.339478 3.066594 17.673134
v 2.516182 3.066594 17.673134
v -8.274163 4.753825 17.673134
v -8.274163 4.753825 21.627668
v -7.195129 4.753825 21.627668
v -2.339478 4.753825 21.627668
v 2.516182 4.753825 21.627668
v 3.715103 4.753825 21.627668
v 3.715103 4.753825 17.673134
v 2.516182 4.753825 17.673134
v -2.339478 4.753825 17.673134
v -7.195129 4.753825 17.673134
v 3.715103 1.379366 17.673134
v 3.715103 1.379366 21.627668
v 2.516182 1.379366 21.627668
v -2.339478 1.379366 21.627668
v -7.195129 1.379366 21.627668
v -8.274163 1.379366 21.627668
v -8.274163 1.379366 17.673134
v -7.195129 1.379366 17.673134
v -2.339478 1.379366 17.673134
v 2.516182 1.379366 17.673134
v 3.715103 0.182265 17.673134
v 3.715103 0.182265 21.627668
v -8.274163 0.182265 21.627668
v -8.274163 0.182265 17.673134
v -3.796157 0.957554 21.627668
v -3.796157 1.379366 21.627668
v -3.796157 3.066594 21.627668
v -3.796157 4.753825 21.627668
v -3.796157 5.175634 21.627668
v -3.796157 5.175634 17.673134
v -3.796157 4.753825 17.673134
v -3.796157 3.066594 17.673134
v -3.796157 1.379366 17.673134
v -3.796157 0.957554 17.673134
v -0.882753 5.175634 21.627668
v -0.882753 4.753825 21.627668
v -0.882753 3.066594 21.627668
v -0.882753 1.379366 21.627668
v -0.882753 0.957554 21.627668
v -0.882753 0.957554 17.673134
v -0.882753 1.379366 17.673134
v -0.882753 3.066595 17.673134
v -0.882753 4.753825 17.673134
v -0.882753 5.175634 17.673134
v -4.136044 0.957554 21.627668
v -4.136044 1.379366 21.627668
v -4.136044 3.066595 21.627668
v -4.136044 4.753825 21.627668
v -4.136044 5.175634 21.627668
v -4.136044 5.175634 17.673134
v -4.136044 4.753825 17.673134
v -4.136044 3.066594 17.673134
v -4.136044 1.379366 17.673134
v -4.136044 0.957554 17.673134
v -0.542872 5.175634 21.627668
v -0.542872 4.753825 21.627668
v -0.542872 3.066594 21.627668
v -0.542872 1.379366 21.627668
v -0.542872 0.957554 21.627668
v -0.542872 0.957554 17.673134
v -0.542872 1.379366 17.673134
v -0.542872 3.066594 17.673134
v -0.542872 4.753825 17.673134
v -0.542872 5.175634 17.673134
v 3.715103 3.235317 17.673134
v 3.715103 3.235317 21.627668
v 2.516182 3.235317 21.627668
v -0.542872 3.235317 21.627668
v -0.882753 3.235317 21.627668
v -2.339478 3.235317 21.627668
v -3.796157 3.235317 21.627668
v -4.136044 3.235317 21.627668
v -7.195129 3.235317 21.627668
v -8.274163 3.235317 21.627668
v -8.274163 3.235317 17.673134
v -7.195129 3.235317 17.673134
v -4.136044 3.235317 17.673134
v -3.796157 3.235317 17.673134
v -2.339478 3.235317 17.673134
v -0.882753 3.235317 17.673134
v -0.542872 3.235317 17.673134
v 2.516182 3.235317 17.673134
v 2.516182 2.897871 21.627668
v 3.715103 2.897871 21.627668
v 3.715103 2.897871 17.673134
v 2.516182 2.897871 17.673134
v -0.542872 2.897871 17.673134
v -0.882753 2.897871 17.673134
v -2.339478 2.897871 17.673134
v -3.796157 2.897871 17.673134
v -4.136044 2.897871 17.673134
v -7.195129 2.897871 17.673134
v -8.274163 2.897871 17.673134
v -8.274163 2.897871 21.627668
v -7.195129 2.897871 21.627668
v -4.136044 2.897871 21.627668
v -3.796157 2.897871 21.627668
v -2.339478 2.897871 21.627668
v -0.882753 2.897871 21.627668
v -0.542872 2.897871 21.627668
v -0.542872 3.235317 21.248635
v 2.516182 3.235317 21.248635
v 2.516182 3.066594 21.248635
v -0.542872 3.066594 21.248635
v 2.516182 2.897871 21.248635
v -0.542872 2.897871 21.248635
v 2.516182 4.753825 21.248635
v -0.542872 4.753825 21.248635
v -0.542872 1.379366 21.248635
v 2.516182 1.379366 21.248635
v -7.195129 3.235317 21.248635
v -4.136044 3.235317 21.248635
v -4.136044 3.066594 21.248635
v -7.195129 3.066594 21.248635
v -4.136044 2.897871 21.248635
v -7.195129 2.897871 21.248635
v -4.136044 4.753825 21.248635
v -7.195129 4.753825 21.248635
v -7.195129 1.379366 21.248635
v -4.136044 1.379366 21.248635
v -3.796157 3.235317 21.248635
v -2.339478 3.235317 21.248635
v -3.796157 4.753825 21.248635
v -2.339478 4.753825 21.248635
v -0.882753 3.235317 21.248635
v -0.882753 4.753825 21.248635
v -0.882753 2.897871 21.248635
v -2.339478 2.897871 21.248635
v -0.882753 1.379366 21.248635
v -2.339478 1.379366 21.248635
v -3.796157 2.897871 21.248635
v -3.796157 1.379366 21.248635
v -8.274163 4.964731 17.673134
v -8.274163 4.964731 21.627668
v -7.195129 4.964731 21.627668
v -4.136044 4.964731 21.627668
v -3.796156 4.964731 21.627667
v -2.339478 4.964731 21.627668
v -0.882753 4.964731 21.627668
v -0.542872 4.964731 21.627667
v 2.516184 4.964731 21.627667
v 3.715103 4.964731 21.627668
v 3.715103 4.964731 17.673135
v 2.516182 4.964731 17.673134
v -0.542872 4.964731 17.673135
v -0.882753 4.964731 17.673134
v -2.339478 4.964731 17.673134
v -3.796157 4.964731 17.673135
v -4.136044 4.964731 17.673134
v -7.195129 4.964731 17.673135
v -7.195129 5.175634 17.363019
v -7.195129 4.964731 17.363019
v -8.274163 4.964731 17.363019
v -8.274163 5.175634 17.363019
v -4.136044 5.175634 17.363019
v -4.136044 4.964731 17.363019
v 2.516182 4.964731 17.363019
v -0.542872 4.964731 17.363019
v -0.542872 5.175634 17.363019
v 2.516182 5.175634 17.363019
v 3.715103 4.964731 17.363019
v 3.715103 5.175634 17.363019
v -2.339478 4.964731 17.363019
v -3.796157 4.964731 17.363019
v -3.796157 5.175634 17.363019
v -2.339478 5.175634 17.363019
v -0.882753 5.175634 17.363019
v -0.882753 4.964731 17.363019
v -8.584275 4.964731 17.673134
v -8.584275 4.964731 21.627668
v -8.584275 5.175634 21.627668
v -8.584275 5.175634 17.673134
v -8.584275 5.175634 17.363019
v -8.584275 4.964731 17.363019
v 2.516182 5.175634 21.937783
v 2.516182 4.964731 21.937783
v 3.715103 4.964731 21.937783
v 3.715103 5.175634 21.937783
v -0.542872 5.175634 21.937783
v -0.542872 4.964731 21.937783
v -7.195129 4.964731 21.937783
v -4.136044 4.964731 21.937783
v -4.136044 5.175634 21.937783
v -7.195129 5.175634 21.937783
v -8.274163 5.175634 21.937783
v -8.274163 4.964731 21.937783
v -2.339478 5.175634 21.937783
v -3.796157 5.175634 21.937783
v -3.796157 4.964731 21.937783
v -2.339478 4.964731 21.937783
v -0.882753 4.964731 21.937783
v -0.882753 5.175634 21.937783
v -8.584275 5.175634 21.937783
v -8.584275 4.964731 21.937783
v 4.025220 4.964731 21.627668
v 4.025220 4.964731 17.673134
v 4.025220 5.175634 17.673134
v 4.025220 5.175634 21.627668
v 4.025220 4.964731 17.363019
v 4.025220 5.175634 17.363019
v 4.025220 5.175634 21.937783
v 4.025220 4.964731 21.937783
v 3.136358 0.182265 21.627668
v 2.516182 0.802435 21.627668
v 2.599278 0.492351 21.627668
v 2.826278 0.265353 21.627668
v 3.136358 0.182265 17.673134
v 2.826278 0.265353 17.673134
v 2.599278 0.492351 17.673134
v 2.516182 0.802435 17.673134
v -7.278209 0.492351 17.673134
v -7.505209 0.265353 17.673134
v -7.815289 0.182265 17.673134
v -7.195129 0.802435 17.673134
v -7.815289 0.182265 21.627668
v -7.505209 0.265353 21.627668
v -7.278209 0.492351 21.627668
v -7.195129 0.802435 21.627668
vt 0.755907 0.844268
vt 0.731403 0.844463
vt 0.731292 0.830502
vt 0.755796 0.830307
vt 0.756306 0.894528
vt 0.731801 0.894722
vt 0.731088 0.804841
vt 0.742917 0.804747
vt 0.749276 0.807447
vt 0.753976 0.814923
vt 0.755755 0.825173
vt 0.818319 0.829811
vt 0.818429 0.843773
vt 0.756350 0.900112
vt 0.731845 0.900306
vt 0.825265 0.829756
vt 0.825376 0.843718
vt 0.756394 0.905696
vt 0.731890 0.905890
vt 0.855149 0.843482
vt 0.855038 0.829520
vt 0.825775 0.893977
vt 0.818828 0.894032
vt 0.732288 0.956150
vt 0.756793 0.955956
vt 0.884811 0.829284
vt 0.884922 0.843246
vt 0.825819 0.899561
vt 0.818872 0.899616
vt 0.756848 0.962936
vt 0.732344 0.963131
vt 0.891758 0.829229
vt 0.891869 0.843190
vt 0.855592 0.899325
vt 0.855548 0.893741
vt 0.825863 0.905145
vt 0.818916 0.905200
vt 0.819315 0.955460
vt 0.819370 0.962440
vt 0.954281 0.828733
vt 0.954392 0.842694
vt 0.892267 0.893450
vt 0.885320 0.893505
vt 0.855636 0.904909
vt 0.885364 0.899089
vt 0.826262 0.955405
vt 0.826317 0.962385
vt 0.976446 0.842520
vt 0.976335 0.828558
vt 0.892311 0.899034
vt 0.885408 0.904673
vt 0.856090 0.962149
vt 0.856035 0.955169
vt 0.976844 0.892779
vt 0.954790 0.892954
vt 0.955857 0.813322
vt 0.960437 0.805772
vt 0.966753 0.802972
vt 0.976131 0.802898
vt 0.954240 0.823599
vt 0.892356 0.904618
vt 0.885807 0.954933
vt 0.885863 0.961913
vt 0.976888 0.898363
vt 0.954835 0.898538
vt 0.892754 0.954878
vt 0.892810 0.961858
vt 0.976933 0.903947
vt 0.954879 0.904122
vt 0.955333 0.961363
vt 0.955277 0.954382
vt 0.977331 0.954207
vt 0.977386 0.961187
vt 0.563577 0.406879
vt 0.563577 0.415525
vt 0.558651 0.415525
vt 0.558651 0.406879
vt 0.581310 0.406879
vt 0.581310 0.415525
vt 0.563577 0.437585
vt 0.558651 0.437585
vt 0.549597 0.411053
vt 0.549597 0.406879
vt 0.556839 0.415525
vt 0.553218 0.414926
vt 0.550567 0.413289
vt 0.583280 0.406879
vt 0.583280 0.415525
vt 0.581310 0.437585
vt 0.563577 0.440037
vt 0.558651 0.440037
vt 0.585251 0.406879
vt 0.585251 0.415525
vt 0.583280 0.437585
vt 0.581310 0.440037
vt 0.558651 0.450542
vt 0.563577 0.450542
vt 0.602984 0.406879
vt 0.602984 0.415525
vt 0.585251 0.437585
vt 0.583280 0.440037
vt 0.581310 0.450542
vt 0.563577 0.461046
vt 0.558651 0.461046
vt 0.605447 0.406879
vt 0.605447 0.415525
vt 0.602984 0.437585
vt 0.585251 0.440037
vt 0.583280 0.450542
vt 0.581310 0.461046
vt 0.563577 0.463497
vt 0.558651 0.463497
vt 0.605447 0.437585
vt 0.602984 0.440037
vt 0.585251 0.450542
vt 0.583280 0.461046
vt 0.581310 0.463497
vt 0.563577 0.485558
vt 0.558651 0.485558
vt 0.605447 0.440037
vt 0.602984 0.450542
vt 0.585251 0.461046
vt 0.583280 0.463497
vt 0.581310 0.485558
vt 0.563577 0.493339
vt 0.558651 0.493339
vt 0.605447 0.450542
vt 0.602984 0.461046
vt 0.585251 0.463497
vt 0.583280 0.485558
vt 0.581310 0.493339
vt 0.549597 0.493339
vt 0.549597 0.490030
vt 0.550567 0.487794
vt 0.553218 0.486157
vt 0.556839 0.485558
vt 0.605447 0.461046
vt 0.602984 0.463497
vt 0.585251 0.485558
vt 0.583280 0.493339
vt 0.605447 0.463497
vt 0.602984 0.485558
vt 0.585251 0.493339
vt 0.605447 0.485558
vt 0.602984 0.493339
vt 0.605447 0.493339
vt 0.950503 0.984646
vt 0.950448 0.977666
vt 0.974952 0.977472
vt 0.975008 0.984452
vt 0.887981 0.985142
vt 0.887926 0.978162
vt 0.981291 0.977421
vt 0.981346 0.984402
vt 0.881035 0.985197
vt 0.880979 0.978217
vt 0.851206 0.978453
vt 0.851261 0.985433
vt 0.821489 0.985669
vt 0.821433 0.978689
vt 0.814487 0.978744
vt 0.814542 0.985725
vt 0.751963 0.979240
vt 0.752019 0.986220
vt 0.729965 0.986395
vt 0.729910 0.979415
vt 0.723627 0.986445
vt 0.723571 0.979465
vt 0.952954 0.984627
vt 0.952899 0.977646
vt 0.974953 0.977471
vt 0.975008 0.984452
vt 0.890431 0.985122
vt 0.890375 0.978142
vt 0.981291 0.977421
vt 0.981346 0.984402
vt 0.883484 0.985177
vt 0.883429 0.978197
vt 0.853656 0.978433
vt 0.853712 0.985414
vt 0.823938 0.985650
vt 0.823883 0.978670
vt 0.816936 0.978724
vt 0.816992 0.985705
vt 0.754414 0.979220
vt 0.754469 0.986201
vt 0.729965 0.986395
vt 0.729910 0.979415
vt 0.723627 0.986445
vt 0.723571 0.979465
vt 0.586507 0.966046
vt 0.586011 0.903524
vt 0.591595 0.903480
vt 0.592091 0.966002
vt 0.535751 0.903923
vt 0.536247 0.966445
vt 0.597179 0.903436
vt 0.597675 0.965958
vt 0.647935 0.965559
vt 0.647439 0.903037
vt 0.586507 0.966047
vt 0.586011 0.903524
vt 0.591595 0.903479
vt 0.592091 0.966003
vt 0.535751 0.903922
vt 0.536247 0.966446
vt 0.597179 0.903435
vt 0.597675 0.965959
vt 0.647935 0.965560
vt 0.647439 0.903037
vt 0.378057 0.637224
vt 0.454929 0.636614
vt 0.455958 0.766384
vt 0.379086 0.766994
vt 0.301183 0.637833
vt 0.302212 0.767603
vt 0.592043 0.959870
vt 0.562269 0.960107
vt 0.561871 0.909848
vt 0.591644 0.909612
vt 0.621416 0.909375
vt 0.621815 0.959634
vt 0.980750 0.550988
vt 0.982516 0.773719
vt 0.958012 0.773914
vt 0.956245 0.551182
vt 0.987088 0.550937
vt 0.988854 0.773669
vt 0.982654 0.791186
vt 0.958150 0.791380
vt 0.895489 0.774410
vt 0.893723 0.551677
vt 0.956107 0.533715
vt 0.980611 0.533521
vt 0.986949 0.533470
vt 0.988993 0.791136
vt 0.895628 0.791876
vt 0.888542 0.774465
vt 0.886776 0.551732
vt 0.893585 0.534211
vt 0.888681 0.791931
vt 0.857003 0.551969
vt 0.858769 0.774701
vt 0.886638 0.534266
vt 0.858908 0.792167
vt 0.856865 0.534502
vt 0.828997 0.774937
vt 0.827231 0.552205
vt 0.829135 0.792404
vt 0.827092 0.534738
vt 0.822050 0.774992
vt 0.820284 0.552260
vt 0.822189 0.792459
vt 0.820145 0.534793
vt 0.759527 0.775488
vt 0.757761 0.552756
vt 0.759665 0.792954
vt 0.757622 0.535289
vt 0.737473 0.775663
vt 0.735707 0.552931
vt 0.737611 0.793129
vt 0.735568 0.535464
vt 0.731135 0.775713
vt 0.729369 0.552981
vt 0.731273 0.793179
vt 0.729230 0.535514
vt 0.487164 0.601165
vt 0.709896 0.599399
vt 0.709990 0.611228
vt 0.487258 0.612994
vt 0.487114 0.594828
vt 0.709846 0.593061
vt 0.487124 0.596053
vt 0.709856 0.594287
vt 0.709930 0.603665
vt 0.487198 0.605431
vt 0.709980 0.610003
vt 0.487248 0.611769
vt 0.710705 0.701387
vt 0.487973 0.703153
vt 0.487477 0.640631
vt 0.710209 0.638864
vt 0.487422 0.633684
vt 0.710154 0.631918
vt 0.487186 0.603911
vt 0.709918 0.602144
vt 0.486950 0.574138
vt 0.709682 0.572372
vt 0.486895 0.567191
vt 0.709627 0.565425
vt 0.486399 0.504669
vt 0.709131 0.502902
vt 0.692287 0.902681
vt 0.692783 0.965204
vt 0.491399 0.966801
vt 0.490903 0.904278
vt 0.692287 0.902681
vt 0.692783 0.965204
vt 0.491399 0.966801
vt 0.490903 0.904278
vt 0.692287 0.902681
vt 0.692783 0.965204
vt 0.491399 0.966801
vt 0.490903 0.904278
vt 0.692287 0.902681
vt 0.692783 0.965205
vt 0.491399 0.966801
vt 0.490903 0.904278
vt 0.479262 0.701311
vt 0.479498 0.731083
vt 0.278115 0.732680
vt 0.277879 0.702907
vt 0.479026 0.671538
vt 0.277643 0.673135
vt 0.479026 0.671538
vt 0.479262 0.701310
vt 0.277879 0.702907
vt 0.277643 0.673135
vt 0.479498 0.731083
vt 0.278115 0.732680
vt 0.692535 0.933942
vt 0.692771 0.963716
vt 0.491387 0.965312
vt 0.491151 0.935539
vt 0.692299 0.904170
vt 0.490915 0.905767
vt 0.692299 0.904170
vt 0.692535 0.933943
vt 0.491151 0.935540
vt 0.490915 0.905767
vt 0.692771 0.963716
vt 0.491387 0.965312
vt 0.703984 0.410559
vt 0.703984 0.402778
vt 0.710147 0.402778
vt 0.710147 0.410559
vt 0.703984 0.400542
vt 0.710147 0.400542
vt 0.703984 0.432620
vt 0.710147 0.432620
vt 0.625396 0.402778
vt 0.625396 0.400542
vt 0.703984 0.435071
vt 0.710147 0.435071
vt 0.619233 0.402778
vt 0.619233 0.400542
vt 0.703984 0.445576
vt 0.710147 0.445576
vt 0.625396 0.410559
vt 0.619233 0.410559
vt 0.703984 0.456081
vt 0.710147 0.456081
vt 0.625396 0.432620
vt 0.619233 0.432620
vt 0.703984 0.458532
vt 0.710147 0.458532
vt 0.625396 0.435071
vt 0.619233 0.435071
vt 0.703984 0.480592
vt 0.710147 0.480592
vt 0.625396 0.445576
vt 0.619233 0.445576
vt 0.703984 0.489238
vt 0.710147 0.489238
vt 0.625396 0.456081
vt 0.619233 0.456081
vt 0.710147 0.491475
vt 0.703984 0.491475
vt 0.625396 0.458532
vt 0.619233 0.458532
vt 0.625396 0.489238
vt 0.625396 0.491475
vt 0.625396 0.480592
vt 0.619233 0.480592
vt 0.619233 0.489238
vt 0.619233 0.491475
vt 0.487804 0.735217
vt 0.710536 0.733451
vt 0.710647 0.747412
vt 0.487915 0.749179
vt 0.487601 0.709557
vt 0.710332 0.707791
vt 0.711045 0.797672
vt 0.488313 0.799438
vt 0.711089 0.803256
vt 0.488358 0.805022
vt 0.711134 0.808840
vt 0.488402 0.810607
vt 0.711532 0.859100
vt 0.488800 0.860866
vt 0.711588 0.866080
vt 0.488856 0.867847
vt 0.711384 0.840420
vt 0.488652 0.842186
vt 0.488542 0.828225
vt 0.711273 0.826458
vt 0.711587 0.866081
vt 0.488856 0.867847
vt 0.488143 0.777965
vt 0.710875 0.776199
vt 0.488099 0.772381
vt 0.710831 0.770615
vt 0.488055 0.766797
vt 0.710786 0.765031
vt 0.487656 0.716538
vt 0.710388 0.714771
vt 0.487601 0.709557
vt 0.710332 0.707791
vt 0.741065 0.979326
vt 0.963797 0.977560
vt 0.963852 0.984540
vt 0.741120 0.986306
vt 0.981264 0.977421
vt 0.981319 0.984402
vt 0.723654 0.986445
vt 0.723598 0.979465
vt 0.963852 0.984540
vt 0.741121 0.986306
vt 0.741065 0.979326
vt 0.963797 0.977560
vt 0.723654 0.986445
vt 0.723598 0.979464
vt 0.981264 0.977421
vt 0.981319 0.984402
vt 0.487095 0.592455
vt 0.709827 0.590689
vt 0.709868 0.595823
vt 0.487136 0.597589
vt 0.487218 0.607852
vt 0.709949 0.606086
vt 0.487277 0.615366
vt 0.710009 0.613600
vt 0.710009 0.613600
vt 0.487277 0.615366
vt 0.487236 0.610232
vt 0.709968 0.608466
vt 0.709887 0.598203
vt 0.487155 0.599969
vt 0.709827 0.590689
vt 0.487095 0.592456
vt 0.692490 0.928359
vt 0.692535 0.933943
vt 0.491151 0.935540
vt 0.491107 0.929955
vt 0.692579 0.939527
vt 0.491196 0.941124
vt 0.692092 0.878099
vt 0.490708 0.879696
vt 0.692977 0.989786
vt 0.491594 0.991383
vt 0.692535 0.933943
vt 0.692579 0.939527
vt 0.491195 0.941124
vt 0.491151 0.935540
vt 0.692978 0.989787
vt 0.491594 0.991383
vt 0.692491 0.928358
vt 0.491107 0.929955
vt 0.692092 0.878099
vt 0.490708 0.879696
vt 0.692490 0.928358
vt 0.692535 0.933943
vt 0.491151 0.935540
vt 0.491107 0.929955
vt 0.692579 0.939527
vt 0.491196 0.941124
vt 0.692092 0.878099
vt 0.490709 0.879696
vt 0.692977 0.989786
vt 0.491594 0.991383
vt 0.692535 0.933943
vt 0.692579 0.939527
vt 0.491195 0.941124
vt 0.491151 0.935540
vt 0.692978 0.989786
vt 0.491594 0.991383
vt 0.692491 0.928358
vt 0.491107 0.929955
vt 0.692092 0.878099
vt 0.490708 0.879696
vt 0.479063 0.676181
vt 0.479462 0.726440
vt 0.278078 0.728037
vt 0.277680 0.677778
vt 0.479063 0.676181
vt 0.479461 0.726440
vt 0.278078 0.728037
vt 0.277680 0.677778
vt 0.692335 0.908813
vt 0.692734 0.959072
vt 0.491350 0.960669
vt 0.490952 0.910410
vt 0.692335 0.908813
vt 0.692734 0.959072
vt 0.491350 0.960669
vt 0.490952 0.910410
vn 1.000000 0.000000 0.000000
vn 1.000000 0.000000 0.000000
vn 1.000000 0.000000 0.000000
vn 1.000000 0.000000 0.000000
vn 0.000000 1.000000 0.000000
vn 0.000000 1.000000 0.000000
vn 0.000000 1.000000 0.000000
vn 0.000000 1.000000 0.000000
vn -1.000000 0.000000 -0.000000
vn -1.000000 0.000000 -0.000000
vn -1.000000 0.000000 -0.000000
vn -1.000000 0.000000 -0.000000
vn -0.093075 -0.995659 0.000000
vn -0.093075 -0.995659 0.000000
vn 0.000000 -1.000000 0.000000
vn 0.000000 -1.000000 0.000000
vn 0.000000 0.000000 -1.000000
vn 0.000000 0.000000 -1.000000
vn 0.000000 0.000000 -1.000000
vn 0.000000 0.000000 -1.000000
vn 0.000000 0.000000 1.000000
vn 0.000000 0.000000 1.000000
vn 0.000000 0.000000 1.000000
vn 0.000000 0.000000 1.000000
vn 0.000000 0.000000 1.000000
vn 0.000000 0.000000 1.000000
vn 0.000000 0.000000 1.000000
vn 0.000000 0.000000 1.000000
vn 0.000000 -1.000000 0.000000
vn 0.000000 -1.000000 0.000000
vn 0.107428 -0.994213 0.000000
vn 0.107428 -0.994213 0.000000
vn 0.000000 0.000000 -1.000000
vn 0.000000 0.000000 -1.000000
vn 0.000000 -0.000000 -1.000000
vn 0.000000 -0.000000 -1.000000
vn 0.000000 1.000000 0.000000
vn 0.000000 1.000000 0.000000
vn 0.000000 1.000000 0.000000
vn 0.000000 1.000000 0.000000
vn 0.000000 0.000000 1.000000
vn 0.000000 0.000000 1.000000
vn 0.000000 1.000000 0.000000
vn 0.000000 1.000000 0.000000
vn 0.000000 0.000000 -1.000000
vn 0.000000 0.000000 -1.000000
vn 0.000000 -1.000000 0.000000
vn 0.000000 -1.000000 0.000000
vn 0.000000 -1.000000 0.000000
vn 0.000000 -1.000000 0.000000
vn 0.000000 0.000000 1.000000
vn 0.000000 0.000000 1.000000
vn 0.000000 -1.000000 0.000000
vn 0.000000 -1.000000 0.000000
vn 0.000000 -1.000000 0.000000
vn 0.000000 -1.000000 0.000000
vn 0.000000 0.000000 -1.000000
vn 0.000000 0.000000 -1.000000
vn 0.000000 1.000000 0.000000
vn 0.000000 1.000000 0.000000
vn 1.000000 0.000000 0.000000
vn 1.000000 0.000000 0.000000
vn 1.000000 0.000000 0.000000
vn 1.000000 0.000000 0.000000
vn 0.000000 0.000000 1.000000
vn 0.000000 0.000000 1.000000
vn 0.000000 0.000000 1.000000
vn 0.000000 0.000000 1.000000
vn 0.000000 0.000000 1.000000
vn 0.000000 0.000000 1.000000
vn 0.000000 0.000000 1.000000
vn 0.000000 0.000000 1.000000
vn 0.000000 0.000000 1.000000
vn 0.000000 0.000000 1.000000
vn 0.000000 0.000000 1.000000
vn 0.000000 0.000000 1.000000
vn -1.000000 0.000000 -0.000000
vn -1.000000 0.000000 -0.000000
vn -1.000000 0.000000 -0.000000
vn -1.000000 0.000000 -0.000000
vn 0.000000 0.000000 -1.000000
vn 0.000000 0.000000 -1.000000
vn 0.000000 0.000000 -1.000000
vn 0.000000 0.000000 -1.000000
vn 0.000000 0.000000 -1.000000
vn 0.000000 0.000000 -1.000000
vn 0.000000 0.000000 -1.000000
vn 0.000000 0.000000 -1.000000
vn 0.000000 0.000000 -1.000000
vn 0.000000 0.000000 -1.000000
vn 0.000000 0.000000 -1.000000
vn 0.000000 0.000000 -1.000000
vn -1.000000 0.000000 -0.000000
vn -1.000000 0.000000 -0.000000
vn -1.000000 0.000000 -0.000000
vn -1.000000 0.000000 -0.000000
vn 0.000000 0.000000 1.000000
vn 0.000000 0.000000 1.000000
vn 0.000000 0.000000 1.000000
vn 0.000000 0.000000 1.000000
vn 0.000000 0.000000 1.000000
vn 0.000000 0.000000 1.000000
vn 0.000000 0.000000 1.000000
vn 0.000000 0.000000 1.000000
vn 0.000000 0.000000 1.000000
vn 0.000000 0.000000 1.000000
vn 0.000000 0.000000 1.000000
vn 0.000000 0.000000 1.000000
vn 1.000000 0.000000 0.000000
vn 1.000000 0.000000 0.000000
vn 1.000000 0.000000 0.000000
vn 1.000000 0.000000 0.000000
vn 0.000000 0.000000 -1.000000
vn 0.000000 0.000000 -1.000000
vn 0.000000 0.000000 -1.000000
vn 0.000000 0.000000 -1.000000
vn 0.000000 0.000000 -1.000000
vn 0.000000 0.000000 -1.000000
vn 0.000000 0.000000 -1.000000
vn 0.000000 0.000000 -1.000000
vn 0.000000 0.000000 -1.000000
vn 0.000000 0.000000 -1.000000
vn 0.000000 0.000000 -1.000000
vn 0.000000 0.000000 -1.000000
vn 0.000000 0.000000 -1.000000
vn 0.000000 0.000000 -1.000000
vn 0.000000 0.000000 -1.000000
vn 0.000000 0.000000 -1.000000
vn 1.000000 0.000000 0.000000
vn 1.000000 0.000000 0.000000
vn 0.000000 0.000000 1.000000
vn 0.000000 0.000000 1.000000
vn 0.000000 0.000000 1.000000
vn 0.000000 0.000000 1.000000
vn 0.000000 0.000000 1.000000
vn 0.000000 0.000000 1.000000
vn -1.000000 0.000000 -0.000000
vn -1.000000 0.000000 -0.000000
vn 0.000000 0.000000 -1.000000
vn 0.000000 0.000000 -1.000000
vn 0.000000 0.000000 -1.000000
vn 0.000000 0.000000 -1.000000
vn 0.000000 0.000000 -1.000000
vn 0.000000 0.000000 -1.000000
vn 0.000000 0.000000 -1.000000
vn 0.000000 0.000000 -1.000000
vn -1.000000 0.000000 -0.000000
vn -1.000000 0.000000 -0.000000
vn -0.984419 -0.175839 0.000000
vn -0.984419 -0.175839 0.000000
vn 1.000000 0.000000 0.000000
vn 1.000000 0.000000 0.000000
vn -1.000000 0.000000 -0.000000
vn -1.000000 0.000000 -0.000000
vn 1.000000 0.000000 0.000000
vn 1.000000 0.000000 0.000000
vn 0.984425 -0.175807 0.000000
vn 0.984425 -0.175807 0.000000
vn 0.000000 0.000000 1.000000
vn 0.000000 0.000000 1.000000
vn 0.000000 0.000000 1.000000
vn 0.000000 0.000000 1.000000
vn 0.000000 0.000000 1.000000
vn 0.000000 0.000000 1.000000
vn 0.000000 0.000000 1.000000
vn 0.000000 0.000000 1.000000
vn 0.000000 0.000000 1.000000
vn 0.000000 0.000000 1.000000
vn 0.000000 0.000000 1.000000
vn 0.000000 0.000000 1.000000
vn 0.000000 0.000000 1.000000
vn 0.000000 0.000000 1.000000
vn 0.000000 1.000000 0.000000
vn 0.000000 1.000000 0.000000
vn 0.000000 1.000000 0.000000
vn 0.000000 1.000000 0.000000
vn 0.000000 0.000000 -1.000000
vn 0.000000 0.000000 -1.000000
vn 0.000000 0.000000 -1.000000
vn 0.000000 0.000000 -1.000000
vn 0.000000 0.000000 -1.000000
vn 0.000000 0.000000 -1.000000
vn 0.000000 0.000000 -1.000000
vn 0.000000 0.000000 -1.000000
vn 0.000000 0.000000 -1.000000
vn 0.000000 0.000000 -1.000000
vn 0.000000 0.000000 -1.000000
vn 0.000000 0.000000 -1.000000
vn 0.000000 0.000000 -1.000000
vn 0.000000 0.000000 -1.000000
vn 0.000000 -1.000000 0.000000
vn 0.000000 -1.000000 0.000000
vn 0.000000 -1.000000 0.000000
vn 0.000000 -1.000000 0.000000
vn 0.000000 0.000000 1.000000
vn 0.000000 0.000000 1.000000
vn 0.000000 0.000000 1.000000
vn 0.000000 0.000000 1.000000
vn 0.000000 0.000000 1.000000
vn 0.000000 0.000000 1.000000
vn 0.000000 0.000000 1.000000
vn 0.000000 -1.000000 0.000000
vn 0.000000 -1.000000 0.000000
vn 0.000000 0.000000 -1.000000
vn 0.000000 0.000000 -1.000000
vn 0.000000 0.000000 -1.000000
vn 0.000000 0.000000 -1.000000
vn 0.000000 0.000000 -1.000000
vn 0.000000 0.000000 -1.000000
vn 0.000000 0.000000 -1.000000
vn 0.000000 1.000000 0.000000
vn 0.000000 1.000000 0.000000
vn 0.000000 0.000000 -1.000000
vn 0.000000 0.000000 -1.000000
vn 0.000000 0.000000 -1.000000
vn 0.000000 0.000000 -1.000000
vn 0.000000 0.000000 -1.000000
vn 0.000000 0.000000 -1.000000
vn 1.000000 0.000000 0.000000
vn 1.000000 0.000000 0.000000
vn -0.000000 0.000000 1.000000
vn -0.000000 0.000000 1.000000
vn 0.000000 0.000000 1.000000
vn 0.000000 0.000000 1.000000
vn -0.000000 0.000000 1.000000
vn 0.000000 0.000000 1.000000
vn 0.000000 0.000000 1.000000
vn 0.000000 0.000000 1.000000
vn 0.000000 0.000000 1.000000
vn -1.000000 0.000000 -0.000000
vn -1.000000 0.000000 -0.000000
vn 0.000000 0.000000 -1.000000
vn -0.000000 0.000000 -1.000000
vn 0.000000 0.000000 -1.000000
vn 0.000000 0.000000 -1.000000
vn 0.000000 -0.000000 -1.000000
vn 0.000000 0.000000 -1.000000
vn 0.000000 0.000000 -1.000000
vn 0.000000 0.000000 -1.000000
vn 0.000000 0.000000 -1.000000
vn 0.000000 0.000000 -1.000000
vn 0.000000 0.000000 -1.000000
vn 0.000000 0.000000 -1.000000
vn 0.000000 -0.000001 -1.000000
vn 0.000000 0.000000 -1.000000
vn 0.000000 0.000000 -1.000000
vn 0.000000 0.000000 -1.000000
vn 0.000000 0.000000 -1.000000
vn -0.000000 0.000000 -1.000000
vn 0.000000 0.000000 -1.000000
vn 0.000000 0.000000 -1.000000
vn 0.000000 0.000000 -1.000000
vn 0.000000 0.000000 -1.000000
vn 0.000000 0.000000 -1.000000
vn 0.000000 0.000000 -1.000000
vn 0.000000 0.000000 -1.000000
vn 0.000000 0.000000 -1.000000
vn 0.000000 0.000000 -1.000000
vn 0.000000 0.000000 -1.000000
vn -1.000000 0.000000 -0.000000
vn -1.000000 0.000000 -0.000000
vn -1.000000 0.000000 -0.000000
vn -1.000000 0.000000 -0.000000
vn 1.000000 0.000000 0.000000
vn 1.000000 0.000000 0.000000
vn 1.000000 0.000000 0.000000
vn 1.000000 0.000000 0.000000
vn 1.000000 0.000000 0.000000
vn 1.000000 0.000000 0.000000
vn -1.000000 0.000000 -0.000000
vn -1.000000 0.000000 -0.000000
vn -1.000000 0.000000 -0.000000
vn -1.000000 0.000000 -0.000000
vn 1.000000 0.000000 0.000000
vn 1.000000 0.000000 0.000000
vn 0.000000 -1.000000 0.000000
vn 0.000000 -1.000000 0.000000
vn 0.000000 -1.000000 0.000000
vn 0.000000 -1.000000 0.000000
vn 1.000000 0.000000 0.000000
vn 1.000000 0.000000 0.000000
vn -1.000000 0.000000 -0.000000
vn -1.000000 0.000000 -0.000000
vn 0.000000 1.000000 0.000000
vn 0.000000 1.000000 0.000000
vn 0.000000 1.000000 0.000000
vn 0.000000 1.000000 0.000000
vn -1.000000 0.000000 -0.000000
vn -1.000000 0.000000 -0.000000
vn -1.000000 0.000000 -0.000000
vn -1.000000 0.000000 -0.000000
vn 1.000000 0.000000 0.000000
vn 1.000000 0.000000 0.000000
vn 1.000000 0.000000 0.000000
vn 1.000000 0.000000 0.000000
vn 1.000000 0.000000 0.000000
vn 1.000000 0.000000 0.000000
vn -1.000000 0.000000 -0.000000
vn -1.000000 0.000000 -0.000000
vn -1.000000 0.000000 -0.000000
vn -1.000000 0.000000 -0.000000
vn 1.000000 0.000000 0.000000
vn 1.000000 0.000000 0.000000
vn 0.000000 -1.000000 0.000000
vn 0.000000 -1.000000 0.000000
vn 0.000000 -1.000000 0.000000
vn 0.000000 -1.000000 0.000000
vn 1.000000 0.000000 0.000000
vn 1.000000 0.000000 0.000000
vn -1.000000 0.000000 -0.000000
vn -1.000000 0.000000 -0.000000
vn 0.000000 1.000000 0.000000
vn 0.000000 1.000000 0.000000
vn 0.000000 1.000000 0.000000
vn 0.000000 1.000000 0.000000
vn 0.000000 1.000000 0.000000
vn 0.000000 1.000000 0.000000
vn 0.000000 1.000000 0.000000
vn 0.000000 1.000000 0.000000
vn 1.000000 0.000000 0.000000
vn 1.000000 0.000000 0.000000
vn 1.000000 0.000000 0.000000
vn 1.000000 0.000000 0.000000
vn 0.000000 -1.000000 0.000000
vn 0.000000 -1.000000 0.000000
vn 0.000000 -1.000000 0.000000
vn 0.000000 -1.000000 0.000000
vn 0.000000 1.000000 0.000000
vn 0.000000 1.000000 0.000000
vn 0.000000 -1.000000 0.000000
vn 0.000000 -1.000000 0.000000
vn -1.000000 0.000000 -0.000000
vn -1.000000 0.000000 -0.000000
vn -1.000000 0.000000 -0.000000
vn -1.000000 0.000000 -0.000000
vn 0.000000 -1.000000 0.000000
vn 0.000000 -1.000000 0.000000
vn 0.000000 -1.000000 0.000000
vn 0.000000 -1.000000 0.000000
vn -1.000000 0.000000 -0.000000
vn -1.000000 0.000000 -0.000000
vn -1.000000 0.000000 -0.000000
vn -1.000000 0.000000 -0.000000
vn -0.000000 1.000000 0.000000
vn -0.000000 1.000000 0.000000
vn -0.000000 1.000000 0.000000
vn -0.000000 1.000000 0.000000
vn 1.000000 0.000000 0.000000
vn 1.000000 0.000000 0.000000
vn 1.000000 0.000000 0.000000
vn 1.000000 0.000000 0.000000
vn 0.000000 -1.000000 0.000000
vn 0.000000 -1.000000 0.000000
vn 0.000000 1.000000 0.000000
vn 0.000000 1.000000 0.000000
vn -1.000000 0.000000 -0.000000
vn -1.000000 0.000000 -0.000000
vn 0.000000 0.000000 1.000000
vn 0.000000 0.000000 1.000000
vn 0.000000 0.000000 1.000000
vn -0.000000 0.000001 1.000000
vn -0.000000 0.000001 1.000000
vn 0.000000 0.000000 1.000000
vn 0.000000 0.000002 1.000000
vn -0.000000 0.000002 1.000000
vn -0.000000 0.000001 1.000000
vn 1.000000 0.000000 0.000000
vn 1.000000 0.000000 0.000000
vn -0.000000 0.000000 -1.000000
vn 0.000000 0.000000 -1.000000
vn 0.000000 0.000000 -1.000000
vn 0.000000 -0.000002 -1.000000
vn -0.000000 -0.000001 -1.000000
vn -0.000000 -0.000001 -1.000000
vn 0.000000 -0.000000 -1.000000
vn 0.000000 0.000000 -1.000000
vn -0.000000 0.000000 -1.000000
vn 0.000000 0.000001 -1.000000
vn 0.000000 -1.000000 0.000000
vn 0.000000 -1.000000 0.000000
vn 0.000000 -1.000000 0.000000
vn 0.000000 -1.000000 0.000000
vn -1.000000 0.000000 -0.000000
vn -1.000000 0.000000 -0.000000
vn 0.000000 1.000000 0.000000
vn 0.000000 1.000000 0.000000
vn 0.000000 -1.000000 0.000000
vn 0.000000 -1.000000 0.000000
vn 0.000000 1.000000 0.000000
vn 0.000000 -1.000000 0.000000
vn 0.000000 -1.000000 0.000000
vn 0.000000 -1.000000 0.000000
vn 0.000000 -1.000000 0.000000
vn 0.000000 1.000000 0.000000
vn 0.000000 1.000000 0.000000
vn 1.000000 0.000000 0.000000
vn 1.000000 0.000000 0.000000
vn -0.000000 -1.000000 0.000000
vn -0.000000 -1.000000 0.000000
vn 0.000000 1.000000 0.000000
vn 0.000000 -1.000000 0.000000
vn 0.000000 -1.000000 0.000000
vn 0.000000 -1.000000 0.000000
vn 0.000000 -1.000000 0.000000
vn 0.000000 1.000000 0.000000
vn 0.000000 1.000000 0.000000
vn 0.000000 1.000000 0.000000
vn 0.000000 -1.000000 0.000000
vn 0.000000 -1.000000 0.000000
vn 0.000000 -1.000000 0.000000
vn 0.000000 -1.000000 0.000000
vn 0.000000 -1.000000 0.000000
vn 0.000000 0.000000 1.000000
vn 0.000000 0.000000 1.000000
vn 0.000000 1.000000 0.000000
vn 0.000000 1.000000 0.000000
vn 0.000000 1.000000 0.000000
vn 0.000000 0.000000 -1.000000
vn 0.000000 0.000000 -1.000000
vn 0.000000 -1.000000 0.000000
vn -0.000000 -1.000000 0.000000
vn -0.000000 -1.000000 0.000000
vn -0.000000 -1.000000 0.000000
vn -0.000000 -1.000000 0.000000
vn 1.000000 0.000000 0.000000
vn 1.000000 0.000000 0.000000
vn 0.000000 1.000000 0.000000
vn 0.000000 1.000000 0.000000
vn 0.000000 -1.000000 0.000000
vn 0.000000 -1.000000 0.000000
vn 0.000000 1.000000 0.000000
vn 0.000000 -1.000000 0.000000
vn 0.000000 -1.000000 0.000000
vn 0.000000 -1.000000 0.000000
vn 0.000000 -1.000000 0.000000
vn 0.000000 1.000000 0.000000
vn 0.000000 1.000000 0.000000
vn 0.000000 -1.000000 0.000000
vn 0.000000 1.000000 0.000000
vn 0.000000 1.000000 0.000000
vn 0.000000 1.000000 0.000000
vn -0.000000 -1.000000 0.000000
vn -0.000000 -1.000000 0.000000
vn -0.000000 -1.000000 0.000000
vn 0.000000 -1.000000 0.000000
vn 0.000000 -1.000000 0.000000
vn 0.000000 -1.000000 0.000000
vn 0.000000 1.000000 0.000000
vn 0.000000 1.000000 0.000000
vn -1.000000 0.000000 -0.000000
vn -1.000000 0.000000 -0.000000
vn 0.000000 -1.000000 0.000000
vn -0.000000 -1.000000 0.000000
vn 0.000000 -1.000000 0.000000
vn 0.000000 1.000000 0.000000
vn 0.000000 1.000000 0.000000
vn -0.000000 -1.000000 0.000000
vn 0.000000 0.000000 -1.000000
vn 0.000000 0.000000 -1.000000
vn 0.000000 1.000000 0.000000
vn 0.000000 1.000000 0.000000
vn 0.000000 0.000000 1.000000
vn 0.000000 0.000000 1.000000
vn 0.000000 -1.000000 0.000000
vn -0.500002 -0.866024 0.000000
vn -0.500002 -0.866024 0.000000
vn -0.707103 -0.707110 0.000000
vn -0.707103 -0.707110 0.000000
vn -0.965919 -0.258845 0.000000
vn -0.965919 -0.258845 0.000000
vn 0.500002 -0.866024 0.000000
vn 0.500002 -0.866024 0.000000
vn 0.707103 -0.707110 0.000000
vn 0.707103 -0.707110 0.000000
vn 0.965931 -0.258800 0.000000
vn 0.965931 -0.258800 0.000000
vn 0.000000 0.000000 1.000000
vn 0.000000 0.000000 1.000000
vn 0.000000 0.000000 1.000000
vn 0.000000 0.000000 1.000000
vn 0.000000 0.000000 1.000000
vn 0.000000 0.000000 -1.000000
vn 0.000000 0.000000 -1.000000
vn 0.000000 0.000000 -1.000000
vn 0.000000 0.000000 -1.000000
vn 0.000000 0.000000 -1.000000
vn 0.000000 -0.000000 -1.000000
vn 0.000000 -0.000000 -1.000000
vn 0.000000 -0.000000 -1.000000
vn 0.000000 -0.000000 -1.000000
vn 0.000000 -0.000000 -1.000000
vn 0.000000 0.000000 1.000000
vn 0.000000 0.000000 1.000000
vn 0.000000 0.000000 1.000000
vn 0.000000 0.000000 1.000000
vn 0.000000 0.000000 1.000000
s 1
g Draws9
usemtl initialShadingGroup
f 316/1000/876 317/1001/877 356/1002/878 357/1003/879
s 2
f 318/846/880 319/847/881 327/848/882 324/849/883
s 3
f 323/1016/884 322/1017/885 361/1018/886 362/1019/887
s 4
f 548/890/888 552/891/889 366/892/890 367/893/891
s 5
f 365/624/892 356/625/893 317/626/894 326/627/895
s 6
f 357/697/896 358/698/897 325/699/898 316/700/899
f 360/741/900 361/748/901 322/749/902 328/742/903
s 8
f 368/896/904 369/897/905 558/898/906 560/899/907
s 5
f 362/671/908 363/664/909 331/663/910 323/672/911
s 2
f 329/879/912 330/878/913 321/882/914 320/883/915
s 6
f 403/703/916 404/704/917 325/699/898 358/698/897
s 2
f 409/854/918 400/855/919 324/849/883 327/848/882
s 5
f 405/635/920 406/636/921 365/624/892 326/627/895
s 11
f 326/902/922 325/903/923 404/904/924 405/905/925
s 6
f 390/735/926 391/734/927 360/741/900 328/742/903
s 11
f 399/913/928 390/912/929 328/914/930 331/915/931
s 5
f 398/656/932 399/655/933 331/663/910 363/664/909
s 2
f 330/878/913 329/879/912 394/875/934 395/874/935
s 13
f 540/1032/936 541/1033/937 542/1034/938 543/1035/939
s 14
f 520/770/940 521/771/941 522/772/942 523/773/943
f 524/774/944 525/775/945 521/771/941 520/770/940
f 526/786/946 527/784/947 528/785/948 529/787/949
f 530/788/950 531/789/951 526/786/946 529/787/949
s 16
f 514/1040/952 515/1041/953 516/1042/954 517/1043/955
s 17
f 496/792/956 497/793/957 498/794/958 499/795/959
f 500/796/960 501/797/961 497/793/957 496/792/956
f 502/808/962 503/806/963 504/807/964 505/809/965
f 507/810/966 506/811/967 502/808/962 505/809/965
s 3
f 342/1025/968 341/1024/969 419/1026/970 420/1027/971
s 6
f 341/763/972 340/753/973 418/762/974 419/766/975
f 417/752/976 418/762/974 340/753/973 392/746/977
f 412/716/978 413/723/979 402/717/980 338/711/981
f 338/711/981 337/710/982 411/715/983 412/716/978
s 1
f 337/1009/984 336/1008/985 410/1010/986 411/1011/987
s 5
f 427/641/988 410/642/989 336/638/990 345/637/991
s 24
f 446/814/992 447/815/993 448/816/994 449/817/995
s 25
f 456/824/996 457/825/997 458/826/998 459/827/999
s 5
f 343/688/1000 342/687/1001 420/691/1002 421/692/1003
s 1
f 429/1007/1004 430/1006/1005 336/1008/985 337/1009/984
s 6
f 337/710/982 338/711/981 428/702/1006 429/701/1007
f 445/712/1008 428/702/1006 338/711/981 402/717/980
f 440/747/1009 441/740/1010 392/746/977 340/753/973
f 340/753/973 341/763/972 439/754/1011 440/747/1009
s 3
f 438/1023/1012 439/1022/1013 341/1024/969 342/1025/968
s 5
f 342/687/1001 343/688/1000 437/678/1014 438/677/1015
s 25
f 460/830/1016 461/831/1017 459/827/999 458/826/998
s 24
f 450/820/1018 451/821/1019 449/817/995 448/816/994
s 5
f 345/637/991 336/638/990 430/629/1020 431/628/1021
s 27
f 325/1048/1022 326/1049/1023 555/1050/1024 549/1051/1025
s 1
f 317/1001/877 316/1000/876 367/1004/1026 366/1005/1027
s 3
f 322/1017/885 323/1016/884 369/1020/1028 368/1021/1029
s 28
f 331/1056/1030 328/1057/1031 563/1058/1032 559/1059/1033
s 6
f 359/720/1034 371/726/1035 370/727/1036 333/719/1037
f 339/732/1038 372/739/1039 442/733/1040 443/725/1041
f 372/739/1039 339/732/1038 415/738/1042 416/745/1043
s 14
f 532/781/1044 533/782/1045 534/783/1046 535/780/1047
s 2
f 375/870/1048 374/871/1049 332/865/1050 335/866/1051
s 17
f 508/802/1052 509/801/1053 510/800/1054 511/803/1055
s 5
f 344/657/1056 377/668/1057 423/674/1058 424/667/1059
f 434/658/1060 435/666/1061 377/668/1057 344/657/1056
f 334/644/1062 379/649/1063 378/650/1064 364/643/1065
s 11
f 333/908/1066 370/910/1067 379/911/1068 334/909/1069
s 14
f 535/780/1047 536/779/1070 537/778/1071 532/781/1044
s 6
f 339/732/1038 382/724/1072 414/731/1073 415/738/1042
f 443/725/1041 444/718/1074 382/724/1072 339/732/1038
f 333/719/1037 384/714/1075 383/713/1076 359/720/1034
s 11
f 385/907/1077 384/906/1078 333/908/1066 334/909/1069
s 5
f 364/643/1065 386/640/1079 385/639/1080 334/644/1062
f 344/657/1056 387/651/1081 433/645/1082 434/658/1060
f 387/651/1081 344/657/1056 424/667/1059 425/659/1083
s 17
f 511/803/1055 512/804/1084 513/805/1085 508/802/1052
s 2
f 332/865/1050 380/862/1086 389/861/1087 335/866/1051
s 6
f 370/727/1036 371/726/1035 391/734/927 390/735/926
f 441/740/1010 442/733/1040 372/739/1039 392/746/977
f 392/746/977 372/739/1039 416/745/1043 417/752/976
s 14
f 527/784/947 534/783/1046 533/782/1045 528/785/948
s 2
f 395/874/935 394/875/934 374/871/1049 375/870/1048
s 17
f 510/800/1054 509/801/1053 501/797/961 500/796/960
s 5
f 422/684/1088 423/674/1058 377/668/1057 397/673/1089
f 435/666/1061 436/665/1090 397/673/1089 377/668/1057
f 378/650/1064 379/649/1063 399/655/933 398/656/932
s 11
f 379/911/1068 370/910/1067 390/912/929 399/913/928
s 14
f 537/778/1071 536/779/1070 525/775/945 524/774/944
s 6
f 413/723/979 414/731/1073 382/724/1072 402/717/980
f 444/718/1074 445/712/1008 402/717/980 382/724/1072
f 383/713/1076 384/714/1075 404/704/917 403/703/916
s 11
f 405/905/925 404/904/924 384/906/1078 385/907/1077
s 5
f 385/639/1080 386/640/1079 406/636/921 405/635/920
f 432/646/1091 433/645/1082 387/651/1081 407/652/1092
f 407/652/1092 387/651/1081 425/659/1083 426/660/1093
s 17
f 503/806/963 513/805/1085 512/804/1084 504/807/964
s 2
f 389/861/1087 380/862/1086 400/855/919 409/854/918
s 1
f 411/1011/987 410/1010/986 352/1012/1094 351/1013/1095
s 6
f 412/716/978 411/715/983 351/721/1096 350/722/1097
f 401/730/1098 413/723/979 412/716/978 350/722/1097
f 381/737/1099 414/731/1073 413/723/979 401/730/1098
f 415/738/1042 414/731/1073 381/737/1099 349/744/1100
f 416/745/1043 415/738/1042 349/744/1100 373/751/1101
f 417/752/976 416/745/1043 373/751/1101 393/761/1102
f 348/765/1103 418/762/974 417/752/976 393/761/1102
f 419/766/975 418/762/974 348/765/1103 347/768/1104
s 3
f 420/1027/971 419/1026/970 347/1028/1105 346/1029/1106
s 5
f 421/692/1003 420/691/1002 346/695/1107 355/694/1108
s 25
f 462/828/1109 457/825/997 456/824/996 463/829/1110
s 5
f 376/685/1111 423/674/1058 422/684/1088 396/689/1112
s 32
f 467/834/1113 466/835/1114 468/836/1115 469/837/1116
f 470/838/1117 467/834/1113 469/837/1116 471/839/1118
s 5
f 426/660/1093 425/659/1083 388/669/1119 408/661/1120
s 24
f 452/818/1121 447/815/993 446/814/992 453/819/1122
s 5
f 352/647/1123 410/642/989 427/641/988 353/648/1124
s 6
f 429/701/1007 428/702/1006 358/698/897 357/697/896
s 1
f 357/1003/879 356/1002/878 430/1006/1005 429/1007/1004
s 5
f 431/628/1021 430/629/1020 356/625/893 365/624/892
s 24
f 454/822/1125 451/821/1019 450/820/1018 455/823/1126
s 5
f 386/640/1079 433/645/1082 432/646/1091 406/636/921
s 33
f 473/840/1127 472/841/1128 474/842/1129 475/843/1130
f 477/844/1131 476/845/1132 473/840/1127 475/843/1130
s 5
f 398/656/932 436/665/1090 435/666/1061 378/650/1064
s 25
f 464/832/1133 461/831/1017 460/830/1016 465/833/1134
s 5
f 438/677/1015 437/678/1014 363/664/909 362/671/908
s 3
f 362/1019/887 361/1018/886 439/1022/1013 438/1023/1012
s 6
f 440/747/1009 439/754/1011 361/748/901 360/741/900
f 391/734/927 441/740/1010 440/747/1009 360/741/900
f 371/726/1035 442/733/1040 441/740/1010 391/734/927
f 443/725/1041 442/733/1040 371/726/1035 359/720/1034
f 383/713/1076 444/718/1074 443/725/1041 359/720/1034
f 403/703/916 445/712/1008 444/718/1074 383/713/1076
f 358/698/897 428/702/1006 445/712/1008 403/703/916
s 34
f 427/1064/1135 345/1065/1136 448/1066/1137 447/1067/1138
s 35
f 407/1074/1139 426/1075/1140 446/1076/1141 449/1077/1142
f 432/1080/1143 407/1074/1139 449/1077/1142 451/1081/1144
s 34
f 345/1065/1136 431/1068/1145 450/1069/1146 448/1066/1137
f 353/1070/1147 427/1064/1135 447/1067/1138 452/1071/1148
s 35
f 426/1075/1140 408/1078/1149 453/1079/1150 446/1076/1141
s off
f 408/916/1151 353/917/1152 452/918/1153 453/919/1154
s 35
f 406/1082/1155 432/1080/1143 451/1081/1144 454/1083/1156
s 34
f 431/1068/1145 365/1072/1157 455/1073/1158 450/1069/1146
s off
f 365/920/1159 406/921/1160 454/922/1161 455/923/1162
s 36
f 422/1084/1163 397/1085/1164 458/1086/1165 457/1087/1166
s 37
f 343/1094/1167 421/1095/1168 456/1096/1169 459/1097/1170
f 437/1100/1171 343/1094/1167 459/1097/1170 461/1101/1172
s 36
f 397/1085/1164 436/1088/1173 460/1089/1174 458/1086/1165
f 396/1090/1175 422/1084/1163 457/1087/1166 462/1091/1176
s 37
f 421/1095/1168 355/1098/1177 463/1099/1178 456/1096/1169
s off
f 355/924/1179 396/925/1180 462/926/1181 463/927/1182
s 37
f 363/1102/1183 437/1100/1171 461/1101/1172 464/1103/1184
s 36
f 436/1088/1173 398/1092/1185 465/1093/1186 460/1089/1174
s off
f 398/928/1187 363/929/1188 464/930/1189 465/931/1190
s 38
f 424/932/1191 423/933/1192 466/934/1193 467/935/1194
s off
f 423/1104/1195 376/1105/1196 468/1106/1197 466/1107/1198
s 39
f 376/938/1199 354/939/1200 469/940/1201 468/941/1202
s 38
f 425/936/1203 424/932/1191 467/935/1194 470/937/1204
s 39
f 354/939/1200 388/942/1205 471/943/1206 469/940/1201
s off
f 388/1108/1207 425/1109/1208 470/1110/1209 471/1111/1210
s 40
f 434/944/1211 433/945/1212 472/946/1213 473/947/1214
s off
f 433/1112/1215 386/1113/1216 474/1114/1217 472/1115/1218
s 41
f 386/950/1219 364/951/1220 475/952/1221 474/953/1222
s off
f 378/1116/1223 435/1117/1224 476/1118/1225 477/1119/1226
s 40
f 435/948/1227 434/944/1211 473/947/1214 476/949/1228
s 41
f 364/951/1220 378/954/1229 477/955/1230 475/952/1221
s 3
f 346/1029/1106 347/1028/1105 479/1030/1231 478/1031/1232
s 6
f 480/767/1233 479/769/1234 347/768/1104 348/765/1103
f 393/761/1102 481/764/1235 480/767/1233 348/765/1103
f 373/751/1101 482/760/1236 481/764/1235 393/761/1102
f 483/750/1237 482/760/1236 373/751/1101 349/744/1100
f 349/744/1100 381/737/1099 484/743/1238 483/750/1237
f 485/736/1239 484/743/1238 381/737/1099 401/730/1098
f 486/729/1240 485/736/1239 401/730/1098 350/722/1097
f 487/728/1241 486/729/1240 350/722/1097 351/721/1096
s 1
f 351/1013/1095 352/1012/1094 488/1014/1242 487/1015/1243
s 5
f 489/653/1244 488/654/1245 352/647/1123 353/648/1124
f 408/661/1120 490/662/1246 489/653/1244 353/648/1124
f 388/669/1119 491/670/1247 490/662/1246 408/661/1120
f 492/675/1248 491/670/1247 388/669/1119 354/676/1249
f 354/676/1249 376/685/1111 493/686/1250 492/675/1248
f 494/690/1251 493/686/1250 376/685/1111 396/689/1112
f 495/693/1252 494/690/1251 396/689/1112 355/694/1108
f 478/696/1253 495/693/1252 355/694/1108 346/695/1107
s 42
f 495/956/1254 478/957/1255 498/958/1256 497/959/1257
s 16
f 514/1040/952 517/1043/955 518/1046/1258 519/1047/1259
s 2
f 321/882/914 330/878/913 496/880/1260 499/884/1261
s 42
f 494/962/1262 495/956/1254 497/959/1257 501/963/1263
s 2
f 330/878/913 395/874/935 500/876/1264 496/880/1260
s 42
f 489/982/1265 490/978/1266 503/979/1267 502/983/1268
s 2
f 409/854/918 327/848/882 505/853/1269 504/860/1270
s 13
f 542/1034/938 541/1033/937 544/1036/1271 545/1037/1272
s 42
f 488/986/1273 489/982/1265 502/983/1268 506/987/1274
s 2
f 327/848/882 319/847/881 507/852/1275 505/853/1269
s 42
f 492/970/1276 493/966/1277 509/967/1278 508/971/1279
s 2
f 375/870/1048 335/866/1051 511/868/1280 510/872/1281
f 335/866/1051 389/861/1087 512/864/1282 511/868/1280
s 42
f 491/974/1283 492/970/1276 508/971/1279 513/975/1284
f 493/966/1277 494/962/1262 501/963/1263 509/967/1278
s 2
f 395/874/935 375/870/1048 510/872/1281 500/876/1264
s 42
f 490/978/1266 491/974/1283 513/975/1284 503/979/1267
s 2
f 389/861/1087 409/854/918 504/860/1270 512/864/1282
s 42
f 478/957/1255 479/964/1285 515/965/1286 514/960/1287
s 14
f 531/789/951 530/788/950 538/790/1288 539/791/1289
s 2
f 320/883/915 321/882/914 517/886/1290 516/887/1291
f 321/882/914 499/884/1261 518/888/1292 517/886/1290
s 17
f 499/795/959 498/794/958 519/798/1293 518/799/1294
s 42
f 498/958/1256 478/957/1255 514/960/1287 519/961/1295
f 486/996/1296 487/994/1297 522/998/1298 521/997/1299
s 13
f 540/1032/936 543/1035/939 546/1038/1300 547/1039/1301
s 2
f 318/846/880 324/849/883 520/856/1302 523/857/1303
s 42
f 485/992/1304 486/996/1296 521/997/1299 525/993/1305
s 2
f 324/849/883 400/855/919 524/863/1306 520/856/1302
s 42
f 480/972/1307 481/976/1308 527/977/1309 526/973/1310
s 2
f 394/875/934 329/879/912 529/881/1311 528/877/1312
s 42
f 479/964/1285 480/972/1307 526/973/1310 531/968/1313
s 2
f 329/879/912 320/883/915 530/885/1314 529/881/1311
f 332/865/1050 374/871/1049 533/873/1315 532/869/1316
s 42
f 482/980/1317 483/984/1318 535/985/1319 534/981/1320
f 483/984/1318 484/988/1321 536/989/1322 535/985/1319
s 2
f 380/862/1086 332/865/1050 532/869/1316 537/867/1323
s 42
f 481/976/1308 482/980/1317 534/981/1320 527/977/1309
s 2
f 374/871/1049 394/875/934 528/877/1312 533/873/1315
s 42
f 484/988/1321 485/992/1304 525/993/1305 536/989/1322
s 2
f 400/855/919 380/862/1086 537/867/1323 524/863/1306
f 320/883/915 516/887/1291 538/889/1324 530/885/1314
s 16
f 516/1042/954 515/1041/953 539/1044/1325 538/1045/1326
s 42
f 515/965/1286 479/964/1285 531/968/1313 539/969/1327
f 487/994/1297 488/986/1273 541/991/1328 540/995/1329
s 2
f 319/847/881 318/846/880 543/850/1330 542/851/1331
s 42
f 488/986/1273 506/987/1274 544/990/1332 541/991/1328
s 17
f 506/811/967 507/810/966 545/812/1333 544/813/1334
s 2
f 507/852/1275 319/847/881 542/851/1331 545/859/1335
f 318/846/880 523/857/1303 546/858/1336 543/850/1330
s 14
f 523/773/943 522/772/942 547/776/1337 546/777/1338
s 42
f 522/998/1298 487/994/1297 540/995/1329 547/999/1339
s 4
f 548/890/888 551/894/1340 553/895/1341 552/891/889
f 551/1054/1340 550/1052/1342 554/1053/1343 553/1055/1341
s 27
f 550/1052/1344 549/1051/1025 555/1050/1024 554/1053/1345
s 8
f 558/898/906 557/900/1346 561/901/1347 560/899/907
f 557/1062/1346 556/1060/1348 562/1061/1349 561/1063/1347
s 28
f 556/1060/1350 559/1059/1033 563/1058/1032 562/1061/1351
s 6
f 548/705/1352 367/706/1353 316/700/899 325/699/898 549/707/1354 550/708/1355 551/709/1356
s 5
f 326/627/895 317/626/894 366/630/1357 552/631/1358 553/632/1359 554/633/1360 555/634/1361
f 556/679/1362 557/680/1363 558/681/1364 369/682/1365 323/672/911 331/663/910 559/683/1366
s 6
f 328/742/903 322/749/902 368/755/1367 560/756/1368 561/757/1369 562/758/1370 563/759/1371
g default
v 2.516182 4.753825 18.072916
v -0.542877 4.753825 18.072916
v -0.542877 1.379365 18.072916
v 2.516182 1.379364 18.072916
v 2.516182 4.753825 17.864272
v -0.542877 4.753825 17.864272
v -0.542877 1.379365 17.864272
v 2.516182 1.379364 17.864272
vt 0.149149 0.992045
vt 0.149149 0.756729
vt 0.280879 0.756729
vt 0.280879 0.992045
vt 0.119950 0.734721
vt 0.013131 0.734721
vt 0.013131 0.543903
vt 0.119950 0.543903
vt 0.056501 0.692722
vt 0.056501 0.585902
vt 0.076579 0.585902
vt 0.076579 0.692722
vt 0.056501 0.692722
vt 0.056501 0.585902
vt 0.076579 0.585902
vt 0.076579 0.692722
vt 0.076579 0.734721
vt 0.056501 0.734721
vt 0.056501 0.543903
vt 0.076579 0.543903
vt 0.076579 0.543904
vt 0.076579 0.734720
vt 0.056501 0.734720
vt 0.056501 0.543904
vn 0.000000 0.000000 -1.000000
vn 0.000000 0.000000 -1.000000
vn 0.000000 0.000000 -1.000000
vn 0.000000 0.000000 -1.000000
vn 0.000000 0.000000 1.000000
vn 0.000000 0.000000 1.000000
vn 0.000000 0.000000 1.000000
vn 0.000000 0.000000 1.000000
vn 1.000000 0.000000 0.000000
vn 1.000000 0.000000 0.000000
vn 1.000000 0.000000 0.000000
vn 1.000000 0.000000 0.000000
vn 0.000000 1.000000 0.000000
vn 0.000000 1.000000 0.000000
vn 0.000000 1.000000 0.000000
vn 0.000000 1.000000 0.000000
vn -1.000000 0.000000 -0.000000
vn -1.000000 0.000000 -0.000000
vn -1.000000 0.000000 -0.000000
vn -1.000000 0.000000 -0.000000
vn -0.000000 -1.000000 0.000000
vn -0.000000 -1.000000 0.000000
vn -0.000000 -1.000000 0.000000
vn -0.000000 -1.000000 0.000000
s off
g Draws9 Draws8
usemtl initialShadingGroup
f 568/1120/1372 571/1121/1373 570/1122/1374 569/1123/1375
f 564/1124/1376 565/1125/1377 566/1126/1378 567/1127/1379
f 568/1136/1380 564/1137/1381 567/1138/1382 571/1139/1383
f 565/1128/1384 564/1129/1385 568/1130/1386 569/1131/1387
f 569/1140/1388 570/1141/1389 566/1142/1390 565/1143/1391
f 567/1132/1392 566/1133/1393 570/1134/1394 571/1135/1395
g default
v -0.882764 2.897871 21.248635
v -0.882764 1.379365 21.248635
v -3.796157 2.897871 21.248635
v -3.796157 1.379365 21.248635
v -0.882764 2.897871 17.864271
v -0.882764 1.379365 17.864271
v -3.796157 2.897871 17.864271
v -3.796157 1.379365 17.864271
v -3.650486 2.897871 21.248635
v -3.650486 1.379365 21.248635
v -3.650486 1.379365 17.864271
v -3.650486 2.897871 17.864271
v -1.028440 2.897871 21.248635
v -1.028440 1.379365 21.248635
v -1.028440 1.379365 17.864271
v -1.028440 2.897871 17.864271
v -0.882764 2.897871 19.556453
v -1.028440 2.897871 19.556453
v -3.650486 2.897871 19.556453
v -3.796157 2.897871 19.556453
v -3.796157 1.379365 19.556453
v -3.650486 1.379365 19.556453
v -1.028440 1.379365 19.556453
v -0.882764 1.379365 19.556453
v -3.650486 2.897871 18.033490
v -1.028440 2.897871 18.033490
v -0.882764 2.897871 18.033490
v -0.882764 1.379365 18.033490
v -1.028440 1.379365 18.033490
v -3.650486 1.379365 18.033490
v -3.796157 1.379365 18.033490
v -3.796157 2.897871 18.033490
v -0.882764 2.897871 21.079417
v -1.028440 2.897871 21.079417
v -3.650486 2.897871 21.079417
v -3.796157 2.897871 21.079417
v -3.796157 1.379365 21.079417
v -3.650486 1.379365 21.079417
v -1.028440 1.379365 21.079417
v -0.882764 1.379365 21.079417
v -3.650486 1.534156 18.033490
v -3.650486 1.534156 19.556453
v -1.028440 1.534156 19.556453
v -1.028440 1.534156 18.033490
v -1.028440 1.534156 21.079417
v -3.650486 1.534156 21.079417
vt 0.294644 0.980813
vt 0.476546 0.980813
vt 0.476546 0.991588
vt 0.294644 0.991588
vt 0.294644 0.786853
vt 0.476546 0.786853
vt 0.294644 0.776078
vt 0.476546 0.776078
vt 0.088147 0.616273
vt 0.044934 0.616273
vt 0.044934 0.613713
vt 0.088147 0.613713
vt 0.088147 0.662351
vt 0.044934 0.662351
vt 0.044934 0.664911
vt 0.088147 0.664911
vt 0.047136 0.662351
vt 0.047136 0.616273
vt 0.085944 0.616273
vt 0.085944 0.662351
vt 0.047136 0.662351
vt 0.047136 0.616273
vt 0.085944 0.616273
vt 0.085944 0.662351
vt 0.040942 0.713064
vt 0.043501 0.713064
vt 0.043501 0.721259
vt 0.040942 0.721259
vt 0.040942 0.639312
vt 0.043501 0.639312
vt 0.089579 0.713064
vt 0.089579 0.721259
vt 0.040942 0.565560
vt 0.043501 0.565560
vt 0.092139 0.721259
vt 0.092139 0.713064
vt 0.043501 0.557365
vt 0.040942 0.557365
vt 0.089579 0.639312
vt 0.092139 0.639312
vt 0.089579 0.557365
vt 0.089579 0.565560
vt 0.092139 0.565560
vt 0.092139 0.557365
vt 0.092139 0.721259
vt 0.089579 0.721259
vt 0.089579 0.713064
vt 0.092139 0.713064
vt 0.043501 0.713064
vt 0.043501 0.721259
vt 0.089579 0.639312
vt 0.092139 0.639312
vt 0.043501 0.639312
vt 0.040941 0.713064
vt 0.040941 0.721259
vt 0.089579 0.565560
vt 0.092139 0.565560
vt 0.043501 0.565560
vt 0.040941 0.639312
vt 0.089579 0.557365
vt 0.092139 0.557365
vt 0.040941 0.565560
vt 0.043501 0.557365
vt 0.040941 0.557365
vt 0.089579 0.565560
vt 0.089579 0.639312
vt 0.043501 0.639312
vt 0.043501 0.565560
vt 0.089579 0.713064
vt 0.043501 0.713064
vt 0.088147 0.721259
vt 0.044934 0.721259
vt 0.044934 0.713064
vt 0.088147 0.713064
vt 0.044934 0.639312
vt 0.088147 0.639312
vt 0.044934 0.565560
vt 0.088147 0.565560
vt 0.044934 0.557365
vt 0.088147 0.557365
vt 0.088147 0.721259
vt 0.044933 0.721259
vt 0.044933 0.713064
vt 0.088147 0.713064
vt 0.044933 0.639312
vt 0.088147 0.639312
vt 0.044933 0.565560
vt 0.088147 0.565560
vt 0.044933 0.557365
vt 0.088147 0.557365
vt 0.085944 0.565560
vt 0.085944 0.639312
vt 0.047136 0.639312
vt 0.047136 0.565560
vt 0.085944 0.713064
vt 0.047136 0.713064
vt 0.047136 0.639312
vt 0.047136 0.565560
vt 0.085944 0.565560
vt 0.085944 0.639312
vt 0.047136 0.713064
vt 0.085944 0.713064
vn 0.000000 0.000000 -1.000000
vn 0.000000 0.000000 -1.000000
vn 0.000000 0.000000 -1.000000
vn 0.000000 0.000000 -1.000000
vn 0.000000 0.000000 1.000000
vn 0.000000 0.000000 1.000000
vn 0.000000 0.000000 1.000000
vn 0.000000 0.000000 1.000000
vn 0.000000 0.000000 1.000000
vn 0.000000 0.000000 1.000000
vn 0.000000 1.000000 0.000000
vn 0.000000 1.000000 0.000000
vn 0.000000 1.000000 0.000000
vn 0.000000 1.000000 0.000000
vn 1.000000 0.000000 0.000000
vn 1.000000 0.000000 0.000000
vn 1.000000 0.000000 0.000000
vn 1.000000 0.000000 0.000000
vn 0.000000 -1.000000 0.000000
vn 0.000000 -1.000000 0.000000
vn 0.000000 -1.000000 0.000000
vn 0.000000 -1.000000 0.000000
vn -1.000000 0.000000 -0.000000
vn -1.000000 0.000000 -0.000000
vn -1.000000 0.000000 -0.000000
vn -1.000000 0.000000 -0.000000
vn 0.000000 1.000000 0.000000
vn 0.000000 1.000000 0.000000
vn 0.000000 0.000000 1.000000
vn 0.000000 0.000000 1.000000
vn 0.000000 -1.000000 0.000000
vn 0.000000 -1.000000 0.000000
vn 0.000000 -1.000000 0.000000
vn 0.000000 -1.000000 0.000000
vn 0.000000 0.000000 -1.000000
vn 0.000000 0.000000 -1.000000
vn 0.000000 0.000000 -1.000000
vn 0.000000 0.000000 -1.000000
vn 0.000000 1.000000 0.000000
vn 0.000000 1.000000 0.000000
vn 0.000000 1.000000 0.000000
vn 0.000000 1.000000 0.000000
vn 0.000000 1.000000 0.000000
vn 0.000000 1.000000 0.000000
vn 0.000000 1.000000 0.000000
vn 0.000000 1.000000 0.000000
vn 0.000000 1.000000 0.000000
vn 0.000000 1.000000 0.000000
vn -1.000000 0.000000 -0.000000
vn -1.000000 0.000000 -0.000000
vn -1.000000 0.000000 -0.000000
vn -1.000000 0.000000 -0.000000
vn 0.000000 -1.000000 0.000000
vn 0.000000 -1.000000 0.000000
vn 0.000000 -1.000000 0.000000
vn 0.000000 -1.000000 0.000000
vn 0.000000 -1.000000 0.000000
vn 0.000000 -1.000000 0.000000
vn 0.000000 -1.000000 0.000000
vn 0.000000 -1.000000 0.000000
vn 1.000000 0.000000 0.000000
vn 1.000000 0.000000 0.000000
vn 1.000000 0.000000 0.000000
vn 1.000000 0.000000 0.000000
vn 0.000000 1.000000 0.000000
vn 0.000000 1.000000 0.000000
vn 0.000000 1.000000 0.000000
vn 0.000000 1.000000 0.000000
vn 0.000000 1.000000 0.000000
vn 0.000000 1.000000 0.000000
vn 1.000000 0.000000 0.000000
vn 1.000000 0.000000 0.000000
vn 0.000000 -1.000000 0.000000
vn 0.000000 -1.000000 0.000000
vn 0.000000 -1.000000 0.000000
vn 0.000000 -1.000000 0.000000
vn -1.000000 0.000000 -0.000000
vn -1.000000 0.000000 -0.000000
vn 0.000000 1.000000 0.000000
vn 0.000000 1.000000 0.000000
vn 0.000000 1.000000 0.000000
vn 0.000000 1.000000 0.000000
vn 1.000000 0.000000 0.000000
vn 1.000000 0.000000 0.000000
vn 1.000000 0.000000 0.000000
vn 1.000000 0.000000 0.000000
vn -1.000000 0.000000 -0.000000
vn -1.000000 0.000000 -0.000000
vn -1.000000 0.000000 -0.000000
vn -1.000000 0.000000 -0.000000
vn 0.000000 0.000000 1.000000
vn 0.000000 0.000000 1.000000
vn 0.000000 0.000000 1.000000
vn 0.000000 0.000000 1.000000
vn -1.000000 0.000000 -0.000000
vn -1.000000 0.000000 -0.000000
vn 1.000000 0.000000 0.000000
vn 1.000000 0.000000 0.000000
vn 0.000000 0.000000 -1.000000
vn 0.000000 0.000000 -1.000000
vn 0.000000 0.000000 -1.000000
vn 0.000000 0.000000 -1.000000
s 1
g Draws9 Draws7
usemtl initialShadingGroup
f 586/1144/1396 587/1145/1397 576/1146/1398 577/1147/1399
s 2
f 584/1152/1400 585/1153/1401 573/1154/1402 572/1155/1403
f 580/1156/1404 581/1157/1405 585/1153/1401 584/1152/1400
s 3
f 604/1168/1406 605/1169/1407 584/1170/1408 572/1171/1409
s 4
f 572/1214/1410 573/1215/1411 611/1216/1412 604/1217/1413
s 5
f 573/1188/1414 585/1189/1415 610/1190/1416 611/1191/1417
s 6
f 575/1224/1418 574/1225/1419 607/1226/1420 608/1227/1421
s 3
f 606/1174/1422 580/1175/1423 584/1170/1408 605/1169/1407
s 2
f 575/1158/1424 581/1157/1405 580/1156/1404 574/1159/1425
s 5
f 608/1197/1426 609/1192/1427 581/1193/1428 575/1198/1429
s 1
f 579/1150/1430 578/1151/1431 583/1149/1432 582/1148/1433
s 3
f 574/1178/1434 580/1175/1423 606/1174/1422 607/1179/1435
s 5
f 609/1192/1427 610/1190/1416 585/1189/1415 581/1193/1428
s 1
f 587/1145/1397 586/1144/1396 582/1148/1433 583/1149/1432
s 3
f 587/1180/1436 597/1177/1437 598/1176/1438 576/1181/1439
f 587/1180/1436 583/1184/1440 596/1185/1441 597/1177/1437
f 603/1186/1442 596/1185/1441 583/1184/1440 578/1187/1443
s 6
f 602/1231/1444 603/1230/1445 578/1232/1446 579/1233/1447
s 5
f 582/1206/1448 601/1201/1449 602/1205/1450 579/1207/1451
f 582/1206/1448 586/1203/1452 600/1199/1453 601/1201/1449
f 599/1200/1454 600/1199/1453 586/1203/1452 577/1204/1455
s 4
f 598/1221/1456 599/1220/1457 577/1222/1458 576/1223/1459
s 12
f 612/1208/1460 613/1209/1461 614/1210/1462 615/1211/1463
s 3
f 598/1176/1438 597/1177/1437 589/1173/1464 588/1172/1465
s 4
f 588/1219/1466 595/1218/1467 599/1220/1457 598/1221/1456
s 5
f 595/1195/1468 594/1194/1469 600/1199/1453 599/1200/1454
f 600/1199/1453 594/1194/1469 593/1196/1470 601/1201/1449
f 602/1205/1450 601/1201/1449 593/1196/1470 592/1202/1471
s 6
f 592/1229/1472 591/1228/1473 603/1230/1445 602/1231/1444
s 3
f 591/1183/1474 590/1182/1475 596/1185/1441 603/1186/1442
f 588/1172/1465 589/1173/1464 605/1169/1407 604/1168/1406
s 12
f 614/1210/1462 613/1209/1461 617/1212/1476 616/1213/1477
s 3
f 607/1179/1435 606/1174/1422 590/1182/1475 591/1183/1474
s 6
f 608/1227/1421 607/1226/1420 591/1228/1473 592/1229/1472
s 5
f 592/1202/1471 593/1196/1470 609/1192/1427 608/1197/1426
f 593/1196/1470 594/1194/1469 610/1190/1416 609/1192/1427
f 611/1191/1417 610/1190/1416 594/1194/1469 595/1195/1468
s 4
f 604/1217/1413 611/1216/1412 595/1218/1467 588/1219/1466
s 13
f 596/1234/1478 590/1235/1479 613/1236/1480 612/1237/1481
s 14
f 589/1240/1482 597/1241/1483 615/1242/1484 614/1243/1485
s off
f 612/1160/1486 615/1161/1487 597/1162/1488 596/1163/1489
s 14
f 605/1244/1490 589/1240/1482 614/1243/1485 616/1245/1491
s 13
f 590/1235/1479 606/1238/1492 617/1239/1493 613/1236/1480
s off
f 616/1164/1494 617/1165/1495 606/1166/1496 605/1167/1497
