# This file uses centimeters as units for non-parametric coordinates.

mtllib WallLight.mtl
g default
v -3.681964 8.019258 -19.106956
v -3.681964 7.981905 -19.180264
v -3.681964 7.923728 -19.238441
v -3.681964 7.850421 -19.275793
v -3.681964 7.769160 -19.288664
v -3.681964 7.687899 -19.275793
v -3.681964 7.614592 -19.238441
v -3.681964 7.556416 -19.180264
v -3.681964 7.519063 -19.106956
v -3.681964 7.506193 -19.025696
v -3.681964 7.519063 -18.944435
v -3.681964 7.556416 -18.871128
v -3.681964 7.614592 -18.812950
v -3.681964 7.687899 -18.775599
v -3.681964 7.769160 -18.762728
v -3.681964 7.850421 -18.775599
v -3.681964 7.923728 -18.812950
v -3.681964 7.981905 -18.871128
v -3.681964 8.019257 -18.944435
v -3.681964 8.032127 -19.025696
v -3.713672 8.019257 -19.106956
v -3.713672 7.981905 -19.180264
v -3.713672 7.923728 -19.238441
v -3.713672 7.850421 -19.275793
v -3.713672 7.769160 -19.288664
v -3.713672 7.687899 -19.275793
v -3.713672 7.614592 -19.238441
v -3.713672 7.556416 -19.180264
v -3.713672 7.519063 -19.106956
v -3.713672 7.506193 -19.025696
v -3.713672 7.519063 -18.944435
v -3.713672 7.556416 -18.871128
v -3.713672 7.614592 -18.812950
v -3.713672 7.687899 -18.775599
v -3.713672 7.769160 -18.762728
v -3.713672 7.850421 -18.775599
v -3.713672 7.923728 -18.812950
v -3.713672 7.981905 -18.871128
v -3.713672 8.019257 -18.944435
v -3.713672 8.032127 -19.025696
v -3.713672 7.769160 -19.025696
v -3.647557 7.999000 -19.100376
v -3.647557 7.964674 -19.167744
v -3.647557 7.911209 -19.221209
v -3.647557 7.843840 -19.255535
v -3.647557 7.769160 -19.267363
v -3.647557 7.694481 -19.255535
v -3.647557 7.627112 -19.221209
v -3.647557 7.573647 -19.167744
v -3.647557 7.539320 -19.100376
v -3.647557 7.527493 -19.025696
v -3.647557 7.539320 -18.951015
v -3.647557 7.573647 -18.883648
v -3.647557 7.627111 -18.830183
v -3.647557 7.694481 -18.795856
v -3.647557 7.769160 -18.784029
v -3.647557 7.843840 -18.795856
v -3.647557 7.911209 -18.830183
v -3.647557 7.964674 -18.883648
v -3.647557 7.999000 -18.951017
v -3.647557 8.010828 -19.025696
v -3.647557 7.978743 -19.093794
v -3.647557 7.947442 -19.155226
v -3.647557 7.898689 -19.203978
v -3.647557 7.837258 -19.235279
v -3.647557 7.769160 -19.246063
v -3.647557 7.701063 -19.235279
v -3.647557 7.639631 -19.203978
v -3.647557 7.590879 -19.155226
v -3.647557 7.559578 -19.093794
v -3.647557 7.548792 -19.025696
v -3.647557 7.559578 -18.957598
v -3.647557 7.590879 -18.896166
v -3.647557 7.639631 -18.847414
v -3.647557 7.701063 -18.816113
v -3.647557 7.769160 -18.805328
v -3.647557 7.837258 -18.816113
v -3.647557 7.898689 -18.847414
v -3.647557 7.947442 -18.896166
v -3.647557 7.978743 -18.957598
v -3.647557 7.989528 -19.025696
v -3.614071 7.958486 -19.087212
v -3.614071 7.930210 -19.142706
v -3.614071 7.886169 -19.186745
v -3.614071 7.830676 -19.215021
v -3.614071 7.769160 -19.224764
v -3.614071 7.707644 -19.215021
v -3.614071 7.652151 -19.186745
v -3.614071 7.608110 -19.142706
v -3.614071 7.579835 -19.087212
v -3.614071 7.570092 -19.025696
v -3.614071 7.579835 -18.964180
v -3.614071 7.608110 -18.908686
v -3.614071 7.652151 -18.864647
v -3.614071 7.707644 -18.836370
v -3.614071 7.769160 -18.826628
v -3.614071 7.830676 -18.836370
v -3.614071 7.886169 -18.864647
v -3.614071 7.930210 -18.908686
v -3.614071 7.958485 -18.964180
v -3.614071 7.968228 -19.025696
v -3.614071 7.938229 -19.080629
v -3.614071 7.912978 -19.130186
v -3.614071 7.873650 -19.169514
v -3.614071 7.824094 -19.194763
v -3.614071 7.769160 -19.203465
v -3.614071 7.714227 -19.194763
v -3.614071 7.664670 -19.169514
v -3.614071 7.625342 -19.130186
v -3.614071 7.600092 -19.080629
v -3.614071 7.591392 -19.025696
v -3.614071 7.600092 -18.970762
v -3.614071 7.625342 -18.921206
v -3.614071 7.664670 -18.881878
v -3.614071 7.714227 -18.856628
v -3.614071 7.769160 -18.847927
v -3.614071 7.824094 -18.856628
v -3.614071 7.873650 -18.881878
v -3.614071 7.912978 -18.921206
v -3.614071 7.938228 -18.970762
v -3.614071 7.946929 -19.025696
v -3.532811 7.882521 -19.062529
v -3.532811 7.865591 -19.095757
v -3.532811 7.839221 -19.122126
v -3.532811 7.805994 -19.139057
v -3.532812 7.769160 -19.144890
v -3.532811 7.732327 -19.139057
v -3.532811 7.699100 -19.122126
v -3.532811 7.672729 -19.095757
v -3.532811 7.655799 -19.062529
v -3.532812 7.649965 -19.025696
v -3.532811 7.655799 -18.988863
v -3.532811 7.672729 -18.955635
v -3.532811 7.699099 -18.929266
v -3.532812 7.732327 -18.912334
v -3.532812 7.769160 -18.906502
v -3.532812 7.805994 -18.912334
v -3.532811 7.839221 -18.929266
v -3.532811 7.865591 -18.955635
v -3.532812 7.882521 -18.988863
v -3.532812 7.888355 -19.025696
v -3.532811 7.862264 -19.055946
v -3.532812 7.848359 -19.083237
v -3.532812 7.826702 -19.104895
v -3.532812 7.799412 -19.118799
v -3.532812 7.769160 -19.123590
v -3.532812 7.738909 -19.118799
v -3.532812 7.711619 -19.104895
v -3.532812 7.689961 -19.083237
v -3.532812 7.676056 -19.055946
v -3.532811 7.671265 -19.025696
v -3.532811 7.676056 -18.995445
v -3.532812 7.689961 -18.968155
v -3.532812 7.711619 -18.946497
v -3.532812 7.738909 -18.932592
v -3.532812 7.769160 -18.927801
v -3.532812 7.799411 -18.932592
v -3.532812 7.826701 -18.946497
v -3.532812 7.848359 -18.968155
v -3.532812 7.862264 -18.995445
v -3.532811 7.867055 -19.025696
v -3.509613 7.842007 -19.049366
v -3.509613 7.831127 -19.070717
v -3.509613 7.814182 -19.087664
v -3.509612 7.792830 -19.098543
v -3.509612 7.769160 -19.102291
v -3.509613 7.745491 -19.098543
v -3.509613 7.724138 -19.087664
v -3.509613 7.707193 -19.070717
v -3.509613 7.696313 -19.049366
v -3.509613 7.692564 -19.025696
v -3.509613 7.696313 -19.002026
v -3.509613 7.707193 -18.980675
v -3.509613 7.724138 -18.963728
v -3.509613 7.745491 -18.952848
v -3.509612 7.769160 -18.949100
v -3.509612 7.792830 -18.952848
v -3.509613 7.814182 -18.963728
v -3.509612 7.831128 -18.980675
v -3.509613 7.842007 -19.002026
v -3.509613 7.845756 -19.025696
v -3.509613 7.821750 -19.042784
v -3.509612 7.813896 -19.058199
v -3.509612 7.801662 -19.070431
v -3.509612 7.786248 -19.078285
v -3.509612 7.769160 -19.080992
v -3.509613 7.752073 -19.078285
v -3.509613 7.736658 -19.070431
v -3.509613 7.724425 -19.058199
v -3.509613 7.716571 -19.042784
v -3.509613 7.713864 -19.025696
v -3.509613 7.716571 -19.008608
v -3.509613 7.724425 -18.993193
v -3.509613 7.736658 -18.980961
v -3.509613 7.752073 -18.973106
v -3.509612 7.769160 -18.970400
v -3.509612 7.786248 -18.973106
v -3.509613 7.801662 -18.980961
v -3.509613 7.813896 -18.993195
v -3.509613 7.821750 -19.008608
v -3.509612 7.824456 -19.025696
v -2.980645 7.803555 -19.036871
v -2.980645 7.798418 -19.046953
v -2.980646 7.769160 -19.025696
v -2.980645 7.790417 -19.054955
v -2.980645 7.780336 -19.060091
v -2.980645 7.769160 -19.061861
v -2.980646 7.757985 -19.060091
v -2.980646 7.747903 -19.054955
v -2.980646 7.739902 -19.046953
v -2.980645 7.734766 -19.036871
v -2.980645 7.732996 -19.025696
v -2.980645 7.734766 -19.014521
v -2.980645 7.739902 -19.004438
v -2.980645 7.747903 -18.996439
v -2.980645 7.757985 -18.991301
v -2.980646 7.769160 -18.989531
v -2.980645 7.780335 -18.991301
v -2.980645 7.790418 -18.996439
v -2.980645 7.798418 -19.004438
v -2.980645 7.803555 -19.014521
v -2.980645 7.805325 -19.025696
v -2.660343 7.361581 -19.080925
v -2.689164 7.361581 -19.137489
v -2.734054 7.361581 -19.182379
v -2.790618 7.361581 -19.211199
v -2.853320 7.361581 -19.221130
v -2.916022 7.361581 -19.211199
v -2.972586 7.361581 -19.182379
v -3.017475 7.361581 -19.137489
v -3.046296 7.361581 -19.080925
v -3.056226 7.361581 -19.018223
v -3.046296 7.361581 -18.955521
v -3.017475 7.361581 -18.898956
v -2.972586 7.361581 -18.854067
v -2.916022 7.361581 -18.825247
v -2.853320 7.361581 -18.815315
v -2.790618 7.361581 -18.825247
v -2.734054 7.361581 -18.854067
v -2.689164 7.361581 -18.898956
v -2.660343 7.361581 -18.955521
v -2.650412 7.361581 -19.018223
v -2.853320 7.361581 -19.018223
v -2.668159 7.396450 -19.078384
v -2.695812 7.396450 -19.132658
v -2.738884 7.396450 -19.175730
v -2.793157 7.396450 -19.203384
v -2.853320 7.396450 -19.212914
v -2.913482 7.396450 -19.203384
v -2.967756 7.396450 -19.175730
v -3.010827 7.396450 -19.132658
v -3.038481 7.396450 -19.078384
v -3.048010 7.396450 -19.018223
v -3.038481 7.396450 -18.958059
v -3.010827 7.396450 -18.903788
v -2.967756 7.396450 -18.860716
v -2.913482 7.396450 -18.833061
v -2.853320 7.396450 -18.823532
v -2.793157 7.396450 -18.833061
v -2.738884 7.396450 -18.860716
v -2.695812 7.396450 -18.903788
v -2.668159 7.396450 -18.958059
v -2.658630 7.396450 -19.018223
v -2.735965 7.442083 -19.056355
v -2.753491 7.442083 -19.090752
v -2.780790 7.442083 -19.118052
v -2.815188 7.442083 -19.135578
v -2.853320 7.442083 -19.141617
v -2.891450 7.442083 -19.135578
v -2.925849 7.442083 -19.118052
v -2.953148 7.442083 -19.090752
v -2.970675 7.442083 -19.056355
v -2.976714 7.442083 -19.018223
v -2.970675 7.442083 -18.980091
v -2.953148 7.442083 -18.945692
v -2.925849 7.442083 -18.918394
v -2.891450 7.442083 -18.900867
v -2.853320 7.442083 -18.894829
v -2.815189 7.442083 -18.900867
v -2.780790 7.442083 -18.918394
v -2.753491 7.442083 -18.945694
v -2.735965 7.442083 -18.980091
v -2.729925 7.442083 -19.018223
v -2.737796 7.478366 -19.055758
v -2.755050 7.478366 -19.089619
v -2.781923 7.478366 -19.116491
v -2.815784 7.478366 -19.133745
v -2.853320 7.478366 -19.139690
v -2.890855 7.478366 -19.133745
v -2.924716 7.478366 -19.116491
v -2.951589 7.478366 -19.089619
v -2.968842 7.478366 -19.055758
v -2.974787 7.478366 -19.018223
v -2.968842 7.478366 -18.980688
v -2.951589 7.478366 -18.946827
v -2.924716 7.478366 -18.919954
v -2.890855 7.478366 -18.902700
v -2.853320 7.478366 -18.896755
v -2.815784 7.478366 -18.902700
v -2.781923 7.478366 -18.919954
v -2.755050 7.478366 -18.946827
v -2.737796 7.478366 -18.980688
v -2.731853 7.478366 -19.018223
v -2.718007 7.528644 -19.062189
v -2.738216 7.528644 -19.101851
v -2.769692 7.528644 -19.133326
v -2.809354 7.528644 -19.153536
v -2.853320 7.528644 -19.160498
v -2.897285 7.528644 -19.153536
v -2.936948 7.528644 -19.133326
v -2.968423 7.528644 -19.101851
v -2.988632 7.528644 -19.062189
v -2.995595 7.528644 -19.018223
v -2.988632 7.528644 -18.974257
v -2.968423 7.528644 -18.934595
v -2.936948 7.528644 -18.903120
v -2.897285 7.528644 -18.882910
v -2.853320 7.528644 -18.875946
v -2.809354 7.528644 -18.882910
v -2.769692 7.528644 -18.903120
v -2.738216 7.528644 -18.934595
v -2.718007 7.528644 -18.974257
v -2.711044 7.528644 -19.018223
v -2.711863 7.646774 -19.064184
v -2.732989 7.646774 -19.105648
v -2.765894 7.646774 -19.138554
v -2.807357 7.646774 -19.159679
v -2.853320 7.646774 -19.166960
v -2.899282 7.646774 -19.159679
v -2.940745 7.646774 -19.138554
v -2.973650 7.646774 -19.105648
v -2.994776 7.646774 -19.064184
v -3.002057 7.646774 -19.018223
v -2.994776 7.646774 -18.972260
v -2.973650 7.646774 -18.930798
v -2.940745 7.646774 -18.897892
v -2.899282 7.646774 -18.876766
v -2.853320 7.646774 -18.869486
v -2.807357 7.646774 -18.876766
v -2.765894 7.646774 -18.897892
v -2.732989 7.646774 -18.930798
v -2.711863 7.646774 -18.972260
v -2.704582 7.646774 -19.018223
v -2.698691 7.699662 -19.068464
v -2.721785 7.699662 -19.113789
v -2.757754 7.699662 -19.149757
v -2.803077 7.699662 -19.172852
v -2.853320 7.699662 -19.180809
v -2.903562 7.699662 -19.172852
v -2.948885 7.699662 -19.149757
v -2.984854 7.699662 -19.113789
v -3.007948 7.699662 -19.068464
v -3.015905 7.699662 -19.018223
v -3.007948 7.699662 -18.967981
v -2.984854 7.699662 -18.922657
v -2.948885 7.699662 -18.886688
v -2.903562 7.699662 -18.863594
v -2.853320 7.699662 -18.855637
v -2.803077 7.699662 -18.863594
v -2.757754 7.699662 -18.886688
v -2.721785 7.699662 -18.922657
v -2.698692 7.699662 -18.967981
v -2.690734 7.699662 -19.018223
v -2.716171 7.699662 -19.062784
v -2.736654 7.699662 -19.102985
v -2.768557 7.699662 -19.134888
v -2.808757 7.699662 -19.155371
v -2.853320 7.699662 -19.162430
v -2.897882 7.699662 -19.155371
v -2.938082 7.699662 -19.134888
v -2.969985 7.699662 -19.102985
v -2.990468 7.699662 -19.062784
v -2.997526 7.699662 -19.018223
v -2.990468 7.699662 -18.973660
v -2.969985 7.699662 -18.933460
v -2.938082 7.699662 -18.901558
v -2.897882 7.699662 -18.881075
v -2.853320 7.699662 -18.874016
v -2.808757 7.699662 -18.881075
v -2.768557 7.699662 -18.901558
v -2.736654 7.699662 -18.933460
v -2.716171 7.699662 -18.973660
v -2.709113 7.699662 -19.018223
v -2.699383 7.744150 -19.068239
v -2.722374 7.744150 -19.113361
v -2.758182 7.744150 -19.149168
v -2.803302 7.744150 -19.172159
v -2.853320 7.744150 -19.180080
v -2.903336 7.744150 -19.172159
v -2.948457 7.744150 -19.149168
v -2.984266 7.744150 -19.113361
v -3.007256 7.744150 -19.068239
v -3.015178 7.744150 -19.018223
v -3.007256 7.744150 -18.968206
v -2.984266 7.744150 -18.923084
v -2.948457 7.744150 -18.887276
v -2.903336 7.744150 -18.864286
v -2.853320 7.744150 -18.856365
v -2.803303 7.744150 -18.864286
v -2.758182 7.744150 -18.887278
v -2.722374 7.744150 -18.923084
v -2.699383 7.744150 -18.968206
v -2.691462 7.744150 -19.018223
v -2.699383 7.797339 -19.068239
v -2.722374 7.797339 -19.113361
v -2.758182 7.797339 -19.149168
v -2.803302 7.797339 -19.172159
v -2.853320 7.797339 -19.180080
v -2.903336 7.797339 -19.172159
v -2.948457 7.797339 -19.149168
v -2.984266 7.797339 -19.113361
v -3.007256 7.797339 -19.068239
v -3.015178 7.797339 -19.018223
v -3.007256 7.797339 -18.968206
v -2.984266 7.797339 -18.923084
v -2.948457 7.797339 -18.887276
v -2.903336 7.797339 -18.864286
v -2.853320 7.797339 -18.856365
v -2.803303 7.797339 -18.864286
v -2.758182 7.797339 -18.887278
v -2.722374 7.797339 -18.923084
v -2.699383 7.797339 -18.968206
v -2.691462 7.797339 -19.018223
v -2.716171 7.841827 -19.062784
v -2.736654 7.841827 -19.102985
v -2.768557 7.841827 -19.134888
v -2.808757 7.841827 -19.155371
v -2.853320 7.841827 -19.162430
v -2.897882 7.841827 -19.155371
v -2.938082 7.841827 -19.134888
v -2.969985 7.841827 -19.102985
v -2.990468 7.841827 -19.062784
v -2.997526 7.841827 -19.018223
v -2.990468 7.841827 -18.973660
v -2.969985 7.841827 -18.933460
v -2.938082 7.841827 -18.901558
v -2.897882 7.841827 -18.881075
v -2.853320 7.841827 -18.874016
v -2.808757 7.841827 -18.881075
v -2.768557 7.841827 -18.901558
v -2.736654 7.841827 -18.933460
v -2.716171 7.841827 -18.973660
v -2.709113 7.841827 -19.018223
v -2.716171 7.870945 -19.062784
v -2.736654 7.870945 -19.102985
v -2.768557 7.870945 -19.134888
v -2.808757 7.870945 -19.155371
v -2.853320 7.870945 -19.162430
v -2.897882 7.870945 -19.155371
v -2.938082 7.870945 -19.134888
v -2.969985 7.870945 -19.102985
v -2.990468 7.870945 -19.062784
v -2.997526 7.870945 -19.018223
v -2.990468 7.870945 -18.973660
v -2.969985 7.870945 -18.933460
v -2.938082 7.870945 -18.901558
v -2.897882 7.870945 -18.881073
v -2.853320 7.870945 -18.874016
v -2.808757 7.870945 -18.881073
v -2.768557 7.870945 -18.901558
v -2.736654 7.870945 -18.933460
v -2.716171 7.870945 -18.973660
v -2.709113 7.870945 -19.018223
v -2.991343 7.913279 -18.973377
v -2.970730 7.913279 -18.932920
v -2.938623 7.913280 -18.900814
v -2.898166 7.913279 -18.880199
v -2.853320 7.913279 -18.873096
v -2.808473 7.913279 -18.880199
v -2.768017 7.913279 -18.900814
v -2.735910 7.913279 -18.932919
v -2.715296 7.913279 -18.973375
v -2.708194 7.913279 -19.018223
v -2.715296 7.913279 -19.063068
v -2.735910 7.913279 -19.103525
v -2.768017 7.913279 -19.135632
v -2.808473 7.913279 -19.156246
v -2.853320 7.913279 -19.163349
v -2.898166 7.913279 -19.156246
v -2.938623 7.913279 -19.135632
v -2.970730 7.913279 -19.103525
v -2.991343 7.913279 -19.063068
v -2.998446 7.913279 -19.018223
v -2.976548 7.949770 -18.978184
v -2.958144 7.949770 -18.942064
v -2.929477 7.949770 -18.913399
v -2.893359 7.949770 -18.894995
v -2.853319 7.949770 -18.888653
v -2.813280 7.949770 -18.894995
v -2.777161 7.949770 -18.913399
v -2.748496 7.949770 -18.942064
v -2.730092 7.949770 -18.978184
v -2.723750 7.949770 -19.018223
v -2.730092 7.949770 -19.058262
v -2.748496 7.949770 -19.094381
v -2.777161 7.949770 -19.123047
v -2.813281 7.949770 -19.141451
v -2.853320 7.949770 -19.147793
v -2.893359 7.949770 -19.141451
v -2.929478 7.949770 -19.123047
v -2.958144 7.949770 -19.094381
v -2.976548 7.949770 -19.058262
v -2.982889 7.949770 -19.018223
v -2.956383 7.985171 -18.984735
v -2.940991 7.985171 -18.954527
v -2.917017 7.985171 -18.930552
v -2.886806 7.985171 -18.915159
v -2.853319 7.985171 -18.909855
v -2.819832 7.985171 -18.915159
v -2.789623 7.985171 -18.930552
v -2.765649 7.985171 -18.954525
v -2.750257 7.985171 -18.984735
v -2.744952 7.985171 -19.018223
v -2.750257 7.985171 -19.051710
v -2.765649 7.985171 -19.081919
v -2.789623 7.985171 -19.105894
v -2.819833 7.985171 -19.121286
v -2.853320 7.985171 -19.126591
v -2.886806 7.985171 -19.121286
v -2.917017 7.985171 -19.105894
v -2.940991 7.985171 -19.081919
v -2.956383 7.985171 -19.051710
v -2.961687 7.985171 -19.018223
v -2.925929 8.013527 -18.994631
v -2.915085 8.013527 -18.973349
v -2.898195 8.013527 -18.956459
v -2.876911 8.013527 -18.945614
v -2.853319 8.013527 -18.941877
v -2.829727 8.013527 -18.945614
v -2.808445 8.013527 -18.956457
v -2.791555 8.013527 -18.973349
v -2.780711 8.013527 -18.994631
v -2.776974 8.013527 -19.018223
v -2.780711 8.013527 -19.041815
v -2.791555 8.013527 -19.063097
v -2.808445 8.013527 -19.079988
v -2.829728 8.013527 -19.090832
v -2.853320 8.013527 -19.094568
v -2.876912 8.013527 -19.090832
v -2.898195 8.013527 -19.079987
v -2.915085 8.013527 -19.063097
v -2.925929 8.013527 -19.041815
v -2.929665 8.013527 -19.018223
v -2.925929 8.037221 -18.994631
v -2.915085 8.037221 -18.973349
v -2.898195 8.037221 -18.956459
v -2.876910 8.037221 -18.945614
v -2.853319 8.037221 -18.941877
v -2.829727 8.037221 -18.945614
v -2.808445 8.037221 -18.956457
v -2.791555 8.037221 -18.973349
v -2.780711 8.037221 -18.994631
v -2.776974 8.037221 -19.018223
v -2.780711 8.037221 -19.041815
v -2.791555 8.037221 -19.063097
v -2.808445 8.037221 -19.079988
v -2.829728 8.037221 -19.090832
v -2.853320 8.037221 -19.094568
v -2.876912 8.037221 -19.090832
v -2.898195 8.037221 -19.079987
v -2.915085 8.037221 -19.063097
v -2.925929 8.037221 -19.041815
v -2.929665 8.037221 -19.018223
v -2.949964 8.060915 -18.986822
v -2.935530 8.060915 -18.958494
v -2.913049 8.060915 -18.936012
v -2.884721 8.060915 -18.921579
v -2.853319 8.060915 -18.916605
v -2.821917 8.060915 -18.921579
v -2.793591 8.060915 -18.936012
v -2.771110 8.060915 -18.958494
v -2.756676 8.060915 -18.986822
v -2.751702 8.060915 -19.018223
v -2.756676 8.060915 -19.049623
v -2.771110 8.060915 -19.077951
v -2.793591 8.060915 -19.100433
v -2.821919 8.060915 -19.114866
v -2.853320 8.060915 -19.119841
v -2.884722 8.060915 -19.114866
v -2.913049 8.060915 -19.100433
v -2.935530 8.060915 -19.077951
v -2.949964 8.060915 -19.049623
v -2.954937 8.060915 -19.018223
v -2.971813 8.084609 -18.979723
v -2.954117 8.084609 -18.944990
v -2.926552 8.084609 -18.917427
v -2.891819 8.084609 -18.899729
v -2.853319 8.084609 -18.893631
v -2.814818 8.084609 -18.899729
v -2.780087 8.084609 -18.917427
v -2.752523 8.084609 -18.944990
v -2.734826 8.084609 -18.979723
v -2.728728 8.084609 -19.018223
v -2.734826 8.084609 -19.056723
v -2.752523 8.084609 -19.091455
v -2.780087 8.084609 -19.119019
v -2.814820 8.084609 -19.136717
v -2.853320 8.084609 -19.142815
v -2.891820 8.084609 -19.136717
v -2.926552 8.084609 -19.119019
v -2.954117 8.084609 -19.091455
v -2.971813 8.084609 -19.056723
v -2.977912 8.084609 -19.018223
v -2.993663 8.131997 -18.972624
v -2.972703 8.131998 -18.931488
v -2.940056 8.131998 -18.898840
v -2.898919 8.131998 -18.877880
v -2.853318 8.131997 -18.870657
v -2.807719 8.131997 -18.877880
v -2.766583 8.131997 -18.898840
v -2.733936 8.131997 -18.931486
v -2.712976 8.131997 -18.972624
v -2.705754 8.131997 -19.018223
v -2.712976 8.131997 -19.063822
v -2.733936 8.131998 -19.104959
v -2.766584 8.131997 -19.137606
v -2.807720 8.131997 -19.158566
v -2.853320 8.131997 -19.165789
v -2.898920 8.131997 -19.158566
v -2.940056 8.131997 -19.137606
v -2.972703 8.131997 -19.104959
v -2.993663 8.131997 -19.063822
v -3.000885 8.131997 -19.018223
v -2.993663 8.155691 -18.972624
v -2.972703 8.155691 -18.931488
v -2.940056 8.155692 -18.898840
v -2.898919 8.155692 -18.877880
v -2.853318 8.155691 -18.870657
v -2.807719 8.155691 -18.877880
v -2.766583 8.155691 -18.898840
v -2.733936 8.155691 -18.931486
v -2.712976 8.155691 -18.972624
v -2.705754 8.155691 -19.018223
v -2.712976 8.155691 -19.063822
v -2.733936 8.155692 -19.104959
v -2.766584 8.155691 -19.137606
v -2.807720 8.155691 -19.158566
v -2.853320 8.155691 -19.165789
v -2.898920 8.155691 -19.158566
v -2.940056 8.155691 -19.137606
v -2.972703 8.155691 -19.104959
v -2.993663 8.155691 -19.063822
v -3.000885 8.155691 -19.018223
v -2.967443 8.155691 -18.981142
v -2.950399 8.155691 -18.947693
v -2.923853 8.155692 -18.921144
v -2.890399 8.155691 -18.904099
v -2.853318 8.155691 -18.898226
v -2.816238 8.155691 -18.904099
v -2.782787 8.155691 -18.921144
v -2.756240 8.155691 -18.947691
v -2.739196 8.155691 -18.981142
v -2.733323 8.155691 -19.018223
v -2.739196 8.155691 -19.055304
v -2.756240 8.155691 -19.088755
v -2.782788 8.155691 -19.115303
v -2.816241 8.155691 -19.132347
v -2.853320 8.155691 -19.138220
v -2.890400 8.155691 -19.132345
v -2.923853 8.155691 -19.115301
v -2.950399 8.155691 -19.088755
v -2.967443 8.155691 -19.055304
v -2.973316 8.155691 -19.018223
v -2.968049 8.174043 -18.980946
v -2.950914 8.174043 -18.947319
v -2.924225 8.174043 -18.920630
v -2.890594 8.174043 -18.903494
v -2.853318 8.174043 -18.897591
v -2.816042 8.174043 -18.903494
v -2.782413 8.174043 -18.920630
v -2.755725 8.174043 -18.947317
v -2.738591 8.174043 -18.980946
v -2.732687 8.174043 -19.018223
v -2.738591 8.174043 -19.055498
v -2.755726 8.174043 -19.089128
v -2.782415 8.174043 -19.115816
v -2.816043 8.174043 -19.132952
v -2.853320 8.174043 -19.138855
v -2.890597 8.174043 -19.132950
v -2.924226 8.174043 -19.115816
v -2.950913 8.174043 -19.089128
v -2.968049 8.174043 -19.055500
v -2.973952 8.174043 -19.018223
v -2.993027 8.176796 -18.972830
v -2.972162 8.176796 -18.931881
v -2.939662 8.176796 -18.899382
v -2.898711 8.176796 -18.878517
v -2.853318 8.176796 -18.871326
v -2.807926 8.176796 -18.878517
v -2.766976 8.176796 -18.899382
v -2.734478 8.176796 -18.931879
v -2.713613 8.176796 -18.972830
v -2.706423 8.176796 -19.018223
v -2.713613 8.176796 -19.063614
v -2.734478 8.176796 -19.104565
v -2.766978 8.176796 -19.137064
v -2.807928 8.176796 -19.157930
v -2.853320 8.176796 -19.165119
v -2.898713 8.176796 -19.157928
v -2.939663 8.176796 -19.137064
v -2.972162 8.176796 -19.104567
v -2.993026 8.176796 -19.063616
v -3.000216 8.176796 -19.018223
v -2.993027 8.201140 -18.972830
v -2.972162 8.201141 -18.931881
v -2.939662 8.201141 -18.899384
v -2.898711 8.201141 -18.878517
v -2.853318 8.201140 -18.871326
v -2.807927 8.201141 -18.878517
v -2.766976 8.201141 -18.899382
v -2.734478 8.201141 -18.931879
v -2.713613 8.201141 -18.972830
v -2.706423 8.201140 -19.018223
v -2.713613 8.201141 -19.063614
v -2.734478 8.201141 -19.104565
v -2.766978 8.201141 -19.137064
v -2.807928 8.201140 -19.157930
v -2.853320 8.201141 -19.165119
v -2.898713 8.201141 -19.157928
v -2.939663 8.201141 -19.137064
v -2.972162 8.201141 -19.104567
v -2.993026 8.201141 -19.063616
v -3.000216 8.201141 -19.018223
v -2.993027 8.201140 -18.972830
v -2.972162 8.201141 -18.931881
v -2.939662 8.201141 -18.899384
v -2.898711 8.201141 -18.878517
v -2.853318 8.201140 -18.871326
v -2.807927 8.201141 -18.878517
v -2.766976 8.201141 -18.899382
v -2.734478 8.201141 -18.931879
v -2.713613 8.201141 -18.972830
v -2.706423 8.201140 -19.018223
v -2.713613 8.201141 -19.063614
v -2.734478 8.201141 -19.104565
v -2.766978 8.201141 -19.137064
v -2.807928 8.201140 -19.157930
v -2.853320 8.201141 -19.165119
v -2.898713 8.201141 -19.157928
v -2.939663 8.201141 -19.137064
v -2.972162 8.201141 -19.104567
v -2.993026 8.201141 -19.063616
v -3.000216 8.201141 -19.018223
v -2.972498 7.893130 -18.979500
v -2.973490 7.870997 -18.979176
v -2.954699 7.893130 -18.944567
v -2.955544 7.870997 -18.943953
v -2.926976 7.893130 -18.916843
v -2.927590 7.870997 -18.915998
v -2.892043 7.893130 -18.899044
v -2.892366 7.870997 -18.898050
v -2.853320 7.893130 -18.892910
v -2.853320 7.870997 -18.891867
v -2.814596 7.893130 -18.899044
v -2.814273 7.870997 -18.898050
v -2.779663 7.893130 -18.916843
v -2.779049 7.870997 -18.915998
v -2.751940 7.893130 -18.944567
v -2.751096 7.870997 -18.943953
v -2.734141 7.893130 -18.979500
v -2.733149 7.870997 -18.979176
v -2.728008 7.893130 -19.018223
v -2.726964 7.870997 -19.018223
v -2.734141 7.893130 -19.056946
v -2.733149 7.870997 -19.057268
v -2.751940 7.893130 -19.091879
v -2.751095 7.870997 -19.092493
v -2.779663 7.893130 -19.119602
v -2.779049 7.870997 -19.120447
v -2.814596 7.893130 -19.137402
v -2.814273 7.870997 -19.138395
v -2.853320 7.893130 -19.143534
v -2.853320 7.870997 -19.144579
v -2.892044 7.893130 -19.137402
v -2.892366 7.870997 -19.138395
v -2.926976 7.893130 -19.119602
v -2.927590 7.870997 -19.120447
v -2.954700 7.893130 -19.091879
v -2.955544 7.870997 -19.092493
v -2.972498 7.893130 -19.056946
v -2.973490 7.870997 -19.057268
v -2.978631 7.893130 -19.018223
v -2.979676 7.870997 -19.018223
v -2.971177 8.247211 -18.979931
v -2.953575 8.247211 -18.945385
v -2.926158 8.247211 -18.917969
v -2.891610 8.247211 -18.900366
v -2.853318 8.247211 -18.894300
v -2.815026 8.247211 -18.900366
v -2.780480 8.247211 -18.917969
v -2.753065 8.247211 -18.945383
v -2.735463 8.247211 -18.979929
v -2.729399 8.247211 -19.018223
v -2.735463 8.247211 -19.056515
v -2.753065 8.247211 -19.091061
v -2.780483 8.247211 -19.118479
v -2.815027 8.247211 -19.136080
v -2.853320 8.247211 -19.142145
v -2.891614 8.247211 -19.136078
v -2.926159 8.247211 -19.118477
v -2.953575 8.247211 -19.091063
v -2.971176 8.247211 -19.056517
v -2.977241 8.247211 -19.018223
v -2.943030 8.284370 -18.989077
v -2.929632 8.284371 -18.962782
v -2.908762 8.284371 -18.941914
v -2.882465 8.284371 -18.928513
v -2.853318 8.284370 -18.923897
v -2.824172 8.284371 -18.928513
v -2.797875 8.284371 -18.941912
v -2.777008 8.284370 -18.962780
v -2.763610 8.284370 -18.989075
v -2.758992 8.284370 -19.018223
v -2.763610 8.284370 -19.047369
v -2.777008 8.284370 -19.073666
v -2.797879 8.284370 -19.094534
v -2.824173 8.284370 -19.107933
v -2.853319 8.284370 -19.112549
v -2.882470 8.284370 -19.107931
v -2.908763 8.284370 -19.094534
v -2.929631 8.284371 -19.073666
v -2.943029 8.284370 -19.047371
v -2.947646 8.284370 -19.018223
v -2.905627 8.308041 -19.001228
v -2.897816 8.308041 -18.985899
v -2.885647 8.308041 -18.973730
v -2.870312 8.308041 -18.965916
v -2.853318 8.308041 -18.963224
v -2.836325 8.308041 -18.965916
v -2.820992 8.308041 -18.973728
v -2.808825 8.308041 -18.985895
v -2.801013 8.308041 -19.001228
v -2.798321 8.308041 -19.018223
v -2.801012 8.308041 -19.035215
v -2.808825 8.308041 -19.050549
v -2.820994 8.308041 -19.062717
v -2.836326 8.308041 -19.070530
v -2.853319 8.308041 -19.073221
v -2.870315 8.308041 -19.070530
v -2.885647 8.308041 -19.062717
v -2.897814 8.308041 -19.050550
v -2.905626 8.308041 -19.035217
v -2.908318 8.308041 -19.018223
v -2.774528 8.386662 -19.043829
v -2.786296 8.386662 -19.066923
v -2.804621 8.386662 -19.085247
v -2.827713 8.386662 -19.097015
v -2.853318 8.386662 -19.101070
v -2.878923 8.386662 -19.097015
v -2.902016 8.386662 -19.085247
v -2.920345 8.386662 -19.066919
v -2.932111 8.386662 -19.043825
v -2.936167 8.386662 -19.018223
v -2.932111 8.386662 -18.992619
v -2.920344 8.386662 -18.969524
v -2.902018 8.386662 -18.951199
v -2.878923 8.386662 -18.939430
v -2.853318 8.386662 -18.935375
v -2.827719 8.386662 -18.939430
v -2.804623 8.386662 -18.951197
v -2.786294 8.386662 -18.969526
v -2.774528 8.386662 -18.992620
v -2.770473 8.386662 -19.018221
v -2.752678 8.464530 -19.050930
v -2.767709 8.464529 -19.080427
v -2.791115 8.464530 -19.103834
v -2.820614 8.464531 -19.118864
v -2.853318 8.464530 -19.124044
v -2.886023 8.464530 -19.118864
v -2.915520 8.464530 -19.103836
v -2.938930 8.464531 -19.080425
v -2.953961 8.464531 -19.050924
v -2.959142 8.464530 -19.018223
v -2.953961 8.464530 -18.985519
v -2.938932 8.464530 -18.956018
v -2.915522 8.464530 -18.932611
v -2.886022 8.464530 -18.917580
v -2.853318 8.464530 -18.912401
v -2.820620 8.464530 -18.917580
v -2.791120 8.464531 -18.932610
v -2.767707 8.464531 -18.956024
v -2.752677 8.464530 -18.985521
v -2.747498 8.464531 -19.018221
v -2.752677 8.649736 -19.050932
v -2.767707 8.649736 -19.080429
v -2.791113 8.649736 -19.103834
v -2.820613 8.649737 -19.118864
v -2.853319 8.649736 -19.124046
v -2.886023 8.649736 -19.118864
v -2.915520 8.649736 -19.103838
v -2.938929 8.649737 -19.080427
v -2.953960 8.649737 -19.050922
v -2.959143 8.649736 -19.018219
v -2.953962 8.649736 -18.985519
v -2.938932 8.649736 -18.956018
v -2.915522 8.649736 -18.932611
v -2.886021 8.649736 -18.917580
v -2.853317 8.649736 -18.912399
v -2.820621 8.649736 -18.917578
v -2.791121 8.649737 -18.932610
v -2.767706 8.649737 -18.956024
v -2.752676 8.649736 -18.985521
v -2.747498 8.649737 -19.018221
v -2.730828 8.649736 -19.058031
v -2.749121 8.649736 -19.093933
v -2.777609 8.649736 -19.122419
v -2.813513 8.649737 -19.140713
v -2.853319 8.649736 -19.147020
v -2.893124 8.649736 -19.140715
v -2.929024 8.649736 -19.122423
v -2.957515 8.649737 -19.093931
v -2.975810 8.649737 -19.058023
v -2.982117 8.649736 -19.018221
v -2.975811 8.649736 -18.978418
v -2.957518 8.649736 -18.942514
v -2.929026 8.649736 -18.914024
v -2.893120 8.649736 -18.895729
v -2.853317 8.649736 -18.889425
v -2.813521 8.649736 -18.895727
v -2.777617 8.649736 -18.914022
v -2.749119 8.649737 -18.942520
v -2.730826 8.649736 -18.978420
v -2.724524 8.649736 -19.018221
v -2.730828 8.673430 -19.058031
v -2.749121 8.673430 -19.093933
v -2.777608 8.673430 -19.122419
v -2.813513 8.673431 -19.140713
v -2.853319 8.673430 -19.147020
v -2.893124 8.673430 -19.140715
v -2.929024 8.673430 -19.122423
v -2.957515 8.673431 -19.093931
v -2.975810 8.673431 -19.058023
v -2.982117 8.673430 -19.018219
v -2.975811 8.673430 -18.978418
v -2.957518 8.673430 -18.942514
v -2.929026 8.673430 -18.914024
v -2.893120 8.673430 -18.895729
v -2.853317 8.673430 -18.889425
v -2.813521 8.673430 -18.895727
v -2.777617 8.673431 -18.914022
v -2.749119 8.673431 -18.942520
v -2.730826 8.673430 -18.978420
v -2.724524 8.673431 -19.018221
v -2.752677 8.673430 -19.050932
v -2.767707 8.673430 -19.080429
v -2.791112 8.673430 -19.103834
v -2.820613 8.673431 -19.118864
v -2.853319 8.673430 -19.124046
v -2.886023 8.673430 -19.118864
v -2.915520 8.673430 -19.103838
v -2.938928 8.673431 -19.080429
v -2.953960 8.673431 -19.050922
v -2.959143 8.673430 -19.018219
v -2.953962 8.673431 -18.985519
v -2.938932 8.673430 -18.956018
v -2.915522 8.673431 -18.932611
v -2.886021 8.673430 -18.917578
v -2.853317 8.673430 -18.912399
v -2.820621 8.673430 -18.917578
v -2.791121 8.673431 -18.932610
v -2.767706 8.673431 -18.956024
v -2.752676 8.673430 -18.985521
v -2.747498 8.673431 -19.018221
v -2.752677 8.697124 -19.050932
v -2.767707 8.697124 -19.080429
v -2.791112 8.697124 -19.103834
v -2.820612 8.697125 -19.118864
v -2.853319 8.697125 -19.124046
v -2.886025 8.697125 -19.118864
v -2.915520 8.697124 -19.103838
v -2.938928 8.697125 -19.080429
v -2.953960 8.697126 -19.050922
v -2.959143 8.697124 -19.018219
v -2.953962 8.697125 -18.985519
v -2.938932 8.697125 -18.956018
v -2.915522 8.697125 -18.932611
v -2.886021 8.697124 -18.917578
v -2.853317 8.697124 -18.912399
v -2.820621 8.697124 -18.917578
v -2.791121 8.697125 -18.932610
v -2.767706 8.697125 -18.956026
v -2.752676 8.697124 -18.985521
v -2.747498 8.697125 -19.018221
v -2.730828 8.697124 -19.058031
v -2.749121 8.697124 -19.093933
v -2.777608 8.697124 -19.122419
v -2.813513 8.697125 -19.140713
v -2.853319 8.697124 -19.147020
v -2.893124 8.697124 -19.140715
v -2.929024 8.697124 -19.122425
v -2.957515 8.697125 -19.093931
v -2.975810 8.697126 -19.058023
v -2.982117 8.697124 -19.018219
v -2.975811 8.697125 -18.978418
v -2.957518 8.697125 -18.942514
v -2.929026 8.697125 -18.914024
v -2.893120 8.697124 -18.895729
v -2.853317 8.697124 -18.889425
v -2.813521 8.697124 -18.895727
v -2.777617 8.697125 -18.914022
v -2.749119 8.697125 -18.942522
v -2.730826 8.697124 -18.978420
v -2.724524 8.697125 -19.018221
v -2.730828 8.741567 -19.058031
v -2.749121 8.741567 -19.093933
v -2.853319 8.741568 -19.018223
v -2.777608 8.741567 -19.122419
v -2.813513 8.741568 -19.140713
v -2.853319 8.741568 -19.147020
v -2.893125 8.741568 -19.140715
v -2.929024 8.741567 -19.122425
v -2.957514 8.741568 -19.093933
v -2.975810 8.741568 -19.058022
v -2.982117 8.741567 -19.018219
v -2.975812 8.741568 -18.978418
v -2.957518 8.741568 -18.942514
v -2.929026 8.741568 -18.914024
v -2.893120 8.741567 -18.895729
v -2.853317 8.741567 -18.889425
v -2.813521 8.741567 -18.895727
v -2.777617 8.741568 -18.914022
v -2.749119 8.741568 -18.942522
v -2.730825 8.741567 -18.978420
v -2.724524 8.741568 -19.018221
v -2.730829 8.368509 -19.058027
v -2.735948 8.381345 -19.056364
v -2.748306 8.386662 -19.052349
v -2.749124 8.368509 -19.093931
v -2.753478 8.381344 -19.090767
v -2.763991 8.386661 -19.083130
v -2.777613 8.368509 -19.122421
v -2.780777 8.381345 -19.118067
v -2.788415 8.386662 -19.107553
v -2.813514 8.368511 -19.140715
v -2.815178 8.381346 -19.135595
v -2.819194 8.386662 -19.123236
v -2.853317 8.368510 -19.147018
v -2.853317 8.381346 -19.141636
v -2.853317 8.386662 -19.128641
v -2.893122 8.368510 -19.140715
v -2.891459 8.381346 -19.135595
v -2.887443 8.386662 -19.123236
v -2.929024 8.368510 -19.122421
v -2.925860 8.381345 -19.118067
v -2.918222 8.386662 -19.107553
v -2.957518 8.368510 -19.093927
v -2.953163 8.381346 -19.090763
v -2.942650 8.386662 -19.083126
v -2.975810 8.368511 -19.058025
v -2.970691 8.381346 -19.056362
v -2.958332 8.386662 -19.052345
v -2.982115 8.368510 -19.018223
v -2.976733 8.381345 -19.018223
v -2.963738 8.386662 -19.018223
v -2.975810 8.368510 -18.978418
v -2.970691 8.381346 -18.980082
v -2.958332 8.386662 -18.984098
v -2.957517 8.368510 -18.942516
v -2.953163 8.381345 -18.945679
v -2.942649 8.386662 -18.953318
v -2.929026 8.368510 -18.914026
v -2.925862 8.381346 -18.918381
v -2.918224 8.386662 -18.928894
v -2.893120 8.368510 -18.895731
v -2.891457 8.381345 -18.900850
v -2.887441 8.386662 -18.913208
v -2.853318 8.368510 -18.889427
v -2.853318 8.381345 -18.894810
v -2.853318 8.386662 -18.907804
v -2.813520 8.368510 -18.895731
v -2.815183 8.381345 -18.900850
v -2.819199 8.386662 -18.913208
v -2.777615 8.368510 -18.914024
v -2.780779 8.381346 -18.918379
v -2.788417 8.386662 -18.928892
v -2.749121 8.368511 -18.942520
v -2.753476 8.381346 -18.945683
v -2.763989 8.386662 -18.953321
v -2.730828 8.368510 -18.978422
v -2.735947 8.381345 -18.980085
v -2.748306 8.386662 -18.984100
v -2.724524 8.368510 -19.018221
v -2.729907 8.381346 -19.018221
v -2.742901 8.386662 -19.018221
v -2.748296 8.308039 -19.052351
v -2.735945 8.313352 -19.056364
v -2.730829 8.326179 -19.058025
v -2.763983 8.308039 -19.083136
v -2.753476 8.313352 -19.090769
v -2.749124 8.326178 -19.093931
v -2.788410 8.308039 -19.107563
v -2.780777 8.313352 -19.118069
v -2.777614 8.326179 -19.122421
v -2.819190 8.308040 -19.123247
v -2.815177 8.313353 -19.135597
v -2.813515 8.326179 -19.140713
v -2.853318 8.308040 -19.128653
v -2.853318 8.313353 -19.141640
v -2.853317 8.326179 -19.147018
v -2.887446 8.308040 -19.123247
v -2.891459 8.313353 -19.135597
v -2.893122 8.326179 -19.140715
v -2.918229 8.308039 -19.107563
v -2.925862 8.313352 -19.118069
v -2.929024 8.326179 -19.122421
v -2.942659 8.308040 -19.083132
v -2.953166 8.313353 -19.090765
v -2.957518 8.326179 -19.093927
v -2.958343 8.308040 -19.052349
v -2.970694 8.313353 -19.056362
v -2.975810 8.326180 -19.058025
v -2.963749 8.308040 -19.018223
v -2.976736 8.313352 -19.018223
v -2.982115 8.326179 -19.018223
v -2.958343 8.308040 -18.984095
v -2.970694 8.313353 -18.980082
v -2.975810 8.326179 -18.978418
v -2.942658 8.308040 -18.953312
v -2.953164 8.313353 -18.945677
v -2.957517 8.326179 -18.942516
v -2.918231 8.308040 -18.928885
v -2.925864 8.313353 -18.918377
v -2.929026 8.326179 -18.914026
v -2.887447 8.308040 -18.913198
v -2.891459 8.313353 -18.900846
v -2.893121 8.326179 -18.895731
v -2.853318 8.308039 -18.907793
v -2.853318 8.313352 -18.894806
v -2.853318 8.326179 -18.889427
v -2.819195 8.308039 -18.913198
v -2.815182 8.313352 -18.900846
v -2.813519 8.326179 -18.895731
v -2.788411 8.308040 -18.928883
v -2.780777 8.313353 -18.918377
v -2.777616 8.326179 -18.914024
v -2.763979 8.308040 -18.953314
v -2.753474 8.313353 -18.945681
v -2.749122 8.326179 -18.942518
v -2.748295 8.308039 -18.984097
v -2.735944 8.313352 -18.980083
v -2.730828 8.326179 -18.978422
v -2.742890 8.308040 -19.018221
v -2.729903 8.313353 -19.018221
v -2.724524 8.326179 -19.018221
v -2.329260 8.493399 -19.203850
v -2.407546 8.493399 -19.357496
v -2.529479 8.493399 -19.479429
v -2.683125 8.493399 -19.557716
v -2.853444 8.493399 -19.584692
v -3.023761 8.493399 -19.557716
v -3.177408 8.493399 -19.479429
v -3.299341 8.493399 -19.357496
v -3.377628 8.493399 -19.203850
v -3.404603 8.493399 -19.033531
v -3.377628 8.493399 -18.863214
v -3.299341 8.493399 -18.709568
v -3.177408 8.493399 -18.587633
v -3.023761 8.493399 -18.509348
v -2.853444 8.493399 -18.482372
v -2.683125 8.493399 -18.509348
v -2.529479 8.493399 -18.587633
v -2.407547 8.493399 -18.709568
v -2.329260 8.493399 -18.863214
v -2.302284 8.493399 -19.033531
v -2.558246 9.355544 -19.129448
v -2.602334 9.355544 -19.215975
v -2.671002 9.355544 -19.284643
v -2.757527 9.355544 -19.328730
v -2.853444 9.355544 -19.343922
v -2.949359 9.355544 -19.328730
v -3.035886 9.355544 -19.284643
v -3.104553 9.355544 -19.215975
v -3.148642 9.355544 -19.129448
v -3.163834 9.355544 -19.033531
v -3.148642 9.355544 -18.937616
v -3.104553 9.355544 -18.851089
v -3.035886 9.355544 -18.782421
v -2.949358 9.355544 -18.738335
v -2.853444 9.355544 -18.723143
v -2.757527 9.355544 -18.738335
v -2.671002 9.355544 -18.782421
v -2.602334 9.355544 -18.851089
v -2.558246 9.355544 -18.937616
v -2.543054 9.355544 -19.033531
v -2.306093 8.493399 -19.211376
v -2.387839 8.493399 -19.371813
v -2.582627 9.355544 -19.230291
v -2.535079 9.355544 -19.136974
v -2.515162 8.493399 -19.499136
v -2.656684 9.355544 -19.304348
v -2.675598 8.493399 -19.580883
v -2.750001 9.355544 -19.351896
v -2.853444 8.493399 -19.609051
v -2.853444 9.355544 -19.368280
v -3.031288 8.493399 -19.580883
v -2.956886 9.355544 -19.351896
v -3.191726 8.493399 -19.499136
v -3.050204 9.355544 -19.304348
v -3.319049 8.493399 -19.371813
v -3.124261 9.355544 -19.230291
v -3.400794 8.493399 -19.211376
v -3.171808 9.355544 -19.136974
v -3.428962 8.493399 -19.033531
v -3.188192 9.355544 -19.033531
v -3.400794 8.493399 -18.855686
v -3.171808 9.355544 -18.930090
v -3.319049 8.493399 -18.695250
v -3.124261 9.355544 -18.836773
v -3.191726 8.493399 -18.567928
v -3.050204 9.355544 -18.762714
v -3.031288 8.493399 -18.486181
v -2.956886 9.355544 -18.715168
v -2.853444 8.493399 -18.458014
v -2.853444 9.355544 -18.698784
v -2.675598 8.493399 -18.486181
v -2.750001 9.355544 -18.715168
v -2.515162 8.493399 -18.567928
v -2.656684 9.355544 -18.762714
v -2.387839 8.493399 -18.695250
v -2.582627 9.355544 -18.836773
v -2.306094 8.493399 -18.855686
v -2.535079 9.355544 -18.930090
v -2.277925 8.493399 -19.033531
v -2.518696 9.355544 -19.033531
v -2.837947 8.728045 -18.914019
v -2.840402 8.732860 -18.914019
v -2.844223 8.736682 -18.914019
v -2.849039 8.739136 -18.914019
v -2.854377 8.739981 -18.914019
v -2.859715 8.739136 -18.914019
v -2.864531 8.736682 -18.914019
v -2.868353 8.732860 -18.914019
v -2.870806 8.728045 -18.914019
v -2.871652 8.722706 -18.914019
v -2.870806 8.717368 -18.914019
v -2.868353 8.712552 -18.914019
v -2.864531 8.708731 -18.914019
v -2.859715 8.706277 -18.914019
v -2.854377 8.705431 -18.914019
v -2.849039 8.706277 -18.914019
v -2.844223 8.708731 -18.914019
v -2.840402 8.712552 -18.914019
v -2.837947 8.717368 -18.914019
v -2.837102 8.722706 -18.914019
v -2.837947 8.728045 -18.534273
v -2.840402 8.732860 -18.534273
v -2.844223 8.736682 -18.534273
v -2.849038 8.739136 -18.534273
v -2.854376 8.739981 -18.534273
v -2.859714 8.739136 -18.534273
v -2.864530 8.736682 -18.534275
v -2.868353 8.732860 -18.534275
v -2.870805 8.728045 -18.534275
v -2.871650 8.722706 -18.534273
v -2.870805 8.717368 -18.534275
v -2.868353 8.712552 -18.534275
v -2.864530 8.708731 -18.534275
v -2.859714 8.706277 -18.534273
v -2.854376 8.705431 -18.534273
v -2.849038 8.706277 -18.534273
v -2.844223 8.708731 -18.534273
v -2.840402 8.712552 -18.534273
v -2.837947 8.717368 -18.534273
v -2.837102 8.722706 -18.534273
v -2.854377 8.722706 -18.914019
v -2.854376 8.722706 -18.534273
v -2.837948 8.728045 -19.524933
v -2.840403 8.732860 -19.524933
v -2.844224 8.736682 -19.524933
v -2.849040 8.739136 -19.524933
v -2.854378 8.739981 -19.524935
v -2.859716 8.739136 -19.524933
v -2.864532 8.736682 -19.524933
v -2.868353 8.732860 -19.524935
v -2.870807 8.728045 -19.524933
v -2.871653 8.722706 -19.524933
v -2.870807 8.717368 -19.524933
v -2.868353 8.712552 -19.524935
v -2.864531 8.708731 -19.524933
v -2.859716 8.706277 -19.524933
v -2.854378 8.705431 -19.524935
v -2.849040 8.706277 -19.524933
v -2.844224 8.708731 -19.524933
v -2.840403 8.712552 -19.524933
v -2.837948 8.717368 -19.524933
v -2.837104 8.722706 -19.524935
v -2.837947 8.728045 -19.145187
v -2.840402 8.732860 -19.145187
v -2.844223 8.736682 -19.145187
v -2.849039 8.739136 -19.145187
v -2.854377 8.739981 -19.145187
v -2.859716 8.739136 -19.145187
v -2.864530 8.736682 -19.145187
v -2.868353 8.732860 -19.145187
v -2.870806 8.728045 -19.145187
v -2.871652 8.722706 -19.145187
v -2.870806 8.717368 -19.145187
v -2.868353 8.712552 -19.145187
v -2.864530 8.708731 -19.145187
v -2.859715 8.706277 -19.145187
v -2.854377 8.705431 -19.145187
v -2.849039 8.706277 -19.145187
v -2.844223 8.708731 -19.145187
v -2.840402 8.712552 -19.145187
v -2.837947 8.717368 -19.145187
v -2.837102 8.722706 -19.145187
v -2.854378 8.722706 -19.524935
v -2.854377 8.722706 -19.145187
v -3.355615 8.724028 -19.042303
v -3.355615 8.728844 -19.039850
v -3.355615 8.732665 -19.036028
v -3.355615 8.735119 -19.031212
v -3.355615 8.735964 -19.025873
v -3.355615 8.735119 -19.020535
v -3.355615 8.732665 -19.015720
v -3.355615 8.728844 -19.011898
v -3.355615 8.724028 -19.009445
v -3.355615 8.718689 -19.008598
v -3.355615 8.713351 -19.009445
v -3.355615 8.708535 -19.011898
v -3.355615 8.704714 -19.015720
v -3.355615 8.702260 -19.020535
v -3.355615 8.701414 -19.025873
v -3.355615 8.702260 -19.031212
v -3.355615 8.704714 -19.036028
v -3.355615 8.708535 -19.039850
v -3.355615 8.713351 -19.042303
v -3.355615 8.718689 -19.043148
v -2.974178 8.724028 -19.042303
v -2.974178 8.728844 -19.039850
v -2.974178 8.732665 -19.036028
v -2.974178 8.735119 -19.031212
v -2.974178 8.735964 -19.025873
v -2.974178 8.735119 -19.020535
v -2.974178 8.732665 -19.015720
v -2.974178 8.728844 -19.011898
v -2.974178 8.724028 -19.009445
v -2.974178 8.718689 -19.008598
v -2.974178 8.713351 -19.009445
v -2.974178 8.708535 -19.011898
v -2.974178 8.704714 -19.015720
v -2.974178 8.702260 -19.020535
v -2.974178 8.701414 -19.025873
v -2.974178 8.702260 -19.031212
v -2.974178 8.704714 -19.036028
v -2.974178 8.708535 -19.039848
v -2.974178 8.713351 -19.042303
v -2.974178 8.718689 -19.043148
v -3.355615 8.718689 -19.025873
v -2.974178 8.718689 -19.025873
v -2.737593 8.724028 -19.042303
v -2.737593 8.728844 -19.039850
v -2.737593 8.732665 -19.036028
v -2.737593 8.735119 -19.031212
v -2.737593 8.735964 -19.025873
v -2.737593 8.735119 -19.020535
v -2.737593 8.732665 -19.015720
v -2.737593 8.728844 -19.011898
v -2.737593 8.724028 -19.009445
v -2.737593 8.718689 -19.008598
v -2.737593 8.713351 -19.009445
v -2.737593 8.708535 -19.011898
v -2.737593 8.704714 -19.015720
v -2.737593 8.702260 -19.020535
v -2.737593 8.701414 -19.025873
v -2.737593 8.702260 -19.031212
v -2.737593 8.704714 -19.036028
v -2.737593 8.708535 -19.039850
v -2.737593 8.713351 -19.042303
v -2.737593 8.718689 -19.043148
v -2.356156 8.724028 -19.042303
v -2.356156 8.728844 -19.039850
v -2.356156 8.732665 -19.036028
v -2.356156 8.735119 -19.031212
v -2.356156 8.735964 -19.025873
v -2.356156 8.735119 -19.020535
v -2.356156 8.732665 -19.015720
v -2.356156 8.728844 -19.011898
v -2.356157 8.724028 -19.009445
v -2.356156 8.718689 -19.008598
v -2.356157 8.713351 -19.009445
v -2.356156 8.708535 -19.011898
v -2.356156 8.704714 -19.015720
v -2.356156 8.702260 -19.020535
v -2.356156 8.701414 -19.025873
v -2.356156 8.702260 -19.031212
v -2.356156 8.704714 -19.036028
v -2.356156 8.708535 -19.039848
v -2.356156 8.713351 -19.042303
v -2.356156 8.718689 -19.043148
v -2.737593 8.718689 -19.025873
v -2.356156 8.718689 -19.025873
vt 0.656655 0.848710
vt 0.657974 0.851298
vt 0.649147 0.854165
vt 0.658428 0.854165
vt 0.654602 0.846657
vt 0.657974 0.857033
vt 0.652015 0.845339
vt 0.656655 0.859621
vt 0.649147 0.844884
vt 0.654602 0.861674
vt 0.646279 0.845339
vt 0.652015 0.862992
vt 0.643692 0.846657
vt 0.649147 0.863446
vt 0.641639 0.848710
vt 0.646279 0.862992
vt 0.640320 0.851298
vt 0.643692 0.861674
vt 0.639866 0.854165
vt 0.641639 0.859621
vt 0.640320 0.857033
vt 0.760661 0.565590
vt 0.751076 0.584403
vt 0.696479 0.544736
vt 0.736146 0.599333
vt 0.763964 0.544736
vt 0.717333 0.608919
vt 0.760661 0.523882
vt 0.696479 0.612222
vt 0.751076 0.505069
vt 0.675625 0.608919
vt 0.736146 0.490139
vt 0.656812 0.599333
vt 0.717333 0.480554
vt 0.641883 0.584403
vt 0.696479 0.477251
vt 0.632297 0.565590
vt 0.675625 0.480554
vt 0.628994 0.544736
vt 0.656812 0.490139
vt 0.632297 0.523882
vt 0.641883 0.505069
vt 0.887992 0.508282
vt 0.896801 0.525571
vt 0.891602 0.527260
vt 0.883569 0.511495
vt 0.892414 0.505069
vt 0.901999 0.523882
vt 0.899836 0.544736
vt 0.894370 0.544736
vt 0.886404 0.528949
vt 0.879147 0.514708
vt 0.874271 0.494562
vt 0.871058 0.498984
vt 0.905302 0.544736
vt 0.877484 0.490139
vt 0.896801 0.563901
vt 0.891602 0.562212
vt 0.888904 0.544736
vt 0.881205 0.530638
vt 0.874725 0.517921
vt 0.867845 0.503406
vt 0.856982 0.485753
vt 0.855293 0.490951
vt 0.901999 0.565590
vt 0.858671 0.480554
vt 0.887992 0.581190
vt 0.883569 0.577977
vt 0.886403 0.560523
vt 0.883438 0.544736
vt 0.866909 0.535284
vt 0.862564 0.526756
vt 0.864632 0.507828
vt 0.853604 0.496150
vt 0.837817 0.482717
vt 0.837817 0.488183
vt 0.892414 0.584403
vt 0.837817 0.477251
vt 0.874271 0.594911
vt 0.871058 0.590488
vt 0.879147 0.574764
vt 0.881205 0.558834
vt 0.868406 0.544736
vt 0.861710 0.536973
vt 0.858142 0.529969
vt 0.855797 0.519989
vt 0.851914 0.501348
vt 0.837817 0.493649
vt 0.818652 0.485753
vt 0.820341 0.490951
vt 0.877484 0.599333
vt 0.816963 0.480554
vt 0.856982 0.603720
vt 0.855293 0.598521
vt 0.867845 0.586066
vt 0.874725 0.571551
vt 0.866909 0.554189
vt 0.862940 0.544736
vt 0.856511 0.538662
vt 0.853720 0.533182
vt 0.852584 0.524411
vt 0.847270 0.515644
vt 0.837817 0.499115
vt 0.822030 0.496150
vt 0.801363 0.494562
vt 0.804576 0.498984
vt 0.858671 0.608918
vt 0.798150 0.490139
vt 0.837817 0.606755
vt 0.837817 0.601289
vt 0.853604 0.593323
vt 0.864632 0.581644
vt 0.862564 0.562716
vt 0.861710 0.552499
vt 0.857474 0.544736
vt 0.851313 0.540351
vt 0.849297 0.536395
vt 0.849371 0.528833
vt 0.845580 0.520843
vt 0.837817 0.514147
vt 0.823720 0.501348
vt 0.807789 0.503406
vt 0.787642 0.508282
vt 0.792065 0.511495
vt 0.837817 0.612222
vt 0.783220 0.505069
vt 0.818652 0.603720
vt 0.820341 0.598521
vt 0.837817 0.595823
vt 0.851914 0.588124
vt 0.855797 0.569483
vt 0.858142 0.559503
vt 0.856511 0.550811
vt 0.852008 0.544736
vt 0.846158 0.533256
vt 0.843892 0.526041
vt 0.837817 0.519613
vt 0.828364 0.515644
vt 0.811002 0.507828
vt 0.796487 0.514708
vt 0.778833 0.525571
vt 0.784032 0.527260
vt 0.816963 0.608918
vt 0.773635 0.523882
vt 0.801363 0.594911
vt 0.804576 0.590488
vt 0.822030 0.593323
vt 0.837817 0.590357
vt 0.847270 0.573828
vt 0.852584 0.565061
vt 0.853720 0.556290
vt 0.851313 0.549122
vt 0.842202 0.531240
vt 0.837817 0.525080
vt 0.830054 0.520843
vt 0.819837 0.519989
vt 0.800909 0.517921
vt 0.789230 0.528949
vt 0.775798 0.544736
vt 0.781264 0.544736
vt 0.798150 0.599333
vt 0.770332 0.544736
vt 0.787642 0.581190
vt 0.792065 0.577977
vt 0.807789 0.586066
vt 0.823720 0.588124
vt 0.837817 0.575325
vt 0.845580 0.568629
vt 0.849371 0.560639
vt 0.849297 0.553077
vt 0.837817 0.530546
vt 0.831743 0.526041
vt 0.823050 0.524411
vt 0.813070 0.526756
vt 0.794429 0.530638
vt 0.786730 0.544736
vt 0.778833 0.563901
vt 0.784032 0.562212
vt 0.783220 0.584403
vt 0.773635 0.565590
vt 0.796487 0.574764
vt 0.811002 0.581644
vt 0.828364 0.573828
vt 0.837817 0.569859
vt 0.843891 0.563431
vt 0.846158 0.556216
vt 0.833432 0.531240
vt 0.826263 0.528833
vt 0.817493 0.529969
vt 0.808725 0.535284
vt 0.792196 0.544736
vt 0.789230 0.560523
vt 0.800909 0.571551
vt 0.819837 0.569483
vt 0.830054 0.568629
vt 0.837817 0.564393
vt 0.842202 0.558232
vt 0.829476 0.533256
vt 0.821914 0.533182
vt 0.813924 0.536973
vt 0.807228 0.544736
vt 0.794429 0.558834
vt 0.813070 0.562716
vt 0.823050 0.565061
vt 0.831743 0.563431
vt 0.837817 0.558927
vt 0.826337 0.536395
vt 0.819122 0.538662
vt 0.812694 0.544736
vt 0.808725 0.554189
vt 0.817493 0.559503
vt 0.826263 0.560639
vt 0.833432 0.558232
vt 0.824321 0.540351
vt 0.818160 0.544736
vt 0.813924 0.552499
vt 0.821914 0.556290
vt 0.829476 0.556216
vt 0.823626 0.544736
vt 0.819122 0.550811
vt 0.826337 0.553077
vt 0.824321 0.549122
vt 0.510570 0.701579
vt 0.509330 0.710528
vt 0.495402 0.710528
vt 0.496054 0.701579
vt 0.522090 0.701579
vt 0.520384 0.710528
vt 0.479963 0.710528
vt 0.479963 0.701579
vt 0.489748 0.722239
vt 0.479963 0.722239
vt 0.464523 0.710528
vt 0.463872 0.701579
vt 0.489595 0.731550
vt 0.479963 0.731550
vt 0.470177 0.722239
vt 0.450595 0.710528
vt 0.449355 0.701579
vt 0.498576 0.722239
vt 0.498285 0.731550
vt 0.491246 0.744453
vt 0.479963 0.744453
vt 0.470330 0.731550
vt 0.439542 0.710528
vt 0.437835 0.701579
vt 0.505582 0.722239
vt 0.505182 0.731550
vt 0.501424 0.744453
vt 0.491758 0.774768
vt 0.479963 0.774768
vt 0.468680 0.744453
vt 0.461350 0.722239
vt 0.461640 0.731550
vt 0.509501 0.744453
vt 0.502398 0.774768
vt 0.492856 0.788341
vt 0.479963 0.788341
vt 0.468167 0.774768
vt 0.458502 0.744453
vt 0.454344 0.722239
vt 0.454744 0.731550
vt 0.510843 0.774768
vt 0.504488 0.788341
vt 0.467069 0.788341
vt 0.457527 0.774768
vt 0.450424 0.744453
vt 0.513718 0.788341
vt 0.455438 0.788341
vt 0.449083 0.774768
vt 0.446207 0.788341
vt 0.373913 0.701579
vt 0.374565 0.710528
vt 0.360637 0.710528
vt 0.359397 0.701579
vt 0.390004 0.701579
vt 0.390004 0.710528
vt 0.349583 0.710528
vt 0.347877 0.701579
vt 0.406096 0.701579
vt 0.405444 0.710528
vt 0.390004 0.722239
vt 0.380219 0.722239
vt 0.420612 0.701579
vt 0.419372 0.710528
vt 0.399790 0.722239
vt 0.390004 0.731550
vt 0.380372 0.731550
vt 0.432132 0.701579
vt 0.430425 0.710528
vt 0.399637 0.731550
vt 0.390004 0.744453
vt 0.378722 0.744453
vt 0.371391 0.722239
vt 0.371682 0.731550
vt 0.408618 0.722239
vt 0.408327 0.731550
vt 0.401287 0.744453
vt 0.390004 0.774768
vt 0.378209 0.774768
vt 0.368543 0.744453
vt 0.364385 0.722239
vt 0.364786 0.731550
vt 0.415623 0.722239
vt 0.415223 0.731550
vt 0.411466 0.744453
vt 0.401800 0.774768
vt 0.390004 0.788341
vt 0.377111 0.788341
vt 0.367569 0.774768
vt 0.360466 0.744453
vt 0.419543 0.744453
vt 0.412440 0.774768
vt 0.402898 0.788341
vt 0.365479 0.788341
vt 0.359124 0.774768
vt 0.420885 0.774768
vt 0.414529 0.788341
vt 0.356249 0.788341
vt 0.423760 0.788341
vt 0.393430 0.814221
vt 0.393430 0.803904
vt 0.404847 0.801241
vt 0.404847 0.812821
vt 0.393430 0.795717
vt 0.404847 0.792052
vt 0.418497 0.801241
vt 0.418497 0.812821
vt 0.393430 0.825657
vt 0.404847 0.825657
vt 0.418497 0.792052
vt 0.429914 0.803904
vt 0.429914 0.814221
vt 0.418497 0.825657
vt 0.393430 0.837093
vt 0.404847 0.838493
vt 0.429914 0.795717
vt 0.437387 0.803904
vt 0.437387 0.814221
vt 0.429914 0.825657
vt 0.418497 0.838493
vt 0.393430 0.847409
vt 0.404847 0.850072
vt 0.437387 0.795717
vt 0.437387 0.825657
vt 0.429914 0.837093
vt 0.418497 0.850072
vt 0.393430 0.855597
vt 0.404847 0.859261
vt 0.437387 0.837093
vt 0.429914 0.847409
vt 0.418497 0.859261
vt 0.437387 0.847409
vt 0.429914 0.855597
vt 0.437387 0.855597
vt 0.444167 0.847409
vt 0.444167 0.837093
vt 0.455584 0.838493
vt 0.455584 0.850073
vt 0.444167 0.825657
vt 0.455584 0.825657
vt 0.469234 0.838493
vt 0.469234 0.850073
vt 0.444167 0.855597
vt 0.455584 0.859262
vt 0.444167 0.814221
vt 0.455584 0.812821
vt 0.469234 0.825657
vt 0.480651 0.837093
vt 0.480651 0.847409
vt 0.469234 0.859262
vt 0.444167 0.803904
vt 0.455584 0.801242
vt 0.469234 0.812821
vt 0.480651 0.825657
vt 0.488123 0.837093
vt 0.488123 0.847409
vt 0.480651 0.855597
vt 0.444167 0.795717
vt 0.455584 0.792052
vt 0.469234 0.801242
vt 0.480651 0.814221
vt 0.488123 0.825657
vt 0.488123 0.855597
vt 0.469234 0.792052
vt 0.480651 0.803904
vt 0.488123 0.814221
vt 0.480651 0.795717
vt 0.488123 0.803904
vt 0.488123 0.795717
vt 0.123908 0.840976
vt 0.134291 0.840976
vt 0.131944 0.850341
vt 0.122675 0.850341
vt 0.122337 0.835805
vt 0.131302 0.835806
vt 0.142530 0.840977
vt 0.139300 0.850341
vt 0.128745 0.859426
vt 0.120993 0.859426
vt 0.112399 0.840976
vt 0.112399 0.850341
vt 0.122420 0.830126
vt 0.131459 0.830126
vt 0.138416 0.835806
vt 0.112399 0.835805
vt 0.134898 0.859426
vt 0.123916 0.866703
vt 0.118454 0.866703
vt 0.112399 0.859426
vt 0.100891 0.840976
vt 0.102124 0.850341
vt 0.112399 0.830126
vt 0.138633 0.830126
vt 0.102462 0.835805
vt 0.123916 0.872783
vt 0.118454 0.872783
vt 0.112399 0.866703
vt 0.103805 0.859426
vt 0.090508 0.840976
vt 0.092855 0.850341
vt 0.102379 0.830126
vt 0.093497 0.835805
vt 0.128250 0.866703
vt 0.128250 0.872783
vt 0.127727 0.878864
vt 0.120458 0.878864
vt 0.112399 0.872783
vt 0.106345 0.866703
vt 0.096053 0.859426
vt 0.082269 0.840976
vt 0.085498 0.850341
vt 0.093339 0.830126
vt 0.086382 0.835805
vt 0.131193 0.884945
vt 0.122279 0.884945
vt 0.112399 0.878864
vt 0.106345 0.872783
vt 0.100883 0.866703
vt 0.089900 0.859426
vt 0.086166 0.830126
vt 0.133497 0.878864
vt 0.138266 0.884945
vt 0.134658 0.897106
vt 0.124102 0.897106
vt 0.112399 0.884945
vt 0.104341 0.878864
vt 0.100883 0.872783
vt 0.143037 0.897106
vt 0.134658 0.903186
vt 0.124102 0.903186
vt 0.112399 0.897106
vt 0.102519 0.884945
vt 0.097071 0.878864
vt 0.096549 0.866703
vt 0.096549 0.872783
vt 0.143037 0.903187
vt 0.112399 0.903186
vt 0.100697 0.897106
vt 0.093606 0.884945
vt 0.100697 0.903186
vt 0.090140 0.897106
vt 0.091302 0.878864
vt 0.086532 0.884945
vt 0.090140 0.903186
vt 0.081762 0.897106
vt 0.081762 0.903186
vt 0.157553 0.841321
vt 0.167935 0.841321
vt 0.169169 0.850685
vt 0.159900 0.850685
vt 0.160542 0.836150
vt 0.169507 0.836150
vt 0.179445 0.841321
vt 0.179445 0.850685
vt 0.170851 0.859770
vt 0.163098 0.859770
vt 0.149314 0.841321
vt 0.152543 0.850685
vt 0.160385 0.830470
vt 0.169424 0.830470
vt 0.179445 0.836150
vt 0.153428 0.836150
vt 0.190953 0.841321
vt 0.189720 0.850685
vt 0.179445 0.859770
vt 0.173390 0.867047
vt 0.167928 0.867047
vt 0.156946 0.859770
vt 0.153211 0.830470
vt 0.179445 0.830470
vt 0.189382 0.836150
vt 0.201336 0.841321
vt 0.198989 0.850685
vt 0.188038 0.859770
vt 0.179445 0.867047
vt 0.173390 0.873128
vt 0.167928 0.873128
vt 0.189465 0.830470
vt 0.198347 0.836150
vt 0.209575 0.841321
vt 0.206346 0.850685
vt 0.195791 0.859770
vt 0.185499 0.867047
vt 0.179445 0.873128
vt 0.171386 0.879209
vt 0.164117 0.879209
vt 0.163594 0.867047
vt 0.163594 0.873128
vt 0.198505 0.830470
vt 0.205462 0.836150
vt 0.201944 0.859770
vt 0.190961 0.867047
vt 0.185499 0.873128
vt 0.179445 0.879209
vt 0.169565 0.885289
vt 0.160651 0.885289
vt 0.205678 0.830470
vt 0.190961 0.873128
vt 0.187503 0.879209
vt 0.179445 0.885289
vt 0.167742 0.897450
vt 0.157185 0.897450
vt 0.158347 0.879209
vt 0.153578 0.885289
vt 0.195296 0.867047
vt 0.195296 0.873128
vt 0.194772 0.879209
vt 0.189325 0.885289
vt 0.179445 0.897450
vt 0.167742 0.903531
vt 0.157185 0.903531
vt 0.148807 0.897450
vt 0.198238 0.885289
vt 0.191147 0.897450
vt 0.179445 0.903531
vt 0.148807 0.903531
vt 0.200542 0.879209
vt 0.205312 0.885289
vt 0.201704 0.897451
vt 0.191147 0.903531
vt 0.210082 0.897450
vt 0.201704 0.903531
vt 0.210082 0.903531
vt 0.561504 0.868815
vt 0.566213 0.868719
vt 0.566213 0.877349
vt 0.561504 0.877399
vt 0.561504 0.862002
vt 0.566213 0.861870
vt 0.566213 0.886915
vt 0.561504 0.886915
vt 0.566213 0.896481
vt 0.561504 0.896431
vt 0.566213 0.905111
vt 0.561504 0.905015
vt 0.566213 0.911960
vt 0.561504 0.911828
vt 0.551091 0.896431
vt 0.555800 0.896481
vt 0.555800 0.905112
vt 0.551091 0.905015
vt 0.551091 0.886915
vt 0.555800 0.886915
vt 0.555800 0.911960
vt 0.551091 0.911828
vt 0.551091 0.877399
vt 0.555800 0.877349
vt 0.551091 0.868814
vt 0.555800 0.868719
vt 0.551091 0.862001
vt 0.555800 0.861870
vt 0.754241 0.806198
vt 0.754241 0.795689
vt 0.760490 0.795689
vt 0.760489 0.806198
vt 0.754241 0.787349
vt 0.760490 0.787349
vt 0.754241 0.817847
vt 0.760490 0.817847
vt 0.754241 0.829496
vt 0.760490 0.829496
vt 0.754241 0.840006
vt 0.760490 0.840006
vt 0.754241 0.848345
vt 0.760490 0.848345
vt 0.742289 0.840005
vt 0.742289 0.829496
vt 0.748537 0.829496
vt 0.748537 0.840005
vt 0.742289 0.817847
vt 0.748537 0.817847
vt 0.742289 0.848345
vt 0.748537 0.848345
vt 0.742289 0.806198
vt 0.748537 0.806198
vt 0.742289 0.795689
vt 0.748537 0.795689
vt 0.742289 0.787349
vt 0.748537 0.787349
vt 0.709151 0.806198
vt 0.709152 0.795689
vt 0.720974 0.799154
vt 0.720974 0.808020
vt 0.709152 0.787349
vt 0.720974 0.792119
vt 0.730511 0.803619
vt 0.730511 0.810367
vt 0.709152 0.817847
vt 0.720974 0.817847
vt 0.730511 0.798264
vt 0.730511 0.817847
vt 0.709152 0.829496
vt 0.720974 0.827674
vt 0.736585 0.813485
vt 0.736585 0.817847
vt 0.730511 0.825327
vt 0.709152 0.840005
vt 0.720974 0.836539
vt 0.736585 0.822208
vt 0.730511 0.832075
vt 0.709152 0.848345
vt 0.720974 0.843575
vt 0.730511 0.837430
vt 0.676013 0.839571
vt 0.676013 0.829062
vt 0.687836 0.827240
vt 0.687836 0.836106
vt 0.676013 0.817413
vt 0.687836 0.817413
vt 0.697372 0.824894
vt 0.697372 0.831641
vt 0.676013 0.847911
vt 0.687836 0.843141
vt 0.676013 0.805764
vt 0.687836 0.807587
vt 0.697372 0.817413
vt 0.697373 0.836997
vt 0.676013 0.795255
vt 0.687836 0.798721
vt 0.697372 0.809933
vt 0.703447 0.817413
vt 0.703447 0.821774
vt 0.676013 0.786915
vt 0.687836 0.791684
vt 0.697372 0.803185
vt 0.703447 0.813052
vt 0.697372 0.797829
vt 0.253786 0.858162
vt 0.246217 0.858163
vt 0.244394 0.838179
vt 0.250321 0.838179
vt 0.253787 0.905692
vt 0.246217 0.905692
vt 0.237823 0.858163
vt 0.237823 0.838179
vt 0.259794 0.858163
vt 0.255024 0.838179
vt 0.259794 0.905692
vt 0.237823 0.905692
vt 0.229431 0.858163
vt 0.231253 0.838179
vt 0.229431 0.905692
vt 0.221861 0.858163
vt 0.225326 0.838179
vt 0.221861 0.905692
vt 0.215852 0.858163
vt 0.220622 0.838179
vt 0.215852 0.905692
vt 0.318221 0.858163
vt 0.310650 0.858163
vt 0.314116 0.838179
vt 0.320043 0.838179
vt 0.318221 0.905692
vt 0.310650 0.905692
vt 0.304642 0.858163
vt 0.309413 0.838179
vt 0.326613 0.858163
vt 0.326613 0.838179
vt 0.326614 0.905692
vt 0.304641 0.905692
vt 0.335006 0.858163
vt 0.333184 0.838179
vt 0.335006 0.905692
vt 0.342576 0.858163
vt 0.339111 0.838179
vt 0.342576 0.905692
vt 0.348583 0.858163
vt 0.343814 0.838179
vt 0.348583 0.905692
vt 0.647119 0.803439
vt 0.647119 0.794225
vt 0.653200 0.794225
vt 0.653200 0.803439
vt 0.647119 0.786915
vt 0.653200 0.786915
vt 0.647119 0.813655
vt 0.653200 0.813655
vt 0.647119 0.823870
vt 0.653200 0.823870
vt 0.647119 0.833082
vt 0.653200 0.833082
vt 0.647119 0.840396
vt 0.653200 0.840396
vt 0.635334 0.833862
vt 0.635334 0.824647
vt 0.641415 0.824647
vt 0.641415 0.833862
vt 0.635334 0.814432
vt 0.641415 0.814432
vt 0.635334 0.841173
vt 0.641415 0.841173
vt 0.635334 0.804217
vt 0.641415 0.804217
vt 0.635334 0.795004
vt 0.641415 0.795004
vt 0.635334 0.787692
vt 0.641415 0.787692
vt 0.211965 0.922979
vt 0.211965 0.915410
vt 0.218045 0.915410
vt 0.218045 0.922979
vt 0.211965 0.909403
vt 0.218045 0.909403
vt 0.211965 0.931374
vt 0.218045 0.931374
vt 0.211965 0.939766
vt 0.218045 0.939766
vt 0.211965 0.947336
vt 0.218045 0.947335
vt 0.211965 0.953345
vt 0.218045 0.953345
vt 0.200181 0.945176
vt 0.200181 0.937604
vt 0.206261 0.937604
vt 0.206261 0.945176
vt 0.200181 0.929211
vt 0.206261 0.929211
vt 0.200181 0.951184
vt 0.206261 0.951184
vt 0.200181 0.920820
vt 0.206261 0.920820
vt 0.200181 0.913249
vt 0.206261 0.913249
vt 0.200181 0.907242
vt 0.206261 0.907242
vt 0.618225 0.804216
vt 0.618225 0.795002
vt 0.629630 0.795002
vt 0.629630 0.804216
vt 0.618225 0.787692
vt 0.629630 0.787692
vt 0.618225 0.814432
vt 0.629630 0.814432
vt 0.618225 0.824647
vt 0.629630 0.824647
vt 0.618225 0.833859
vt 0.629630 0.833859
vt 0.618225 0.841173
vt 0.629630 0.841173
vt 0.658904 0.833085
vt 0.658905 0.823870
vt 0.670309 0.823869
vt 0.670309 0.833085
vt 0.658904 0.813655
vt 0.670309 0.813655
vt 0.658904 0.840397
vt 0.670309 0.840397
vt 0.658904 0.803440
vt 0.670309 0.803440
vt 0.658904 0.794227
vt 0.670309 0.794227
vt 0.658904 0.786915
vt 0.670309 0.786915
vt 0.609226 0.804217
vt 0.612520 0.804644
vt 0.612520 0.814433
vt 0.609226 0.814433
vt 0.609226 0.795003
vt 0.612520 0.795815
vt 0.612520 0.824220
vt 0.609226 0.824646
vt 0.598363 0.814433
vt 0.598363 0.804218
vt 0.598362 0.795003
vt 0.609226 0.787692
vt 0.612520 0.788810
vt 0.612520 0.833048
vt 0.609227 0.833860
vt 0.598363 0.824646
vt 0.595071 0.804644
vt 0.595071 0.814433
vt 0.595071 0.795815
vt 0.598363 0.787692
vt 0.612520 0.840055
vt 0.609226 0.841173
vt 0.598363 0.833860
vt 0.595071 0.824220
vt 0.595071 0.788809
vt 0.598363 0.841173
vt 0.595071 0.833049
vt 0.595071 0.840056
vt 0.589367 0.833048
vt 0.586073 0.833860
vt 0.586073 0.824647
vt 0.589367 0.824220
vt 0.589366 0.840055
vt 0.586073 0.841172
vt 0.575209 0.833860
vt 0.575209 0.824647
vt 0.586073 0.814432
vt 0.589366 0.814432
vt 0.575209 0.841172
vt 0.571918 0.833049
vt 0.571918 0.824220
vt 0.575209 0.814432
vt 0.586073 0.804217
vt 0.589367 0.804644
vt 0.571917 0.840055
vt 0.571917 0.814432
vt 0.575209 0.804217
vt 0.586073 0.795004
vt 0.589366 0.795815
vt 0.571918 0.804644
vt 0.575209 0.795004
vt 0.586073 0.787692
vt 0.589367 0.788810
vt 0.571918 0.795815
vt 0.575209 0.787692
vt 0.571918 0.788809
vt 0.304641 0.075840
vt 0.304641 0.034667
vt 0.525893 0.070986
vt 0.525893 0.094934
vt 0.304641 0.001992
vt 0.525893 0.051980
vt 0.304641 0.121480
vt 0.525893 0.121480
vt 0.304641 0.167120
vt 0.525893 0.148026
vt 0.304641 0.208293
vt 0.525893 0.171974
vt 0.304641 0.240968
vt 0.525893 0.190980
vt 0.532956 0.208293
vt 0.532956 0.167120
vt 0.754209 0.148026
vt 0.754209 0.171974
vt 0.532956 0.121480
vt 0.754209 0.121480
vt 0.532956 0.240968
vt 0.754209 0.190979
vt 0.532956 0.075839
vt 0.754209 0.094934
vt 0.532956 0.034666
vt 0.754209 0.070986
vt 0.532956 0.001992
vt 0.754209 0.051980
vt 0.706639 0.402818
vt 0.927891 0.383724
vt 0.927891 0.405930
vt 0.706639 0.442248
vt 0.706639 0.359109
vt 0.927891 0.359109
vt 0.927891 0.423552
vt 0.706639 0.473540
vt 0.706639 0.315401
vt 0.927891 0.334495
vt 0.706639 0.275971
vt 0.927891 0.312289
vt 0.706639 0.244678
vt 0.927891 0.294667
vt 0.479682 0.275970
vt 0.700935 0.312288
vt 0.700935 0.334494
vt 0.479682 0.315400
vt 0.479682 0.244678
vt 0.700935 0.294666
vt 0.700935 0.359109
vt 0.479682 0.359109
vt 0.700935 0.383724
vt 0.479682 0.402817
vt 0.700935 0.405929
vt 0.479682 0.442248
vt 0.700935 0.423552
vt 0.479682 0.473540
vt 0.659223 0.615932
vt 0.660459 0.615932
vt 0.660459 0.713386
vt 0.659223 0.713386
vt 0.661440 0.615932
vt 0.661440 0.713386
vt 0.657853 0.615932
vt 0.657853 0.713386
vt 0.656484 0.615932
vt 0.656484 0.713386
vt 0.655248 0.615932
vt 0.655248 0.713386
vt 0.654267 0.615932
vt 0.654267 0.713386
vt 0.636666 0.713386
vt 0.635430 0.713386
vt 0.635430 0.615933
vt 0.636666 0.615933
vt 0.634060 0.713386
vt 0.634060 0.615932
vt 0.637647 0.713386
vt 0.637647 0.615933
vt 0.632690 0.713386
vt 0.632690 0.615933
vt 0.631455 0.713386
vt 0.631455 0.615933
vt 0.630474 0.713386
vt 0.630474 0.615933
vt 0.706810 0.615933
vt 0.708045 0.615933
vt 0.708045 0.713387
vt 0.706810 0.713387
vt 0.709027 0.615933
vt 0.709027 0.713387
vt 0.705440 0.615932
vt 0.705440 0.713387
vt 0.704069 0.615933
vt 0.704069 0.713387
vt 0.702834 0.615933
vt 0.702834 0.713387
vt 0.701853 0.615933
vt 0.701853 0.713387
vt 0.684252 0.713387
vt 0.683016 0.713386
vt 0.683016 0.615932
vt 0.684252 0.615932
vt 0.681646 0.713386
vt 0.681646 0.615932
vt 0.685233 0.713386
vt 0.685233 0.615932
vt 0.680276 0.713386
vt 0.680276 0.615932
vt 0.679041 0.713387
vt 0.679041 0.615932
vt 0.678060 0.713386
vt 0.678060 0.615932
vt 0.737506 0.860076
vt 0.736270 0.860706
vt 0.734900 0.856489
vt 0.734900 0.860922
vt 0.738487 0.859095
vt 0.733530 0.860706
vt 0.739117 0.857859
vt 0.732294 0.860076
vt 0.739333 0.856489
vt 0.731313 0.859095
vt 0.739117 0.855119
vt 0.730684 0.857859
vt 0.738487 0.853884
vt 0.730467 0.856489
vt 0.737506 0.852903
vt 0.730684 0.855119
vt 0.736270 0.852274
vt 0.731313 0.853884
vt 0.734900 0.852056
vt 0.732294 0.852903
vt 0.733530 0.852274
vt 0.752578 0.852273
vt 0.753814 0.852902
vt 0.751208 0.856489
vt 0.754795 0.853883
vt 0.751208 0.852056
vt 0.755425 0.855119
vt 0.749838 0.852273
vt 0.755641 0.856489
vt 0.748602 0.852903
vt 0.755425 0.857859
vt 0.747621 0.853883
vt 0.754795 0.859094
vt 0.746992 0.855119
vt 0.753814 0.860075
vt 0.746775 0.856489
vt 0.752578 0.860705
vt 0.746992 0.857859
vt 0.751208 0.860922
vt 0.747621 0.859094
vt 0.749838 0.860705
vt 0.748602 0.860075
vt 0.770123 0.860294
vt 0.768887 0.860924
vt 0.767517 0.856708
vt 0.767517 0.861141
vt 0.771104 0.859313
vt 0.766147 0.860924
vt 0.771733 0.858077
vt 0.764911 0.860294
vt 0.771950 0.856708
vt 0.763930 0.859313
vt 0.771733 0.855337
vt 0.763301 0.858077
vt 0.771104 0.854102
vt 0.763084 0.856708
vt 0.770123 0.853121
vt 0.763301 0.855337
vt 0.768887 0.852492
vt 0.763930 0.854102
vt 0.767517 0.852274
vt 0.764911 0.853121
vt 0.766147 0.852492
vt 0.785195 0.858743
vt 0.786431 0.859372
vt 0.783825 0.862959
vt 0.787412 0.860353
vt 0.783825 0.858526
vt 0.788041 0.861589
vt 0.782455 0.858743
vt 0.788258 0.862959
vt 0.781219 0.859373
vt 0.788041 0.864330
vt 0.780238 0.860353
vt 0.787412 0.865565
vt 0.779609 0.861589
vt 0.786431 0.866546
vt 0.779392 0.862959
vt 0.785195 0.867175
vt 0.779609 0.864330
vt 0.783825 0.867393
vt 0.780238 0.865565
vt 0.782455 0.867175
vt 0.781219 0.866546
vt 0.919807 0.552702
vt 0.919807 0.571514
vt 0.911670 0.571514
vt 0.911670 0.552702
vt 0.919807 0.586444
vt 0.911670 0.586444
vt 0.919807 0.531848
vt 0.911670 0.531848
vt 0.919807 0.510994
vt 0.911670 0.510994
vt 0.919807 0.492181
vt 0.911670 0.492181
vt 0.919807 0.477251
vt 0.911670 0.477251
vt 0.927891 0.605085
vt 0.927891 0.623898
vt 0.919754 0.623898
vt 0.919754 0.605085
vt 0.927891 0.644751
vt 0.919754 0.644751
vt 0.927891 0.590155
vt 0.919754 0.590155
vt 0.927891 0.665605
vt 0.919754 0.665605
vt 0.927891 0.684418
vt 0.919754 0.684418
vt 0.927891 0.699349
vt 0.919754 0.699349
vt 0.543718 0.612999
vt 0.539762 0.612999
vt 0.538244 0.477251
vt 0.540832 0.477251
vt 0.535377 0.612999
vt 0.535377 0.477251
vt 0.546857 0.612999
vt 0.542885 0.477251
vt 0.530991 0.612999
vt 0.532509 0.477251
vt 0.527036 0.612999
vt 0.529921 0.477251
vt 0.523897 0.612999
vt 0.527868 0.477251
vt 0.583540 0.612999
vt 0.579585 0.612999
vt 0.582471 0.477251
vt 0.585058 0.477251
vt 0.576445 0.612999
vt 0.580417 0.477251
vt 0.587926 0.612999
vt 0.587926 0.477251
vt 0.592311 0.612999
vt 0.590794 0.477251
vt 0.596267 0.612999
vt 0.593381 0.477251
vt 0.599406 0.612999
vt 0.595434 0.477251
vt 0.904105 0.637397
vt 0.911501 0.651913
vt 0.861977 0.668004
vt 0.914050 0.668004
vt 0.892585 0.625877
vt 0.911501 0.684096
vt 0.878069 0.618481
vt 0.904105 0.698612
vt 0.861977 0.615932
vt 0.892585 0.710132
vt 0.845886 0.618481
vt 0.878069 0.717528
vt 0.831370 0.625877
vt 0.861977 0.720077
vt 0.819850 0.637397
vt 0.845886 0.717528
vt 0.812454 0.651913
vt 0.831370 0.710132
vt 0.809906 0.668004
vt 0.819850 0.698612
vt 0.812454 0.684096
vt 0.559393 0.835321
vt 0.554698 0.844535
vt 0.527958 0.825105
vt 0.547387 0.851845
vt 0.561010 0.825105
vt 0.538173 0.856540
vt 0.559393 0.814891
vt 0.527958 0.858158
vt 0.554698 0.805678
vt 0.517742 0.856540
vt 0.547385 0.798364
vt 0.508529 0.851847
vt 0.538171 0.793669
vt 0.501218 0.844535
vt 0.527958 0.792052
vt 0.496523 0.835319
vt 0.517743 0.793670
vt 0.494904 0.825104
vt 0.508529 0.798365
vt 0.496522 0.814890
vt 0.501217 0.805676
vt 0.579330 0.616710
vt 0.593258 0.623807
vt 0.582504 0.638609
vt 0.573676 0.634111
vt 0.604312 0.634860
vt 0.589509 0.645615
vt 0.611409 0.648788
vt 0.594007 0.654442
vt 0.613854 0.664228
vt 0.595557 0.664228
vt 0.611409 0.679667
vt 0.594007 0.674013
vt 0.604312 0.693595
vt 0.589509 0.682841
vt 0.593258 0.704649
vt 0.582504 0.689847
vt 0.579330 0.711746
vt 0.573676 0.694345
vt 0.562318 0.711746
vt 0.548390 0.704649
vt 0.559144 0.689847
vt 0.567972 0.694345
vt 0.537337 0.693595
vt 0.552138 0.682841
vt 0.530240 0.679667
vt 0.547641 0.674013
vt 0.527794 0.664228
vt 0.546091 0.664228
vt 0.530240 0.648788
vt 0.547641 0.654442
vt 0.537337 0.634860
vt 0.552138 0.645615
vt 0.548390 0.623807
vt 0.559145 0.638609
vt 0.562318 0.616710
vt 0.567972 0.634111
vt 0.340131 0.805637
vt 0.334204 0.817269
vt 0.330388 0.814496
vt 0.335645 0.804179
vt 0.324973 0.826499
vt 0.322201 0.822683
vt 0.342173 0.792744
vt 0.337456 0.792744
vt 0.313342 0.832426
vt 0.311885 0.827940
vt 0.340131 0.779850
vt 0.335645 0.781307
vt 0.300449 0.834468
vt 0.300449 0.829752
vt 0.334204 0.768219
vt 0.330388 0.770991
vt 0.287555 0.832426
vt 0.289013 0.827940
vt 0.324973 0.758988
vt 0.322201 0.762804
vt 0.275924 0.826499
vt 0.278696 0.822683
vt 0.313342 0.753061
vt 0.311885 0.757547
vt 0.266693 0.817269
vt 0.270509 0.814496
vt 0.300449 0.751019
vt 0.300449 0.755736
vt 0.260766 0.805637
vt 0.265252 0.804179
vt 0.287555 0.753061
vt 0.289013 0.757547
vt 0.258724 0.792744
vt 0.263441 0.792744
vt 0.275924 0.758988
vt 0.278696 0.762804
vt 0.260766 0.779850
vt 0.265252 0.781307
vt 0.266693 0.768219
vt 0.270509 0.770991
vt 0.374945 0.908274
vt 0.368792 0.902122
vt 0.375441 0.897292
vt 0.379775 0.901626
vt 0.364842 0.894369
vt 0.372657 0.891829
vt 0.364390 0.905320
vt 0.359667 0.896051
vt 0.363481 0.885775
vt 0.371698 0.885775
vt 0.358040 0.885775
vt 0.364842 0.877181
vt 0.372657 0.879721
vt 0.359667 0.875500
vt 0.368792 0.869429
vt 0.375441 0.874259
vt 0.364390 0.866231
vt 0.374945 0.863276
vt 0.379775 0.869925
vt 0.335431 0.909403
vt 0.341583 0.915556
vt 0.334935 0.920386
vt 0.330600 0.916051
vt 0.345533 0.923308
vt 0.337718 0.925848
vt 0.345985 0.912357
vt 0.350708 0.921627
vt 0.346895 0.931902
vt 0.338677 0.931902
vt 0.352336 0.931902
vt 0.345533 0.940496
vt 0.337718 0.937957
vt 0.350708 0.942177
vt 0.341583 0.948249
vt 0.334935 0.943418
vt 0.345985 0.951446
vt 0.335431 0.954401
vt 0.330600 0.947753
vt 0.021966 0.990965
vt 0.026300 0.986631
vt 0.031547 0.990442
vt 0.025777 0.996212
vt 0.029083 0.981168
vt 0.035251 0.983173
vt 0.030042 0.975114
vt 0.036528 0.975114
vt 0.040858 0.984994
vt 0.036316 0.993908
vt 0.029083 0.969060
vt 0.035251 0.967055
vt 0.042423 0.975114
vt 0.026300 0.963598
vt 0.031547 0.959786
vt 0.040858 0.965234
vt 0.021966 0.959264
vt 0.025777 0.954017
vt 0.036316 0.956321
vt 0.069604 0.959264
vt 0.065269 0.963598
vt 0.060022 0.959786
vt 0.065792 0.954017
vt 0.062486 0.969060
vt 0.056318 0.967056
vt 0.061527 0.975114
vt 0.055041 0.975114
vt 0.050710 0.965234
vt 0.055252 0.956321
vt 0.062486 0.981169
vt 0.056318 0.983173
vt 0.049146 0.975114
vt 0.065269 0.986631
vt 0.060022 0.990442
vt 0.050710 0.984995
vt 0.069604 0.990965
vt 0.065792 0.996212
vt 0.055252 0.993908
vt 0.151451 0.777187
vt 0.156830 0.766631
vt 0.162554 0.770790
vt 0.158180 0.779374
vt 0.165208 0.758252
vt 0.169367 0.763976
vt 0.149598 0.788890
vt 0.156673 0.788890
vt 0.175766 0.752873
vt 0.177952 0.759602
vt 0.151451 0.800591
vt 0.158180 0.798406
vt 0.187468 0.751019
vt 0.187468 0.758095
vt 0.156830 0.811148
vt 0.162554 0.806990
vt 0.199170 0.752873
vt 0.196984 0.759602
vt 0.165208 0.819527
vt 0.169367 0.813803
vt 0.209727 0.758252
vt 0.205568 0.763976
vt 0.175765 0.824905
vt 0.177952 0.818177
vt 0.218105 0.766630
vt 0.212381 0.770789
vt 0.187468 0.826759
vt 0.187468 0.819684
vt 0.223484 0.777187
vt 0.216755 0.779374
vt 0.199170 0.824905
vt 0.196983 0.818177
vt 0.225337 0.788890
vt 0.218262 0.788890
vt 0.209727 0.819527
vt 0.205568 0.813803
vt 0.223484 0.800591
vt 0.216755 0.798406
vt 0.218105 0.811148
vt 0.212381 0.806990
vt 0.115762 0.818160
vt 0.124392 0.813763
vt 0.128354 0.819216
vt 0.117845 0.824570
vt 0.131241 0.806914
vt 0.136694 0.810875
vt 0.106196 0.819675
vt 0.106196 0.826415
vt 0.135638 0.798283
vt 0.142048 0.800366
vt 0.096629 0.818160
vt 0.094547 0.824570
vt 0.137154 0.788716
vt 0.143894 0.788716
vt 0.087999 0.813762
vt 0.084037 0.819215
vt 0.135638 0.779150
vt 0.142048 0.777068
vt 0.081150 0.806914
vt 0.075698 0.810875
vt 0.131241 0.770520
vt 0.136694 0.766558
vt 0.076753 0.798283
vt 0.070343 0.800367
vt 0.124392 0.763671
vt 0.128354 0.758218
vt 0.075238 0.788717
vt 0.068498 0.788717
vt 0.115762 0.759274
vt 0.117845 0.752864
vt 0.076753 0.779150
vt 0.070343 0.777068
vt 0.106196 0.757759
vt 0.106196 0.751019
vt 0.081150 0.770521
vt 0.075698 0.766559
vt 0.096630 0.759274
vt 0.094547 0.752864
vt 0.087999 0.763671
vt 0.084038 0.758218
vt 0.068800 0.888886
vt 0.060612 0.897073
vt 0.057920 0.893367
vt 0.065094 0.886193
vt 0.050296 0.902329
vt 0.048880 0.897973
vt 0.074056 0.878569
vt 0.069699 0.877154
vt 0.038860 0.904141
vt 0.038860 0.899560
vt 0.075868 0.867133
vt 0.071287 0.867133
vt 0.027424 0.902329
vt 0.028839 0.897973
vt 0.074056 0.855697
vt 0.069699 0.857113
vt 0.017107 0.897073
vt 0.019800 0.893367
vt 0.068800 0.845381
vt 0.065094 0.848073
vt 0.008920 0.888886
vt 0.012626 0.886193
vt 0.060612 0.837193
vt 0.057920 0.840899
vt 0.003663 0.878569
vt 0.008020 0.877154
vt 0.050296 0.831936
vt 0.048880 0.836293
vt 0.001852 0.867133
vt 0.006433 0.867133
vt 0.038860 0.830126
vt 0.038860 0.834706
vt 0.003663 0.855697
vt 0.008020 0.857113
vt 0.027424 0.831936
vt 0.028839 0.836293
vt 0.008920 0.845381
vt 0.012626 0.848073
vt 0.017107 0.837193
vt 0.019800 0.840899
vt 0.442947 0.909017
vt 0.436199 0.905578
vt 0.442131 0.897414
vt 0.446066 0.899418
vt 0.430844 0.900223
vt 0.439009 0.894290
vt 0.427404 0.893474
vt 0.437003 0.890355
vt 0.424699 0.904687
vt 0.420181 0.895821
vt 0.426220 0.885994
vt 0.436312 0.885994
vt 0.418625 0.885994
vt 0.427404 0.878514
vt 0.437003 0.881633
vt 0.420181 0.876167
vt 0.430843 0.871765
vt 0.439008 0.877698
vt 0.424699 0.867302
vt 0.436199 0.866411
vt 0.442130 0.874575
vt 0.442946 0.862972
vt 0.446066 0.872571
vt 0.388598 0.863276
vt 0.395347 0.866715
vt 0.389414 0.874879
vt 0.385479 0.872875
vt 0.400702 0.872070
vt 0.392537 0.878003
vt 0.404141 0.878819
vt 0.394542 0.881938
vt 0.406847 0.867606
vt 0.411364 0.876471
vt 0.405325 0.886298
vt 0.395233 0.886298
vt 0.412920 0.886298
vt 0.404140 0.893779
vt 0.394542 0.890660
vt 0.411364 0.896126
vt 0.400702 0.900527
vt 0.392537 0.894594
vt 0.406847 0.904991
vt 0.395347 0.905882
vt 0.389415 0.897717
vt 0.388599 0.909320
vt 0.385480 0.899722
vt 0.626266 0.742534
vt 0.622409 0.734964
vt 0.627179 0.731498
vt 0.631873 0.740712
vt 0.616402 0.728957
vt 0.619868 0.724188
vt 0.627595 0.750928
vt 0.633491 0.750928
vt 0.608832 0.725101
vt 0.610654 0.719493
vt 0.626266 0.759320
vt 0.631874 0.761143
vt 0.600438 0.723770
vt 0.600439 0.717875
vt 0.622409 0.766890
vt 0.627179 0.770355
vt 0.592046 0.725101
vt 0.590223 0.719493
vt 0.616400 0.772899
vt 0.619866 0.777669
vt 0.584476 0.728956
vt 0.581010 0.724187
vt 0.608830 0.776756
vt 0.610652 0.782364
vt 0.578468 0.734965
vt 0.573699 0.731499
vt 0.600439 0.778085
vt 0.600439 0.783981
vt 0.574611 0.742536
vt 0.569004 0.740714
vt 0.592046 0.776756
vt 0.590224 0.782364
vt 0.573281 0.750929
vt 0.567385 0.750928
vt 0.584475 0.772898
vt 0.581010 0.777668
vt 0.574610 0.759320
vt 0.569003 0.761143
vt 0.578468 0.766891
vt 0.573698 0.770357
vt 0.704354 0.760367
vt 0.699660 0.769581
vt 0.694890 0.766115
vt 0.698747 0.758545
vt 0.692349 0.776891
vt 0.688884 0.772122
vt 0.705972 0.750151
vt 0.700076 0.750151
vt 0.683135 0.781586
vt 0.681313 0.775978
vt 0.704355 0.739936
vt 0.698748 0.741759
vt 0.672920 0.783204
vt 0.672919 0.777309
vt 0.699660 0.730724
vt 0.694890 0.734189
vt 0.662704 0.781586
vt 0.664527 0.775978
vt 0.692347 0.723410
vt 0.688881 0.728180
vt 0.653491 0.776892
vt 0.656957 0.772123
vt 0.683133 0.718715
vt 0.681311 0.724323
vt 0.646180 0.769580
vt 0.650950 0.766115
vt 0.672920 0.717098
vt 0.672920 0.722994
vt 0.641485 0.760365
vt 0.647092 0.758543
vt 0.662705 0.718715
vt 0.664527 0.724323
vt 0.639866 0.750150
vt 0.645762 0.750150
vt 0.653491 0.723411
vt 0.656956 0.728181
vt 0.641484 0.739936
vt 0.647091 0.741759
vt 0.646179 0.730722
vt 0.650949 0.734188
vt 0.771228 0.742190
vt 0.767371 0.734621
vt 0.772141 0.731155
vt 0.776835 0.740369
vt 0.761365 0.728614
vt 0.764830 0.723845
vt 0.772557 0.750585
vt 0.778453 0.750585
vt 0.753794 0.724757
vt 0.755616 0.719150
vt 0.771229 0.758977
vt 0.776836 0.760800
vt 0.745400 0.723427
vt 0.745401 0.717532
vt 0.767371 0.766546
vt 0.772141 0.770012
vt 0.737007 0.724757
vt 0.735185 0.719150
vt 0.761362 0.772556
vt 0.764828 0.777326
vt 0.729438 0.728613
vt 0.725972 0.723843
vt 0.753792 0.776413
vt 0.755614 0.782021
vt 0.723431 0.734621
vt 0.718661 0.731156
vt 0.745401 0.777742
vt 0.745401 0.783638
vt 0.719573 0.742193
vt 0.713966 0.740371
vt 0.737008 0.776413
vt 0.735186 0.782020
vt 0.718243 0.750586
vt 0.712347 0.750586
vt 0.729437 0.772555
vt 0.725972 0.777325
vt 0.719572 0.758977
vt 0.713965 0.760800
vt 0.723430 0.766548
vt 0.718660 0.770014
vt 0.854120 0.834030
vt 0.850095 0.841929
vt 0.844371 0.837770
vt 0.847391 0.831843
vt 0.857292 0.835060
vt 0.852793 0.843889
vt 0.843827 0.848197
vt 0.839668 0.842473
vt 0.855508 0.825272
vt 0.848432 0.825272
vt 0.858842 0.825272
vt 0.845788 0.850895
vt 0.835929 0.852221
vt 0.833742 0.845493
vt 0.854121 0.816516
vt 0.847391 0.818702
vt 0.857292 0.815485
vt 0.836959 0.855393
vt 0.827172 0.853609
vt 0.827171 0.846533
vt 0.850096 0.808617
vt 0.844372 0.812775
vt 0.852794 0.806656
vt 0.827172 0.856944
vt 0.818414 0.852221
vt 0.820600 0.845493
vt 0.843827 0.802347
vt 0.839668 0.808071
vt 0.845787 0.799649
vt 0.817383 0.855393
vt 0.810515 0.848197
vt 0.814674 0.842473
vt 0.835927 0.798322
vt 0.833741 0.805052
vt 0.836958 0.795151
vt 0.808555 0.850895
vt 0.804246 0.841928
vt 0.809970 0.837769
vt 0.827171 0.796935
vt 0.827171 0.804011
vt 0.827171 0.793601
vt 0.801548 0.843888
vt 0.800222 0.834029
vt 0.806951 0.831842
vt 0.818414 0.798322
vt 0.820600 0.805052
vt 0.817384 0.795151
vt 0.797050 0.835060
vt 0.798834 0.825272
vt 0.805910 0.825272
vt 0.810515 0.802348
vt 0.814673 0.808072
vt 0.808554 0.799650
vt 0.795499 0.825272
vt 0.800222 0.816515
vt 0.806951 0.818701
vt 0.804246 0.808616
vt 0.809970 0.812774
vt 0.801548 0.806655
vt 0.797050 0.815484
vt 0.882795 0.829635
vt 0.884800 0.833569
vt 0.919145 0.808615
vt 0.923171 0.816515
vt 0.926341 0.815485
vt 0.921842 0.806656
vt 0.927891 0.825274
vt 0.924558 0.825274
vt 0.912877 0.802346
vt 0.914836 0.799650
vt 0.926341 0.835061
vt 0.923171 0.834031
vt 0.904978 0.798321
vt 0.906007 0.795152
vt 0.921842 0.843890
vt 0.919146 0.841931
vt 0.896219 0.796934
vt 0.896219 0.793601
vt 0.914835 0.850897
vt 0.912876 0.848201
vt 0.887461 0.798321
vt 0.886431 0.795152
vt 0.906006 0.855396
vt 0.904976 0.852226
vt 0.879561 0.802346
vt 0.877602 0.799650
vt 0.896219 0.856946
vt 0.896219 0.853613
vt 0.873292 0.808616
vt 0.870595 0.806657
vt 0.886431 0.855396
vt 0.887461 0.852226
vt 0.869267 0.816516
vt 0.866097 0.815486
vt 0.877602 0.850897
vt 0.879561 0.848200
vt 0.867879 0.825273
vt 0.864547 0.825273
vt 0.870596 0.843891
vt 0.873292 0.841931
vt 0.869267 0.834032
vt 0.866097 0.835062
vt 0.453646 0.949859
vt 0.456768 0.946736
vt 0.422423 0.921783
vt 0.428691 0.915514
vt 0.076326 0.992387
vt 0.080262 0.994392
vt 0.093381 0.954017
vt 0.101280 0.958042
vt 0.129517 0.948660
vt 0.133878 0.949351
vt 0.133879 0.906897
vt 0.142637 0.908285
vt 0.119452 0.949351
vt 0.123813 0.948660
vt 0.110694 0.908285
vt 0.119452 0.906897
vt 0.128150 0.993438
vt 0.132085 0.991433
vt 0.107131 0.957087
vt 0.115030 0.953062
vt 0.498445 0.918636
vt 0.495323 0.915514
vt 0.470369 0.949860
vt 0.464100 0.943590
vt 0.162889 0.956740
vt 0.158954 0.954736
vt 0.145835 0.995111
vt 0.137935 0.991087
vt 0.104989 0.907588
vt 0.100628 0.906897
vt 0.100628 0.949351
vt 0.091870 0.947964
vt 0.077408 0.907852
vt 0.073047 0.908543
vt 0.086166 0.948918
vt 0.077408 0.950306
vt 0.172674 0.954736
vt 0.168740 0.956740
vt 0.193693 0.991086
vt 0.185793 0.995111
vt 0.508899 0.914411
vt 0.505776 0.917534
vt 0.540122 0.942488
vt 0.533853 0.948757
vt 0.224498 0.959436
vt 0.220563 0.957430
vt 0.207444 0.997806
vt 0.199544 0.993781
vt 0.067343 0.908543
vt 0.062982 0.907852
vt 0.062982 0.950306
vt 0.054224 0.948919
vt 0.039762 0.907852
vt 0.035400 0.908543
vt 0.048519 0.948919
vt 0.039762 0.950306
vt 0.234283 0.957430
vt 0.230348 0.959436
vt 0.255302 0.993781
vt 0.247402 0.997806
vt 0.547453 0.946894
vt 0.550575 0.950017
vt 0.575529 0.915671
vt 0.581799 0.921941
vt 0.261153 0.996003
vt 0.265088 0.998008
vt 0.278207 0.957632
vt 0.286106 0.961657
vt 0.016577 0.949615
vt 0.020938 0.950306
vt 0.020939 0.907852
vt 0.029696 0.909239
vt 0.010610 0.996471
vt 0.014972 0.995780
vt 0.001852 0.955404
vt 0.010611 0.954017
vt 0.284068 0.105979
vt 0.263978 0.066548
vt 0.269035 0.062874
vt 0.290013 0.104047
vt 0.232686 0.035256
vt 0.236360 0.030199
vt 0.290991 0.149687
vt 0.297242 0.149687
vt 0.193256 0.015166
vt 0.195188 0.009220
vt 0.284068 0.193395
vt 0.290013 0.195327
vt 0.149547 0.008243
vt 0.149547 0.001992
vt 0.263978 0.232826
vt 0.269035 0.236500
vt 0.105839 0.015166
vt 0.103907 0.009220
vt 0.232686 0.264118
vt 0.236360 0.269175
vt 0.066408 0.035256
vt 0.062734 0.030199
vt 0.193256 0.284208
vt 0.195188 0.290154
vt 0.035117 0.066548
vt 0.030059 0.062874
vt 0.149547 0.291131
vt 0.149547 0.297382
vt 0.015026 0.105979
vt 0.009081 0.104047
vt 0.105839 0.284208
vt 0.103907 0.290154
vt 0.008103 0.149687
vt 0.001852 0.149687
vt 0.066408 0.264118
vt 0.062734 0.269175
vt 0.015026 0.193395
vt 0.009081 0.195327
vt 0.035117 0.232826
vt 0.030059 0.236500
vt 0.479045 0.547520
vt 0.456839 0.536206
vt 0.458770 0.530261
vt 0.482718 0.542463
vt 0.432224 0.532307
vt 0.432224 0.526057
vt 0.496667 0.565143
vt 0.501724 0.561468
vt 0.407609 0.536206
vt 0.405678 0.530261
vt 0.507981 0.587348
vt 0.513926 0.585416
vt 0.385404 0.547520
vt 0.381730 0.542463
vt 0.511880 0.611963
vt 0.518130 0.611963
vt 0.367781 0.565143
vt 0.362724 0.561469
vt 0.507981 0.636577
vt 0.513926 0.638509
vt 0.356467 0.587348
vt 0.350523 0.585416
vt 0.496667 0.658783
vt 0.501724 0.662457
vt 0.352569 0.611963
vt 0.346318 0.611963
vt 0.479045 0.676405
vt 0.482718 0.681463
vt 0.356467 0.636577
vt 0.350523 0.638509
vt 0.456839 0.687719
vt 0.458770 0.693665
vt 0.367781 0.658783
vt 0.362724 0.662457
vt 0.432224 0.691618
vt 0.432224 0.697869
vt 0.385404 0.676405
vt 0.381730 0.681463
vt 0.407609 0.687719
vt 0.405678 0.693665
vt 0.648563 0.713386
vt 0.647327 0.713386
vt 0.647327 0.615932
vt 0.648563 0.615932
vt 0.645957 0.713386
vt 0.645957 0.615932
vt 0.644587 0.713386
vt 0.644588 0.615932
vt 0.643352 0.713386
vt 0.643352 0.615933
vt 0.619558 0.616710
vt 0.620794 0.616710
vt 0.620794 0.714164
vt 0.619559 0.714163
vt 0.622164 0.616710
vt 0.622164 0.714164
vt 0.623534 0.616710
vt 0.623534 0.714164
vt 0.624770 0.616710
vt 0.624770 0.714164
vt 0.696149 0.713386
vt 0.694913 0.713386
vt 0.694913 0.615932
vt 0.696149 0.615932
vt 0.693543 0.713387
vt 0.693543 0.615932
vt 0.692173 0.713386
vt 0.692173 0.615932
vt 0.690937 0.713386
vt 0.690938 0.615932
vt 0.667144 0.615933
vt 0.668380 0.615933
vt 0.668380 0.713387
vt 0.667144 0.713387
vt 0.669750 0.615932
vt 0.669750 0.713387
vt 0.671120 0.615933
vt 0.671120 0.713387
vt 0.672356 0.615933
vt 0.672356 0.713387
vt 0.792304 0.713820
vt 0.791068 0.713820
vt 0.791068 0.615932
vt 0.792304 0.615932
vt 0.789698 0.713820
vt 0.789698 0.615932
vt 0.793285 0.713820
vt 0.793285 0.615932
vt 0.788328 0.713820
vt 0.788328 0.615932
vt 0.787093 0.713820
vt 0.787093 0.615932
vt 0.786112 0.713820
vt 0.786112 0.615932
vt 0.768511 0.713820
vt 0.767276 0.713820
vt 0.767276 0.615932
vt 0.768511 0.615932
vt 0.765905 0.713820
vt 0.765905 0.615932
vt 0.769492 0.713820
vt 0.769492 0.615932
vt 0.764535 0.713820
vt 0.764535 0.615932
vt 0.763299 0.713820
vt 0.763299 0.615932
vt 0.762318 0.713820
vt 0.762319 0.615932
vt 0.744717 0.713820
vt 0.743481 0.713820
vt 0.743481 0.615932
vt 0.744717 0.615932
vt 0.742111 0.713820
vt 0.742111 0.615932
vt 0.745698 0.713820
vt 0.745698 0.615932
vt 0.740741 0.713820
vt 0.740741 0.615932
vt 0.739506 0.713820
vt 0.739506 0.615932
vt 0.738525 0.713820
vt 0.738525 0.615932
vt 0.720923 0.713820
vt 0.719688 0.713820
vt 0.719688 0.615932
vt 0.720923 0.615932
vt 0.718318 0.713820
vt 0.718318 0.615932
vt 0.721904 0.713820
vt 0.721904 0.615932
vt 0.716948 0.713820
vt 0.716948 0.615932
vt 0.715712 0.713820
vt 0.715712 0.615932
vt 0.714731 0.713820
vt 0.714732 0.615932
vt 0.253020 0.751020
vt 0.253020 0.769832
vt 0.244883 0.769832
vt 0.244883 0.751020
vt 0.253020 0.790686
vt 0.244883 0.790686
vt 0.253020 0.811541
vt 0.244883 0.811541
vt 0.253020 0.830353
vt 0.244883 0.830353
vt 0.239179 0.751019
vt 0.239179 0.769832
vt 0.231041 0.769832
vt 0.231041 0.751019
vt 0.239179 0.790686
vt 0.231041 0.790686
vt 0.239179 0.811540
vt 0.231041 0.811540
vt 0.239179 0.830353
vt 0.231041 0.830353
vt 0.556845 0.612999
vt 0.552889 0.612999
vt 0.555775 0.477251
vt 0.558362 0.477251
vt 0.561230 0.612999
vt 0.561230 0.477251
vt 0.565615 0.612999
vt 0.564098 0.477251
vt 0.569571 0.612999
vt 0.566685 0.477251
vt 0.609393 0.612999
vt 0.605438 0.612999
vt 0.608323 0.477251
vt 0.610911 0.477251
vt 0.613779 0.612999
vt 0.613779 0.477251
vt 0.618164 0.612999
vt 0.616647 0.477251
vt 0.622120 0.612999
vt 0.619234 0.477251
vt 0.789795 0.808117
vt 0.780847 0.808769
vt 0.780847 0.794841
vt 0.789795 0.793601
vt 0.789795 0.824208
vt 0.780847 0.824208
vt 0.789795 0.840299
vt 0.780847 0.839648
vt 0.789795 0.854815
vt 0.780847 0.853576
vt 0.766194 0.834047
vt 0.775142 0.833396
vt 0.775142 0.847324
vt 0.766194 0.848563
vt 0.766194 0.817956
vt 0.775142 0.817956
vt 0.766194 0.801865
vt 0.775142 0.802517
vt 0.766194 0.787349
vt 0.775142 0.788588
vt 0.827966 0.789890
vt 0.819139 0.789890
vt 0.818986 0.780578
vt 0.827675 0.780578
vt 0.809353 0.789890
vt 0.809353 0.780578
vt 0.820636 0.767676
vt 0.830814 0.767676
vt 0.799568 0.789890
vt 0.799720 0.780578
vt 0.809353 0.767676
vt 0.821148 0.737360
vt 0.831789 0.737360
vt 0.790740 0.789890
vt 0.791031 0.780578
vt 0.798070 0.767676
vt 0.809353 0.737360
vt 0.822247 0.723787
vt 0.833878 0.723787
vt 0.787892 0.767676
vt 0.797558 0.737360
vt 0.809353 0.723787
vt 0.786917 0.737360
vt 0.796459 0.723787
vt 0.784828 0.723787
vt 0.846913 0.723787
vt 0.855740 0.723787
vt 0.855893 0.733099
vt 0.847203 0.733099
vt 0.865526 0.723787
vt 0.865526 0.733099
vt 0.854243 0.746001
vt 0.844064 0.746001
vt 0.875311 0.723787
vt 0.875159 0.733099
vt 0.865526 0.746001
vt 0.853730 0.776317
vt 0.843090 0.776317
vt 0.884139 0.723787
vt 0.883848 0.733099
vt 0.876809 0.746001
vt 0.865526 0.776317
vt 0.852632 0.789890
vt 0.841001 0.789890
vt 0.886987 0.746001
vt 0.877321 0.776317
vt 0.865526 0.789890
vt 0.887962 0.776317
vt 0.878419 0.789890
vt 0.890051 0.789890
vt 0.545387 0.864532
vt 0.545387 0.874849
vt 0.533970 0.873449
vt 0.533970 0.861870
vt 0.545387 0.886285
vt 0.533970 0.886285
vt 0.520320 0.873449
vt 0.520320 0.861870
vt 0.545387 0.897721
vt 0.533970 0.899121
vt 0.520320 0.886285
vt 0.508903 0.874849
vt 0.508903 0.864532
vt 0.545387 0.908037
vt 0.533970 0.910700
vt 0.520320 0.899121
vt 0.508903 0.886285
vt 0.501430 0.874849
vt 0.501430 0.864532
vt 0.520320 0.910700
vt 0.508903 0.897721
vt 0.501430 0.886285
vt 0.508903 0.908037
vt 0.501430 0.897721
vt 0.501430 0.908037
vt 0.451770 0.909140
vt 0.451770 0.898824
vt 0.463187 0.900223
vt 0.463187 0.911803
vt 0.451770 0.887388
vt 0.463187 0.887388
vt 0.476836 0.900223
vt 0.476836 0.911803
vt 0.451770 0.875952
vt 0.463187 0.874552
vt 0.476836 0.887388
vt 0.488254 0.898824
vt 0.488254 0.909140
vt 0.451770 0.865635
vt 0.463187 0.862972
vt 0.476836 0.874552
vt 0.488254 0.887388
vt 0.495726 0.898824
vt 0.495726 0.909140
vt 0.476836 0.862972
vt 0.488254 0.875952
vt 0.495726 0.887388
vt 0.488254 0.865635
vt 0.495726 0.875952
vt 0.495726 0.865635
vt 0.185112 0.951025
vt 0.185111 0.940642
vt 0.194476 0.939409
vt 0.194476 0.948678
vt 0.179941 0.948036
vt 0.179941 0.939071
vt 0.185111 0.929133
vt 0.194476 0.929133
vt 0.174261 0.948193
vt 0.174261 0.939154
vt 0.179941 0.929133
vt 0.185111 0.917624
vt 0.194476 0.918858
vt 0.174261 0.929133
vt 0.179941 0.919196
vt 0.185111 0.907242
vt 0.194476 0.909589
vt 0.174261 0.919113
vt 0.179941 0.910231
vt 0.174261 0.910073
vt 0.157706 0.907242
vt 0.157706 0.917624
vt 0.148341 0.918858
vt 0.148341 0.909589
vt 0.162876 0.910231
vt 0.162876 0.919196
vt 0.157706 0.929133
vt 0.148341 0.929133
vt 0.168556 0.910073
vt 0.168556 0.919113
vt 0.162876 0.929133
vt 0.157706 0.940642
vt 0.148341 0.939409
vt 0.168556 0.929133
vt 0.162876 0.939071
vt 0.157706 0.951025
vt 0.148341 0.948678
vt 0.168556 0.939154
vt 0.162876 0.948036
vt 0.168556 0.948193
vt 0.614498 0.867916
vt 0.614498 0.862454
vt 0.620578 0.862454
vt 0.620578 0.867916
vt 0.614498 0.856400
vt 0.620578 0.856400
vt 0.614498 0.850345
vt 0.620578 0.850345
vt 0.614498 0.844884
vt 0.620578 0.844884
vt 0.633262 0.844884
vt 0.633262 0.850346
vt 0.627182 0.850346
vt 0.627182 0.844884
vt 0.633262 0.856401
vt 0.627182 0.856401
vt 0.633262 0.862455
vt 0.627182 0.862455
vt 0.633262 0.867917
vt 0.627182 0.867917
vt 0.306654 0.950456
vt 0.306654 0.941543
vt 0.318815 0.943365
vt 0.318815 0.953922
vt 0.306654 0.931662
vt 0.318815 0.931662
vt 0.324896 0.943364
vt 0.324896 0.953922
vt 0.306654 0.921782
vt 0.318815 0.919960
vt 0.324896 0.931662
vt 0.306654 0.912869
vt 0.318815 0.909403
vt 0.324896 0.919960
vt 0.324896 0.909403
vt 0.300950 0.912869
vt 0.300950 0.921782
vt 0.288789 0.919960
vt 0.288789 0.909404
vt 0.300950 0.931663
vt 0.288789 0.931663
vt 0.282708 0.919960
vt 0.282708 0.909404
vt 0.300950 0.941543
vt 0.288789 0.943365
vt 0.282708 0.931663
vt 0.300950 0.950456
vt 0.288789 0.953922
vt 0.282708 0.943365
vt 0.282708 0.953922
vt 0.400679 0.940743
vt 0.405388 0.940794
vt 0.405388 0.949424
vt 0.400679 0.949329
vt 0.400679 0.931227
vt 0.405388 0.931227
vt 0.400679 0.921712
vt 0.405388 0.921661
vt 0.400679 0.913127
vt 0.405388 0.913031
vt 0.416260 0.921712
vt 0.411551 0.921661
vt 0.411551 0.913031
vt 0.416260 0.913127
vt 0.416260 0.931228
vt 0.411551 0.931228
vt 0.416260 0.940744
vt 0.411551 0.940794
vt 0.416260 0.949329
vt 0.411551 0.949424
vt 0.270756 0.953720
vt 0.270756 0.943211
vt 0.277004 0.943210
vt 0.277004 0.953720
vt 0.270756 0.931561
vt 0.277004 0.931561
vt 0.270756 0.919913
vt 0.277004 0.919913
vt 0.270756 0.909403
vt 0.277004 0.909403
vt 0.265052 0.909404
vt 0.265052 0.919912
vt 0.258804 0.919912
vt 0.258804 0.909404
vt 0.265052 0.931561
vt 0.258804 0.931561
vt 0.265052 0.943211
vt 0.258804 0.943211
vt 0.265052 0.953719
vt 0.258804 0.953719
vt 0.241277 0.953720
vt 0.241277 0.943210
vt 0.253100 0.941388
vt 0.253100 0.950254
vt 0.241277 0.931561
vt 0.253100 0.931561
vt 0.241277 0.919912
vt 0.253100 0.921734
vt 0.241277 0.909403
vt 0.253100 0.912869
vt 0.235572 0.909403
vt 0.235572 0.919912
vt 0.223750 0.921734
vt 0.223750 0.912869
vt 0.235572 0.931561
vt 0.223750 0.931561
vt 0.235572 0.943210
vt 0.223750 0.941388
vt 0.235572 0.953719
vt 0.223750 0.950254
vt 0.290945 0.885709
vt 0.298515 0.885709
vt 0.295049 0.905692
vt 0.289123 0.905692
vt 0.290945 0.838179
vt 0.298516 0.838179
vt 0.282552 0.885709
vt 0.282552 0.905692
vt 0.282552 0.838179
vt 0.274159 0.885709
vt 0.275981 0.905692
vt 0.274159 0.838179
vt 0.266589 0.885709
vt 0.270055 0.905692
vt 0.266589 0.838179
vt 0.362949 0.812036
vt 0.355378 0.812036
vt 0.358843 0.792052
vt 0.364770 0.792052
vt 0.362949 0.859565
vt 0.355378 0.859565
vt 0.371342 0.812036
vt 0.371341 0.792052
vt 0.371342 0.859565
vt 0.379733 0.812036
vt 0.377911 0.792052
vt 0.379733 0.859565
vt 0.387303 0.812036
vt 0.383838 0.792052
vt 0.387303 0.859565
vt 0.298038 0.957633
vt 0.298038 0.966847
vt 0.291957 0.966847
vt 0.291957 0.957633
vt 0.298038 0.977062
vt 0.291957 0.977062
vt 0.298038 0.987277
vt 0.291957 0.987278
vt 0.298038 0.996491
vt 0.291957 0.996491
vt 0.346318 0.996968
vt 0.346318 0.987753
vt 0.352399 0.987753
vt 0.352399 0.996968
vt 0.346318 0.977539
vt 0.352399 0.977539
vt 0.346318 0.967326
vt 0.352399 0.967326
vt 0.346318 0.958112
vt 0.352399 0.958112
vt 0.595210 0.844884
vt 0.595210 0.852455
vt 0.589129 0.852455
vt 0.589130 0.844884
vt 0.595210 0.860848
vt 0.589129 0.860848
vt 0.595210 0.869241
vt 0.589129 0.869241
vt 0.595210 0.876811
vt 0.589130 0.876811
vt 0.601814 0.876809
vt 0.601814 0.869238
vt 0.607894 0.869238
vt 0.607894 0.876809
vt 0.601814 0.860845
vt 0.607894 0.860845
vt 0.601814 0.852454
vt 0.607894 0.852454
vt 0.601814 0.844884
vt 0.607894 0.844884
vt 0.316047 0.957633
vt 0.316047 0.966847
vt 0.304641 0.966847
vt 0.304642 0.957633
vt 0.316047 0.977062
vt 0.304641 0.977063
vt 0.316047 0.987278
vt 0.304641 0.987278
vt 0.316047 0.996491
vt 0.304642 0.996491
vt 0.359002 0.950841
vt 0.359002 0.941626
vt 0.370407 0.941626
vt 0.370408 0.950841
vt 0.359002 0.931412
vt 0.370407 0.931412
vt 0.359002 0.921199
vt 0.370407 0.921199
vt 0.359002 0.911985
vt 0.370408 0.911985
vt 0.322762 0.958924
vt 0.326056 0.958112
vt 0.326055 0.967325
vt 0.322762 0.967752
vt 0.336919 0.958112
vt 0.336919 0.967325
vt 0.326056 0.977540
vt 0.322762 0.977540
vt 0.340211 0.958924
vt 0.340211 0.967752
vt 0.336919 0.977540
vt 0.326056 0.987755
vt 0.322762 0.987328
vt 0.340211 0.977540
vt 0.336919 0.987755
vt 0.326056 0.996968
vt 0.322762 0.996157
vt 0.340211 0.987328
vt 0.336919 0.996968
vt 0.340211 0.996157
vt 0.394572 0.951076
vt 0.391278 0.951888
vt 0.391278 0.942673
vt 0.394572 0.942246
vt 0.380414 0.951888
vt 0.380414 0.942673
vt 0.391278 0.932459
vt 0.394572 0.932459
vt 0.377123 0.951076
vt 0.377123 0.942247
vt 0.380414 0.932459
vt 0.391278 0.922245
vt 0.394572 0.922672
vt 0.377122 0.932459
vt 0.380414 0.922245
vt 0.391278 0.913031
vt 0.394572 0.913843
vt 0.377122 0.922672
vt 0.380414 0.913031
vt 0.377123 0.913842
vt 0.473978 0.522345
vt 0.432806 0.522345
vt 0.413712 0.301093
vt 0.437659 0.301093
vt 0.387165 0.522345
vt 0.387165 0.301093
vt 0.341525 0.522345
vt 0.360619 0.301093
vt 0.300352 0.522345
vt 0.336671 0.301093
vt 0.121021 0.301093
vt 0.162194 0.301093
vt 0.181288 0.522345
vt 0.157340 0.522345
vt 0.207834 0.301093
vt 0.207834 0.522345
vt 0.253475 0.301093
vt 0.234381 0.522345
vt 0.294648 0.301093
vt 0.258329 0.522345
vt 0.168130 0.526056
vt 0.131811 0.747308
vt 0.109606 0.747308
vt 0.128700 0.526056
vt 0.084991 0.747308
vt 0.084991 0.526056
vt 0.060376 0.747308
vt 0.041282 0.526056
vt 0.038171 0.747308
vt 0.001852 0.526056
vt 0.174176 0.747309
vt 0.210494 0.526056
vt 0.232700 0.526056
vt 0.213606 0.747309
vt 0.257314 0.526056
vt 0.257314 0.747309
vt 0.281929 0.526056
vt 0.301023 0.747309
vt 0.304134 0.526056
vt 0.340453 0.747309
vt 0.673254 0.853450
vt 0.673884 0.854685
vt 0.669668 0.856056
vt 0.674101 0.856056
vt 0.672273 0.852469
vt 0.673884 0.857425
vt 0.671038 0.851839
vt 0.673254 0.858661
vt 0.669668 0.851622
vt 0.672273 0.859642
vt 0.668298 0.851839
vt 0.671038 0.860272
vt 0.667062 0.852469
vt 0.669668 0.860489
vt 0.666081 0.853450
vt 0.668298 0.860272
vt 0.665451 0.854685
vt 0.667062 0.859642
vt 0.665234 0.856056
vt 0.666081 0.858661
vt 0.665451 0.857425
vt 0.690192 0.857426
vt 0.689562 0.858661
vt 0.685976 0.856055
vt 0.688581 0.859642
vt 0.690409 0.856055
vt 0.687346 0.860272
vt 0.690192 0.854686
vt 0.685976 0.860489
vt 0.689562 0.853450
vt 0.684606 0.860272
vt 0.688581 0.852469
vt 0.683370 0.859642
vt 0.687346 0.851839
vt 0.682389 0.858661
vt 0.685976 0.851622
vt 0.681760 0.857426
vt 0.684606 0.851839
vt 0.681543 0.856055
vt 0.683370 0.852469
vt 0.681760 0.854686
vt 0.682389 0.853450
vt 0.705870 0.853883
vt 0.706500 0.855119
vt 0.702284 0.856489
vt 0.706717 0.856489
vt 0.704890 0.852902
vt 0.706500 0.857859
vt 0.703654 0.852272
vt 0.705870 0.859094
vt 0.702284 0.852055
vt 0.704890 0.860075
vt 0.700914 0.852272
vt 0.703654 0.860705
vt 0.699678 0.852902
vt 0.702284 0.860922
vt 0.698698 0.853883
vt 0.700914 0.860705
vt 0.698068 0.855119
vt 0.699678 0.860075
vt 0.697851 0.856489
vt 0.698698 0.859094
vt 0.698068 0.857859
vt 0.722809 0.857859
vt 0.722179 0.859094
vt 0.718592 0.856489
vt 0.721198 0.860075
vt 0.723025 0.856489
vt 0.719962 0.860705
vt 0.722809 0.855119
vt 0.718592 0.860922
vt 0.722179 0.853883
vt 0.717222 0.860705
vt 0.721198 0.852902
vt 0.715987 0.860075
vt 0.719962 0.852273
vt 0.715006 0.859094
vt 0.718592 0.852055
vt 0.714376 0.857859
vt 0.717222 0.852273
vt 0.714159 0.856489
vt 0.715987 0.852902
vt 0.714376 0.855119
vt 0.715006 0.853883
vt 0.800226 0.713821
vt 0.798989 0.713821
vt 0.798989 0.615933
vt 0.800226 0.615933
vt 0.801596 0.713821
vt 0.801596 0.615933
vt 0.802965 0.713821
vt 0.802965 0.615933
vt 0.804201 0.713821
vt 0.804201 0.615933
vt 0.780408 0.713820
vt 0.779172 0.713820
vt 0.779172 0.615932
vt 0.780408 0.615932
vt 0.777802 0.713820
vt 0.777802 0.615932
vt 0.776432 0.713820
vt 0.776432 0.615932
vt 0.775196 0.713820
vt 0.775196 0.615932
vt 0.752638 0.713821
vt 0.751402 0.713820
vt 0.751402 0.615933
vt 0.752638 0.615933
vt 0.754008 0.713820
vt 0.754008 0.615933
vt 0.755378 0.713820
vt 0.755378 0.615933
vt 0.756614 0.713820
vt 0.756614 0.615933
vt 0.732820 0.713820
vt 0.731584 0.713820
vt 0.731584 0.615932
vt 0.732820 0.615932
vt 0.730214 0.713820
vt 0.730214 0.615932
vt 0.728845 0.713820
vt 0.728845 0.615932
vt 0.727609 0.713820
vt 0.727609 0.615932
vn -0.000012 0.951057 -0.309016
vn -0.000003 0.809020 -0.587781
vn -0.000003 0.809020 -0.587781
vn -0.000012 0.951056 -0.309018
vn 0.000000 0.587791 -0.809013
vn 0.000000 0.587791 -0.809013
vn 0.000000 0.309020 -0.951056
vn 0.000000 0.309020 -0.951056
vn 0.000000 -0.000000 -1.000000
vn 0.000000 -0.000000 -1.000000
vn 0.000000 -0.309019 -0.951056
vn 0.000000 -0.309019 -0.951056
vn 0.000000 -0.587791 -0.809013
vn 0.000000 -0.587791 -0.809013
vn 0.000000 -0.809016 -0.587787
vn 0.000000 -0.809016 -0.587787
vn 0.000000 -0.951055 -0.309021
vn 0.000000 -0.951055 -0.309021
vn 0.000000 -1.000000 0.000000
vn 0.000000 -1.000000 0.000000
vn 0.000000 -0.951055 0.309021
vn 0.000000 -0.951055 0.309021
vn 0.000000 -0.809016 0.587787
vn 0.000000 -0.809016 0.587787
vn 0.000000 -0.587788 0.809015
vn 0.000000 -0.587788 0.809015
vn 0.000000 -0.309017 0.951056
vn 0.000000 -0.309018 0.951056
vn 0.000000 0.000000 1.000000
vn 0.000000 0.000000 1.000000
vn 0.000000 0.309020 0.951056
vn 0.000000 0.309020 0.951056
vn 0.000000 0.587791 0.809013
vn 0.000000 0.587791 0.809013
vn 0.000000 0.809020 0.587781
vn 0.000000 0.809020 0.587781
vn 0.000000 0.951057 0.309017
vn 0.000000 0.951057 0.309017
vn -0.000009 1.000000 -0.000000
vn -0.000009 1.000000 -0.000000
vn 1.000000 0.000000 0.000004
vn 1.000000 -0.000009 0.000002
vn 1.000000 -0.000004 -0.000002
vn 1.000000 0.000000 0.000005
vn 1.000000 0.000000 0.000006
vn 1.000000 0.000000 0.000007
vn 1.000000 0.000000 0.000003
vn 1.000000 0.000000 0.000000
vn 1.000000 0.000000 -0.000009
vn 1.000000 0.000009 -0.000008
vn 1.000000 0.000018 0.000000
vn 1.000000 0.000009 -0.000002
vn 1.000000 0.000000 -0.000004
vn 1.000000 0.000000 -0.000005
vn 1.000000 0.000000 -0.000003
vn 1.000000 0.000000 0.000000
vn 1.000000 -0.000018 0.000000
vn 1.000000 -0.000018 -0.000011
vn 1.000000 -0.000018 -0.000004
vn 1.000000 -0.000028 -0.000004
vn 1.000000 -0.000018 -0.000011
vn -1.000000 0.000001 0.000000
vn -1.000000 0.000001 -0.000001
vn -1.000000 0.000000 -0.000000
vn -1.000000 0.000000 0.000000
vn -1.000000 0.000000 0.000000
vn -1.000000 0.000000 0.000000
vn -1.000000 0.000000 -0.000000
vn -1.000000 0.000000 0.000001
vn -1.000000 -0.000003 -0.000000
vn -1.000000 -0.000001 -0.000001
vn -1.000000 0.000003 0.000000
vn -1.000000 0.000000 0.000001
vn -1.000000 -0.000001 0.000000
vn -1.000000 0.000000 -0.000002
vn -1.000000 0.000000 -0.000000
vn -1.000000 0.000000 0.000000
vn -1.000000 0.000000 0.000000
vn -1.000000 0.000000 0.000000
vn -1.000000 0.000003 0.000000
vn -1.000000 0.000003 0.000000
vn -1.000000 0.000000 0.000001
vn 0.526342 0.687885 -0.499779
vn 0.526352 0.808653 -0.262745
vn 0.526352 0.808650 -0.262752
vn 0.526342 0.687886 -0.499778
vn 0.526358 0.499775 -0.687875
vn 0.526358 0.499778 -0.687873
vn 0.526370 0.262743 -0.808642
vn 0.526370 0.262744 -0.808641
vn 0.526374 0.000000 -0.850253
vn 0.526374 0.000000 -0.850253
vn 0.526375 -0.262743 -0.808638
vn 0.526375 -0.262743 -0.808638
vn 0.526361 -0.499774 -0.687874
vn 0.526361 -0.499775 -0.687873
vn 0.526338 -0.687885 -0.499782
vn 0.526338 -0.687886 -0.499781
vn 0.526339 -0.808659 -0.262749
vn 0.526339 -0.808657 -0.262755
vn 0.526349 -0.850268 -0.000000
vn 0.526349 -0.850269 -0.000000
vn 0.526347 -0.808655 0.262747
vn 0.526347 -0.808653 0.262753
vn 0.526343 -0.687881 0.499783
vn 0.526343 -0.687882 0.499781
vn 0.526349 -0.499778 0.687880
vn 0.526349 -0.499781 0.687878
vn 0.526378 -0.262742 0.808636
vn 0.526378 -0.262744 0.808636
vn 0.526394 0.000001 0.850241
vn 0.526394 0.000001 0.850241
vn 0.526373 0.262742 0.808639
vn 0.526373 0.262744 0.808639
vn 0.526359 0.499776 0.687873
vn 0.526359 0.499778 0.687872
vn 0.526360 0.687875 0.499773
vn 0.526360 0.687876 0.499771
vn 0.526353 0.808650 0.262749
vn 0.526353 0.808651 0.262748
vn 0.526356 0.850264 -0.000001
vn 0.526356 0.850264 -0.000000
vn 1.000000 -0.000004 0.000000
vn 1.000000 -0.000001 0.000000
vn 1.000000 -0.000001 0.000000
vn 1.000000 -0.000004 0.000000
vn 1.000000 -0.000002 0.000000
vn 1.000000 -0.000002 0.000000
vn 1.000000 0.000002 0.000000
vn 1.000000 0.000002 0.000000
vn 1.000000 -0.000000 0.000000
vn 1.000000 -0.000000 0.000000
vn 1.000000 -0.000002 0.000001
vn 1.000000 -0.000002 0.000001
vn 1.000000 0.000004 0.000002
vn 1.000000 0.000004 0.000002
vn 1.000000 0.000009 0.000004
vn 1.000000 0.000009 0.000004
vn 1.000000 0.000005 0.000003
vn 1.000000 0.000005 0.000003
vn 1.000000 0.000000 0.000000
vn 1.000000 0.000000 0.000000
vn 1.000000 0.000006 -0.000003
vn 1.000000 0.000006 -0.000003
vn 1.000000 0.000009 -0.000003
vn 1.000000 0.000009 -0.000003
vn 1.000000 0.000002 0.000000
vn 1.000000 0.000002 0.000000
vn 1.000000 -0.000002 -0.000003
vn 1.000000 -0.000002 -0.000003
vn 1.000000 0.000000 -0.000003
vn 1.000000 0.000000 -0.000003
vn 1.000000 -0.000000 0.000000
vn 1.000000 -0.000000 0.000000
vn 1.000000 -0.000001 0.000000
vn 1.000000 -0.000001 0.000000
vn 1.000000 0.000002 0.000000
vn 1.000000 0.000002 0.000000
vn 1.000000 0.000006 0.000000
vn 1.000000 0.000006 0.000000
vn 1.000000 0.000005 0.000000
vn 1.000000 0.000005 0.000000
vn 0.536699 0.682623 -0.495963
vn 0.536709 0.802470 -0.260739
vn 0.536709 0.802471 -0.260738
vn 0.536699 0.682623 -0.495963
vn 0.536694 0.495959 -0.682631
vn 0.536694 0.495961 -0.682629
vn 0.536697 0.260740 -0.802478
vn 0.536697 0.260740 -0.802478
vn 0.536693 -0.000002 -0.843777
vn 0.536693 -0.000002 -0.843777
vn 0.536701 -0.260741 -0.802475
vn 0.536701 -0.260743 -0.802474
vn 0.536687 -0.495964 -0.682633
vn 0.536687 -0.495967 -0.682630
vn 0.536690 -0.682628 -0.495967
vn 0.536690 -0.682629 -0.495966
vn 0.536708 -0.802470 -0.260742
vn 0.536708 -0.802470 -0.260741
vn 0.536706 -0.843769 0.000000
vn 0.536706 -0.843769 0.000000
vn 0.536696 -0.802477 0.260745
vn 0.536696 -0.802477 0.260743
vn 0.536691 -0.682631 0.495961
vn 0.536691 -0.682632 0.495960
vn 0.536701 -0.495953 0.682629
vn 0.536702 -0.495956 0.682627
vn 0.536705 -0.260734 0.802475
vn 0.536705 -0.260735 0.802474
vn 0.536705 0.000002 0.843770
vn 0.536705 0.000002 0.843770
vn 0.536718 0.260737 0.802465
vn 0.536718 0.260737 0.802465
vn 0.536716 0.495950 0.682619
vn 0.536716 0.495951 0.682618
vn 0.536707 0.682620 0.495959
vn 0.536707 0.682620 0.495959
vn 0.536713 0.802468 0.260738
vn 0.536713 0.802468 0.260737
vn 0.536721 0.843760 -0.000000
vn 0.536721 0.843760 0.000000
vn 1.000000 -0.000002 0.000000
vn 1.000000 -0.000001 0.000000
vn 1.000000 -0.000001 0.000000
vn 1.000000 -0.000002 0.000000
vn 1.000000 0.000006 0.000003
vn 1.000000 0.000006 0.000003
vn 1.000000 -0.000000 0.000006
vn 1.000000 -0.000000 0.000006
vn 1.000000 0.000000 0.000005
vn 1.000000 0.000000 0.000005
vn 1.000000 0.000003 0.000005
vn 1.000000 0.000003 0.000005
vn 1.000000 0.000003 0.000002
vn 1.000000 0.000003 0.000002
vn 1.000000 0.000008 0.000000
vn 1.000000 0.000008 0.000000
vn 1.000000 0.000005 0.000000
vn 1.000000 0.000005 0.000000
vn 1.000000 0.000002 0.000000
vn 1.000000 0.000002 0.000000
vn 1.000000 0.000005 0.000000
vn 1.000000 0.000005 0.000000
vn 1.000000 0.000003 0.000000
vn 1.000000 0.000003 0.000000
vn 1.000000 0.000000 0.000000
vn 1.000000 0.000000 0.000000
vn 1.000000 0.000003 0.000000
vn 1.000000 0.000003 0.000000
vn 1.000000 0.000003 0.000001
vn 1.000000 0.000003 0.000001
vn 1.000000 0.000003 -0.000001
vn 1.000000 0.000003 -0.000001
vn 1.000000 0.000005 -0.000001
vn 1.000000 0.000005 -0.000001
vn 1.000000 -0.000002 0.000000
vn 1.000000 -0.000002 0.000000
vn 1.000000 0.000002 0.000000
vn 1.000000 0.000002 0.000000
vn 1.000000 0.000010 0.000000
vn 1.000000 0.000010 0.000000
vn 0.584750 0.656284 -0.476821
vn 0.584746 0.771513 -0.250680
vn 0.584746 0.771513 -0.250679
vn 0.584750 0.656284 -0.476821
vn 0.584738 0.476824 -0.656293
vn 0.584739 0.476824 -0.656292
vn 0.584740 0.250679 -0.771518
vn 0.584740 0.250679 -0.771518
vn 0.584744 -0.000000 -0.811218
vn 0.584744 -0.000000 -0.811218
vn 0.584747 -0.250677 -0.771513
vn 0.584747 -0.250677 -0.771513
vn 0.584743 -0.476822 -0.656290
vn 0.584743 -0.476822 -0.656290
vn 0.584752 -0.656286 -0.476816
vn 0.584752 -0.656287 -0.476816
vn 0.584745 -0.771513 -0.250680
vn 0.584745 -0.771513 -0.250679
vn 0.584739 -0.811221 0.000000
vn 0.584739 -0.811221 0.000000
vn 0.584745 -0.771513 0.250679
vn 0.584745 -0.771514 0.250679
vn 0.584747 -0.656289 0.476818
vn 0.584747 -0.656290 0.476817
vn 0.584740 -0.476822 0.656293
vn 0.584740 -0.476823 0.656292
vn 0.584743 -0.250679 0.771515
vn 0.584743 -0.250679 0.771515
vn 0.584750 0.000000 0.811213
vn 0.584750 0.000000 0.811213
vn 0.584736 0.250678 0.771521
vn 0.584736 0.250678 0.771521
vn 0.584736 0.476821 0.656297
vn 0.584736 0.476821 0.656297
vn 0.584748 0.656289 0.476818
vn 0.584748 0.656289 0.476818
vn 0.584747 0.771514 0.250674
vn 0.584747 0.771514 0.250673
vn 0.584740 0.811221 -0.000000
vn 0.584740 0.811221 -0.000000
vn 1.000000 -0.000008 0.000004
vn 1.000000 0.000003 0.000001
vn 1.000000 0.000003 0.000001
vn 1.000000 -0.000008 0.000004
vn 1.000000 -0.000008 0.000009
vn 1.000000 -0.000008 0.000009
vn 1.000000 0.000000 0.000008
vn 1.000000 0.000000 0.000008
vn 1.000000 0.000000 0.000005
vn 1.000000 0.000000 0.000005
vn 1.000000 0.000003 0.000008
vn 1.000000 0.000003 0.000008
vn 1.000000 0.000010 0.000009
vn 1.000000 0.000010 0.000009
vn 1.000000 0.000009 0.000007
vn 1.000000 0.000009 0.000007
vn 1.000000 0.000007 0.000003
vn 1.000000 0.000007 0.000003
vn 1.000000 0.000003 -0.000001
vn 1.000000 0.000003 -0.000001
vn 1.000000 -0.000003 -0.000001
vn 1.000000 -0.000003 -0.000001
vn 1.000000 0.000008 -0.000004
vn 1.000000 0.000008 -0.000004
vn 1.000000 0.000008 -0.000006
vn 1.000000 0.000008 -0.000006
vn 1.000000 0.000000 -0.000002
vn 1.000000 0.000000 -0.000002
vn 1.000000 0.000000 0.000000
vn 1.000000 0.000000 0.000000
vn 1.000000 0.000000 -0.000002
vn 1.000000 0.000000 -0.000002
vn 1.000000 -0.000008 -0.000006
vn 1.000000 -0.000008 -0.000006
vn 1.000000 -0.000004 -0.000007
vn 1.000000 -0.000004 -0.000007
vn 1.000000 -0.000001 -0.000001
vn 1.000000 -0.000001 -0.000001
vn 1.000000 -0.000003 0.000003
vn 1.000000 -0.000003 0.000003
vn 0.676327 0.595923 -0.432964
vn 0.676323 0.700551 -0.227632
vn 0.676323 0.700548 -0.227639
vn 0.676327 0.595924 -0.432963
vn 0.676314 0.432976 -0.595929
vn 0.676314 0.432976 -0.595929
vn 0.676293 0.227624 -0.700582
vn 0.676293 0.227622 -0.700583
vn 0.676286 0.000004 -0.736640
vn 0.676286 0.000005 -0.736640
vn 0.676289 -0.227622 -0.700587
vn 0.676289 -0.227620 -0.700587
vn 0.676317 -0.432978 -0.595923
vn 0.676317 -0.432978 -0.595923
vn 0.676328 -0.595928 -0.432957
vn 0.676328 -0.595928 -0.432956
vn 0.676322 -0.700555 -0.227622
vn 0.676322 -0.700552 -0.227629
vn 0.676310 -0.736617 -0.000001
vn 0.676310 -0.736617 -0.000000
vn 0.676305 -0.700569 0.227629
vn 0.676305 -0.700566 0.227636
vn 0.676315 -0.595936 0.432965
vn 0.676315 -0.595937 0.432964
vn 0.676303 -0.432986 0.595934
vn 0.676303 -0.432986 0.595934
vn 0.676289 -0.227624 0.700586
vn 0.676289 -0.227622 0.700587
vn 0.676286 0.000004 0.736640
vn 0.676286 0.000005 0.736640
vn 0.676278 0.227632 0.700594
vn 0.676278 0.227630 0.700594
vn 0.676306 0.432975 0.595939
vn 0.676306 0.432974 0.595940
vn 0.676303 0.595939 0.432978
vn 0.676303 0.595941 0.432976
vn 0.676284 0.700587 0.227635
vn 0.676284 0.700585 0.227643
vn 0.676310 0.736617 0.000008
vn 0.676310 0.736617 0.000009
vn 1.000000 -0.000004 -0.000003
vn 1.000000 -0.000006 -0.000002
vn 1.000000 -0.000006 -0.000002
vn 1.000000 -0.000004 -0.000003
vn 1.000000 0.000004 -0.000005
vn 1.000000 0.000004 -0.000005
vn 1.000000 0.000000 -0.000001
vn 1.000000 0.000000 -0.000001
vn 1.000000 -0.000009 0.000001
vn 1.000000 -0.000009 0.000001
vn 1.000000 -0.000013 0.000001
vn 1.000000 -0.000013 0.000001
vn 1.000000 -0.000009 0.000000
vn 1.000000 -0.000009 0.000000
vn 1.000000 0.000002 0.000000
vn 1.000000 0.000002 0.000000
vn 1.000000 0.000002 0.000000
vn 1.000000 0.000002 0.000000
vn 1.000000 -0.000006 0.000000
vn 1.000000 -0.000006 0.000000
vn 1.000000 0.000006 0.000000
vn 1.000000 0.000006 0.000000
vn 1.000000 0.000004 0.000000
vn 1.000000 0.000004 0.000000
vn 1.000000 -0.000004 0.000000
vn 1.000000 -0.000004 0.000000
vn 1.000000 -0.000009 -0.000001
vn 1.000000 -0.000009 -0.000001
vn 1.000000 0.000000 -0.000001
vn 1.000000 0.000000 -0.000001
vn 1.000000 0.000013 -0.000003
vn 1.000000 0.000013 -0.000003
vn 1.000000 0.000009 -0.000003
vn 1.000000 0.000009 -0.000003
vn 1.000000 -0.000002 -0.000004
vn 1.000000 -0.000002 -0.000004
vn 1.000000 -0.000002 -0.000001
vn 1.000000 -0.000002 -0.000001
vn 1.000000 0.000006 -0.000000
vn 1.000000 0.000006 -0.000000
vn 0.036145 0.808485 -0.587406
vn 0.036147 0.950442 -0.308793
vn 0.036147 0.950442 -0.308793
vn 0.036145 0.808485 -0.587406
vn 0.036144 0.587389 -0.808497
vn 0.036144 0.587388 -0.808498
vn 0.036144 0.308818 -0.950434
vn 0.036144 0.308818 -0.950434
vn 0.036145 -0.000002 -0.999347
vn 0.036145 0.000000 -0.999347
vn 0.036143 -0.308819 -0.950434
vn 0.036143 -0.308817 -0.950435
vn 0.036143 -0.587389 -0.808498
vn 0.036143 -0.587388 -0.808498
vn 0.036143 -0.808485 -0.587406
vn 0.036143 -0.808485 -0.587405
vn 0.036145 -0.950442 -0.308793
vn 0.036145 -0.950443 -0.308792
vn 0.036147 -0.999346 -0.000000
vn 0.036147 -0.999346 0.000000
vn 0.036143 -0.950442 0.308793
vn 0.036143 -0.950442 0.308793
vn 0.036144 -0.808488 0.587401
vn 0.036144 -0.808489 0.587401
vn 0.036144 -0.587389 0.808498
vn 0.036144 -0.587389 0.808497
vn 0.036143 -0.308840 0.950427
vn 0.036143 -0.308841 0.950427
vn 0.036145 0.000000 0.999347
vn 0.036145 0.000001 0.999347
vn 0.036144 0.308840 0.950427
vn 0.036144 0.308841 0.950427
vn 0.036145 0.587411 0.808481
vn 0.036145 0.587411 0.808482
vn 0.036143 0.808489 0.587400
vn 0.036143 0.808489 0.587401
vn 0.036140 0.950439 0.308804
vn 0.036140 0.950439 0.308803
vn 0.036145 0.999347 -0.000000
vn 0.036145 0.999347 0.000001
vn 0.000000 -1.000000 0.000000
vn 0.000000 -1.000000 0.000000
vn 0.000000 -1.000000 -0.000001
vn 0.000000 -1.000000 -0.000002
vn 0.000000 -1.000000 -0.000002
vn 0.000000 -1.000000 0.000000
vn 0.000000 -1.000000 0.000000
vn 0.000000 -1.000000 0.000000
vn 0.000000 -1.000000 0.000009
vn 0.000000 -1.000000 0.000000
vn 0.000000 -1.000000 0.000000
vn 0.000000 -1.000000 -0.000000
vn 0.000000 -1.000000 -0.000009
vn 0.000000 -1.000000 0.000002
vn 0.000000 -1.000000 0.000002
vn 0.000000 -1.000000 0.000000
vn 0.000000 -1.000000 0.000000
vn 0.000000 -1.000000 -0.000009
vn 0.000000 -1.000000 -0.000009
vn 0.000000 -1.000000 0.000000
vn 0.000000 -1.000000 0.000000
vn 0.000003 1.000000 0.000000
vn 0.000006 1.000000 -0.000012
vn 0.000001 1.000000 -0.000002
vn 0.000014 1.000000 -0.000012
vn 0.000011 1.000000 0.000000
vn 0.000000 1.000000 0.000000
vn -0.000011 1.000000 -0.000006
vn -0.000004 1.000000 -0.000006
vn 0.000007 1.000000 -0.000012
vn -0.000004 1.000000 -0.000012
vn -0.000007 1.000000 0.000000
vn -0.000004 1.000000 0.000000
vn 0.000000 1.000000 0.000000
vn 0.000010 1.000000 0.000000
vn 0.000009 1.000000 0.000006
vn -0.000000 1.000000 0.000010
vn -0.000009 1.000000 0.000004
vn -0.000010 1.000000 0.000012
vn 0.000007 1.000000 -0.000000
vn 0.000007 1.000000 -0.000012
vn 0.000000 1.000000 0.000000
vn 0.787439 0.229399 -0.572115
vn 0.787443 0.229399 -0.572110
vn 0.925700 0.229394 -0.300763
vn 0.925698 0.229394 -0.300769
vn 0.572098 0.229391 -0.787454
vn 0.572100 0.229391 -0.787453
vn 0.300789 0.229370 -0.925697
vn 0.300787 0.229370 -0.925698
vn 0.000000 0.229361 -0.973341
vn 0.000000 0.229361 -0.973341
vn -0.300789 0.229371 -0.925697
vn -0.300788 0.229371 -0.925698
vn -0.572104 0.229390 -0.787450
vn -0.572107 0.229390 -0.787448
vn -0.787442 0.229399 -0.572112
vn -0.787446 0.229399 -0.572106
vn -0.925699 0.229387 -0.300772
vn -0.925700 0.229387 -0.300767
vn -0.973338 0.229376 -0.000000
vn -0.973338 0.229376 -0.000000
vn -0.925700 0.229383 0.300772
vn -0.925698 0.229383 0.300776
vn -0.787443 0.229392 0.572112
vn -0.787447 0.229392 0.572107
vn -0.572104 0.229390 0.787450
vn -0.572107 0.229390 0.787448
vn -0.300789 0.229371 0.925697
vn -0.300787 0.229371 0.925698
vn -0.000000 0.229362 0.973341
vn -0.000000 0.229362 0.973341
vn 0.300789 0.229369 0.925697
vn 0.300788 0.229369 0.925698
vn 0.572098 0.229389 0.787455
vn 0.572101 0.229389 0.787452
vn 0.787438 0.229393 0.572119
vn 0.787442 0.229392 0.572114
vn 0.925698 0.229386 0.300775
vn 0.925697 0.229386 0.300778
vn 0.973334 0.229392 0.000003
vn 0.973334 0.229392 0.000003
vn 0.512710 0.842247 -0.166578
vn 0.436127 0.842253 -0.316865
vn 0.436127 0.842253 -0.316865
vn 0.512709 0.842247 -0.166580
vn 0.316868 0.842249 -0.436132
vn 0.316868 0.842249 -0.436132
vn 0.166590 0.842251 -0.512701
vn 0.166590 0.842251 -0.512701
vn 0.000000 0.842255 -0.539079
vn 0.000000 0.842255 -0.539079
vn -0.166590 0.842253 -0.512697
vn -0.166590 0.842253 -0.512697
vn -0.316869 0.842251 -0.436129
vn -0.316868 0.842251 -0.436129
vn -0.436127 0.842251 -0.316869
vn -0.436127 0.842251 -0.316869
vn -0.512707 0.842246 -0.166591
vn -0.512707 0.842246 -0.166593
vn -0.539095 0.842245 0.000000
vn -0.539095 0.842245 0.000000
vn -0.512704 0.842248 0.166591
vn -0.512704 0.842248 0.166591
vn -0.436126 0.842251 0.316872
vn -0.436124 0.842251 0.316874
vn -0.316865 0.842250 0.436133
vn -0.316864 0.842250 0.436133
vn -0.166583 0.842254 0.512698
vn -0.166582 0.842254 0.512698
vn -0.000000 0.842254 0.539081
vn -0.000000 0.842254 0.539081
vn 0.166582 0.842253 0.512699
vn 0.166582 0.842253 0.512699
vn 0.316862 0.842254 0.436127
vn 0.316862 0.842254 0.436127
vn 0.436123 0.842257 0.316861
vn 0.436123 0.842257 0.316861
vn 0.512706 0.842249 0.166581
vn 0.512706 0.842249 0.166581
vn 0.539096 0.842244 0.000007
vn 0.539096 0.842244 0.000007
vn 0.949716 0.053036 -0.308588
vn 0.807866 0.053048 -0.586975
vn 0.788404 -0.224252 -0.572827
vn 0.926835 -0.224255 -0.301143
vn 0.586976 0.053055 -0.807864
vn 0.572838 -0.224245 -0.788398
vn 0.308590 0.053041 -0.949715
vn 0.301144 -0.224252 -0.926835
vn 0.000000 0.053030 -0.998593
vn 0.000000 -0.224250 -0.974532
vn -0.308588 0.053040 -0.949716
vn -0.301141 -0.224250 -0.926837
vn -0.586971 0.053048 -0.807868
vn -0.572831 -0.224246 -0.788402
vn -0.807870 0.053047 -0.586968
vn -0.788409 -0.224253 -0.572819
vn -0.949716 0.053052 -0.308586
vn -0.926834 -0.224252 -0.301146
vn -0.998592 0.053055 -0.000001
vn -0.974533 -0.224246 -0.000002
vn -0.949717 0.053058 0.308580
vn -0.926836 -0.224248 0.301144
vn -0.807873 0.053063 0.586963
vn -0.788413 -0.224245 0.572816
vn -0.586958 0.053058 0.807877
vn -0.572823 -0.224246 0.788408
vn -0.308570 0.053040 0.949722
vn -0.301158 -0.224256 0.926829
vn -0.000000 0.053030 0.998593
vn -0.000000 -0.224262 0.974529
vn 0.308569 0.053041 0.949722
vn 0.301160 -0.224257 0.926829
vn 0.586969 0.053053 0.807869
vn 0.572830 -0.224247 0.788403
vn 0.807872 0.053042 0.586966
vn 0.788404 -0.224251 0.572827
vn 0.949716 0.053027 0.308590
vn 0.926833 -0.224257 0.301147
vn 0.998593 0.053030 0.000002
vn 0.974532 -0.224248 0.000001
vn 0.799890 -0.149802 -0.581150
vn 0.940324 -0.149801 -0.305532
vn 0.581160 -0.149804 -0.799882
vn 0.305512 -0.149802 -0.940331
vn 0.000000 -0.149800 -0.988716
vn -0.305513 -0.149802 -0.940331
vn -0.581159 -0.149803 -0.799883
vn -0.799893 -0.149801 -0.581146
vn -0.940324 -0.149802 -0.305533
vn -0.988716 -0.149805 -0.000001
vn -0.940324 -0.149803 0.305532
vn -0.799893 -0.149801 0.581146
vn -0.581168 -0.149802 0.799877
vn -0.305539 -0.149801 0.940322
vn 0.000000 -0.149799 0.988716
vn 0.305537 -0.149801 0.940323
vn 0.581169 -0.149802 0.799877
vn 0.799889 -0.149801 0.581152
vn 0.940324 -0.149801 0.305534
vn 0.988716 -0.149803 0.000001
vn 0.802956 -0.122243 -0.583369
vn 0.943924 -0.122243 -0.306698
vn 0.583374 -0.122245 -0.802952
vn 0.306690 -0.122247 -0.943926
vn 0.000000 -0.122248 -0.992500
vn -0.306693 -0.122247 -0.943925
vn -0.583375 -0.122245 -0.802951
vn -0.802958 -0.122243 -0.583366
vn -0.943924 -0.122243 -0.306700
vn -0.992500 -0.122245 -0.000000
vn -0.943923 -0.122243 0.306701
vn -0.802953 -0.122242 0.583372
vn -0.583389 -0.122242 0.802941
vn -0.306706 -0.122243 0.943922
vn 0.000000 -0.122243 0.992500
vn 0.306705 -0.122243 0.943922
vn 0.583388 -0.122243 0.802941
vn 0.802952 -0.122243 0.583373
vn 0.943923 -0.122243 0.306701
vn 0.992500 -0.122245 0.000001
vn 0.782637 -0.253309 -0.568606
vn 0.920038 -0.253313 -0.298937
vn 0.568603 -0.253313 -0.782639
vn 0.298947 -0.253318 -0.920033
vn 0.000000 -0.253324 -0.967381
vn -0.298949 -0.253319 -0.920032
vn -0.568605 -0.253315 -0.782637
vn -0.782637 -0.253314 -0.568605
vn -0.920036 -0.253315 -0.298939
vn -0.967385 -0.253311 -0.000000
vn -0.920038 -0.253312 0.298935
vn -0.782624 -0.253314 0.568623
vn -0.568617 -0.253310 0.782629
vn -0.298948 -0.253316 0.920033
vn 0.000000 -0.253325 0.967381
vn 0.298950 -0.253320 0.920032
vn 0.568618 -0.253314 0.782627
vn 0.782627 -0.253316 0.568618
vn 0.920040 -0.253311 0.298932
vn 0.967385 -0.253312 0.000001
vn 0.000000 1.000000 0.000009
vn 0.000000 1.000000 -0.000004
vn 0.000000 1.000000 -0.000004
vn 0.000000 1.000000 0.000009
vn 0.000000 1.000000 -0.000021
vn 0.000000 1.000000 -0.000021
vn 0.000000 1.000000 -0.000015
vn 0.000000 1.000000 -0.000015
vn 0.000000 1.000000 -0.000006
vn 0.000000 1.000000 -0.000006
vn 0.000000 1.000000 -0.000019
vn 0.000000 1.000000 -0.000019
vn 0.000000 1.000000 -0.000024
vn 0.000000 1.000000 -0.000024
vn 0.000000 1.000000 -0.000004
vn 0.000000 1.000000 -0.000004
vn 0.000000 1.000000 0.000000
vn 0.000000 1.000000 0.000000
vn 0.000000 1.000000 0.000000
vn 0.000000 1.000000 0.000000
vn 0.000000 1.000000 0.000000
vn 0.000000 1.000000 0.000000
vn 0.000000 1.000000 0.000000
vn 0.000000 1.000000 0.000000
vn 0.000000 1.000000 0.000004
vn 0.000000 1.000000 0.000004
vn 0.000000 1.000000 0.000002
vn 0.000000 1.000000 0.000002
vn 0.000000 1.000000 -0.000002
vn 0.000000 1.000000 -0.000002
vn 0.000000 1.000000 -0.000015
vn 0.000000 1.000000 -0.000015
vn 0.000000 1.000000 -0.000015
vn 0.000000 1.000000 -0.000015
vn 0.000000 1.000000 0.000004
vn 0.000000 1.000000 0.000004
vn 0.000000 1.000000 0.000004
vn 0.000000 1.000000 0.000004
vn 0.000000 1.000000 0.000000
vn 0.000000 1.000000 0.000000
vn 0.884014 -0.368807 -0.287230
vn 0.751991 -0.368808 -0.546342
vn 0.797370 -0.169089 -0.579319
vn 0.937363 -0.169089 -0.304566
vn 0.546351 -0.368808 -0.751985
vn 0.579318 -0.169091 -0.797370
vn 0.287231 -0.368809 -0.884013
vn 0.304560 -0.169089 -0.937364
vn -0.000000 -0.368801 -0.929508
vn 0.000000 -0.169086 -0.985601
vn -0.287234 -0.368807 -0.884013
vn -0.304562 -0.169087 -0.937364
vn -0.546352 -0.368806 -0.751985
vn -0.579315 -0.169088 -0.797373
vn -0.751990 -0.368805 -0.546346
vn -0.797369 -0.169087 -0.579321
vn -0.884016 -0.368802 -0.287229
vn -0.937364 -0.169086 -0.304564
vn -0.929512 -0.368792 -0.000000
vn -0.985602 -0.169082 -0.000000
vn -0.884014 -0.368802 0.287235
vn -0.937364 -0.169085 0.304564
vn -0.751984 -0.368813 0.546349
vn -0.797367 -0.169091 0.579323
vn -0.546351 -0.368823 0.751978
vn -0.579322 -0.169095 0.797366
vn -0.287233 -0.368814 0.884010
vn -0.304562 -0.169091 0.937364
vn -0.000000 -0.368801 0.929508
vn -0.000000 -0.169086 0.985601
vn 0.287230 -0.368807 0.884014
vn 0.304571 -0.169087 0.937361
vn 0.546353 -0.368807 0.751984
vn 0.579326 -0.169088 0.797365
vn 0.751991 -0.368805 0.546345
vn 0.797365 -0.169088 0.579326
vn 0.884012 -0.368805 0.287237
vn 0.937363 -0.169087 0.304566
vn 0.929509 -0.368800 -0.000000
vn 0.985601 -0.169086 -0.000000
vn 0.797369 0.169089 -0.579320
vn 0.937363 0.169089 -0.304565
vn 0.579317 0.169090 -0.797371
vn 0.304560 0.169089 -0.937365
vn 0.000000 0.169086 -0.985601
vn -0.304561 0.169087 -0.937365
vn -0.579315 0.169089 -0.797373
vn -0.797370 0.169087 -0.579319
vn -0.937364 0.169085 -0.304565
vn -0.985602 0.169084 -0.000000
vn -0.937363 0.169086 0.304565
vn -0.797365 0.169089 0.579325
vn -0.579320 0.169094 0.797368
vn -0.304561 0.169091 0.937364
vn -0.000000 0.169087 0.985601
vn 0.304572 0.169088 0.937361
vn 0.579325 0.169088 0.797365
vn 0.797362 0.169088 0.579330
vn 0.937362 0.169087 0.304569
vn 0.985601 0.169087 0.000001
vn 0.785089 0.241419 -0.570397
vn 0.922926 0.241419 -0.299874
vn 0.570399 0.241417 -0.785088
vn 0.299885 0.241418 -0.922923
vn 0.000000 0.241415 -0.970422
vn -0.299888 0.241416 -0.922922
vn -0.570398 0.241417 -0.785089
vn -0.785089 0.241417 -0.570397
vn -0.922928 0.241413 -0.299872
vn -0.970423 0.241410 -0.000000
vn -0.922925 0.241414 0.299880
vn -0.785083 0.241420 0.570404
vn -0.570398 0.241422 0.785087
vn -0.299882 0.241410 0.922926
vn -0.000000 0.241405 0.970425
vn 0.299880 0.241407 0.922927
vn 0.570401 0.241412 0.785088
vn 0.785085 0.241416 0.570403
vn 0.922923 0.241416 0.299885
vn 0.970422 0.241414 0.000002
vn 0.809014 0.000000 -0.587789
vn 0.951056 0.000000 -0.309020
vn 0.587784 0.000000 -0.809018
vn 0.309046 0.000000 -0.951047
vn 0.000000 0.000000 -1.000000
vn -0.309049 0.000000 -0.951046
vn -0.587778 0.000000 -0.809022
vn -0.809011 0.000000 -0.587793
vn -0.951058 0.000000 -0.309012
vn -1.000000 0.000000 0.000000
vn -0.951056 0.000000 0.309018
vn -0.809014 0.000000 0.587789
vn -0.587784 -0.000014 0.809018
vn -0.309027 -0.000030 0.951053
vn 0.000000 -0.000033 1.000000
vn 0.309023 -0.000031 0.951055
vn 0.587784 -0.000014 0.809018
vn 0.809014 0.000000 0.587789
vn 0.951056 0.000000 0.309020
vn 1.000000 0.000000 0.000000
vn -0.874869 0.392167 0.284268
vn -0.744206 0.392170 0.540704
vn -0.723250 0.448100 0.525467
vn -0.850223 0.448107 0.276263
vn -0.540720 0.392171 0.744194
vn -0.525477 0.448108 0.723238
vn -0.284262 0.392168 0.874871
vn -0.276251 0.448110 0.850225
vn -0.000001 0.392158 0.919898
vn 0.000000 0.448105 0.893981
vn 0.284259 0.392157 0.874877
vn 0.276249 0.448104 0.850229
vn 0.540707 0.392162 0.744207
vn 0.525472 0.448103 0.723245
vn 0.744200 0.392183 0.540702
vn 0.723249 0.448107 0.525463
vn 0.874861 0.392186 0.284269
vn 0.850218 0.448118 0.276259
vn 0.919896 0.392164 0.000002
vn 0.893977 0.448113 0.000001
vn 0.874876 0.392160 -0.284258
vn 0.850226 0.448104 -0.276258
vn 0.744212 0.392165 -0.540699
vn 0.723251 0.448102 -0.525464
vn 0.540711 0.392160 -0.744206
vn 0.525477 0.448105 -0.723240
vn 0.284261 0.392161 -0.874874
vn 0.276249 0.448107 -0.850227
vn 0.000001 0.392159 -0.919897
vn 0.000000 0.448104 -0.893982
vn -0.284259 0.392157 -0.874877
vn -0.276248 0.448104 -0.850229
vn -0.540706 0.392157 -0.744211
vn -0.525473 0.448104 -0.723243
vn -0.744209 0.392165 -0.540703
vn -0.723250 0.448104 -0.525465
vn -0.874876 0.392160 -0.284257
vn -0.850227 0.448104 -0.276255
vn -0.919897 0.392159 0.000000
vn -0.893980 0.448108 -0.000002
vn -0.635917 0.618194 0.462002
vn -0.747542 0.618208 0.242898
vn -0.462007 0.618212 0.635896
vn -0.242879 0.618216 0.747542
vn -0.000000 0.618211 0.786012
vn 0.242894 0.618212 0.747540
vn 0.462007 0.618209 0.635898
vn 0.635913 0.618197 0.462003
vn 0.747542 0.618210 0.242893
vn 0.786008 0.618217 -0.000000
vn 0.747546 0.618205 -0.242896
vn 0.635912 0.618199 -0.462003
vn 0.462019 0.618205 -0.635894
vn 0.242881 0.618214 -0.747543
vn -0.000000 0.618211 -0.786012
vn -0.242879 0.618216 -0.747542
vn -0.462016 0.618210 -0.635891
vn -0.635911 0.618201 -0.462000
vn -0.747547 0.618206 -0.242891
vn -0.786010 0.618214 -0.000000
vn -0.536349 0.748656 0.389671
vn -0.630503 0.748662 0.204868
vn -0.389662 0.748670 0.536336
vn -0.204854 0.748664 0.630506
vn -0.000000 0.748657 0.662958
vn 0.204882 0.748655 0.630507
vn 0.389673 0.748660 0.536343
vn 0.536347 0.748661 0.389665
vn 0.630511 0.748658 0.204857
vn 0.662961 0.748654 -0.000000
vn 0.630519 0.748649 -0.204865
vn 0.536348 0.748652 -0.389681
vn 0.389689 0.748651 -0.536343
vn 0.204859 0.748660 -0.630508
vn 0.000000 0.748664 -0.662949
vn -0.204859 0.748668 -0.630499
vn -0.389688 0.748658 -0.536334
vn -0.536349 0.748652 -0.389678
vn -0.630519 0.748652 -0.204858
vn -0.662961 0.748654 0.000006
vn -0.951056 0.000000 0.309019
vn -0.809003 0.000000 0.587805
vn -0.809003 0.000000 0.587805
vn -0.951056 0.000000 0.309019
vn -0.587769 0.000003 0.809029
vn -0.587769 0.000003 0.809029
vn -0.309030 0.000004 0.951052
vn -0.309028 0.000004 0.951053
vn -0.000001 0.000001 1.000000
vn 0.000001 0.000001 1.000000
vn 0.309016 0.000000 0.951057
vn 0.309016 0.000000 0.951057
vn 0.587788 0.000000 0.809015
vn 0.587788 0.000000 0.809015
vn 0.809018 0.000000 0.587784
vn 0.809018 0.000000 0.587784
vn 0.951057 0.000000 0.309016
vn 0.951057 0.000000 0.309016
vn 1.000000 0.000000 0.000000
vn 1.000000 0.000000 0.000000
vn 0.951057 0.000000 -0.309016
vn 0.951057 0.000000 -0.309016
vn 0.809027 0.000000 -0.587771
vn 0.809027 0.000000 -0.587771
vn 0.587782 0.000002 -0.809020
vn 0.587782 0.000002 -0.809020
vn 0.309009 0.000002 -0.951059
vn 0.309008 0.000002 -0.951060
vn -0.000001 0.000001 -1.000000
vn -0.000001 0.000001 -1.000000
vn -0.309033 0.000000 -0.951051
vn -0.309033 0.000000 -0.951051
vn -0.587782 0.000000 -0.809020
vn -0.587782 0.000000 -0.809020
vn -0.809012 0.000000 -0.587792
vn -0.809012 0.000000 -0.587792
vn -0.951056 0.000000 -0.309019
vn -0.951056 0.000000 -0.309019
vn -1.000000 0.000000 0.000000
vn -1.000000 0.000000 0.000000
vn -0.650497 -0.729510 0.211348
vn -0.553336 -0.729517 0.402026
vn -0.569511 -0.710244 0.413776
vn -0.669505 -0.710243 0.217529
vn -0.402012 -0.729527 0.553333
vn -0.413769 -0.710245 0.569515
vn -0.211355 -0.729522 0.650482
vn -0.217542 -0.710246 0.669496
vn -0.000000 -0.729520 0.683960
vn 0.000000 -0.710248 0.703952
vn 0.211363 -0.729511 0.650492
vn 0.217549 -0.710242 0.669499
vn 0.402026 -0.729508 0.553347
vn 0.413780 -0.710241 0.569511
vn 0.553340 -0.729513 0.402027
vn 0.569515 -0.710243 0.413774
vn 0.650494 -0.729511 0.211355
vn 0.669502 -0.710242 0.217539
vn 0.683971 -0.729509 0.000000
vn 0.703956 -0.710243 -0.000000
vn 0.650494 -0.729511 -0.211355
vn 0.669503 -0.710242 -0.217535
vn 0.553341 -0.729515 -0.402021
vn 0.569516 -0.710244 -0.413770
vn 0.402009 -0.729519 -0.553345
vn 0.413764 -0.710247 -0.569516
vn 0.211360 -0.729511 -0.650493
vn 0.217539 -0.710245 -0.669499
vn -0.000000 -0.729517 -0.683963
vn -0.000000 -0.710253 -0.703947
vn -0.211356 -0.729523 -0.650481
vn -0.217540 -0.710250 -0.669493
vn -0.402008 -0.729527 -0.553335
vn -0.413766 -0.710245 -0.569516
vn -0.553343 -0.729517 -0.402016
vn -0.569517 -0.710245 -0.413767
vn -0.650503 -0.729507 -0.211342
vn -0.669504 -0.710245 -0.217525
vn -0.683978 -0.729503 -0.000008
vn -0.703957 -0.710242 -0.000007
vn -0.688844 -0.524408 0.500490
vn -0.809789 -0.524412 0.263124
vn -0.500480 -0.524404 0.688854
vn -0.263124 -0.524401 0.809796
vn -0.000000 -0.524405 0.851469
vn 0.263123 -0.524409 0.809791
vn 0.500479 -0.524414 0.688847
vn 0.688849 -0.524415 0.500475
vn 0.809790 -0.524413 0.263118
vn 0.851465 -0.524412 -0.000000
vn 0.809791 -0.524413 -0.263116
vn 0.688850 -0.524412 -0.500478
vn 0.500477 -0.524413 -0.688850
vn 0.263119 -0.524412 -0.809791
vn 0.000000 -0.524412 -0.851465
vn -0.263117 -0.524410 -0.809792
vn -0.500472 -0.524414 -0.688852
vn -0.688848 -0.524414 -0.500479
vn -0.809791 -0.524412 -0.263119
vn -0.851465 -0.524411 -0.000005
vn -0.772865 -0.295588 0.561523
vn -0.908557 -0.295588 0.295214
vn -0.561520 -0.295586 0.772868
vn -0.295218 -0.295581 0.908558
vn -0.000001 -0.295582 0.955317
vn 0.295215 -0.295585 0.908558
vn 0.561516 -0.295590 0.772869
vn 0.772867 -0.295593 0.561517
vn 0.908560 -0.295590 0.295206
vn 0.955316 -0.295587 -0.000000
vn 0.908560 -0.295590 -0.295204
vn 0.772868 -0.295588 -0.561518
vn 0.561518 -0.295590 -0.772867
vn 0.295214 -0.295585 -0.908558
vn 0.000000 -0.295581 -0.955318
vn -0.295213 -0.295586 -0.908558
vn -0.561515 -0.295593 -0.772869
vn -0.772866 -0.295591 -0.561520
vn -0.908560 -0.295584 -0.295210
vn -0.955317 -0.295585 -0.000004
vn -0.809026 0.000000 0.587773
vn -0.951058 0.000000 0.309013
vn -0.587785 0.000000 0.809017
vn -0.309032 0.000001 0.951052
vn -0.000000 0.000001 1.000000
vn 0.309032 0.000000 0.951052
vn 0.587785 0.000000 0.809017
vn 0.809022 0.000000 0.587779
vn 0.951057 0.000000 0.309015
vn 1.000000 0.000000 0.000000
vn 0.951059 0.000000 -0.309011
vn 0.809025 0.000003 -0.587774
vn 0.587785 0.000003 -0.809017
vn 0.309027 0.000000 -0.951053
vn 0.000000 0.000000 -1.000000
vn -0.309028 0.000000 -0.951053
vn -0.587785 0.000000 -0.809017
vn -0.809025 0.000000 -0.587774
vn -0.951058 0.000000 -0.309014
vn -1.000000 0.000000 -0.000005
vn 0.000000 1.000000 -0.000013
vn -0.000008 1.000000 -0.000007
vn -0.000008 1.000000 -0.000007
vn 0.000000 1.000000 -0.000013
vn 0.000001 1.000000 -0.000013
vn 0.000001 1.000000 -0.000013
vn 0.000016 1.000000 -0.000010
vn 0.000016 1.000000 -0.000010
vn 0.000007 1.000000 0.000003
vn 0.000007 1.000000 0.000003
vn 0.000000 1.000000 -0.000007
vn 0.000000 1.000000 -0.000007
vn 0.000000 1.000000 -0.000000
vn 0.000000 1.000000 0.000000
vn 0.000000 1.000000 0.000007
vn 0.000000 1.000000 0.000007
vn 0.000000 1.000000 0.000000
vn 0.000000 1.000000 0.000000
vn 0.000000 1.000000 0.000000
vn 0.000000 1.000000 0.000000
vn -0.000005 1.000000 0.000000
vn -0.000005 1.000000 0.000000
vn -0.000015 1.000000 -0.000013
vn -0.000015 1.000000 -0.000013
vn -0.000010 1.000000 -0.000007
vn -0.000010 1.000000 -0.000007
vn 0.000000 1.000000 0.000007
vn 0.000000 1.000000 0.000007
vn 0.000000 1.000000 0.000000
vn 0.000000 1.000000 0.000000
vn 0.000000 1.000000 0.000003
vn 0.000000 1.000000 0.000003
vn 0.000000 1.000000 -0.000003
vn 0.000000 1.000000 -0.000003
vn 0.000000 1.000000 -0.000007
vn 0.000000 1.000000 -0.000007
vn 0.000000 1.000000 0.000000
vn 0.000000 1.000000 0.000000
vn 0.000000 1.000000 -0.000007
vn 0.000000 1.000000 -0.000007
vn -0.808537 -0.034623 0.587426
vn -0.808537 -0.034623 0.587426
vn -0.950487 -0.034651 0.308827
vn -0.950486 -0.034651 0.308829
vn -0.587408 -0.034607 0.808550
vn -0.587396 -0.034607 0.808559
vn -0.308838 -0.034605 0.950485
vn -0.308830 -0.034605 0.950487
vn -0.000002 -0.034604 0.999401
vn -0.000002 -0.034604 0.999401
vn 0.308845 -0.034618 0.950482
vn 0.308845 -0.034618 0.950482
vn 0.587416 -0.034636 0.808544
vn 0.587410 -0.034636 0.808548
vn 0.808532 -0.034638 0.587432
vn 0.808532 -0.034638 0.587431
vn 0.950484 -0.034639 0.308837
vn 0.950485 -0.034639 0.308835
vn 0.999400 -0.034634 0.000000
vn 0.999400 -0.034634 0.000000
vn 0.950482 -0.034617 -0.308846
vn 0.950488 -0.034617 -0.308826
vn 0.808521 -0.034601 -0.587450
vn 0.808520 -0.034601 -0.587451
vn 0.587422 -0.034594 -0.808541
vn 0.587426 -0.034594 -0.808538
vn 0.308860 -0.034602 -0.950478
vn 0.308870 -0.034602 -0.950475
vn -0.000000 -0.034610 -0.999401
vn -0.000000 -0.034610 -0.999401
vn -0.308865 -0.034621 -0.950476
vn -0.308867 -0.034621 -0.950475
vn -0.587446 -0.034625 -0.808522
vn -0.587437 -0.034625 -0.808528
vn -0.808524 -0.034644 -0.587442
vn -0.808524 -0.034644 -0.587442
vn -0.950481 -0.034666 -0.308844
vn -0.950482 -0.034666 -0.308841
vn -0.999399 -0.034661 -0.000003
vn -0.999399 -0.034661 -0.000003
vn -0.099157 -0.994550 0.032218
vn -0.084346 -0.994550 0.061293
vn -0.084346 -0.994550 0.061293
vn -0.099157 -0.994550 0.032217
vn -0.061281 -0.994549 0.084360
vn -0.061281 -0.994549 0.084360
vn -0.032218 -0.994550 0.099162
vn -0.032219 -0.994550 0.099162
vn -0.000000 -0.994551 0.104251
vn -0.000000 -0.994551 0.104251
vn 0.032219 -0.994551 0.099148
vn 0.032219 -0.994551 0.099148
vn 0.061282 -0.994549 0.084361
vn 0.061282 -0.994549 0.084361
vn 0.084346 -0.994550 0.061293
vn 0.084346 -0.994550 0.061293
vn 0.099157 -0.994550 0.032217
vn 0.099157 -0.994550 0.032217
vn 0.104258 -0.994550 -0.000000
vn 0.104258 -0.994550 0.000000
vn 0.099158 -0.994550 -0.032224
vn 0.099159 -0.994550 -0.032224
vn 0.084351 -0.994550 -0.061286
vn 0.084351 -0.994550 -0.061285
vn 0.061283 -0.994551 -0.084342
vn 0.061282 -0.994551 -0.084342
vn 0.032218 -0.994550 -0.099155
vn 0.032218 -0.994550 -0.099155
vn -0.000002 -0.994549 -0.104267
vn -0.000001 -0.994549 -0.104267
vn -0.032218 -0.994550 -0.099158
vn -0.032218 -0.994550 -0.099158
vn -0.061281 -0.994549 -0.084360
vn -0.061281 -0.994549 -0.084360
vn -0.084346 -0.994549 -0.061300
vn -0.084346 -0.994549 -0.061300
vn -0.099158 -0.994550 -0.032217
vn -0.099158 -0.994550 -0.032217
vn -0.104263 -0.994550 -0.000000
vn -0.104263 -0.994550 0.000000
vn -0.951053 0.000000 0.309027
vn -0.809004 0.000010 0.587803
vn -0.809003 0.000010 0.587804
vn -0.951053 0.000000 0.309027
vn -0.587779 0.000031 0.809022
vn -0.587786 0.000031 0.809016
vn -0.309045 0.000021 0.951048
vn -0.309042 0.000021 0.951048
vn 0.000000 0.000002 1.000000
vn 0.000000 0.000002 1.000000
vn 0.309020 0.000001 0.951055
vn 0.309020 0.000001 0.951056
vn 0.587776 0.000000 0.809024
vn 0.587776 0.000000 0.809024
vn 0.809024 0.000000 0.587776
vn 0.809024 0.000000 0.587776
vn 0.951056 0.000003 0.309018
vn 0.951056 0.000003 0.309020
vn 1.000000 0.000003 0.000002
vn 1.000000 0.000003 0.000002
vn 0.951053 0.000000 -0.309029
vn 0.951052 0.000000 -0.309030
vn 0.809012 0.000000 -0.587792
vn 0.809012 0.000000 -0.587793
vn 0.587798 0.000000 -0.809008
vn 0.587799 0.000000 -0.809007
vn 0.309022 0.000000 -0.951055
vn 0.309022 0.000000 -0.951055
vn -0.000027 0.000000 -1.000000
vn -0.000028 0.000000 -1.000000
vn -0.309018 0.000000 -0.951056
vn -0.309018 0.000000 -0.951056
vn -0.587765 0.000000 -0.809032
vn -0.587765 0.000000 -0.809032
vn -0.809011 0.000000 -0.587793
vn -0.809011 0.000000 -0.587794
vn -0.951057 0.000000 -0.309017
vn -0.951057 0.000000 -0.309017
vn -1.000000 0.000000 -0.000006
vn -1.000000 0.000000 -0.000007
vn 0.000000 0.000000 0.000000
vn 0.000000 0.000000 0.000000
vn 0.000000 0.000000 0.000000
vn 0.000000 0.000000 0.000000
vn 0.000000 0.000000 0.000000
vn 0.000000 0.000000 0.000000
vn 0.000000 0.000000 0.000000
vn 0.000000 0.000000 0.000000
vn 0.000000 0.000000 0.000000
vn 0.000000 0.000000 0.000000
vn 0.000000 0.000000 0.000000
vn 0.000000 0.000000 0.000000
vn 0.000000 0.000000 0.000000
vn 0.000000 0.000000 0.000000
vn 0.000000 0.000000 0.000000
vn 0.000000 0.000000 0.000000
vn 0.000000 0.000000 0.000000
vn 0.000000 0.000000 0.000000
vn 0.000000 0.000000 0.000000
vn 0.000000 0.000000 0.000000
vn 0.000000 0.000000 0.000000
vn 0.000000 0.000000 0.000000
vn 0.000000 0.000000 0.000000
vn 0.000000 0.000000 0.000000
vn 0.000000 0.000000 0.000000
vn 0.000000 0.000000 0.000000
vn 0.000000 0.000000 0.000000
vn 0.000000 0.000000 0.000000
vn 0.000000 0.000000 0.000000
vn 0.000000 0.000000 0.000000
vn 0.000000 0.000000 0.000000
vn 0.000000 0.000000 0.000000
vn 0.000000 0.000000 0.000000
vn 0.000000 0.000000 0.000000
vn 0.000000 0.000000 0.000000
vn 0.000000 0.000000 0.000000
vn 0.000000 0.000000 0.000000
vn 0.000000 0.000000 0.000000
vn 0.000000 0.000000 0.000000
vn 0.000000 0.000000 0.000000
vn 0.000000 0.000000 0.000000
vn 0.000000 0.000000 0.000000
vn 0.000000 0.000000 0.000000
vn 0.000000 0.000000 0.000000
vn 0.000000 0.000000 0.000000
vn 0.000000 0.000000 0.000000
vn 0.000000 0.000000 0.000000
vn 0.000000 0.000000 0.000000
vn 0.000000 0.000000 0.000000
vn 0.000000 0.000000 0.000000
vn 0.000000 0.000000 0.000000
vn 0.000000 0.000000 0.000000
vn 0.000000 0.000000 0.000000
vn 0.000000 0.000000 0.000000
vn 0.000000 0.000000 0.000000
vn 0.000000 0.000000 0.000000
vn 0.000000 0.000000 0.000000
vn 0.000000 0.000000 0.000000
vn 0.000000 0.000000 0.000000
vn 0.000000 0.000000 0.000000
vn 0.000000 0.000000 0.000000
vn 0.000000 0.000000 0.000000
vn 0.000000 0.000000 0.000000
vn 0.000000 0.000000 0.000000
vn 0.000000 0.000000 0.000000
vn 0.000000 0.000000 0.000000
vn 0.000000 0.000000 0.000000
vn 0.000000 0.000000 0.000000
vn 0.000000 0.000000 0.000000
vn 0.000000 0.000000 0.000000
vn 0.000000 0.000000 0.000000
vn 0.000000 0.000000 0.000000
vn 0.000000 0.000000 0.000000
vn 0.000000 0.000000 0.000000
vn 0.000000 0.000000 0.000000
vn 0.000000 0.000000 0.000000
vn 0.000000 0.000000 0.000000
vn 0.000000 0.000000 0.000000
vn 0.000000 0.000000 0.000000
vn 0.000000 0.000000 0.000000
vn -0.950002 0.047116 0.308669
vn -0.949997 0.047116 0.308684
vn -0.808123 0.047128 0.587126
vn -0.808124 0.047128 0.587124
vn -0.998890 0.047108 0.000002
vn -0.998890 0.047108 0.000002
vn -0.587130 0.047144 0.808119
vn -0.587131 0.047144 0.808118
vn -0.308678 0.047138 0.949998
vn -0.308675 0.047138 0.949999
vn 0.000007 0.047122 0.998889
vn 0.000006 0.047122 0.998889
vn 0.308666 0.047126 0.950002
vn 0.308669 0.047126 0.950001
vn 0.587131 0.047131 0.808119
vn 0.587134 0.047131 0.808116
vn 0.808128 0.047132 0.587119
vn 0.808129 0.047132 0.587116
vn 0.949995 0.047129 0.308689
vn 0.949999 0.047129 0.308675
vn 0.998889 0.047117 0.000000
vn 0.998889 0.047117 -0.000000
vn 0.949998 0.047111 -0.308680
vn 0.949998 0.047111 -0.308682
vn 0.808133 0.047118 -0.587112
vn 0.808135 0.047118 -0.587110
vn 0.587124 0.047130 -0.808124
vn 0.587127 0.047130 -0.808122
vn 0.308643 0.047149 -0.950009
vn 0.308646 0.047149 -0.950008
vn 0.000001 0.047165 -0.998887
vn 0.000001 0.047165 -0.998887
vn -0.308652 0.047156 -0.950006
vn -0.308652 0.047156 -0.950005
vn -0.587138 0.047143 -0.808113
vn -0.587139 0.047143 -0.808112
vn -0.808137 0.047119 -0.587107
vn -0.808139 0.047119 -0.587104
vn -0.950002 0.047103 -0.308670
vn -0.950002 0.047103 -0.308670
vn -0.678098 -0.701168 0.220332
vn -0.576841 -0.701149 0.419100
vn -0.576842 -0.701149 0.419099
vn -0.678099 -0.701168 0.220331
vn -0.419110 -0.701145 0.576838
vn -0.419112 -0.701145 0.576837
vn -0.220339 -0.701158 0.678106
vn -0.220338 -0.701158 0.678107
vn 0.000001 -0.701163 0.713001
vn 0.000000 -0.701163 0.713001
vn 0.220350 -0.701162 0.678098
vn 0.220350 -0.701162 0.678098
vn 0.419122 -0.701157 0.576815
vn 0.419122 -0.701157 0.576815
vn 0.576812 -0.701179 0.419089
vn 0.576808 -0.701179 0.419094
vn 0.678087 -0.701182 0.220324
vn 0.678084 -0.701182 0.220331
vn 0.713004 -0.701160 -0.000006
vn 0.713004 -0.701160 -0.000006
vn 0.678100 -0.701168 -0.220325
vn 0.678100 -0.701169 -0.220324
vn 0.576829 -0.701168 -0.419084
vn 0.576829 -0.701168 -0.419084
vn 0.419110 -0.701161 -0.576819
vn 0.419110 -0.701161 -0.576819
vn 0.220336 -0.701169 -0.678096
vn 0.220335 -0.701169 -0.678096
vn -0.000000 -0.701171 -0.712993
vn 0.000000 -0.701171 -0.712993
vn -0.220336 -0.701167 -0.678098
vn -0.220334 -0.701167 -0.678099
vn -0.419105 -0.701157 -0.576827
vn -0.419106 -0.701157 -0.576826
vn -0.576824 -0.701170 -0.419087
vn -0.576825 -0.701170 -0.419086
vn -0.678096 -0.701174 -0.220319
vn -0.678097 -0.701174 -0.220317
vn -0.712993 -0.701171 0.000000
vn -0.712993 -0.701171 0.000000
vn 0.002334 0.999996 -0.001682
vn 0.001696 0.999996 -0.002326
vn 0.001696 0.999996 -0.002326
vn 0.002334 0.999996 -0.001682
vn 0.000892 0.999996 -0.002756
vn 0.000892 0.999996 -0.002756
vn -0.000000 0.999996 -0.002881
vn -0.000000 0.999996 -0.002881
vn -0.000892 0.999996 -0.002738
vn -0.000892 0.999996 -0.002738
vn -0.001696 0.999996 -0.002329
vn -0.001696 0.999996 -0.002329
vn -0.002334 0.999996 -0.001692
vn -0.002334 0.999996 -0.001692
vn -0.002744 0.999996 -0.000894
vn -0.002744 0.999996 -0.000894
vn -0.002885 0.999996 -0.000010
vn -0.002885 0.999996 -0.000010
vn -0.002744 0.999996 0.000889
vn -0.002744 0.999996 0.000889
vn -0.002341 0.999996 0.001692
vn -0.002341 0.999996 0.001692
vn -0.001709 0.999996 0.002316
vn -0.001709 0.999996 0.002316
vn -0.000896 0.999996 0.002761
vn -0.000896 0.999996 0.002761
vn 0.000002 0.999996 0.002905
vn 0.000002 0.999996 0.002905
vn 0.000892 0.999996 0.002750
vn 0.000892 0.999996 0.002750
vn 0.001696 0.999996 0.002346
vn 0.001696 0.999996 0.002346
vn 0.002334 0.999996 0.001697
vn 0.002334 0.999996 0.001697
vn 0.002744 0.999996 0.000894
vn 0.002744 0.999996 0.000894
vn 0.002885 0.999996 0.000010
vn 0.002885 0.999996 0.000010
vn 0.002744 0.999996 -0.000889
vn 0.002744 0.999996 -0.000889
vn -0.851094 0.446280 0.276536
vn -0.723974 0.446282 0.526017
vn -0.691140 0.519779 0.502150
vn -0.812495 0.519771 0.263989
vn -0.525992 0.446271 0.723999
vn -0.502126 0.519781 0.691156
vn -0.276575 0.446262 0.851091
vn -0.264009 0.519774 0.812486
vn -0.000000 0.446263 0.894902
vn 0.000000 0.519772 0.854305
vn 0.276576 0.446261 0.851092
vn 0.264013 0.519769 0.812488
vn 0.525982 0.446279 0.724002
vn 0.502133 0.519779 0.691153
vn 0.723972 0.446286 0.526016
vn 0.691134 0.519787 0.502151
vn 0.851100 0.446279 0.276522
vn 0.812490 0.519781 0.263984
vn 0.894891 0.446285 0.000000
vn 0.854301 0.519779 -0.000002
vn 0.851096 0.446282 -0.276528
vn 0.812487 0.519781 -0.263994
vn 0.723983 0.446279 -0.526008
vn 0.691139 0.519780 -0.502151
vn 0.526009 0.446276 -0.723983
vn 0.502144 0.519781 -0.691143
vn 0.276567 0.446273 -0.851088
vn 0.264016 0.519782 -0.812479
vn 0.000001 0.446280 -0.894893
vn 0.000000 0.519785 -0.854297
vn -0.276561 0.446280 -0.851086
vn -0.264007 0.519783 -0.812481
vn -0.525998 0.446281 -0.723988
vn -0.502143 0.519781 -0.691144
vn -0.723980 0.446282 -0.526009
vn -0.691138 0.519785 -0.502148
vn -0.851093 0.446285 -0.276532
vn -0.812486 0.519784 -0.263992
vn -0.894893 0.446280 0.000001
vn -0.854301 0.519779 -0.000002
vn -0.562866 0.718297 0.408939
vn -0.661693 0.718291 0.214991
vn -0.408922 0.718316 0.562854
vn -0.214985 0.718311 0.661672
vn 0.000000 0.718304 0.695729
vn 0.214984 0.718306 0.661679
vn 0.408953 0.718300 0.562852
vn 0.562855 0.718309 0.408934
vn 0.661670 0.718311 0.214995
vn 0.695736 0.718297 0.000002
vn 0.661672 0.718306 -0.215004
vn 0.562847 0.718304 -0.408952
vn 0.408936 0.718310 -0.562852
vn 0.215000 0.718309 -0.661671
vn -0.000005 0.718306 -0.695728
vn -0.214992 0.718305 -0.661677
vn -0.408942 0.718303 -0.562857
vn -0.562848 0.718313 -0.408935
vn -0.661673 0.718308 -0.214997
vn -0.695728 0.718305 -0.000008
vn -0.417177 0.856790 0.303107
vn -0.490431 0.856788 0.159346
vn -0.303103 0.856790 0.417179
vn -0.159343 0.856796 0.490418
vn -0.000001 0.856784 0.515676
vn 0.159353 0.856787 0.490432
vn 0.303126 0.856780 0.417184
vn 0.417189 0.856787 0.303100
vn 0.490418 0.856793 0.159363
vn 0.515671 0.856786 0.000014
vn 0.490436 0.856782 -0.159365
vn 0.417173 0.856790 -0.303112
vn 0.303107 0.856783 -0.417191
vn 0.159357 0.856783 -0.490437
vn -0.000013 0.856777 -0.515687
vn -0.159345 0.856779 -0.490448
vn -0.303102 0.856786 -0.417189
vn -0.417177 0.856793 -0.303101
vn -0.490424 0.856790 -0.159360
vn -0.515673 0.856785 -0.000015
vn 0.806523 -0.078543 -0.585963
vn 0.948130 -0.078533 -0.308028
vn 0.912190 -0.282985 -0.296359
vn 0.775942 -0.282992 -0.563763
vn 0.585940 -0.078538 -0.806539
vn 0.563756 -0.282986 -0.775950
vn 0.308071 -0.078527 -0.948117
vn 0.296394 -0.282974 -0.912182
vn 0.000000 -0.078531 -0.996912
vn -0.000000 -0.282971 -0.959129
vn -0.308060 -0.078534 -0.948120
vn -0.296367 -0.282982 -0.912188
vn -0.585977 -0.078538 -0.806512
vn -0.563770 -0.282991 -0.775938
vn -0.806541 -0.078527 -0.585940
vn -0.775952 -0.282983 -0.563754
vn -0.948115 -0.078522 -0.308078
vn -0.912188 -0.282965 -0.296385
vn -0.996911 -0.078535 -0.000016
vn -0.959125 -0.282983 -0.000006
vn -0.948121 -0.078538 0.308057
vn -0.912180 -0.282994 0.296380
vn -0.806513 -0.078533 0.585978
vn -0.775939 -0.282998 0.563765
vn -0.585949 -0.078531 0.806534
vn -0.563755 -0.282983 0.775951
vn -0.308069 -0.078532 0.948117
vn -0.296382 -0.282984 0.912183
vn -0.000000 -0.078537 0.996911
vn 0.000000 -0.282983 0.959125
vn 0.308063 -0.078536 0.948119
vn 0.296365 -0.282982 0.912189
vn 0.585978 -0.078526 0.806513
vn 0.563782 -0.282973 0.775936
vn 0.806514 -0.078527 0.585977
vn 0.775952 -0.282971 0.563761
vn 0.948118 -0.078536 0.308067
vn 0.912175 -0.282987 0.296403
vn 0.996912 -0.078532 -0.000018
vn 0.959122 -0.282993 -0.000010
vn 0.809024 -0.000011 -0.587775
vn 0.951069 -0.000006 -0.308978
vn 0.587744 -0.000008 -0.809047
vn 0.309026 -0.000005 -0.951054
vn 0.000001 -0.000005 -1.000000
vn -0.309020 -0.000005 -0.951056
vn -0.587793 -0.000005 -0.809011
vn -0.809046 -0.000000 -0.587745
vn -0.951049 0.000003 -0.309040
vn -1.000000 -0.000003 -0.000017
vn -0.951058 -0.000006 0.309011
vn -0.809012 -0.000002 0.587792
vn -0.587758 0.000000 0.809036
vn -0.309027 -0.000002 0.951053
vn 0.000001 -0.000007 1.000000
vn 0.309028 -0.000006 0.951053
vn 0.587789 -0.000001 0.809014
vn 0.809009 -0.000003 0.587797
vn 0.951057 -0.000004 0.309016
vn 1.000000 -0.000002 -0.000020
vn -0.000009 -1.000000 0.000000
vn 0.000000 -1.000000 0.000009
vn 0.000000 -1.000000 0.000009
vn -0.000009 -1.000000 0.000000
vn -0.000012 -1.000000 0.000013
vn -0.000012 -1.000000 0.000013
vn 0.000001 -1.000000 0.000027
vn 0.000001 -1.000000 0.000027
vn 0.000013 -1.000000 0.000029
vn 0.000013 -1.000000 0.000029
vn 0.000000 -1.000000 -0.000004
vn 0.000000 -1.000000 -0.000004
vn -0.000009 -1.000000 0.000002
vn -0.000009 -1.000000 0.000002
vn -0.000009 -1.000000 0.000013
vn -0.000009 -1.000000 0.000013
vn 0.000002 -1.000000 -0.000018
vn 0.000002 -1.000000 -0.000018
vn 0.000002 -1.000000 -0.000018
vn 0.000002 -1.000000 -0.000018
vn 0.000000 -1.000000 -0.000009
vn 0.000000 -1.000000 -0.000009
vn 0.000000 -1.000000 -0.000009
vn 0.000000 -1.000000 -0.000009
vn 0.000000 -1.000000 -0.000009
vn 0.000000 -1.000000 -0.000009
vn 0.000000 -1.000000 -0.000007
vn 0.000000 -1.000000 -0.000007
vn 0.000000 -1.000000 0.000002
vn 0.000000 -1.000000 0.000002
vn 0.000001 -1.000000 -0.000004
vn 0.000001 -1.000000 -0.000004
vn -0.000002 -1.000000 -0.000027
vn -0.000002 -1.000000 -0.000027
vn -0.000009 -1.000000 -0.000004
vn -0.000009 -1.000000 -0.000004
vn -0.000015 -1.000000 0.000009
vn -0.000015 -1.000000 0.000009
vn -0.000019 -1.000000 -0.000009
vn -0.000019 -1.000000 -0.000009
vn 0.951066 0.000000 -0.308987
vn 0.809013 -0.000008 -0.587791
vn 0.809013 -0.000008 -0.587791
vn 0.951067 0.000000 -0.308986
vn 0.587742 -0.000008 -0.809049
vn 0.587742 -0.000008 -0.809048
vn 0.309021 0.000000 -0.951055
vn 0.309021 0.000000 -0.951055
vn 0.000032 -0.000001 -1.000000
vn 0.000032 -0.000001 -1.000000
vn -0.309009 -0.000003 -0.951059
vn -0.309012 -0.000003 -0.951058
vn -0.587780 -0.000002 -0.809021
vn -0.587782 -0.000002 -0.809020
vn -0.809026 0.000000 -0.587774
vn -0.809026 0.000000 -0.587772
vn -0.951049 0.000000 -0.309041
vn -0.951048 0.000000 -0.309043
vn -1.000000 -0.000006 -0.000032
vn -1.000000 -0.000006 -0.000018
vn -0.951052 -0.000006 0.309032
vn -0.951052 -0.000006 0.309032
vn -0.809008 0.000000 0.587797
vn -0.809008 0.000000 0.587797
vn -0.587765 0.000000 0.809032
vn -0.587765 0.000000 0.809032
vn -0.309009 0.000000 0.951059
vn -0.309009 0.000000 0.951059
vn -0.000016 0.000000 1.000000
vn -0.000016 0.000000 1.000000
vn 0.309023 0.000000 0.951055
vn 0.309024 0.000000 0.951054
vn 0.587800 0.000000 0.809007
vn 0.587802 0.000000 0.809005
vn 0.808988 0.000000 0.587824
vn 0.808988 0.000000 0.587826
vn 0.951059 0.000000 0.309008
vn 0.951059 0.000000 0.309009
vn 1.000000 0.000000 -0.000022
vn 1.000000 0.000000 -0.000022
vn -0.000002 1.000000 -0.000027
vn 0.000000 1.000000 0.000000
vn 0.000000 1.000000 -0.000000
vn -0.000002 1.000000 -0.000027
vn 0.000012 1.000000 0.000009
vn 0.000012 1.000000 0.000009
vn -0.000001 1.000000 -0.000018
vn -0.000001 1.000000 -0.000018
vn -0.000013 1.000000 -0.000016
vn -0.000013 1.000000 -0.000016
vn 0.000000 1.000000 -0.000005
vn 0.000000 1.000000 -0.000005
vn 0.000009 1.000000 -0.000007
vn 0.000009 1.000000 -0.000007
vn 0.000009 1.000000 -0.000009
vn 0.000009 1.000000 -0.000009
vn -0.000002 1.000000 0.000018
vn -0.000002 1.000000 0.000018
vn -0.000013 1.000000 -0.000000
vn -0.000013 1.000000 0.000000
vn -0.000018 1.000000 0.000009
vn -0.000018 1.000000 0.000009
vn -0.000018 1.000000 0.000027
vn -0.000018 1.000000 0.000027
vn -0.000011 1.000000 0.000022
vn -0.000011 1.000000 0.000022
vn 0.000001 1.000000 0.000029
vn 0.000001 1.000000 0.000029
vn 0.000000 1.000000 -0.000011
vn 0.000000 1.000000 -0.000011
vn -0.000012 1.000000 0.000004
vn -0.000012 1.000000 0.000004
vn -0.000012 1.000000 0.000022
vn -0.000012 1.000000 0.000022
vn 0.000006 1.000000 -0.000009
vn 0.000006 1.000000 -0.000009
vn 0.000004 1.000000 -0.000000
vn 0.000004 1.000000 0.000000
vn -0.000004 1.000000 0.000000
vn -0.000004 1.000000 0.000000
vn 0.951070 0.000000 -0.308975
vn 0.809018 -0.000010 -0.587783
vn 0.809018 -0.000010 -0.587783
vn 0.951071 0.000000 -0.308972
vn 0.587770 -0.000014 -0.809028
vn 0.587771 -0.000014 -0.809028
vn 0.309025 -0.000005 -0.951054
vn 0.309026 -0.000005 -0.951054
vn -0.000017 -0.000004 -1.000000
vn -0.000017 -0.000004 -1.000000
vn -0.308988 -0.000013 -0.951066
vn -0.309001 -0.000013 -0.951062
vn -0.587763 -0.000005 -0.809034
vn -0.587764 -0.000005 -0.809033
vn -0.809059 0.000014 -0.587727
vn -0.809060 0.000014 -0.587726
vn -0.951050 0.000010 -0.309036
vn -0.951050 0.000010 -0.309039
vn -1.000000 0.000000 -0.000030
vn -1.000000 0.000000 -0.000032
vn -0.951058 0.000000 0.309012
vn -0.951058 0.000000 0.309014
vn -0.809017 0.000000 0.587785
vn -0.809017 0.000000 0.587785
vn -0.587771 0.000002 0.809027
vn -0.587772 0.000002 0.809027
vn -0.309017 0.000002 0.951056
vn -0.309018 0.000002 0.951056
vn -0.000001 -0.000001 1.000000
vn 0.000001 -0.000001 1.000000
vn 0.309050 -0.000001 0.951046
vn 0.309053 -0.000001 0.951045
vn 0.587806 0.000014 0.809002
vn 0.587809 0.000014 0.809000
vn 0.809000 0.000017 0.587809
vn 0.809007 0.000017 0.587800
vn 0.951065 0.000003 0.308992
vn 0.951065 0.000003 0.308991
vn 1.000000 0.000000 -0.000027
vn 1.000000 0.000000 -0.000027
vn 0.000002 -1.000000 0.000009
vn 0.000000 -1.000000 0.000009
vn 0.000000 -1.000000 0.000009
vn 0.000002 -1.000000 0.000009
vn -0.000012 -1.000000 0.000004
vn -0.000012 -1.000000 0.000004
vn -0.000007 -1.000000 0.000020
vn -0.000007 -1.000000 0.000020
vn 0.000008 -1.000000 0.000045
vn 0.000008 -1.000000 0.000045
vn 0.000014 -1.000000 0.000016
vn 0.000014 -1.000000 0.000016
vn 0.000001 -1.000000 0.000004
vn 0.000001 -1.000000 0.000004
vn -0.000015 -1.000000 0.000009
vn -0.000015 -1.000000 0.000009
vn -0.000002 -1.000000 -0.000027
vn -0.000002 -1.000000 -0.000027
vn 0.000006 -1.000000 -0.000009
vn 0.000006 -1.000000 -0.000009
vn 0.000002 -1.000000 0.000018
vn 0.000002 -1.000000 0.000018
vn 0.000000 -1.000000 0.000000
vn 0.000000 -1.000000 0.000000
vn -0.000012 -1.000000 0.000000
vn -0.000012 -1.000000 0.000000
vn -0.000012 -1.000000 0.000009
vn -0.000012 -1.000000 0.000009
vn 0.000000 -1.000000 0.000009
vn 0.000000 -1.000000 0.000009
vn 0.000012 -1.000000 -0.000004
vn 0.000012 -1.000000 -0.000004
vn 0.000012 -1.000000 0.000000
vn 0.000012 -1.000000 -0.000000
vn -0.000006 -1.000000 0.000004
vn -0.000006 -1.000000 0.000004
vn -0.000004 -1.000000 -0.000018
vn -0.000004 -1.000000 -0.000018
vn 0.000004 -1.000000 -0.000009
vn 0.000004 -1.000000 -0.000009
vn 0.951066 -0.000006 -0.308987
vn 0.809018 -0.000006 -0.587784
vn 0.809019 -0.000006 -0.587783
vn 0.951067 -0.000006 -0.308984
vn 0.587752 -0.000005 -0.809042
vn 0.587752 -0.000005 -0.809041
vn 0.309024 -0.000003 -0.951054
vn 0.309024 -0.000003 -0.951054
vn 0.000016 0.000000 -1.000000
vn 0.000016 0.000000 -1.000000
vn -0.308986 -0.000001 -0.951067
vn -0.308986 -0.000001 -0.951067
vn -0.587771 -0.000005 -0.809027
vn -0.587772 -0.000005 -0.809026
vn -0.809054 -0.000002 -0.587734
vn -0.809051 -0.000002 -0.587738
vn -0.951050 0.000005 -0.309038
vn -0.951051 0.000005 -0.309033
vn -1.000000 -0.000002 -0.000023
vn -1.000000 -0.000002 -0.000024
vn -0.951051 -0.000004 0.309034
vn -0.951050 -0.000004 0.309036
vn -0.809012 0.000000 0.587792
vn -0.809012 0.000000 0.587792
vn -0.587760 0.000000 0.809035
vn -0.587762 0.000000 0.809034
vn -0.309002 0.000000 0.951061
vn -0.309004 0.000000 0.951061
vn -0.000017 0.000000 1.000000
vn -0.000017 0.000000 1.000000
vn 0.309021 0.000000 0.951055
vn 0.309021 0.000000 0.951055
vn 0.587816 -0.000002 0.808995
vn 0.587818 -0.000002 0.808993
vn 0.808996 -0.000006 0.587814
vn 0.808995 -0.000006 0.587815
vn 0.951057 -0.000011 0.309017
vn 0.951057 -0.000011 0.309016
vn 1.000000 -0.000008 -0.000024
vn 1.000000 -0.000008 -0.000024
vn 0.156983 0.986282 -0.051031
vn 0.133556 0.986277 -0.097062
vn 0.000016 1.000000 -0.000018
vn 0.000004 1.000000 -0.000018
vn 0.097031 0.986281 -0.133546
vn 0.000012 1.000000 -0.000000
vn 0.051005 0.986288 -0.156955
vn 0.000000 1.000000 0.000014
vn -0.000000 0.986286 -0.165047
vn 0.000000 1.000000 -0.000006
vn -0.051004 0.986287 -0.156963
vn 0.000000 1.000000 -0.000006
vn -0.097016 0.986287 -0.133515
vn 0.000000 1.000000 0.000005
vn -0.133526 0.986284 -0.097027
vn 0.000007 1.000000 -0.000018
vn -0.156978 0.986285 -0.050991
vn 0.000005 1.000000 0.000000
vn -0.165068 0.986282 0.000025
vn -0.000002 1.000000 0.000027
vn -0.156975 0.986285 0.050997
vn 0.000000 1.000000 0.000009
vn -0.133535 0.986285 0.097007
vn 0.000000 1.000000 0.000000
vn -0.097011 0.986288 0.133511
vn 0.000000 1.000000 0.000000
vn -0.051005 0.986286 0.156966
vn 0.000000 1.000000 0.000005
vn 0.000000 0.986284 0.165057
vn 0.000000 1.000000 0.000021
vn 0.051005 0.986285 0.156973
vn 0.000000 1.000000 0.000021
vn 0.097008 0.986288 0.133514
vn 0.000000 1.000000 0.000005
vn 0.133529 0.986286 0.097005
vn 0.000000 1.000000 0.000000
vn 0.156981 0.986283 0.051011
vn 0.000000 1.000000 0.000009
vn 0.165048 0.986286 -0.000001
vn 0.000000 1.000000 0.000000
vn 0.946962 0.092710 -0.307683
vn 0.877062 0.386724 -0.284969
vn 0.922193 0.386731 -0.000018
vn 0.995692 0.092718 -0.000008
vn 0.360132 0.925530 -0.117043
vn 0.378645 0.925542 -0.000004
vn 0.306367 0.925511 -0.222639
vn 0.805544 0.092705 -0.585239
vn 0.746076 0.386734 -0.542040
vn 0.222577 0.925528 -0.306361
vn 0.585255 0.092700 -0.805533
vn 0.542066 0.386730 -0.746059
vn 0.117009 0.925554 -0.360082
vn 0.307683 0.092701 -0.946963
vn 0.284993 0.386738 -0.877048
vn -0.000000 0.925556 -0.378611
vn 0.000011 0.092710 -0.995693
vn -0.000013 0.386746 -0.922186
vn -0.117007 0.925557 -0.360073
vn -0.307675 0.092718 -0.946963
vn -0.284965 0.386738 -0.877057
vn -0.222559 0.925553 -0.306301
vn -0.585263 0.092716 -0.805525
vn -0.542042 0.386747 -0.746068
vn -0.306329 0.925543 -0.222560
vn -0.805536 0.092717 -0.585248
vn -0.746059 0.386748 -0.542053
vn -0.360128 0.925539 -0.116983
vn -0.946962 0.092720 -0.307680
vn -0.877055 0.386740 -0.284970
vn -0.378653 0.925539 0.000022
vn -0.995693 0.092712 0.000003
vn -0.922193 0.386731 0.000013
vn -0.360105 0.925548 0.116983
vn -0.946960 0.092708 0.307687
vn -0.877062 0.386713 0.284981
vn -0.306323 0.925551 0.222533
vn -0.805531 0.092703 0.585258
vn -0.746069 0.386699 0.542075
vn -0.222556 0.925557 0.306290
vn -0.585245 0.092713 0.805539
vn -0.542024 0.386716 0.746096
vn -0.117012 0.925552 0.360086
vn -0.307686 0.092722 0.946959
vn -0.284965 0.386745 0.877054
vn -0.000000 0.925542 0.378644
vn -0.000000 0.092719 0.995692
vn 0.000000 0.386755 0.922183
vn 0.117014 0.925552 0.360085
vn 0.307685 0.092721 0.946960
vn 0.284981 0.386739 0.877051
vn 0.222542 0.925561 0.306286
vn 0.585257 0.092717 0.805529
vn 0.542031 0.386722 0.746089
vn 0.306322 0.925550 0.222538
vn 0.805533 0.092714 0.585253
vn 0.746070 0.386715 0.542061
vn 0.360126 0.925537 0.117007
vn 0.946959 0.092710 0.307692
vn 0.877060 0.386726 0.284970
vn -0.000005 -1.000000 0.000084
vn -0.000009 -1.000000 0.000042
vn 0.094251 -0.993192 -0.068455
vn 0.110790 -0.993194 -0.035942
vn -0.000031 -1.000000 0.000021
vn 0.068471 -0.993189 -0.094274
vn -0.000027 -1.000000 -0.000011
vn 0.035986 -0.993187 -0.110835
vn 0.000000 -1.000000 0.000026
vn 0.000000 -0.993194 -0.116476
vn 0.000027 -1.000000 0.000005
vn -0.035979 -0.993191 -0.110804
vn 0.000010 -1.000000 0.000032
vn -0.068477 -0.993191 -0.094251
vn -0.000014 -1.000000 0.000042
vn -0.094277 -0.993189 -0.068466
vn 0.000005 -1.000000 0.000042
vn -0.110796 -0.993192 -0.035979
vn 0.000006 -1.000000 0.000042
vn -0.116481 -0.993193 0.000031
vn 0.000005 -1.000000 0.000000
vn -0.110793 -0.993191 0.036007
vn 0.000005 -1.000000 0.000000
vn -0.094268 -0.993188 0.068490
vn 0.000003 -1.000000 0.000000
vn -0.068481 -0.993189 0.094263
vn -0.000025 -1.000000 -0.000011
vn -0.036022 -0.993191 0.110793
vn -0.000027 -1.000000 -0.000018
vn -0.000024 -0.993192 0.116491
vn 0.000022 -1.000000 -0.000039
vn 0.036026 -0.993191 0.110788
vn 0.000020 -1.000000 -0.000032
vn 0.068501 -0.993190 0.094238
vn -0.000018 -1.000000 0.000042
vn 0.094247 -0.993188 0.068515
vn -0.000016 -1.000000 -0.000042
vn 0.110794 -0.993192 0.035981
vn -0.000000 -1.000000 0.000000
vn 0.116499 -0.993191 -0.000000
vn 0.946967 -0.092681 -0.307676
vn 0.805546 -0.092690 -0.585239
vn 0.585251 -0.092697 -0.805536
vn 0.307680 -0.092694 -0.946964
vn 0.000020 -0.092684 -0.995696
vn -0.307671 -0.092688 -0.946967
vn -0.585267 -0.092687 -0.805526
vn -0.805540 -0.092682 -0.585248
vn -0.946965 -0.092677 -0.307684
vn -0.995696 -0.092681 -0.000001
vn -0.946963 -0.092681 0.307686
vn -0.805533 -0.092675 0.585259
vn -0.585250 -0.092662 0.805541
vn -0.307696 -0.092661 0.946962
vn 0.000003 -0.092667 0.995697
vn 0.307689 -0.092674 0.946963
vn 0.585263 -0.092676 0.805530
vn 0.805530 -0.092673 0.585264
vn 0.946962 -0.092678 0.307691
vn 0.995696 -0.092680 -0.000006
vn 0.360120 -0.925538 -0.117016
vn 0.378653 -0.925539 -0.000001
vn 0.877053 -0.386746 -0.284967
vn 0.922184 -0.386752 -0.000004
vn 0.746069 -0.386767 -0.542026
vn 0.306332 -0.925539 -0.222570
vn 0.542038 -0.386784 -0.746051
vn 0.222554 -0.925530 -0.306373
vn 0.284972 -0.386758 -0.877046
vn 0.117007 -0.925524 -0.360159
vn 0.000025 -0.386763 -0.922179
vn -0.000000 -0.925536 -0.378661
vn -0.284955 -0.386793 -0.877036
vn -0.117002 -0.925530 -0.360144
vn -0.542052 -0.386783 -0.746042
vn -0.222565 -0.925527 -0.306373
vn -0.746063 -0.386764 -0.542036
vn -0.306349 -0.925528 -0.222597
vn -0.877047 -0.386760 -0.284965
vn -0.360106 -0.925542 -0.117029
vn -0.922181 -0.386760 -0.000011
vn -0.378619 -0.925553 0.000004
vn -0.877054 -0.386752 0.284955
vn -0.360101 -0.925545 0.117025
vn -0.746056 -0.386744 0.542061
vn -0.306318 -0.925548 0.222555
vn -0.542031 -0.386713 0.746093
vn -0.222537 -0.925553 0.306315
vn -0.284983 -0.386724 0.877057
vn -0.117011 -0.925544 0.360106
vn 0.000014 -0.386734 0.922191
vn -0.000016 -0.925546 0.378634
vn 0.284985 -0.386750 0.877045
vn 0.117021 -0.925539 0.360116
vn 0.542041 -0.386780 0.746052
vn 0.222577 -0.925537 0.306334
vn 0.746052 -0.386772 0.542046
vn 0.306341 -0.925536 0.222574
vn 0.877049 -0.386755 0.284967
vn 0.360114 -0.925539 0.117032
vn 0.916007 0.268977 -0.297628
vn 0.779199 0.268979 -0.566126
vn 0.779199 0.268979 -0.566126
vn 0.916007 0.268977 -0.297628
vn 0.566122 0.268978 -0.779203
vn 0.566122 0.268978 -0.779203
vn 0.297641 0.268977 -0.916003
vn 0.297641 0.268977 -0.916003
vn 0.000000 0.268978 -0.963146
vn -0.000000 0.268978 -0.963146
vn -0.297641 0.268977 -0.916003
vn -0.297642 0.268977 -0.916003
vn -0.566120 0.268978 -0.779204
vn -0.566120 0.268978 -0.779204
vn -0.779200 0.268979 -0.566126
vn -0.779200 0.268979 -0.566126
vn -0.916008 0.268976 -0.297626
vn -0.916008 0.268976 -0.297626
vn -0.963147 0.268975 -0.000001
vn -0.963147 0.268975 -0.000001
vn -0.916008 0.268976 0.297625
vn -0.916008 0.268976 0.297625
vn -0.779199 0.268979 0.566126
vn -0.779199 0.268979 0.566126
vn -0.566119 0.268978 0.779205
vn -0.566119 0.268977 0.779205
vn -0.297628 0.268977 0.916007
vn -0.297628 0.268977 0.916007
vn 0.000000 0.268977 0.963147
vn -0.000000 0.268977 0.963147
vn 0.297627 0.268977 0.916007
vn 0.297627 0.268977 0.916007
vn 0.566122 0.268978 0.779202
vn 0.566122 0.268978 0.779203
vn 0.779200 0.268980 0.566126
vn 0.779200 0.268980 0.566125
vn 0.916007 0.268976 0.297628
vn 0.916007 0.268976 0.297628
vn 0.963147 0.268976 0.000001
vn 0.963147 0.268976 0.000001
vn -0.916008 -0.268976 0.297628
vn -0.916007 -0.268976 0.297628
vn -0.779204 -0.268977 0.566121
vn -0.779204 -0.268977 0.566121
vn -0.566117 -0.268979 0.779206
vn -0.566117 -0.268979 0.779206
vn -0.297625 -0.268977 0.916008
vn -0.297625 -0.268977 0.916008
vn 0.000000 -0.268977 0.963147
vn -0.000000 -0.268977 0.963147
vn 0.297626 -0.268977 0.916008
vn 0.297626 -0.268977 0.916008
vn 0.566115 -0.268979 0.779208
vn 0.566115 -0.268979 0.779207
vn 0.779203 -0.268977 0.566122
vn 0.779203 -0.268977 0.566122
vn 0.916008 -0.268976 0.297628
vn 0.916008 -0.268976 0.297628
vn 0.963147 -0.268976 -0.000000
vn 0.963147 -0.268976 0.000000
vn 0.916007 -0.268976 -0.297630
vn 0.916007 -0.268976 -0.297629
vn 0.779203 -0.268978 -0.566121
vn 0.779203 -0.268978 -0.566121
vn 0.566120 -0.268978 -0.779204
vn 0.566120 -0.268978 -0.779204
vn 0.297633 -0.268976 -0.916005
vn 0.297634 -0.268976 -0.916005
vn 0.000000 -0.268977 -0.963147
vn 0.000000 -0.268977 -0.963147
vn -0.297633 -0.268977 -0.916006
vn -0.297633 -0.268977 -0.916006
vn -0.566123 -0.268978 -0.779202
vn -0.566123 -0.268978 -0.779202
vn -0.779204 -0.268978 -0.566120
vn -0.779204 -0.268978 -0.566121
vn -0.916006 -0.268976 -0.297632
vn -0.916006 -0.268976 -0.297631
vn -0.963147 -0.268977 -0.000001
vn -0.963147 -0.268977 -0.000001
vn 0.000000 -1.000000 -0.000002
vn 0.000000 -1.000000 0.000009
vn 0.000000 -1.000000 0.000009
vn 0.000000 -1.000000 -0.000002
vn 0.000000 1.000000 0.000003
vn 0.000000 1.000000 0.000009
vn 0.000000 1.000000 0.000009
vn 0.000000 1.000000 0.000003
vn 0.000000 -1.000000 0.000013
vn 0.000000 -1.000000 0.000013
vn 0.000000 1.000000 -0.000015
vn 0.000000 1.000000 -0.000015
vn 0.000000 -1.000000 -0.000009
vn 0.000000 -1.000000 -0.000009
vn 0.000000 1.000000 0.000003
vn 0.000000 1.000000 0.000003
vn 0.000000 -1.000000 -0.000011
vn 0.000000 -1.000000 -0.000011
vn 0.000000 1.000000 0.000012
vn 0.000000 1.000000 0.000012
vn 0.000000 -1.000000 -0.000003
vn 0.000000 -1.000000 -0.000003
vn 0.000000 1.000000 0.000000
vn 0.000000 1.000000 0.000000
vn 0.000000 -1.000000 0.000010
vn 0.000000 -1.000000 0.000010
vn 0.000000 1.000000 0.000003
vn 0.000000 1.000000 0.000003
vn 0.000000 -1.000000 0.000009
vn 0.000000 -1.000000 0.000009
vn 0.000000 1.000000 0.000000
vn 0.000000 1.000000 -0.000000
vn 0.000000 -1.000000 -0.000002
vn 0.000000 -1.000000 -0.000002
vn 0.000000 1.000000 -0.000003
vn 0.000000 1.000000 -0.000003
vn 0.000000 -1.000000 0.000002
vn 0.000000 -1.000000 0.000002
vn 0.000000 1.000000 0.000000
vn 0.000000 1.000000 0.000000
vn 0.000000 -1.000000 0.000002
vn 0.000000 -1.000000 0.000002
vn 0.000000 1.000000 0.000003
vn 0.000000 1.000000 0.000003
vn 0.000000 -1.000000 -0.000009
vn 0.000000 -1.000000 -0.000009
vn 0.000000 1.000000 0.000003
vn 0.000000 1.000000 0.000003
vn 0.000000 -1.000000 -0.000012
vn 0.000000 -1.000000 -0.000012
vn 0.000000 1.000000 -0.000005
vn 0.000000 1.000000 -0.000005
vn 0.000000 -1.000000 -0.000004
vn 0.000000 -1.000000 -0.000004
vn 0.000000 1.000000 -0.000005
vn 0.000000 1.000000 -0.000005
vn 0.000000 -1.000000 0.000011
vn 0.000000 -1.000000 0.000011
vn 0.000000 1.000000 -0.000009
vn 0.000000 1.000000 -0.000009
vn 0.000000 -1.000000 0.000017
vn 0.000000 -1.000000 0.000017
vn 0.000000 1.000000 -0.000003
vn 0.000000 1.000000 -0.000003
vn 0.000000 -1.000000 -0.000009
vn 0.000000 -1.000000 -0.000009
vn 0.000000 1.000000 0.000009
vn 0.000000 1.000000 0.000009
vn 0.000000 -1.000000 -0.000008
vn 0.000000 -1.000000 -0.000008
vn 0.000000 1.000000 0.000000
vn 0.000000 1.000000 -0.000000
vn 0.000000 -1.000000 0.000004
vn 0.000000 -1.000000 0.000004
vn 0.000000 1.000000 -0.000000
vn 0.000000 1.000000 0.000000
vn 0.000000 -1.000000 0.000000
vn 0.000000 -1.000000 0.000000
vn 0.000000 1.000000 0.000003
vn 0.000000 1.000000 0.000003
vn 0.951027 0.309107 -0.000001
vn 0.808985 0.587830 -0.000001
vn 0.808985 0.587830 -0.000001
vn 0.951027 0.309107 -0.000001
vn 0.587879 0.808949 -0.000001
vn 0.587880 0.808948 -0.000001
vn 0.308985 0.951067 -0.000002
vn 0.308985 0.951067 -0.000002
vn -0.000000 1.000000 -0.000001
vn 0.000000 1.000000 -0.000001
vn -0.308992 0.951065 0.000000
vn -0.308974 0.951071 0.000000
vn -0.587780 0.809021 0.000001
vn -0.587765 0.809031 0.000001
vn -0.809011 0.587793 0.000001
vn -0.809011 0.587793 0.000001
vn -0.951096 0.308896 0.000002
vn -0.951101 0.308879 0.000002
vn -1.000000 0.000000 0.000003
vn -1.000000 0.000000 0.000003
vn -0.951096 -0.308895 0.000003
vn -0.951102 -0.308879 0.000003
vn -0.809011 -0.587793 0.000002
vn -0.809011 -0.587793 0.000002
vn -0.587721 -0.809063 0.000002
vn -0.587707 -0.809074 0.000002
vn -0.309072 -0.951039 0.000001
vn -0.309055 -0.951044 0.000001
vn -0.000000 -1.000000 0.000001
vn 0.000000 -1.000000 0.000001
vn 0.309066 -0.951041 0.000001
vn 0.309066 -0.951041 0.000001
vn 0.587821 -0.808991 -0.000000
vn 0.587821 -0.808991 -0.000000
vn 0.808985 -0.587830 -0.000001
vn 0.808985 -0.587830 -0.000001
vn 0.951027 -0.309107 -0.000001
vn 0.951027 -0.309107 -0.000001
vn 1.000000 -0.000000 -0.000001
vn 1.000000 -0.000000 -0.000001
vn 0.000000 0.000000 -1.000000
vn 0.000000 0.000000 -1.000000
vn 0.000032 0.000000 -1.000000
vn 0.000000 0.000000 -1.000000
vn 0.000000 0.000000 -1.000000
vn 0.000000 0.000000 -1.000000
vn 0.000000 0.000000 -1.000000
vn 0.000000 0.000000 -1.000000
vn 0.000000 0.000000 -1.000000
vn 0.000000 0.000000 -1.000000
vn 0.000000 0.000000 -1.000000
vn 0.000000 0.000000 -1.000000
vn 0.000000 0.000000 -1.000000
vn 0.000000 0.000000 -1.000000
vn 0.000323 0.000000 -1.000000
vn 0.000323 0.000000 -1.000000
vn 0.000000 0.000000 -1.000000
vn 0.000000 0.000000 -1.000000
vn 0.000000 0.000000 -1.000000
vn 0.000000 0.000000 -1.000000
vn 0.000000 0.000000 -1.000000
vn 0.000000 0.000000 1.000000
vn 0.000000 0.000000 1.000000
vn -0.000065 0.000000 1.000000
vn 0.000000 0.000000 1.000000
vn 0.000323 0.000000 1.000000
vn -0.000000 0.000000 1.000000
vn -0.000646 -0.000055 1.000000
vn -0.000323 -0.000016 1.000000
vn -0.000162 0.000065 1.000000
vn -0.000162 0.000204 1.000000
vn 0.000000 0.000000 1.000000
vn 0.000000 -0.000204 1.000000
vn 0.000162 -0.000065 1.000000
vn -0.000162 0.000016 1.000000
vn -0.000646 0.000055 1.000000
vn -0.000000 0.000000 1.000000
vn 0.000323 0.000000 1.000000
vn 0.000000 0.000000 1.000000
vn 0.000000 0.000000 1.000000
vn 0.000000 0.000000 1.000000
vn 0.000000 0.000000 1.000000
vn 0.951058 0.309012 -0.000003
vn 0.809012 0.587792 -0.000002
vn 0.809012 0.587792 -0.000002
vn 0.951053 0.309028 -0.000003
vn 0.587865 0.808959 -0.000001
vn 0.587866 0.808959 -0.000001
vn 0.308968 0.951073 -0.000001
vn 0.308985 0.951067 -0.000001
vn -0.000000 1.000000 -0.000001
vn 0.000000 1.000000 -0.000001
vn -0.308959 0.951075 -0.000001
vn -0.308976 0.951070 -0.000001
vn -0.587838 0.808978 0.000000
vn -0.587823 0.808989 0.000000
vn -0.809012 0.587792 0.000001
vn -0.809012 0.587792 0.000001
vn -0.951065 0.308992 0.000002
vn -0.951070 0.308975 0.000002
vn -1.000000 0.000000 0.000002
vn -1.000000 0.000000 0.000002
vn -0.951065 -0.308992 0.000001
vn -0.951070 -0.308975 0.000001
vn -0.808999 -0.587810 0.000001
vn -0.808999 -0.587810 0.000001
vn -0.587766 -0.809031 0.000001
vn -0.587752 -0.809041 0.000001
vn -0.309049 -0.951046 -0.000000
vn -0.309066 -0.951041 -0.000000
vn -0.000000 -1.000000 -0.000001
vn 0.000000 -1.000000 -0.000001
vn 0.309049 -0.951046 -0.000000
vn 0.309066 -0.951041 -0.000000
vn 0.587808 -0.809001 -0.000001
vn 0.587808 -0.809000 -0.000001
vn 0.809013 -0.587791 -0.000002
vn 0.809013 -0.587790 -0.000002
vn 0.951058 -0.309011 -0.000002
vn 0.951053 -0.309028 -0.000002
vn 1.000000 0.000000 -0.000003
vn 1.000000 0.000000 -0.000003
vn 0.000323 0.000065 -1.000000
vn 0.000000 0.000204 -1.000000
vn 0.000008 0.000000 -1.000000
vn -0.000000 0.000089 -1.000000
vn -0.000000 0.000050 -1.000000
vn 0.000000 0.000000 -1.000000
vn -0.000000 0.000050 -1.000000
vn 0.000485 0.000194 -1.000000
vn -0.000162 0.000000 -1.000000
vn -0.000323 -0.000136 -1.000000
vn 0.000000 0.000000 -1.000000
vn -0.000162 0.000136 -1.000000
vn -0.000162 0.000000 -1.000000
vn 0.000000 -0.000194 -1.000000
vn 0.000000 -0.000050 -1.000000
vn 0.000000 0.000000 -1.000000
vn 0.000000 -0.000050 -1.000000
vn 0.000162 -0.000089 -1.000000
vn 0.000081 -0.000065 -1.000000
vn -0.000081 -0.000204 -1.000000
vn 0.000000 0.000000 -1.000000
vn 0.000000 0.000000 1.000000
vn 0.000000 0.000000 1.000000
vn -0.000016 0.000000 1.000000
vn 0.000000 0.000000 1.000000
vn -0.000323 0.000000 1.000000
vn 0.000000 0.000000 1.000000
vn 0.000323 0.000000 1.000000
vn 0.000000 0.000000 1.000000
vn 0.000000 0.000000 1.000000
vn 0.000000 0.000000 1.000000
vn 0.000000 0.000000 1.000000
vn 0.000000 0.000000 1.000000
vn -0.000162 0.000000 1.000000
vn 0.000162 0.000000 1.000000
vn 0.000323 0.000000 1.000000
vn 0.000000 0.000000 1.000000
vn -0.000323 0.000000 1.000000
vn -0.000323 0.000000 1.000000
vn 0.000000 0.000000 1.000000
vn 0.000000 0.000000 1.000000
vn 0.000000 0.000000 1.000000
vn 0.000000 0.308861 -0.951107
vn 0.000000 0.587787 -0.809016
vn 0.000000 0.587787 -0.809016
vn 0.000000 0.308861 -0.951107
vn 0.000000 0.809072 -0.587710
vn 0.000000 0.809072 -0.587710
vn 0.000000 0.951068 -0.308980
vn 0.000000 0.951068 -0.308980
vn 0.000000 1.000000 0.000000
vn 0.000000 1.000000 -0.000002
vn 0.000000 0.951051 0.309034
vn 0.000000 0.951052 0.309032
vn 0.000000 0.809007 0.587799
vn 0.000000 0.809008 0.587797
vn 0.000000 0.587789 0.809015
vn 0.000000 0.587790 0.809013
vn 0.000000 0.309025 0.951054
vn 0.000000 0.309023 0.951054
vn 0.000000 -0.000005 1.000000
vn 0.000000 -0.000005 1.000000
vn 0.000000 -0.309072 0.951039
vn 0.000000 -0.309070 0.951039
vn 0.000000 -0.587758 0.809037
vn 0.000000 -0.587759 0.809036
vn 0.000000 -0.808984 0.587830
vn 0.000000 -0.808984 0.587830
vn 0.000000 -0.951033 0.309090
vn 0.000000 -0.951034 0.309088
vn 0.000000 -1.000000 0.000002
vn 0.000000 -1.000000 -0.000003
vn 0.000000 -0.951051 -0.309033
vn 0.000000 -0.951051 -0.309033
vn 0.000002 -0.809013 -0.587791
vn 0.000002 -0.809013 -0.587791
vn 0.000002 -0.587759 -0.809036
vn 0.000002 -0.587759 -0.809036
vn 0.000000 -0.308994 -0.951064
vn 0.000000 -0.308994 -0.951064
vn 0.000000 0.000000 -1.000000
vn 0.000000 0.000000 -1.000000
vn -1.000000 -0.000000 0.000000
vn -1.000000 0.000040 0.000000
vn -1.000000 0.000002 -0.000008
vn -1.000000 -0.000020 0.000000
vn -1.000000 0.000020 0.000000
vn -1.000000 0.000000 0.000000
vn -1.000000 0.000000 -0.000021
vn -1.000000 -0.000040 -0.000026
vn -1.000000 -0.000040 -0.000011
vn -1.000000 0.000040 -0.000013
vn -1.000000 0.000000 -0.000014
vn -1.000000 -0.000040 -0.000013
vn -1.000000 0.000040 -0.000011
vn -1.000000 0.000040 -0.000008
vn -1.000000 0.000000 -0.000026
vn -1.000000 0.000000 -0.000022
vn -1.000000 0.000000 0.000000
vn -1.000000 0.000040 0.000000
vn -1.000000 0.000000 0.000000
vn -1.000000 -0.000040 0.000000
vn -1.000000 0.000000 0.000000
vn 1.000000 0.000000 0.000000
vn 1.000000 0.000000 0.000000
vn 1.000000 0.000000 0.000006
vn 1.000000 0.000000 0.000000
vn 1.000000 0.000000 0.000000
vn 1.000000 0.000000 0.000022
vn 1.000000 0.000040 0.000004
vn 1.000000 0.000020 -0.000000
vn 1.000000 -0.000020 0.000024
vn 1.000000 0.000040 0.000006
vn 1.000000 0.000000 0.000000
vn 1.000000 -0.000040 0.000006
vn 1.000000 0.000040 0.000024
vn 1.000000 0.000000 0.000000
vn 1.000000 -0.000040 0.000004
vn 1.000000 0.000000 0.000022
vn 1.000000 0.000000 0.000000
vn 1.000000 -0.000020 0.000000
vn 1.000000 -0.000020 0.000000
vn 1.000000 0.000000 0.000000
vn 1.000000 0.000000 0.000000
vn 0.000000 0.308862 -0.951107
vn 0.000000 0.587759 -0.809036
vn 0.000000 0.587759 -0.809036
vn 0.000000 0.308862 -0.951107
vn 0.000000 0.809072 -0.587709
vn 0.000000 0.809072 -0.587709
vn 0.000000 0.951068 -0.308982
vn 0.000000 0.951068 -0.308980
vn 0.000000 1.000000 0.000000
vn 0.000000 1.000000 0.000000
vn 0.000000 0.951051 0.309033
vn 0.000000 0.951051 0.309033
vn 0.000000 0.809010 0.587795
vn 0.000000 0.809010 0.587795
vn 0.000000 0.587764 0.809033
vn 0.000000 0.587766 0.809031
vn 0.000000 0.309035 0.951051
vn 0.000000 0.309032 0.951051
vn 0.000000 0.000008 1.000000
vn 0.000000 0.000008 1.000000
vn 0.000000 -0.309066 0.951041
vn 0.000000 -0.309064 0.951041
vn 0.000000 -0.587756 0.809038
vn 0.000000 -0.587760 0.809036
vn 0.000000 -0.808982 0.587833
vn 0.000000 -0.808982 0.587833
vn 0.000000 -0.951035 0.309084
vn 0.000000 -0.951034 0.309086
vn 0.000000 -1.000000 0.000000
vn 0.000000 -1.000000 0.000000
vn 0.000000 -0.951051 -0.309035
vn 0.000000 -0.951051 -0.309033
vn 0.000002 -0.809013 -0.587790
vn 0.000002 -0.809013 -0.587790
vn 0.000002 -0.587761 -0.809035
vn 0.000002 -0.587759 -0.809036
vn 0.000000 -0.308994 -0.951064
vn 0.000000 -0.308994 -0.951064
vn 0.000000 0.000002 -1.000000
vn 0.000000 0.000000 -1.000000
vn -1.000000 -0.000020 -0.000000
vn -1.000000 0.000000 0.000013
vn -1.000000 -0.000009 0.000008
vn -1.000000 -0.000040 0.000008
vn -1.000000 0.000020 0.000021
vn -1.000000 0.000000 0.000000
vn -1.000000 0.000000 0.000000
vn -1.000000 0.000000 0.000000
vn -1.000000 -0.000040 0.000013
vn -1.000000 -0.000081 0.000020
vn -1.000000 -0.000040 0.000014
vn -1.000000 0.000040 0.000020
vn -1.000000 0.000000 0.000000
vn -1.000000 -0.000030 0.000008
vn -1.000000 0.000010 0.000021
vn -1.000000 0.000000 0.000000
vn -1.000000 -0.000020 0.000021
vn -1.000000 0.000020 0.000008
vn -1.000000 0.000040 -0.000013
vn -1.000000 0.000000 0.000000
vn -1.000000 -0.000040 0.000000
vn 1.000000 0.000000 0.000000
vn 1.000000 0.000000 0.000000
vn 1.000000 -0.000000 0.000005
vn 1.000000 0.000000 0.000000
vn 1.000000 0.000000 0.000000
vn 1.000000 0.000000 0.000000
vn 1.000000 0.000000 0.000000
vn 1.000000 0.000020 0.000000
vn 1.000000 -0.000020 0.000026
vn 1.000000 -0.000040 0.000026
vn 1.000000 0.000000 0.000000
vn 1.000000 0.000040 0.000026
vn 1.000000 -0.000000 0.000026
vn 1.000000 -0.000040 0.000000
vn 1.000000 0.000000 0.000000
vn 1.000000 0.000000 0.000000
vn 1.000000 0.000000 0.000000
vn 1.000000 -0.000020 0.000000
vn 1.000000 0.000020 0.000000
vn 1.000000 0.000040 0.000000
vn 1.000000 0.000000 0.000000
s 1
g Hallway_Masters:LampBase3Shape
usemtl initialShadingGroup
f 1/1027/1 2/1028/2 22/1029/3 21/1030/4
f 2/1028/2 3/1031/5 23/1032/6 22/1029/3
f 3/1917/5 4/1918/7 24/1919/8 23/1920/6
f 4/1918/7 5/1921/9 25/1922/10 24/1919/8
f 5/1921/9 6/1923/11 26/1924/12 25/1922/10
f 6/1923/11 7/1925/13 27/1926/14 26/1924/12
f 7/1047/13 8/1041/15 28/1044/16 27/1048/14
f 8/1041/15 9/1042/17 29/1043/18 28/1044/16
f 9/1042/17 10/1045/19 30/1046/20 29/1043/18
f 10/1045/19 11/1049/21 31/1050/22 30/1046/20
f 11/1049/21 12/1051/23 32/1052/24 31/1050/22
f 12/1051/23 13/1053/25 33/1054/26 32/1052/24
f 13/1927/25 14/1928/27 34/1929/28 33/1930/26
f 14/1928/27 15/1931/29 35/1932/30 34/1929/28
f 15/1931/29 16/1933/31 36/1934/32 35/1932/30
f 16/1933/31 17/1935/33 37/1936/34 36/1934/32
f 17/1039/33 18/1037/35 38/1038/36 37/1040/34
f 18/1037/35 19/1035/37 39/1036/38 38/1038/36
f 19/1035/37 20/1033/39 40/1034/40 39/1036/38
f 20/1033/39 1/1027/1 21/1030/4 40/1034/40
s 2
f 203/1/41 202/2/42 204/3/43
f 205/5/44 203/1/41 204/3/43
f 206/7/45 205/5/44 204/3/43
f 207/9/46 206/7/45 204/3/43
f 208/11/47 207/9/46 204/3/43
f 209/13/48 208/11/47 204/3/43
f 210/15/49 209/13/48 204/3/43
f 211/17/50 210/15/49 204/3/43
f 212/19/51 211/17/50 204/3/43
f 213/21/52 212/19/51 204/3/43
f 214/20/53 213/21/52 204/3/43
f 215/18/54 214/20/53 204/3/43
f 216/16/55 215/18/54 204/3/43
f 217/14/56 216/16/55 204/3/43
f 218/12/57 217/14/56 204/3/43
f 219/10/58 218/12/57 204/3/43
f 220/8/59 219/10/58 204/3/43
f 221/6/60 220/8/59 204/3/43
f 222/4/61 221/6/60 204/3/43
f 202/2/42 222/4/61 204/3/43
s 3
f 21/22/62 22/23/63 41/24/64
f 22/23/63 23/25/65 41/24/64
f 23/25/65 24/27/66 41/24/64
f 24/27/66 25/29/67 41/24/64
f 25/29/67 26/31/68 41/24/64
f 26/31/68 27/33/69 41/24/64
f 27/33/69 28/35/70 41/24/64
f 28/35/70 29/37/71 41/24/64
f 29/37/71 30/39/72 41/24/64
f 30/39/72 31/41/73 41/24/64
f 31/41/73 32/42/74 41/24/64
f 32/42/74 33/40/75 41/24/64
f 33/40/75 34/38/76 41/24/64
f 34/38/76 35/36/77 41/24/64
f 35/36/77 36/34/78 41/24/64
f 36/34/78 37/32/79 41/24/64
f 37/32/79 38/30/80 41/24/64
f 38/30/80 39/28/81 41/24/64
f 39/28/81 40/26/82 41/24/64
f 40/26/82 21/22/62 41/24/64
s 4
f 2/47/83 1/48/84 42/44/85 43/43/86
f 3/56/87 2/47/83 43/43/86 44/53/88
f 4/66/89 3/56/87 44/53/88 45/63/90
f 5/78/91 4/66/89 45/63/90 46/75/92
f 6/92/93 5/78/91 46/75/92 47/89/94
f 7/108/95 6/92/93 47/89/94 48/105/96
f 8/126/97 7/108/95 48/105/96 49/123/98
f 9/144/99 8/126/97 49/123/98 50/141/100
f 10/162/101 9/144/99 50/141/100 51/159/102
f 11/180/103 10/162/101 51/159/102 52/177/104
f 12/179/105 11/180/103 52/177/104 53/163/106
f 13/161/107 12/179/105 53/163/106 54/145/108
f 14/143/109 13/161/107 54/145/108 55/127/110
f 15/125/111 14/143/109 55/127/110 56/109/112
f 16/107/113 15/125/111 56/109/112 57/93/114
f 17/91/115 16/107/113 57/93/114 58/79/116
f 18/77/117 17/91/115 58/79/116 59/67/118
f 19/65/119 18/77/117 59/67/118 60/57/120
f 20/55/121 19/65/119 60/57/120 61/49/122
f 1/48/84 20/55/121 61/49/122 42/44/85
s 5
f 43/43/123 42/44/124 62/45/125 63/46/126
f 44/53/127 43/43/123 63/46/126 64/54/128
f 45/63/129 44/53/127 64/54/128 65/64/130
f 46/75/131 45/63/129 65/64/130 66/76/132
f 47/89/133 46/75/131 66/76/132 67/90/134
f 48/105/135 47/89/133 67/90/134 68/106/136
f 49/123/137 48/105/135 68/106/136 69/124/138
f 50/141/139 49/123/137 69/124/138 70/142/140
f 51/159/141 50/141/139 70/142/140 71/160/142
f 52/177/143 51/159/141 71/160/142 72/178/144
f 53/163/145 52/177/143 72/178/144 73/164/146
f 54/145/147 53/163/145 73/164/146 74/146/148
f 55/127/149 54/145/147 74/146/148 75/128/150
f 56/109/151 55/127/149 75/128/150 76/110/152
f 57/93/153 56/109/151 76/110/152 77/94/154
f 58/79/155 57/93/153 77/94/154 78/80/156
f 59/67/157 58/79/155 78/80/156 79/68/158
f 60/57/159 59/67/157 79/68/158 80/58/160
f 61/49/161 60/57/159 80/58/160 81/50/162
f 42/44/124 61/49/161 81/50/162 62/45/125
s 6
f 63/46/163 62/45/164 82/51/165 83/52/166
f 64/54/167 63/46/163 83/52/166 84/62/168
f 65/64/169 64/54/167 84/62/168 85/74/170
f 66/76/171 65/64/169 85/74/170 86/88/172
f 67/90/173 66/76/171 86/88/172 87/104/174
f 68/106/175 67/90/173 87/104/174 88/122/176
f 69/124/177 68/106/175 88/122/176 89/140/178
f 70/142/179 69/124/177 89/140/178 90/158/180
f 71/160/181 70/142/179 90/158/180 91/176/182
f 72/178/183 71/160/181 91/176/182 92/192/184
f 73/164/185 72/178/183 92/192/184 93/181/186
f 74/146/187 73/164/185 93/181/186 94/165/188
f 75/128/189 74/146/187 94/165/188 95/147/190
f 76/110/191 75/128/189 95/147/190 96/129/192
f 77/94/193 76/110/191 96/129/192 97/111/194
f 78/80/195 77/94/193 97/111/194 98/95/196
f 79/68/197 78/80/195 98/95/196 99/81/198
f 80/58/199 79/68/197 99/81/198 100/69/200
f 81/50/201 80/58/199 100/69/200 101/59/202
f 62/45/164 81/50/201 101/59/202 82/51/165
s 7
f 83/52/203 82/51/204 102/60/205 103/61/206
f 84/62/207 83/52/203 103/61/206 104/73/208
f 85/74/209 84/62/207 104/73/208 105/87/210
f 86/88/211 85/74/209 105/87/210 106/103/212
f 87/104/213 86/88/211 106/103/212 107/121/214
f 88/122/215 87/104/213 107/121/214 108/139/216
f 89/140/217 88/122/215 108/139/216 109/157/218
f 90/158/219 89/140/217 109/157/218 110/175/220
f 91/176/221 90/158/219 110/175/220 111/191/222
f 92/192/223 91/176/221 111/191/222 112/202/224
f 93/181/225 92/192/223 112/202/224 113/193/226
f 94/165/227 93/181/225 113/193/226 114/182/228
f 95/147/229 94/165/227 114/182/228 115/166/230
f 96/129/231 95/147/229 115/166/230 116/148/232
f 97/111/233 96/129/231 116/148/232 117/130/234
f 98/95/235 97/111/233 117/130/234 118/112/236
f 99/81/237 98/95/235 118/112/236 119/96/238
f 100/69/239 99/81/237 119/96/238 120/82/240
f 101/59/241 100/69/239 120/82/240 121/70/242
f 82/51/204 101/59/241 121/70/242 102/60/205
s 8
f 103/61/243 102/60/244 122/71/245 123/72/246
f 104/73/247 103/61/243 123/72/246 124/86/248
f 105/87/249 104/73/247 124/86/248 125/102/250
f 106/103/251 105/87/249 125/102/250 126/120/252
f 107/121/253 106/103/251 126/120/252 127/138/254
f 108/139/255 107/121/253 127/138/254 128/156/256
f 109/157/257 108/139/255 128/156/256 129/174/258
f 110/175/259 109/157/257 129/174/258 130/190/260
f 111/191/261 110/175/259 130/190/260 131/201/262
f 112/202/263 111/191/261 131/201/262 132/210/264
f 113/193/265 112/202/263 132/210/264 133/203/266
f 114/182/267 113/193/265 133/203/266 134/194/268
f 115/166/269 114/182/267 134/194/268 135/183/270
f 116/148/271 115/166/269 135/183/270 136/167/272
f 117/130/273 116/148/271 136/167/272 137/149/274
f 118/112/275 117/130/273 137/149/274 138/131/276
f 119/96/277 118/112/275 138/131/276 139/113/278
f 120/82/279 119/96/277 139/113/278 140/97/280
f 121/70/281 120/82/279 140/97/280 141/83/282
f 102/60/244 121/70/281 141/83/282 122/71/245
s 9
f 123/72/283 122/71/284 142/84/285 143/85/286
f 124/86/287 123/72/283 143/85/286 144/101/288
f 125/102/289 124/86/287 144/101/288 145/119/290
f 126/120/291 125/102/289 145/119/290 146/137/292
f 127/138/293 126/120/291 146/137/292 147/155/294
f 128/156/295 127/138/293 147/155/294 148/173/296
f 129/174/297 128/156/295 148/173/296 149/189/298
f 130/190/299 129/174/297 149/189/298 150/200/300
f 131/201/301 130/190/299 150/200/300 151/209/302
f 132/210/303 131/201/301 151/209/302 152/216/304
f 133/203/305 132/210/303 152/216/304 153/211/306
f 134/194/307 133/203/305 153/211/306 154/204/308
f 135/183/309 134/194/307 154/204/308 155/195/310
f 136/167/311 135/183/309 155/195/310 156/184/312
f 137/149/313 136/167/311 156/184/312 157/168/314
f 138/131/315 137/149/313 157/168/314 158/150/316
f 139/113/317 138/131/315 158/150/316 159/132/318
f 140/97/319 139/113/317 159/132/318 160/114/320
f 141/83/321 140/97/319 160/114/320 161/98/322
f 122/71/284 141/83/321 161/98/322 142/84/285
s 10
f 143/85/323 142/84/324 162/99/325 163/100/326
f 144/101/327 143/85/323 163/100/326 164/118/328
f 145/119/329 144/101/327 164/118/328 165/136/330
f 146/137/331 145/119/329 165/136/330 166/154/332
f 147/155/333 146/137/331 166/154/332 167/172/334
f 148/173/335 147/155/333 167/172/334 168/188/336
f 149/189/337 148/173/335 168/188/336 169/199/338
f 150/200/339 149/189/337 169/199/338 170/208/340
f 151/209/341 150/200/339 170/208/340 171/215/342
f 152/216/343 151/209/341 171/215/342 172/220/344
f 153/211/345 152/216/343 172/220/344 173/217/346
f 154/204/347 153/211/345 173/217/346 174/212/348
f 155/195/349 154/204/347 174/212/348 175/205/350
f 156/184/351 155/195/349 175/205/350 176/196/352
f 157/168/353 156/184/351 176/196/352 177/185/354
f 158/150/355 157/168/353 177/185/354 178/169/356
f 159/132/357 158/150/355 178/169/356 179/151/358
f 160/114/359 159/132/357 179/151/358 180/133/360
f 161/98/361 160/114/359 180/133/360 181/115/362
f 142/84/324 161/98/361 181/115/362 162/99/325
s 11
f 163/100/363 162/99/364 182/116/365 183/117/366
f 164/118/367 163/100/363 183/117/366 184/135/368
f 165/136/369 164/118/367 184/135/368 185/153/370
f 166/154/371 165/136/369 185/153/370 186/171/372
f 167/172/373 166/154/371 186/171/372 187/187/374
f 168/188/375 167/172/373 187/187/374 188/198/376
f 169/199/377 168/188/375 188/198/376 189/207/378
f 170/208/379 169/199/377 189/207/378 190/214/380
f 171/215/381 170/208/379 190/214/380 191/219/382
f 172/220/383 171/215/381 191/219/382 192/222/384
f 173/217/385 172/220/383 192/222/384 193/221/386
f 174/212/387 173/217/385 193/221/386 194/218/388
f 175/205/389 174/212/387 194/218/388 195/213/390
f 176/196/391 175/205/389 195/213/390 196/206/392
f 177/185/393 176/196/391 196/206/392 197/197/394
f 178/169/395 177/185/393 197/197/394 198/186/396
f 179/151/397 178/169/395 198/186/396 199/170/398
f 180/133/399 179/151/397 199/170/398 200/152/400
f 181/115/401 180/133/399 200/152/400 201/134/402
f 162/99/364 181/115/401 201/134/402 182/116/365
s 12
f 183/1055/403 182/1056/404 202/1057/405 203/1058/406
f 184/1061/407 183/1055/403 203/1058/406 205/1062/408
f 185/1937/409 184/1938/407 205/1939/408 206/1940/410
f 186/1941/411 185/1937/409 206/1940/410 207/1942/412
f 187/1943/413 186/1941/411 207/1942/412 208/1944/414
f 188/1945/415 187/1943/413 208/1944/414 209/1946/416
f 189/1070/417 188/1073/415 209/1074/416 210/1071/418
f 190/1069/419 189/1070/417 210/1071/418 211/1072/420
f 191/1075/421 190/1069/419 211/1072/420 212/1076/422
f 192/1077/423 191/1075/421 212/1076/422 213/1078/424
f 193/1079/425 192/1077/423 213/1078/424 214/1080/426
f 194/1081/427 193/1079/425 214/1080/426 215/1082/428
f 195/1947/429 194/1948/427 215/1949/428 216/1950/430
f 196/1951/431 195/1947/429 216/1950/430 217/1952/432
f 197/1953/433 196/1951/431 217/1952/432 218/1954/434
f 198/1955/435 197/1953/433 218/1954/434 219/1956/436
f 199/1065/437 198/1067/435 219/1068/436 220/1066/438
f 200/1063/439 199/1065/437 220/1066/438 221/1064/440
f 201/1059/441 200/1063/439 221/1064/440 222/1060/442
f 182/1056/404 201/1059/441 222/1060/442 202/1057/405
s 13
f 224/1083/443 223/1084/444 243/1085/445
f 225/1087/446 224/1083/443 243/1085/445
f 226/1089/447 225/1087/446 243/1085/445
f 227/1091/448 226/1089/447 243/1085/445
f 228/1093/449 227/1091/448 243/1085/445
f 229/1095/450 228/1093/449 243/1085/445
f 230/1097/451 229/1095/450 243/1085/445
f 231/1099/452 230/1097/451 243/1085/445
f 232/1101/453 231/1099/452 243/1085/445
f 233/1103/454 232/1101/453 243/1085/445
f 234/1102/455 233/1103/454 243/1085/445
f 235/1100/456 234/1102/455 243/1085/445
f 236/1098/457 235/1100/456 243/1085/445
f 237/1096/458 236/1098/457 243/1085/445
f 238/1094/459 237/1096/458 243/1085/445
f 239/1092/460 238/1094/459 243/1085/445
f 240/1090/461 239/1092/460 243/1085/445
f 241/1088/462 240/1090/461 243/1085/445
f 242/1086/463 241/1088/462 243/1085/445
f 223/1084/444 242/1086/463 243/1085/445
s 14
f 1004/1104/464 1005/1105/465 1006/1106/466
f 1005/1105/465 1007/1107/467 1006/1106/466
f 1007/1107/467 1008/1109/468 1006/1106/466
f 1008/1109/468 1009/1111/469 1006/1106/466
f 1009/1111/469 1010/1113/470 1006/1106/466
f 1010/1113/470 1011/1115/471 1006/1106/466
f 1011/1115/471 1012/1117/472 1006/1106/466
f 1012/1117/472 1013/1119/473 1006/1106/466
f 1013/1119/473 1014/1121/474 1006/1106/466
f 1014/1121/474 1015/1123/475 1006/1106/466
f 1015/1123/475 1016/1124/476 1006/1106/466
f 1016/1124/476 1017/1122/477 1006/1106/466
f 1017/1122/477 1018/1120/478 1006/1106/466
f 1018/1120/478 1019/1118/479 1006/1106/466
f 1019/1118/479 1020/1116/480 1006/1106/466
f 1020/1116/480 1021/1114/481 1006/1106/466
f 1021/1114/481 1022/1112/482 1006/1106/466
f 1022/1112/482 1023/1110/483 1006/1106/466
f 1023/1110/483 1024/1108/484 1006/1106/466
f 1024/1108/484 1004/1104/464 1006/1106/466
s 15
f 224/223/485 245/224/486 244/225/487 223/226/488
f 225/227/489 246/228/490 245/224/486 224/223/485
f 226/1957/491 247/1958/492 246/1959/490 225/1960/489
f 227/1961/493 248/1962/494 247/1958/492 226/1957/491
f 228/1963/495 249/1964/496 248/1962/494 227/1961/493
f 229/1965/497 250/1966/498 249/1964/496 228/1963/495
f 230/275/499 251/274/500 250/278/498 229/279/497
f 231/272/501 252/273/502 251/274/500 230/275/499
f 232/276/503 253/277/504 252/273/502 231/272/501
f 233/280/505 254/281/506 253/277/504 232/276/503
f 234/284/507 255/285/508 254/281/506 233/280/505
f 235/289/509 256/290/510 255/285/508 234/284/507
f 236/1967/511 257/1968/512 256/1969/510 235/1970/509
f 237/1971/513 258/1972/514 257/1968/512 236/1967/511
f 238/1973/515 259/1974/516 258/1972/514 237/1971/513
f 239/1975/517 260/1976/518 259/1974/516 238/1973/515
f 240/239/519 261/238/520 260/245/518 239/246/517
f 241/234/521 262/233/522 261/238/520 240/239/519
f 242/230/523 263/229/524 262/233/522 241/234/521
f 223/226/488 244/225/487 263/229/524 242/230/523
s 16
f 244/1125/525 245/1126/526 265/1127/527 264/1128/528
f 245/1126/526 246/1129/529 266/1130/530 265/1127/527
f 246/1129/529 247/1131/531 267/1132/532 266/1130/530
f 247/1131/531 248/1133/533 268/1134/534 267/1132/532
f 248/1133/533 249/1135/535 269/1136/536 268/1134/534
f 249/1135/535 250/1137/537 270/1138/538 269/1136/536
f 250/1137/537 251/1139/539 271/1140/540 270/1138/538
f 251/1139/539 252/1141/541 272/1142/542 271/1140/540
f 252/273/541 253/277/543 273/282/544 272/283/542
f 253/277/543 254/281/545 274/286/546 273/282/544
f 254/1143/545 255/1144/547 275/1145/548 274/1146/546
f 255/1144/547 256/1147/549 276/1148/550 275/1145/548
f 256/1147/549 257/1149/551 277/1150/552 276/1148/550
f 257/1149/551 258/1151/553 278/1152/554 277/1150/552
f 258/1151/553 259/1153/555 279/1154/556 278/1152/554
f 259/1153/555 260/1155/557 280/1156/558 279/1154/556
f 260/1155/557 261/1157/559 281/1158/560 280/1156/558
f 261/1157/559 262/1159/561 282/1160/562 281/1158/560
f 262/233/561 263/229/563 283/232/564 282/237/562
f 263/229/563 244/225/525 264/231/528 283/232/564
s 17
f 264/231/565 265/240/566 285/241/567 284/235/568
f 265/240/566 266/247/569 286/248/570 285/241/567
f 266/1977/569 267/1978/571 287/1979/572 286/1980/570
f 267/1978/571 268/1981/573 288/1982/574 287/1979/572
f 268/1981/573 269/1985/575 289/1986/576 288/1982/574
f 269/1985/575 270/1990/577 290/1991/578 289/1986/576
f 270/302/577 271/294/579 291/295/580 290/303/578
f 271/294/579 272/283/581 292/288/582 291/295/580
f 272/283/581 273/282/583 293/287/584 292/288/582
f 273/282/583 274/286/585 294/291/586 293/287/584
f 274/286/585 275/296/587 295/297/588 294/291/586
f 275/296/587 276/304/589 296/305/590 295/297/588
f 276/2002/589 277/2003/591 297/2004/592 296/2005/590
f 277/2003/591 278/2006/593 298/2007/594 297/2004/592
f 278/2006/593 279/2010/595 299/2011/596 298/2007/594
f 279/2010/595 280/2015/597 300/2016/598 299/2011/596
f 280/261/597 281/253/599 301/254/600 300/262/598
f 281/253/599 282/237/601 302/244/602 301/254/600
f 282/237/601 283/232/603 303/236/604 302/244/602
f 283/232/603 264/231/565 284/235/568 303/236/604
f 284/235/568 285/241/567 305/249/605 304/242/606
f 285/241/567 286/248/570 306/255/607 305/249/605
f 286/1980/570 287/1979/572 307/1983/608 306/1984/607
f 287/1979/572 288/1982/574 308/1987/609 307/1983/608
f 288/1982/574 289/1986/576 309/1992/610 308/1987/609
f 289/1986/576 290/1991/578 310/1996/611 309/1992/610
f 290/303/578 291/295/580 311/301/612 310/311/611
f 291/295/580 292/288/582 312/293/613 311/301/612
f 292/288/582 293/287/584 313/292/614 312/293/613
f 293/287/584 294/291/586 314/298/615 313/292/614
f 294/291/586 295/297/588 315/306/616 314/298/615
f 295/297/588 296/305/590 316/312/617 315/306/616
f 296/2005/590 297/2004/592 317/2008/618 316/2009/617
f 297/2004/592 298/2007/594 318/2012/619 317/2008/618
f 298/2007/594 299/2011/596 319/2017/620 318/2012/619
f 299/2011/596 300/2016/598 320/2021/621 319/2017/620
f 300/262/598 301/254/600 321/260/622 320/267/621
f 301/254/600 302/244/602 322/252/623 321/260/622
f 302/244/602 303/236/604 323/243/624 322/252/623
f 303/236/604 284/235/568 304/242/606 323/243/624
f 304/242/606 305/249/605 325/256/625 324/250/626
f 305/249/605 306/255/607 326/263/627 325/256/625
f 306/1984/607 307/1983/608 327/1988/628 326/1989/627
f 307/1983/608 308/1987/609 328/1993/629 327/1988/628
f 308/1987/609 309/1992/610 329/1997/630 328/1993/629
f 309/1992/610 310/1996/611 330/1999/631 329/1997/630
f 310/311/611 311/301/612 331/310/632 330/316/631
f 311/301/612 312/293/613 332/300/633 331/310/632
f 312/293/613 313/292/614 333/299/634 332/300/633
f 313/292/614 314/298/615 334/307/635 333/299/634
f 314/298/615 315/306/616 335/313/636 334/307/635
f 315/306/616 316/312/617 336/317/637 335/313/636
f 316/2009/617 317/2008/618 337/2013/638 336/2014/637
f 317/2008/618 318/2012/619 338/2018/639 337/2013/638
f 318/2012/619 319/2017/620 339/2022/640 338/2018/639
f 319/2017/620 320/2021/621 340/2024/641 339/2022/640
f 320/267/621 321/260/622 341/266/642 340/270/641
f 321/260/622 322/252/623 342/259/643 341/266/642
f 322/252/623 323/243/624 343/251/644 342/259/643
f 323/243/624 304/242/606 324/250/626 343/251/644
f 324/250/626 325/256/625 345/264/645 344/257/646
f 325/256/625 326/263/627 346/268/647 345/264/645
f 326/1989/627 327/1988/628 347/1994/648 346/1995/647
f 327/1988/628 328/1993/629 348/1998/649 347/1994/648
f 328/1993/629 329/1997/630 349/2000/650 348/1998/649
f 329/1997/630 330/1999/631 350/2001/651 349/2000/650
f 330/316/631 331/310/632 351/315/652 350/319/651
f 331/310/632 332/300/633 352/309/653 351/315/652
f 332/300/633 333/299/634 353/308/654 352/309/653
f 333/299/634 334/307/635 354/314/655 353/308/654
f 334/307/635 335/313/636 355/318/656 354/314/655
f 335/313/636 336/317/637 356/320/657 355/318/656
f 336/2014/637 337/2013/638 357/2019/658 356/2020/657
f 337/2013/638 338/2018/639 358/2023/659 357/2019/658
f 338/2018/639 339/2022/640 359/2025/660 358/2023/659
f 339/2022/640 340/2024/641 360/2026/661 359/2025/660
f 340/270/641 341/266/642 361/269/662 360/271/661
f 341/266/642 342/259/643 362/265/663 361/269/662
f 342/259/643 343/251/644 363/258/664 362/265/663
f 343/251/644 324/250/626 344/257/646 363/258/664
s 18
f 344/1161/665 345/1162/666 365/1163/667 364/1164/668
f 345/1162/666 346/1165/669 366/1166/670 365/1163/667
f 346/1165/669 347/1169/671 367/1170/672 366/1166/670
f 347/1169/671 348/1173/673 368/1174/674 367/1170/672
f 348/1173/673 349/1177/675 369/1178/676 368/1174/674
f 349/1177/675 350/1181/677 370/1182/678 369/1178/676
f 350/1181/677 351/1185/679 371/1186/680 370/1182/678
f 351/1185/679 352/1189/681 372/1190/682 371/1186/680
f 352/1189/681 353/1193/683 373/1194/684 372/1190/682
f 353/1193/683 354/1197/685 374/1198/686 373/1194/684
f 354/1197/685 355/1199/687 375/1200/688 374/1198/686
f 355/1199/687 356/1195/689 376/1196/690 375/1200/688
f 356/1195/689 357/1191/691 377/1192/692 376/1196/690
f 357/1191/691 358/1187/693 378/1188/694 377/1192/692
f 358/1187/693 359/1183/695 379/1184/696 378/1188/694
f 359/1183/695 360/1179/697 380/1180/698 379/1184/696
f 360/1179/697 361/1175/699 381/1176/700 380/1180/698
f 361/1175/699 362/1171/701 382/1172/702 381/1176/700
f 362/1171/701 363/1167/703 383/1168/704 382/1172/702
f 363/1167/703 344/1161/665 364/1164/668 383/1168/704
s 19
f 364/321/705 365/322/706 385/323/707 384/324/708
f 365/322/706 366/325/709 386/326/710 385/323/707
f 366/2027/709 367/2028/711 387/2029/712 386/2030/710
f 367/2028/711 368/2031/713 388/2032/714 387/2029/712
f 368/2031/713 369/2035/715 389/2036/716 388/2032/714
f 369/2035/715 370/2040/717 390/2041/718 389/2036/716
f 370/364/717 371/356/719 391/359/720 390/365/718
f 371/356/719 372/357/721 392/358/722 391/359/720
f 372/357/721 373/360/723 393/361/724 392/358/722
f 373/360/723 374/366/725 394/367/726 393/361/724
f 374/366/725 375/372/727 395/373/728 394/367/726
f 375/372/727 376/379/729 396/380/730 395/373/728
f 376/2052/729 377/2053/731 397/2054/732 396/2055/730
f 377/2053/731 378/2056/733 398/2057/734 397/2054/732
f 378/2056/733 379/2060/735 399/2061/736 398/2057/734
f 379/2060/735 380/2065/737 400/2066/738 399/2061/736
f 380/348/737 381/342/739 401/343/740 400/349/738
f 381/342/739 382/335/741 402/336/742 401/343/740
f 382/335/741 383/329/743 403/330/744 402/336/742
f 383/329/743 364/321/705 384/324/708 403/330/744
f 384/324/708 385/323/707 405/327/745 404/328/746
f 385/323/707 386/326/710 406/331/747 405/327/745
f 386/2030/710 387/2029/712 407/2033/748 406/2034/747
f 387/2029/712 388/2032/714 408/2037/749 407/2033/748
f 388/2032/714 389/2036/716 409/2042/750 408/2037/749
f 389/2036/716 390/2041/718 410/2046/751 409/2042/750
f 390/365/718 391/359/720 411/363/752 410/371/751
f 391/359/720 392/358/722 412/362/753 411/363/752
f 392/358/722 393/361/724 413/368/754 412/362/753
f 393/361/724 394/367/726 414/374/755 413/368/754
f 394/367/726 395/373/728 415/381/756 414/374/755
f 395/373/728 396/380/730 416/385/757 415/381/756
f 396/2055/730 397/2054/732 417/2058/758 416/2059/757
f 397/2054/732 398/2057/734 418/2062/759 417/2058/758
f 398/2057/734 399/2061/736 419/2067/760 418/2062/759
f 399/2061/736 400/2066/738 420/2071/761 419/2067/760
f 400/349/738 401/343/740 421/347/762 420/352/761
f 401/343/740 402/336/742 422/341/763 421/347/762
f 402/336/742 403/330/744 423/334/764 422/341/763
f 403/330/744 384/324/708 404/328/746 423/334/764
f 404/328/746 405/327/745 425/332/765 424/333/766
f 405/327/745 406/331/747 426/337/767 425/332/765
f 406/2034/747 407/2033/748 427/2038/768 426/2039/767
f 407/2033/748 408/2037/749 428/2043/769 427/2038/768
f 408/2037/749 409/2042/750 429/2047/770 428/2043/769
f 409/2042/750 410/2046/751 430/2049/771 429/2047/770
f 410/371/751 411/363/752 431/370/772 430/378/771
f 411/363/752 412/362/753 432/369/773 431/370/772
f 412/362/753 413/368/754 433/375/774 432/369/773
f 413/368/754 414/374/755 434/382/775 433/375/774
f 414/374/755 415/381/756 435/386/776 434/382/775
f 415/381/756 416/385/757 436/388/777 435/386/776
f 416/2059/757 417/2058/758 437/2063/778 436/2064/777
f 417/2058/758 418/2062/759 438/2068/779 437/2063/778
f 418/2062/759 419/2067/760 439/2072/780 438/2068/779
f 419/2067/760 420/2071/761 440/2074/781 439/2072/780
f 420/352/761 421/347/762 441/351/782 440/354/781
f 421/347/762 422/341/763 442/346/783 441/351/782
f 422/341/763 423/334/764 443/340/784 442/346/783
f 423/334/764 404/328/746 424/333/766 443/340/784
f 424/333/766 425/332/765 445/338/785 444/339/786
f 425/332/765 426/337/767 446/344/787 445/338/785
f 426/2039/767 427/2038/768 447/2044/788 446/2045/787
f 427/2038/768 428/2043/769 448/2048/789 447/2044/788
f 428/2043/769 429/2047/770 449/2050/790 448/2048/789
f 429/2047/770 430/2049/771 450/2051/791 449/2050/790
f 430/378/771 431/370/772 451/377/792 450/384/791
f 431/370/772 432/369/773 452/376/793 451/377/792
f 432/369/773 433/375/774 453/383/794 452/376/793
f 433/375/774 434/382/775 454/387/795 453/383/794
f 434/382/775 435/386/776 455/389/796 454/387/795
f 435/386/776 436/388/777 456/390/797 455/389/796
f 436/2064/777 437/2063/778 457/2069/798 456/2070/797
f 437/2063/778 438/2068/779 458/2073/799 457/2069/798
f 438/2068/779 439/2072/780 459/2075/800 458/2073/799
f 439/2072/780 440/2074/781 460/2076/801 459/2075/800
f 440/354/781 441/351/782 461/353/802 460/355/801
f 441/351/782 442/346/783 462/350/803 461/353/802
f 442/346/783 443/340/784 463/345/804 462/350/803
f 443/340/784 424/333/766 444/339/786 463/345/804
s 20
f 464/391/805 465/392/806 485/393/807 484/394/808
f 465/392/806 466/397/809 486/398/810 485/393/807
f 466/2077/809 467/2078/811 487/2079/812 486/2080/810
f 467/2078/811 468/2083/813 488/2084/814 487/2079/812
f 468/2083/813 469/2088/815 489/2089/816 488/2084/814
f 469/2088/815 470/2092/817 490/2093/818 489/2089/816
f 470/478/817 471/468/819 491/471/820 490/479/818
f 471/468/819 472/469/821 492/470/822 491/471/820
f 472/469/821 473/474/823 493/475/824 492/470/822
f 473/474/823 474/484/825 494/485/826 493/475/824
f 474/484/825 475/493/827 495/494/828 494/485/826
f 475/493/827 476/501/829 496/502/830 495/494/828
f 476/2097/829 477/2098/831 497/2099/832 496/2100/830
f 477/2098/831 478/2103/833 498/2104/834 497/2099/832
f 478/2103/833 479/2108/835 499/2109/836 498/2104/834
f 479/2108/835 480/2112/837 500/2113/838 499/2109/836
f 480/431/837 481/420/839 501/421/840 500/432/838
f 481/420/839 482/411/841 502/412/842 501/421/840
f 482/411/841 483/401/843 503/402/844 502/412/842
f 483/401/843 464/391/805 484/394/808 503/402/844
f 484/394/808 485/393/807 505/399/845 504/400/846
f 485/393/807 486/398/810 506/407/847 505/399/845
f 486/1207/810 487/1208/812 507/1205/848 506/1202/847
f 487/1208/812 488/1211/814 508/1209/849 507/1205/848
f 488/1211/814 489/1214/816 509/1212/850 508/1209/849
f 489/1214/816 490/1217/818 510/1215/851 509/1212/850
f 490/479/818 491/471/820 511/477/852 510/489/851
f 491/471/820 492/470/822 512/476/853 511/477/852
f 492/470/822 493/475/824 513/486/854 512/476/853
f 493/475/824 494/485/826 514/495/855 513/486/854
f 494/485/826 495/494/828 515/503/856 514/495/855
f 495/494/828 496/502/830 516/512/857 515/503/856
f 496/1226/830 497/1227/832 517/1224/858 516/1221/857
f 497/1227/832 498/1230/834 518/1228/859 517/1224/858
f 498/1230/834 499/1233/836 519/1231/860 518/1228/859
f 499/1233/836 500/1236/838 520/1234/861 519/1231/860
f 500/432/838 501/421/840 521/430/862 520/440/861
f 501/421/840 502/412/842 522/419/863 521/430/862
f 502/412/842 503/402/844 523/410/864 522/419/863
f 503/402/844 484/394/808 504/400/846 523/410/864
f 504/400/846 505/399/845 525/408/865 524/409/866
f 505/1201/845 506/1202/847 526/1203/867 525/1204/865
f 506/1202/847 507/1205/848 527/1206/868 526/1203/867
f 507/1205/848 508/1209/849 528/1210/869 527/1206/868
f 508/1209/849 509/1212/850 529/1213/870 528/1210/869
f 509/1212/850 510/1215/851 530/1216/871 529/1213/870
f 510/1215/851 511/1218/852 531/1219/872 530/1216/871
f 511/477/852 512/476/853 532/487/873 531/488/872
f 512/476/853 513/486/854 533/496/874 532/487/873
f 513/486/854 514/495/855 534/504/875 533/496/874
f 514/495/855 515/503/856 535/513/876 534/504/875
f 515/1220/856 516/1221/857 536/1222/877 535/1223/876
f 516/1221/857 517/1224/858 537/1225/878 536/1222/877
f 517/1224/858 518/1228/859 538/1229/879 537/1225/878
f 518/1228/859 519/1231/860 539/1232/880 538/1229/879
f 519/1231/860 520/1234/861 540/1235/881 539/1232/880
f 520/1234/861 521/1237/862 541/1238/882 540/1235/881
f 521/430/862 522/419/863 542/429/883 541/439/882
f 522/419/863 523/410/864 543/418/884 542/429/883
f 523/410/864 504/400/846 524/409/866 543/418/884
s 21
f 524/409/885 525/408/886 545/416/887 544/417/888
f 525/408/886 526/424/889 546/425/890 545/416/887
f 526/2117/889 527/2118/891 547/2119/892 546/2120/890
f 527/2118/891 528/2121/893 548/2122/894 547/2119/892
f 528/2121/893 529/2123/895 549/2124/896 548/2122/894
f 529/2123/895 530/2125/897 550/2126/898 549/2124/896
f 530/508/897 531/488/899 551/498/900 550/509/898
f 531/488/899 532/487/901 552/497/902 551/498/900
f 532/487/901 533/496/903 553/505/904 552/497/902
f 533/496/903 534/504/905 554/514/906 553/505/904
f 534/504/905 535/513/907 555/519/908 554/514/906
f 535/513/907 536/526/909 556/527/910 555/519/908
f 536/2127/909 537/2128/911 557/2129/912 556/2130/910
f 537/2128/911 538/2131/913 558/2132/914 557/2129/912
f 538/2131/913 539/2133/915 559/2134/916 558/2132/914
f 539/2133/915 540/2135/917 560/2136/918 559/2134/916
f 540/455/917 541/439/919 561/448/920 560/456/918
f 541/439/919 542/429/921 562/438/922 561/448/920
f 542/429/921 543/418/923 563/428/924 562/438/922
f 543/418/923 524/409/885 544/417/888 563/428/924
s 22
f 544/417/925 545/416/926 565/426/927 564/427/928
f 545/1239/926 546/1240/929 566/1241/930 565/1242/927
f 546/1240/929 547/1243/931 567/1244/932 566/1241/930
f 547/1243/931 548/1245/933 568/1246/934 567/1244/932
f 548/1245/933 549/1249/935 569/1250/936 568/1246/934
f 549/1249/935 550/1252/937 570/1253/938 569/1250/936
f 550/1252/937 551/1255/939 571/1256/940 570/1253/938
f 551/498/939 552/497/941 572/506/942 571/507/940
f 552/497/941 553/505/943 573/515/944 572/506/942
f 553/505/943 554/514/945 574/520/946 573/515/944
f 554/514/945 555/519/947 575/528/948 574/520/946
f 555/1258/947 556/1259/949 576/1260/950 575/1261/948
f 556/1259/949 557/1262/951 577/1263/952 576/1260/950
f 557/1262/951 558/1264/953 578/1265/954 577/1263/952
f 558/1264/953 559/1268/955 579/1269/956 578/1265/954
f 559/1268/955 560/1271/957 580/1272/958 579/1269/956
f 560/1271/957 561/1274/959 581/1275/960 580/1272/958
f 561/448/959 562/438/961 582/447/962 581/454/960
f 562/438/961 563/428/963 583/437/964 582/447/962
f 563/428/963 544/417/925 564/427/928 583/437/964
f 564/427/928 565/426/927 585/435/965 584/436/966
f 565/426/927 566/442/930 586/443/967 585/435/965
f 566/1241/930 567/1244/932 587/1247/968 586/1248/967
f 567/1244/932 568/1246/934 588/1251/969 587/1247/968
f 568/1246/934 569/1250/936 589/1254/970 588/1251/969
f 569/1250/936 570/1253/938 590/1257/971 589/1254/970
f 570/524/938 571/507/940 591/517/972 590/525/971
f 571/507/940 572/506/942 592/516/973 591/517/972
f 572/506/942 573/515/944 593/521/974 592/516/973
f 573/515/944 574/520/946 594/529/975 593/521/974
f 574/520/946 575/528/948 595/534/976 594/529/975
f 575/528/948 576/538/950 596/539/977 595/534/976
f 576/1260/950 577/1263/952 597/1266/978 596/1267/977
f 577/1263/952 578/1265/954 598/1270/979 597/1266/978
f 578/1265/954 579/1269/956 599/1273/980 598/1270/979
f 579/1269/956 580/1272/958 600/1276/981 599/1273/980
f 580/463/958 581/454/960 601/460/982 600/464/981
f 581/454/960 582/447/962 602/453/983 601/460/982
f 582/447/962 583/437/964 603/446/984 602/453/983
f 583/437/964 564/427/928 584/436/966 603/446/984
f 584/436/966 585/435/965 605/444/985 604/445/986
f 585/435/965 586/443/967 606/449/987 605/444/985
f 586/2137/967 587/2138/968 607/2139/988 606/2140/987
f 587/2138/968 588/2141/969 608/2142/989 607/2139/988
f 588/2141/969 589/2145/970 609/2146/990 608/2142/989
f 589/2145/970 590/2148/971 610/2149/991 609/2146/990
f 590/525/971 591/517/972 611/523/992 610/533/991
f 591/517/972 592/516/973 612/522/993 611/523/992
f 592/516/973 593/521/974 613/530/994 612/522/993
f 593/521/974 594/529/975 614/535/995 613/530/994
f 594/529/975 595/534/976 615/540/996 614/535/995
f 595/534/976 596/539/977 616/542/997 615/540/996
f 596/2152/977 597/2153/978 617/2154/998 616/2155/997
f 597/2153/978 598/2156/979 618/2157/999 617/2154/998
f 598/2156/979 599/2160/980 619/2161/1000 618/2157/999
f 599/2160/980 600/2163/981 620/2164/1001 619/2161/1000
f 600/464/981 601/460/982 621/462/1002 620/466/1001
f 601/460/982 602/453/983 622/459/1003 621/462/1002
f 602/453/983 603/446/984 623/452/1004 622/459/1003
f 603/446/984 584/436/966 604/445/986 623/452/1004
f 604/445/986 605/444/985 625/450/1005 624/451/1006
f 605/444/985 606/449/987 626/457/1007 625/450/1005
f 606/2140/987 607/2139/988 627/2143/1008 626/2144/1007
f 607/2139/988 608/2142/989 628/2147/1009 627/2143/1008
f 608/2142/989 609/2146/990 629/2150/1010 628/2147/1009
f 609/2146/990 610/2149/991 630/2151/1011 629/2150/1010
f 610/533/991 611/523/992 631/532/1012 630/537/1011
f 611/523/992 612/522/993 632/531/1013 631/532/1012
f 612/522/993 613/530/994 633/536/1014 632/531/1013
f 613/530/994 614/535/995 634/541/1015 633/536/1014
f 614/535/995 615/540/996 635/543/1016 634/541/1015
f 615/540/996 616/542/997 636/544/1017 635/543/1016
f 616/2155/997 617/2154/998 637/2158/1018 636/2159/1017
f 617/2154/998 618/2157/999 638/2162/1019 637/2158/1018
f 618/2157/999 619/2161/1000 639/2165/1020 638/2162/1019
f 619/2161/1000 620/2164/1001 640/2166/1021 639/2165/1020
f 620/466/1001 621/462/1002 641/465/1022 640/467/1021
f 621/462/1002 622/459/1003 642/461/1023 641/465/1022
f 622/459/1003 623/452/1004 643/458/1024 642/461/1023
f 623/452/1004 604/445/986 624/451/1006 643/458/1024
s 23
f 624/1277/1025 625/1278/1026 645/1279/1027 644/1280/1028
f 625/1278/1026 626/1281/1029 646/1282/1030 645/1279/1027
f 626/1281/1029 627/1285/1031 647/1286/1032 646/1282/1030
f 627/1285/1031 628/1289/1033 648/1290/1034 647/1286/1032
f 628/1289/1033 629/1293/1035 649/1294/1036 648/1290/1034
f 629/1293/1035 630/1297/1037 650/1298/1038 649/1294/1036
f 630/1297/1037 631/1301/1039 651/1302/1040 650/1298/1038
f 631/1301/1039 632/1305/1041 652/1306/1042 651/1302/1040
f 632/1305/1041 633/1309/1043 653/1310/1044 652/1306/1042
f 633/1309/1043 634/1313/1045 654/1314/1046 653/1310/1044
f 634/1313/1045 635/1315/1047 655/1316/1048 654/1314/1046
f 635/1315/1047 636/1311/1049 656/1312/1050 655/1316/1048
f 636/1311/1049 637/1307/1051 657/1308/1052 656/1312/1050
f 637/1307/1051 638/1303/1053 658/1304/1054 657/1308/1052
f 638/1303/1053 639/1299/1055 659/1300/1056 658/1304/1054
f 639/1299/1055 640/1295/1057 660/1296/1058 659/1300/1056
f 640/1295/1057 641/1291/1059 661/1292/1060 660/1296/1058
f 641/1291/1059 642/1287/1061 662/1288/1062 661/1292/1060
f 642/1287/1061 643/1283/1063 663/1284/1064 662/1288/1062
f 643/1283/1063 624/1277/1025 644/1280/1028 663/1284/1064
s 24
f 645/545/1065 665/546/1066 664/547/1067 644/548/1068
f 646/549/1069 666/550/1070 665/546/1066 645/545/1065
f 647/2167/1071 667/2168/1072 666/2169/1070 646/2170/1069
f 648/2171/1073 668/2172/1074 667/2168/1072 647/2167/1071
f 649/2173/1075 669/2174/1076 668/2172/1074 648/2171/1073
f 650/2175/1077 670/2176/1078 669/2174/1076 649/2173/1075
f 651/562/1079 671/561/1080 670/565/1078 650/566/1077
f 652/559/1081 672/560/1082 671/561/1080 651/562/1079
f 653/563/1083 673/564/1084 672/560/1082 652/559/1081
f 654/567/1085 674/568/1086 673/564/1084 653/563/1083
f 655/569/1087 675/570/1088 674/568/1086 654/567/1085
f 656/571/1089 676/572/1090 675/570/1088 655/569/1087
f 657/2177/1091 677/2178/1092 676/2179/1090 656/2180/1089
f 658/2181/1093 678/2182/1094 677/2178/1092 657/2177/1091
f 659/2183/1095 679/2184/1096 678/2182/1094 658/2181/1093
f 660/2185/1097 680/2186/1098 679/2184/1096 659/2183/1095
f 661/556/1099 681/555/1100 680/557/1098 660/558/1097
f 662/554/1101 682/553/1102 681/555/1100 661/556/1099
f 663/552/1103 683/551/1104 682/553/1102 662/554/1101
f 644/548/1068 664/547/1067 683/551/1104 663/552/1103
s 25
f 664/1317/1105 665/1318/1106 685/1319/1107 684/1320/1108
f 665/1318/1106 666/1321/1109 686/1322/1110 685/1319/1107
f 666/1321/1109 667/1325/1111 687/1326/1112 686/1322/1110
f 667/1325/1111 668/1329/1113 688/1330/1114 687/1326/1112
f 668/1329/1113 669/1333/1115 689/1334/1116 688/1330/1114
f 669/1333/1115 670/1337/1117 690/1338/1118 689/1334/1116
f 670/1337/1117 671/1341/1119 691/1342/1120 690/1338/1118
f 671/1341/1119 672/1345/1121 692/1346/1122 691/1342/1120
f 672/1345/1121 673/1349/1123 693/1350/1124 692/1346/1122
f 673/1349/1123 674/1353/1125 694/1354/1126 693/1350/1124
f 674/1353/1125 675/1355/1127 695/1356/1128 694/1354/1126
f 675/1355/1127 676/1351/1129 696/1352/1130 695/1356/1128
f 676/1351/1129 677/1347/1131 697/1348/1132 696/1352/1130
f 677/1347/1131 678/1343/1133 698/1344/1134 697/1348/1132
f 678/1343/1133 679/1339/1135 699/1340/1136 698/1344/1134
f 679/1339/1135 680/1335/1137 700/1336/1138 699/1340/1136
f 680/1335/1137 681/1331/1139 701/1332/1140 700/1336/1138
f 681/1331/1139 682/1327/1141 702/1328/1142 701/1332/1140
f 682/1327/1141 683/1323/1143 703/1324/1144 702/1328/1142
f 683/1323/1143 664/1317/1105 684/1320/1108 703/1324/1144
s 26
f 684/573/1145 685/574/1146 705/575/1147 704/576/1148
f 685/574/1146 686/577/1149 706/578/1150 705/575/1147
f 686/2187/1149 687/2188/1151 707/2189/1152 706/2190/1150
f 687/2188/1151 688/2191/1153 708/2192/1154 707/2189/1152
f 688/2191/1153 689/2193/1155 709/2194/1156 708/2192/1154
f 689/2193/1155 690/2195/1157 710/2196/1158 709/2194/1156
f 690/593/1157 691/587/1159 711/590/1160 710/594/1158
f 691/587/1159 692/588/1161 712/589/1162 711/590/1160
f 692/588/1161 693/591/1163 713/592/1164 712/589/1162
f 693/591/1163 694/595/1165 714/596/1166 713/592/1164
f 694/595/1165 695/597/1167 715/598/1168 714/596/1166
f 695/597/1167 696/599/1169 716/600/1170 715/598/1168
f 696/2197/1169 697/2198/1171 717/2199/1172 716/2200/1170
f 697/2198/1171 698/2201/1173 718/2202/1174 717/2199/1172
f 698/2201/1173 699/2203/1175 719/2204/1176 718/2202/1174
f 699/2203/1175 700/2205/1177 720/2206/1178 719/2204/1176
f 700/585/1177 701/583/1179 721/584/1180 720/586/1178
f 701/583/1179 702/581/1181 722/582/1182 721/584/1180
f 702/581/1181 703/579/1183 723/580/1184 722/582/1182
f 703/579/1183 684/573/1145 704/576/1148 723/580/1184
s off
f 704//1185 705//1186 725//1187 724//1188
f 705//1189 706//1190 726//1191 725//1192
f 706//1193 707//1194 727//1195 726//1196
f 707//1197 708//1198 728//1199 727//1200
f 708//1201 709//1202 729//1203 728//1204
f 709//1205 710//1206 730//1207 729//1208
f 710//1209 711//1210 731//1211 730//1212
f 711//1213 712//1214 732//1215 731//1216
f 712//1217 713//1218 733//1219 732//1220
f 713//1221 714//1222 734//1223 733//1224
f 714//1225 715//1226 735//1227 734//1228
f 715//1229 716//1230 736//1231 735//1232
f 716//1233 717//1234 737//1235 736//1236
f 717//1237 718//1238 738//1239 737//1240
f 718//1241 719//1242 739//1243 738//1244
f 719//1245 720//1246 740//1247 739//1248
f 720//1249 721//1250 741//1251 740//1252
f 721//1253 722//1254 742//1255 741//1256
f 722//1257 723//1258 743//1259 742//1260
f 723//1261 704//1262 724//1263 743//1264
s 27
f 744/395/1265 745/403/1266 747/404/1267 746/396/1268
f 745/403/1266 744/395/1265 782/406/1269 783/413/1270
f 746/396/1268 747/404/1267 749/414/1271 748/405/1272
f 748/2081/1272 749/2085/1271 751/2086/1273 750/2082/1274
f 750/2082/1274 751/2086/1273 753/2090/1275 752/2087/1276
f 752/2087/1276 753/2090/1275 755/2094/1277 754/2091/1278
f 754/2091/1278 755/2094/1277 757/2096/1279 756/2095/1280
f 756/483/1280 757/490/1279 759/480/1281 758/472/1282
f 758/472/1282 759/480/1281 761/481/1283 760/473/1284
f 760/473/1284 761/481/1283 763/491/1285 762/482/1286
f 762/482/1286 763/491/1285 765/499/1287 764/492/1288
f 764/492/1288 765/499/1287 767/510/1289 766/500/1290
f 766/500/1290 767/510/1289 769/518/1291 768/511/1292
f 768/2101/1292 769/2105/1291 771/2106/1293 770/2102/1294
f 770/2102/1294 771/2106/1293 773/2110/1295 772/2107/1296
f 772/2107/1296 773/2110/1295 775/2114/1297 774/2111/1298
f 774/2111/1298 775/2114/1297 777/2116/1299 776/2115/1300
f 776/434/1300 777/441/1299 779/433/1301 778/423/1302
f 778/423/1302 779/433/1301 781/422/1303 780/415/1304
f 780/415/1304 781/422/1303 783/413/1270 782/406/1269
s 28
f 744/395/1305 746/396/1306 465/392/1307 464/391/1308
f 746/396/1306 748/405/1309 466/397/1310 465/392/1307
f 748/2081/1309 750/2082/1311 467/2078/1312 466/2077/1310
f 750/2082/1311 752/2087/1313 468/2083/1314 467/2078/1312
f 752/2087/1313 754/2091/1315 469/2088/1316 468/2083/1314
f 754/2091/1315 756/2095/1317 470/2092/1318 469/2088/1316
f 756/483/1317 758/472/1319 471/468/1320 470/478/1318
f 758/472/1319 760/473/1321 472/469/1322 471/468/1320
f 760/473/1321 762/482/1323 473/474/1324 472/469/1322
f 762/482/1323 764/492/1325 474/484/1326 473/474/1324
f 764/492/1325 766/500/1327 475/493/1328 474/484/1326
f 766/500/1327 768/511/1329 476/501/1330 475/493/1328
f 768/2101/1329 770/2102/1331 477/2098/1332 476/2097/1330
f 770/2102/1331 772/2107/1333 478/2103/1334 477/2098/1332
f 772/2107/1333 774/2111/1335 479/2108/1336 478/2103/1334
f 774/2111/1335 776/2115/1337 480/2112/1338 479/2108/1336
f 776/434/1337 778/423/1339 481/420/1340 480/431/1338
f 778/423/1339 780/415/1341 482/411/1342 481/420/1340
f 780/415/1341 782/406/1343 483/401/1344 482/411/1342
f 782/406/1343 744/395/1305 464/391/1308 483/401/1344
s 29
f 445/1357/1345 446/1358/1346 769/1359/1347 767/1360/1348
f 446/1358/1346 447/1361/1349 771/1362/1350 769/1359/1347
f 447/1361/1349 448/1365/1351 773/1366/1352 771/1362/1350
f 448/1365/1351 449/1369/1353 775/1370/1354 773/1366/1352
f 449/1369/1353 450/1373/1355 777/1374/1356 775/1370/1354
f 450/1373/1355 451/1377/1357 779/1378/1358 777/1374/1356
f 451/1377/1357 452/1381/1359 781/1382/1360 779/1378/1358
f 452/1381/1359 453/1385/1361 783/1386/1362 781/1382/1360
f 453/1385/1361 454/1389/1363 745/1390/1364 783/1386/1362
f 454/1389/1363 455/1393/1365 747/1394/1366 745/1390/1364
f 455/1393/1365 456/1395/1367 749/1396/1368 747/1394/1366
f 456/1395/1367 457/1391/1369 751/1392/1370 749/1396/1368
f 457/1391/1369 458/1387/1371 753/1388/1372 751/1392/1370
f 458/1387/1371 459/1383/1373 755/1384/1374 753/1388/1372
f 459/1383/1373 460/1379/1375 757/1380/1376 755/1384/1374
f 460/1379/1375 461/1375/1377 759/1376/1378 757/1380/1376
f 461/1375/1377 462/1371/1379 761/1372/1380 759/1376/1378
f 462/1371/1379 463/1367/1381 763/1368/1382 761/1372/1380
f 463/1367/1381 444/1363/1383 765/1364/1384 763/1368/1382
f 444/1363/1383 445/1357/1345 767/1360/1348 765/1364/1384
s 30
f 724/601/1385 725/602/1386 785/603/1387 784/604/1388
f 725/602/1386 726/605/1389 786/606/1390 785/603/1387
f 726/2207/1389 727/2208/1391 787/2209/1392 786/2210/1390
f 727/2208/1391 728/2211/1393 788/2212/1394 787/2209/1392
f 728/2211/1393 729/2213/1395 789/2214/1396 788/2212/1394
f 729/2213/1395 730/2215/1397 790/2216/1398 789/2214/1396
f 730/633/1397 731/625/1399 791/628/1400 790/634/1398
f 731/625/1399 732/626/1401 792/627/1402 791/628/1400
f 732/626/1401 733/629/1403 793/630/1404 792/627/1402
f 733/629/1403 734/635/1405 794/636/1406 793/630/1404
f 734/635/1405 735/639/1407 795/640/1408 794/636/1406
f 735/639/1407 736/644/1409 796/645/1410 795/640/1408
f 736/2217/1409 737/2218/1411 797/2219/1412 796/2220/1410
f 737/2218/1411 738/2221/1413 798/2222/1414 797/2219/1412
f 738/2221/1413 739/2223/1415 799/2224/1416 798/2222/1414
f 739/2223/1415 740/2225/1417 800/2226/1418 799/2224/1416
f 740/622/1417 741/618/1419 801/619/1420 800/623/1418
f 741/618/1419 742/613/1421 802/614/1422 801/619/1420
f 742/613/1421 743/609/1423 803/610/1424 802/614/1422
f 743/609/1423 724/601/1385 784/604/1388 803/610/1424
f 784/604/1388 785/603/1387 805/607/1425 804/608/1426
f 785/603/1387 786/606/1390 806/611/1427 805/607/1425
f 786/1405/1390 787/1406/1392 807/1403/1428 806/1401/1427
f 787/1406/1392 788/1409/1394 808/1407/1429 807/1403/1428
f 788/1409/1394 789/1412/1396 809/1410/1430 808/1407/1429
f 789/1412/1396 790/1415/1398 810/1413/1431 809/1410/1430
f 790/634/1398 791/628/1400 811/632/1432 810/638/1431
f 791/628/1400 792/627/1402 812/631/1433 811/632/1432
f 792/627/1402 793/630/1404 813/637/1434 812/631/1433
f 793/630/1404 794/636/1406 814/641/1435 813/637/1434
f 794/636/1406 795/640/1408 815/646/1436 814/641/1435
f 795/640/1408 796/645/1410 816/648/1437 815/646/1436
f 796/1428/1410 797/1429/1412 817/1426/1438 816/1424/1437
f 797/1429/1412 798/1432/1414 818/1430/1439 817/1426/1438
f 798/1432/1414 799/1435/1416 819/1433/1440 818/1430/1439
f 799/1435/1416 800/1438/1418 820/1436/1441 819/1433/1440
f 800/623/1418 801/619/1420 821/621/1442 820/624/1441
f 801/619/1420 802/614/1422 822/617/1443 821/621/1442
f 802/614/1422 803/610/1424 823/612/1444 822/617/1443
f 803/610/1424 784/604/1388 804/608/1426 823/612/1444
f 804/1397/1426 805/1398/1425 825/1399/1445 824/1400/1446
f 805/1398/1425 806/1401/1427 826/1402/1447 825/1399/1445
f 806/1401/1427 807/1403/1428 827/1404/1448 826/1402/1447
f 807/1403/1428 808/1407/1429 828/1408/1449 827/1404/1448
f 808/1407/1429 809/1410/1430 829/1411/1450 828/1408/1449
f 809/1410/1430 810/1413/1431 830/1414/1451 829/1411/1450
f 810/1413/1431 811/1416/1432 831/1417/1452 830/1414/1451
f 811/1416/1432 812/1418/1433 832/1419/1453 831/1417/1452
f 812/631/1433 813/637/1434 833/642/1454 832/643/1453
f 813/637/1434 814/641/1435 834/647/1455 833/642/1454
f 814/1420/1435 815/1421/1436 835/1422/1456 834/1423/1455
f 815/1421/1436 816/1424/1437 836/1425/1457 835/1422/1456
f 816/1424/1437 817/1426/1438 837/1427/1458 836/1425/1457
f 817/1426/1438 818/1430/1439 838/1431/1459 837/1427/1458
f 818/1430/1439 819/1433/1440 839/1434/1460 838/1431/1459
f 819/1433/1440 820/1436/1441 840/1437/1461 839/1434/1460
f 820/1436/1441 821/1439/1442 841/1440/1462 840/1437/1461
f 821/1439/1442 822/1441/1443 842/1442/1463 841/1440/1462
f 822/617/1443 823/612/1444 843/616/1464 842/620/1463
f 823/612/1444 804/608/1426 824/615/1446 843/616/1464
s 31
f 865/649/1465 864/650/1466 844/651/1467 845/652/1468
f 866/657/1469 865/649/1465 845/652/1468 846/658/1470
f 867/2227/1471 866/2228/1469 846/2229/1470 847/2230/1472
f 868/2233/1473 867/2227/1471 847/2230/1472 848/2234/1474
f 869/2236/1475 868/2233/1473 848/2234/1474 849/2237/1476
f 870/2239/1477 869/2236/1475 849/2237/1476 850/2240/1478
f 871/671/1479 870/676/1477 850/677/1478 851/672/1480
f 872/670/1481 871/671/1479 851/672/1480 852/673/1482
f 873/678/1483 872/670/1481 852/673/1482 853/679/1484
f 874/682/1485 873/678/1483 853/679/1484 854/683/1486
f 875/685/1487 874/682/1485 854/683/1486 855/686/1488
f 876/688/1489 875/685/1487 855/686/1488 856/689/1490
f 877/2242/1491 876/2243/1489 856/2244/1490 857/2245/1492
f 878/2248/1493 877/2242/1491 857/2245/1492 858/2249/1494
f 879/2251/1495 878/2248/1493 858/2249/1494 859/2252/1496
f 880/2254/1497 879/2251/1495 859/2252/1496 860/2255/1498
f 881/664/1499 880/667/1497 860/668/1498 861/665/1500
f 882/661/1501 881/664/1499 861/665/1500 862/662/1502
f 883/655/1503 882/661/1501 862/662/1502 863/656/1504
f 844/651/1467 864/650/1466 883/655/1503 863/656/1504
f 864/650/1466 865/649/1465 885/653/1505 884/654/1506
f 865/649/1465 866/657/1469 886/659/1507 885/653/1505
f 866/2228/1469 867/2227/1471 887/2231/1508 886/2232/1507
f 867/2227/1471 868/2233/1473 888/2235/1509 887/2231/1508
f 868/2233/1473 869/2236/1475 889/2238/1510 888/2235/1509
f 869/2236/1475 870/2239/1477 890/2241/1511 889/2238/1510
f 870/676/1477 871/671/1479 891/675/1512 890/681/1511
f 871/671/1479 872/670/1481 892/674/1513 891/675/1512
f 872/670/1481 873/678/1483 893/680/1514 892/674/1513
f 873/678/1483 874/682/1485 894/684/1515 893/680/1514
f 874/682/1485 875/685/1487 895/687/1516 894/684/1515
f 875/685/1487 876/688/1489 896/690/1517 895/687/1516
f 876/2243/1489 877/2242/1491 897/2246/1518 896/2247/1517
f 877/2242/1491 878/2248/1493 898/2250/1519 897/2246/1518
f 878/2248/1493 879/2251/1495 899/2253/1520 898/2250/1519
f 879/2251/1495 880/2254/1497 900/2256/1521 899/2253/1520
f 880/667/1497 881/664/1499 901/666/1522 900/669/1521
f 881/664/1499 882/661/1501 902/663/1523 901/666/1522
f 882/661/1501 883/655/1503 903/660/1524 902/663/1523
f 883/655/1503 864/650/1466 884/654/1506 903/660/1524
s 32
f 884/1443/1525 885/1444/1526 905/1445/1527 904/1446/1528
f 885/1444/1526 886/1447/1529 906/1448/1530 905/1445/1527
f 886/1447/1529 887/1451/1531 907/1452/1532 906/1448/1530
f 887/1451/1531 888/1455/1533 908/1456/1534 907/1452/1532
f 888/1455/1533 889/1459/1535 909/1460/1536 908/1456/1534
f 889/1459/1535 890/1463/1537 910/1464/1538 909/1460/1536
f 890/1463/1537 891/1467/1539 911/1468/1540 910/1464/1538
f 891/1467/1539 892/1471/1541 912/1472/1542 911/1468/1540
f 892/1471/1541 893/1475/1543 913/1476/1544 912/1472/1542
f 893/1475/1543 894/1479/1545 914/1480/1546 913/1476/1544
f 894/1479/1545 895/1481/1547 915/1482/1548 914/1480/1546
f 895/1481/1547 896/1477/1549 916/1478/1550 915/1482/1548
f 896/1477/1549 897/1473/1551 917/1474/1552 916/1478/1550
f 897/1473/1551 898/1469/1553 918/1470/1554 917/1474/1552
f 898/1469/1553 899/1465/1555 919/1466/1556 918/1470/1554
f 899/1465/1555 900/1461/1557 920/1462/1558 919/1466/1556
f 900/1461/1557 901/1457/1559 921/1458/1560 920/1462/1558
f 901/1457/1559 902/1453/1561 922/1454/1562 921/1458/1560
f 902/1453/1561 903/1449/1563 923/1450/1564 922/1454/1562
f 903/1449/1563 884/1443/1525 904/1446/1528 923/1450/1564
s 33
f 904/691/1565 905/692/1566 925/693/1567 924/694/1568
f 905/692/1566 906/695/1569 926/696/1570 925/693/1567
f 906/2257/1569 907/2258/1571 927/2259/1572 926/2260/1570
f 907/2258/1571 908/2261/1573 928/2262/1574 927/2259/1572
f 908/2261/1573 909/2263/1575 929/2264/1576 928/2262/1574
f 909/2263/1575 910/2265/1577 930/2266/1578 929/2264/1576
f 910/711/1577 911/705/1579 931/708/1580 930/712/1578
f 911/705/1579 912/706/1581 932/707/1582 931/708/1580
f 912/706/1581 913/709/1583 933/710/1584 932/707/1582
f 913/709/1583 914/713/1585 934/714/1586 933/710/1584
f 914/713/1585 915/715/1587 935/716/1588 934/714/1586
f 915/715/1587 916/717/1589 936/718/1590 935/716/1588
f 916/2267/1589 917/2268/1591 937/2269/1592 936/2270/1590
f 917/2268/1591 918/2271/1593 938/2272/1594 937/2269/1592
f 918/2271/1593 919/2273/1595 939/2274/1596 938/2272/1594
f 919/2273/1595 920/2275/1597 940/2276/1598 939/2274/1596
f 920/703/1597 921/701/1599 941/702/1600 940/704/1598
f 921/701/1599 922/699/1601 942/700/1602 941/702/1600
f 922/699/1601 923/697/1603 943/698/1604 942/700/1602
f 923/697/1603 904/691/1565 924/694/1568 943/698/1604
s 34
f 924/1483/1605 925/1484/1606 945/1485/1607 944/1486/1608
f 925/1484/1606 926/1487/1609 946/1488/1610 945/1485/1607
f 926/1487/1609 927/1491/1611 947/1492/1612 946/1488/1610
f 927/1491/1611 928/1495/1613 948/1496/1614 947/1492/1612
f 928/1495/1613 929/1499/1615 949/1500/1616 948/1496/1614
f 929/1499/1615 930/1503/1617 950/1504/1618 949/1500/1616
f 930/1503/1617 931/1507/1619 951/1508/1620 950/1504/1618
f 931/1507/1619 932/1511/1621 952/1512/1622 951/1508/1620
f 932/1511/1621 933/1515/1623 953/1516/1624 952/1512/1622
f 933/1515/1623 934/1519/1625 954/1520/1626 953/1516/1624
f 934/1519/1625 935/1521/1627 955/1522/1628 954/1520/1626
f 935/1521/1627 936/1517/1629 956/1518/1630 955/1522/1628
f 936/1517/1629 937/1513/1631 957/1514/1632 956/1518/1630
f 937/1513/1631 938/1509/1633 958/1510/1634 957/1514/1632
f 938/1509/1633 939/1505/1635 959/1506/1636 958/1510/1634
f 939/1505/1635 940/1501/1637 960/1502/1638 959/1506/1636
f 940/1501/1637 941/1497/1639 961/1498/1640 960/1502/1638
f 941/1497/1639 942/1493/1641 962/1494/1642 961/1498/1640
f 942/1493/1641 943/1489/1643 963/1490/1644 962/1494/1642
f 943/1489/1643 924/1483/1605 944/1486/1608 963/1490/1644
s 35
f 944/719/1645 945/720/1646 965/721/1647 964/722/1648
f 945/720/1646 946/723/1649 966/724/1650 965/721/1647
f 946/2277/1649 947/2278/1651 967/2279/1652 966/2280/1650
f 947/2278/1651 948/2281/1653 968/2282/1654 967/2279/1652
f 948/2281/1653 949/2283/1655 969/2284/1656 968/2282/1654
f 949/2283/1655 950/2285/1657 970/2286/1658 969/2284/1656
f 950/739/1657 951/733/1659 971/736/1660 970/740/1658
f 951/733/1659 952/734/1661 972/735/1662 971/736/1660
f 952/734/1661 953/737/1663 973/738/1664 972/735/1662
f 953/737/1663 954/741/1665 974/742/1666 973/738/1664
f 954/741/1665 955/743/1667 975/744/1668 974/742/1666
f 955/743/1667 956/745/1669 976/746/1670 975/744/1668
f 956/2287/1669 957/2288/1671 977/2289/1672 976/2290/1670
f 957/2288/1671 958/2291/1673 978/2292/1674 977/2289/1672
f 958/2291/1673 959/2293/1675 979/2294/1676 978/2292/1674
f 959/2293/1675 960/2295/1677 980/2296/1678 979/2294/1676
f 960/731/1677 961/729/1679 981/730/1680 980/732/1678
f 961/729/1679 962/727/1681 982/728/1682 981/730/1680
f 962/727/1681 963/725/1683 983/726/1684 982/728/1682
f 963/725/1683 944/719/1645 964/722/1648 983/726/1684
s 36
f 964/1523/1685 965/1524/1686 985/1525/1687 984/1526/1688
f 965/1524/1686 966/1527/1689 986/1528/1690 985/1525/1687
f 966/1527/1689 967/1531/1691 987/1532/1692 986/1528/1690
f 967/1531/1691 968/1535/1693 988/1536/1694 987/1532/1692
f 968/1535/1693 969/1539/1695 989/1540/1696 988/1536/1694
f 969/1539/1695 970/1543/1697 990/1544/1698 989/1540/1696
f 970/1543/1697 971/1547/1699 991/1548/1700 990/1544/1698
f 971/1547/1699 972/1551/1701 992/1552/1702 991/1548/1700
f 972/1551/1701 973/1555/1703 993/1556/1704 992/1552/1702
f 973/1555/1703 974/1559/1705 994/1560/1706 993/1556/1704
f 974/1559/1705 975/1561/1707 995/1562/1708 994/1560/1706
f 975/1561/1707 976/1557/1709 996/1558/1710 995/1562/1708
f 976/1557/1709 977/1553/1711 997/1554/1712 996/1558/1710
f 977/1553/1711 978/1549/1713 998/1550/1714 997/1554/1712
f 978/1549/1713 979/1545/1715 999/1546/1716 998/1550/1714
f 979/1545/1715 980/1541/1717 1000/1542/1718 999/1546/1716
f 980/1541/1717 981/1537/1719 1001/1538/1720 1000/1542/1718
f 981/1537/1719 982/1533/1721 1002/1534/1722 1001/1538/1720
f 982/1533/1721 983/1529/1723 1003/1530/1724 1002/1534/1722
f 983/1529/1723 964/1523/1685 984/1526/1688 1003/1530/1724
s 37
f 984/747/1725 985/748/1726 1005/749/1727 1004/750/1728
f 985/748/1726 986/751/1729 1007/752/1730 1005/749/1727
f 986/2297/1729 987/2298/1731 1008/2299/1732 1007/2300/1730
f 987/2298/1731 988/2301/1733 1009/2302/1734 1008/2299/1732
f 988/2301/1733 989/2303/1735 1010/2304/1736 1009/2302/1734
f 989/2303/1735 990/2305/1737 1011/2306/1738 1010/2304/1736
f 990/767/1737 991/761/1739 1012/764/1740 1011/768/1738
f 991/761/1739 992/762/1741 1013/763/1742 1012/764/1740
f 992/762/1741 993/765/1743 1014/766/1744 1013/763/1742
f 993/765/1743 994/769/1745 1015/770/1746 1014/766/1744
f 994/769/1745 995/771/1747 1016/772/1748 1015/770/1746
f 995/771/1747 996/773/1749 1017/774/1750 1016/772/1748
f 996/2307/1749 997/2308/1751 1018/2309/1752 1017/2310/1750
f 997/2308/1751 998/2311/1753 1019/2312/1754 1018/2309/1752
f 998/2311/1753 999/2313/1755 1020/2314/1756 1019/2312/1754
f 999/2313/1755 1000/2315/1757 1021/2316/1758 1020/2314/1756
f 1000/759/1757 1001/757/1759 1022/758/1760 1021/760/1758
f 1001/757/1759 1002/755/1761 1023/756/1762 1022/758/1760
f 1002/755/1761 1003/753/1763 1024/754/1764 1023/756/1762
f 1003/753/1763 984/747/1725 1004/750/1728 1024/754/1764
s 38
f 1027/1563/1765 1030/1564/1766 845/1565/1767 844/1566/1768
f 1030/1564/1766 1033/1569/1769 846/1570/1770 845/1565/1767
f 1033/1569/1769 1036/1575/1771 847/1576/1772 846/1570/1770
f 1036/1575/1771 1039/1581/1773 848/1582/1774 847/1576/1772
f 1039/1581/1773 1042/1587/1775 849/1588/1776 848/1582/1774
f 1042/1587/1775 1045/1593/1777 850/1594/1778 849/1588/1776
f 1045/1593/1777 1048/1599/1779 851/1600/1780 850/1594/1778
f 1048/1599/1779 1051/1605/1781 852/1606/1782 851/1600/1780
f 1051/1605/1781 1054/1611/1783 853/1612/1784 852/1606/1782
f 1054/1611/1783 1057/1617/1785 854/1618/1786 853/1612/1784
f 1057/1617/1785 1060/1619/1787 855/1620/1788 854/1618/1786
f 1060/1619/1787 1063/1613/1789 856/1614/1790 855/1620/1788
f 1063/1613/1789 1066/1607/1791 857/1608/1792 856/1614/1790
f 1066/1607/1791 1069/1601/1793 858/1602/1794 857/1608/1792
f 1069/1601/1793 1072/1595/1795 859/1596/1796 858/1602/1794
f 1072/1595/1795 1075/1589/1797 860/1590/1798 859/1596/1796
f 1075/1589/1797 1078/1583/1799 861/1584/1800 860/1590/1798
f 1078/1583/1799 1081/1577/1801 862/1578/1802 861/1584/1800
f 1081/1577/1801 1084/1571/1803 863/1572/1804 862/1578/1802
f 1084/1571/1803 1027/1563/1765 844/1566/1768 863/1572/1804
s 39
f 1025/775/1805 1026/776/1806 1083/777/1807 1082/778/1808
s 38
f 1026/1567/1809 1027/1563/1765 1084/1571/1803 1083/1573/1810
f 1027/1563/1765 1026/1567/1809 1029/1568/1811 1030/1564/1766
s 39
f 1026/776/1806 1025/775/1805 1028/779/1812 1029/780/1813
s 38
f 1030/1564/1766 1029/1568/1811 1032/1574/1814 1033/1569/1769
s 39
f 1029/780/1813 1028/779/1812 1031/786/1815 1032/787/1816
s 38
f 1033/1569/1769 1032/1574/1814 1035/1580/1817 1036/1575/1771
s 39
f 1032/2317/1816 1031/2318/1815 1034/2319/1818 1035/2320/1819
s 38
f 1036/1575/1771 1035/1580/1817 1038/1586/1820 1039/1581/1773
s 39
f 1035/2320/1819 1034/2319/1818 1037/2323/1821 1038/2324/1822
s 38
f 1039/1581/1773 1038/1586/1820 1041/1592/1823 1042/1587/1775
s 39
f 1038/2324/1822 1037/2323/1821 1040/2328/1824 1041/2329/1825
s 38
f 1042/1587/1775 1041/1592/1823 1044/1598/1826 1045/1593/1777
s 39
f 1041/2329/1825 1040/2328/1824 1043/2332/1827 1044/2333/1828
s 38
f 1045/1593/1777 1044/1598/1826 1047/1604/1829 1048/1599/1779
s 39
f 1044/807/1828 1043/808/1827 1046/804/1830 1047/803/1831
s 38
f 1048/1599/1779 1047/1604/1829 1050/1610/1832 1051/1605/1781
s 39
f 1047/803/1831 1046/804/1830 1049/805/1833 1050/806/1834
s 38
f 1051/1605/1781 1050/1610/1832 1053/1616/1835 1054/1611/1783
s 39
f 1050/806/1834 1049/805/1833 1052/811/1836 1053/812/1837
s 38
f 1054/1611/1783 1053/1616/1835 1056/1622/1838 1057/1617/1785
s 39
f 1053/812/1837 1052/811/1836 1055/817/1839 1056/818/1840
s 38
f 1057/1617/1785 1056/1622/1838 1059/1621/1841 1060/1619/1787
s 39
f 1056/818/1840 1055/817/1839 1058/822/1842 1059/823/1843
s 38
f 1060/1619/1787 1059/1621/1841 1062/1615/1844 1063/1613/1789
s 39
f 1059/823/1843 1058/822/1842 1061/826/1845 1062/827/1846
s 38
f 1063/1613/1789 1062/1615/1844 1065/1609/1847 1066/1607/1791
s 39
f 1062/2337/1846 1061/2338/1845 1064/2339/1848 1065/2340/1849
s 38
f 1066/1607/1791 1065/1609/1847 1068/1603/1850 1069/1601/1793
s 39
f 1065/2340/1849 1064/2339/1848 1067/2343/1851 1068/2344/1852
s 38
f 1069/1601/1793 1068/1603/1850 1071/1597/1853 1072/1595/1795
s 39
f 1068/2344/1852 1067/2343/1851 1070/2348/1854 1071/2349/1855
s 38
f 1072/1595/1795 1071/1597/1853 1074/1591/1856 1075/1589/1797
s 39
f 1071/2349/1855 1070/2348/1854 1073/2352/1857 1074/2353/1858
s 38
f 1075/1589/1797 1074/1591/1856 1077/1585/1859 1078/1583/1799
s 39
f 1074/795/1858 1073/796/1857 1076/789/1860 1077/788/1861
s 38
f 1078/1583/1799 1077/1585/1859 1080/1579/1862 1081/1577/1801
s 39
f 1077/788/1861 1076/789/1860 1079/782/1863 1080/781/1864
s 38
f 1081/1577/1801 1080/1579/1862 1083/1573/1810 1084/1571/1803
s 39
f 1080/781/1864 1079/782/1863 1082/778/1808 1083/777/1807
s 40
f 824/1623/1865 825/1624/1866 1088/1625/1867 1085/1626/1868
f 825/1665/1866 826/1666/1869 1091/1667/1870 1088/1668/1867
f 826/1669/1869 827/1670/1871 1094/1671/1872 1091/1672/1870
f 827/1673/1871 828/1674/1873 1097/1675/1874 1094/1676/1872
f 828/1677/1873 829/1678/1875 1100/1679/1876 1097/1680/1874
f 829/1681/1875 830/1682/1877 1103/1683/1878 1100/1684/1876
f 830/1685/1877 831/1686/1879 1106/1687/1880 1103/1688/1878
f 831/1689/1879 832/1690/1881 1109/1691/1882 1106/1692/1880
f 832/1693/1881 833/1694/1883 1112/1695/1884 1109/1696/1882
f 833/1697/1883 834/1698/1885 1115/1699/1886 1112/1700/1884
f 834/1701/1885 835/1702/1887 1118/1703/1888 1115/1704/1886
f 835/1705/1887 836/1706/1889 1121/1707/1890 1118/1708/1888
f 836/1709/1889 837/1710/1891 1124/1711/1892 1121/1712/1890
f 837/1713/1891 838/1714/1893 1127/1715/1894 1124/1716/1892
f 838/1717/1893 839/1718/1895 1130/1719/1896 1127/1720/1894
f 839/1721/1895 840/1722/1897 1133/1723/1898 1130/1724/1896
f 840/1725/1897 841/1726/1899 1136/1727/1900 1133/1728/1898
f 841/1729/1899 842/1730/1901 1139/1731/1902 1136/1732/1900
f 842/1733/1901 843/1734/1903 1142/1735/1904 1139/1736/1902
f 843/1737/1903 824/1738/1865 1085/1739/1868 1142/1740/1904
s 39
f 1087/784/1905 1090/785/1906 1028/779/1812 1025/775/1805
f 1090/785/1906 1093/794/1907 1031/786/1815 1028/779/1812
f 1093/2321/1907 1096/2322/1908 1034/2319/1818 1031/2318/1815
f 1096/2322/1908 1099/2327/1909 1037/2323/1821 1034/2319/1818
f 1099/2327/1909 1102/2331/1910 1040/2328/1824 1037/2323/1821
f 1102/2331/1910 1105/2335/1911 1043/2332/1827 1040/2328/1824
f 1105/813/1911 1108/809/1912 1046/804/1830 1043/808/1827
f 1108/809/1912 1111/810/1913 1049/805/1833 1046/804/1830
f 1111/810/1913 1114/816/1914 1052/811/1836 1049/805/1833
f 1114/816/1914 1117/821/1915 1055/817/1839 1052/811/1836
f 1117/821/1915 1120/825/1916 1058/822/1842 1055/817/1839
f 1120/825/1916 1123/829/1917 1061/826/1845 1058/822/1842
f 1123/2341/1917 1126/2342/1918 1064/2339/1848 1061/2338/1845
f 1126/2342/1918 1129/2347/1919 1067/2343/1851 1064/2339/1848
f 1129/2347/1919 1132/2351/1920 1070/2348/1854 1067/2343/1851
f 1132/2351/1920 1135/2355/1921 1073/2352/1857 1070/2348/1854
f 1135/800/1921 1138/797/1922 1076/789/1860 1073/796/1857
f 1138/797/1922 1141/790/1923 1079/782/1863 1076/789/1860
f 1141/790/1923 1144/783/1924 1082/778/1808 1079/782/1863
f 1144/783/1924 1087/784/1905 1025/775/1805 1082/778/1808
s 40
f 1085/1626/1868 1086/1627/1925 1143/1629/1926 1142/1630/1904
s 39
f 1086/791/1927 1087/784/1905 1144/783/1924 1143/792/1928
f 1087/784/1905 1086/791/1927 1089/793/1929 1090/785/1906
s 40
f 1086/1627/1925 1085/1626/1868 1088/1625/1867 1089/1628/1930
s 39
f 1090/785/1906 1089/793/1929 1092/799/1931 1093/794/1907
s 40
f 1089/1628/1930 1088/1625/1867 1091/1631/1870 1092/1632/1932
s 39
f 1093/2321/1907 1092/2325/1931 1095/2326/1933 1096/2322/1908
s 40
f 1092/1632/1932 1091/1631/1870 1094/1635/1872 1095/1636/1934
s 39
f 1096/2322/1908 1095/2326/1933 1098/2330/1935 1099/2327/1909
s 40
f 1095/1636/1934 1094/1635/1872 1097/1639/1874 1098/1640/1936
s 39
f 1099/2327/1909 1098/2330/1935 1101/2334/1937 1102/2331/1910
s 40
f 1098/1640/1936 1097/1639/1874 1100/1643/1876 1101/1644/1938
s 39
f 1102/2331/1910 1101/2334/1937 1104/2336/1939 1105/2335/1911
s 40
f 1101/1644/1938 1100/1643/1876 1103/1647/1878 1104/1648/1940
s 39
f 1105/813/1911 1104/819/1939 1107/814/1941 1108/809/1912
s 40
f 1104/1648/1940 1103/1647/1878 1106/1651/1880 1107/1652/1942
s 39
f 1108/809/1912 1107/814/1941 1110/815/1943 1111/810/1913
s 40
f 1107/1652/1942 1106/1651/1880 1109/1655/1882 1110/1656/1944
s 39
f 1111/810/1913 1110/815/1943 1113/820/1945 1114/816/1914
s 40
f 1110/1656/1944 1109/1655/1882 1112/1659/1884 1113/1660/1946
s 39
f 1114/816/1914 1113/820/1945 1116/824/1947 1117/821/1915
s 40
f 1113/1660/1946 1112/1659/1884 1115/1663/1886 1116/1664/1948
s 39
f 1117/821/1915 1116/824/1947 1119/828/1949 1120/825/1916
s 40
f 1116/1664/1948 1115/1663/1886 1118/1662/1888 1119/1661/1950
s 39
f 1120/825/1916 1119/828/1949 1122/830/1951 1123/829/1917
s 40
f 1119/1661/1950 1118/1662/1888 1121/1658/1890 1122/1657/1952
s 39
f 1123/2341/1917 1122/2345/1951 1125/2346/1953 1126/2342/1918
s 40
f 1122/1657/1952 1121/1658/1890 1124/1654/1892 1125/1653/1954
s 39
f 1126/2342/1918 1125/2346/1953 1128/2350/1955 1129/2347/1919
s 40
f 1125/1653/1954 1124/1654/1892 1127/1650/1894 1128/1649/1956
s 39
f 1129/2347/1919 1128/2350/1955 1131/2354/1957 1132/2351/1920
s 40
f 1128/1649/1956 1127/1650/1894 1130/1646/1896 1131/1645/1958
s 39
f 1132/2351/1920 1131/2354/1957 1134/2356/1959 1135/2355/1921
s 40
f 1131/1645/1958 1130/1646/1896 1133/1642/1898 1134/1641/1960
s 39
f 1135/800/1921 1134/802/1959 1137/801/1961 1138/797/1922
s 40
f 1134/1641/1960 1133/1642/1898 1136/1638/1900 1137/1637/1962
s 39
f 1138/797/1922 1137/801/1961 1140/798/1963 1141/790/1923
s 40
f 1137/1637/1962 1136/1638/1900 1139/1634/1902 1140/1633/1964
s 39
f 1141/790/1923 1140/798/1963 1143/792/1928 1144/783/1924
s 40
f 1140/1633/1964 1139/1634/1902 1142/1630/1904 1143/1629/1926
s 41
f 1185/831/1965 1186/832/1966 1187/833/1967 1188/834/1968
f 1186/832/1966 1189/835/1969 1190/836/1970 1187/833/1967
f 1189/2357/1969 1191/2358/1971 1192/2359/1972 1190/2360/1970
f 1191/2358/1971 1193/2361/1973 1194/2362/1974 1192/2359/1972
f 1193/2361/1973 1195/2363/1975 1196/2364/1976 1194/2362/1974
f 1195/2363/1975 1197/2365/1977 1198/2366/1978 1196/2364/1976
f 1197/851/1977 1199/845/1979 1200/848/1980 1198/852/1978
f 1199/845/1979 1201/846/1981 1202/847/1982 1200/848/1980
f 1201/846/1981 1203/849/1983 1204/850/1984 1202/847/1982
f 1203/849/1983 1205/853/1985 1206/854/1986 1204/850/1984
f 1205/853/1985 1207/855/1987 1208/856/1988 1206/854/1986
f 1207/855/1987 1209/857/1989 1210/858/1990 1208/856/1988
f 1209/2367/1989 1211/2368/1991 1212/2369/1992 1210/2370/1990
f 1211/2368/1991 1213/2371/1993 1214/2372/1994 1212/2369/1992
f 1213/2371/1993 1215/2373/1995 1216/2374/1996 1214/2372/1994
f 1215/2373/1995 1217/2375/1997 1218/2376/1998 1216/2374/1996
f 1217/843/1997 1219/841/1999 1220/842/2000 1218/844/1998
f 1219/841/1999 1221/839/2001 1222/840/2002 1220/842/2000
f 1221/839/2001 1223/837/2003 1224/838/2004 1222/840/2002
f 1223/837/2003 1185/831/1965 1188/834/1968 1224/838/2004
s 42
f 1145/859/2005 1165/860/2006 1166/861/2007 1146/862/2008
f 1146/862/2008 1166/861/2007 1167/865/2009 1147/866/2010
f 1147/2377/2010 1167/2378/2009 1168/2379/2011 1148/2380/2012
f 1148/2380/2012 1168/2379/2011 1169/2381/2013 1149/2382/2014
f 1149/2382/2014 1169/2381/2013 1170/2383/2015 1150/2384/2016
f 1150/2384/2016 1170/2383/2015 1171/2385/2017 1151/2386/2018
f 1151/877/2018 1171/878/2017 1172/874/2019 1152/873/2020
f 1152/873/2020 1172/874/2019 1173/875/2021 1153/876/2022
f 1153/876/2022 1173/875/2021 1174/879/2023 1154/880/2024
f 1154/880/2024 1174/879/2023 1175/881/2025 1155/882/2026
f 1155/882/2026 1175/881/2025 1176/883/2027 1156/884/2028
f 1156/884/2028 1176/883/2027 1177/885/2029 1157/886/2030
f 1157/2387/2030 1177/2388/2029 1178/2389/2031 1158/2390/2032
f 1158/2390/2032 1178/2389/2031 1179/2391/2033 1159/2392/2034
f 1159/2392/2034 1179/2391/2033 1180/2393/2035 1160/2394/2036
f 1160/2394/2036 1180/2393/2035 1181/2395/2037 1161/2396/2038
f 1161/871/2038 1181/872/2037 1182/870/2039 1162/869/2040
f 1162/869/2040 1182/870/2039 1183/868/2041 1163/867/2042
f 1163/867/2042 1183/868/2041 1184/864/2043 1164/863/2044
f 1164/863/2044 1184/864/2043 1165/860/2006 1145/859/2005
s 43
f 1145/1741/2045 1146/1742/2046 1186/1743/2047 1185/1744/2048
s 44
f 1166/1781/2049 1165/1782/2050 1188/1783/2051 1187/1784/2052
s 43
f 1146/1742/2046 1147/1745/2053 1189/1746/2054 1186/1743/2047
s 44
f 1167/1787/2055 1166/1781/2049 1187/1784/2052 1190/1788/2056
s 43
f 1147/1745/2053 1148/1749/2057 1191/1750/2058 1189/1746/2054
s 44
f 1168/1791/2059 1167/1787/2055 1190/1788/2056 1192/1792/2060
s 43
f 1148/1749/2057 1149/1753/2061 1193/1754/2062 1191/1750/2058
s 44
f 1169/1795/2063 1168/1791/2059 1192/1792/2060 1194/1796/2064
s 43
f 1149/1753/2061 1150/1757/2065 1195/1758/2066 1193/1754/2062
s 44
f 1170/1799/2067 1169/1795/2063 1194/1796/2064 1196/1800/2068
s 43
f 1150/1757/2065 1151/1761/2069 1197/1762/2070 1195/1758/2066
s 44
f 1171/1803/2071 1170/1799/2067 1196/1800/2068 1198/1804/2072
s 43
f 1151/1761/2069 1152/1765/2073 1199/1766/2074 1197/1762/2070
s 44
f 1172/1807/2075 1171/1803/2071 1198/1804/2072 1200/1808/2076
s 43
f 1152/1765/2073 1153/1769/2077 1201/1770/2078 1199/1766/2074
s 44
f 1173/1811/2079 1172/1807/2075 1200/1808/2076 1202/1812/2080
s 43
f 1153/1769/2077 1154/1773/2081 1203/1774/2082 1201/1770/2078
s 44
f 1174/1815/2083 1173/1811/2079 1202/1812/2080 1204/1816/2084
s 43
f 1154/1773/2081 1155/1777/2085 1205/1778/2086 1203/1774/2082
s 44
f 1175/1819/2087 1174/1815/2083 1204/1816/2084 1206/1820/2088
s 43
f 1155/1777/2085 1156/1779/2089 1207/1780/2090 1205/1778/2086
s 44
f 1176/1817/2091 1175/1819/2087 1206/1820/2088 1208/1818/2092
s 43
f 1156/1779/2089 1157/1775/2093 1209/1776/2094 1207/1780/2090
s 44
f 1177/1813/2095 1176/1817/2091 1208/1818/2092 1210/1814/2096
s 43
f 1157/1775/2093 1158/1771/2097 1211/1772/2098 1209/1776/2094
s 44
f 1178/1809/2099 1177/1813/2095 1210/1814/2096 1212/1810/2100
s 43
f 1158/1771/2097 1159/1767/2101 1213/1768/2102 1211/1772/2098
s 44
f 1179/1805/2103 1178/1809/2099 1212/1810/2100 1214/1806/2104
s 43
f 1159/1767/2101 1160/1763/2105 1215/1764/2106 1213/1768/2102
s 44
f 1180/1801/2107 1179/1805/2103 1214/1806/2104 1216/1802/2108
s 43
f 1160/1763/2105 1161/1759/2109 1217/1760/2110 1215/1764/2106
s 44
f 1181/1797/2111 1180/1801/2107 1216/1802/2108 1218/1798/2112
s 43
f 1161/1759/2109 1162/1755/2113 1219/1756/2114 1217/1760/2110
s 44
f 1182/1793/2115 1181/1797/2111 1218/1798/2112 1220/1794/2116
s 43
f 1162/1755/2113 1163/1751/2117 1221/1752/2118 1219/1756/2114
s 44
f 1183/1789/2119 1182/1793/2115 1220/1794/2116 1222/1790/2120
s 43
f 1163/1751/2117 1164/1747/2121 1223/1748/2122 1221/1752/2118
s 44
f 1184/1785/2123 1183/1789/2119 1222/1790/2120 1224/1786/2124
s 43
f 1164/1747/2121 1145/1741/2045 1185/1744/2048 1223/1748/2122
s 44
f 1165/1782/2050 1184/1785/2123 1224/1786/2124 1188/1783/2051
s 45
f 1225/887/2125 1226/888/2126 1246/889/2127 1245/890/2128
f 1226/888/2126 1227/891/2129 1247/892/2130 1246/889/2127
f 1227/1821/2129 1228/1822/2131 1248/1823/2132 1247/1824/2130
f 1228/1822/2131 1229/1825/2133 1249/1826/2134 1248/1823/2132
f 1229/1825/2133 1230/1827/2135 1250/1828/2136 1249/1826/2134
f 1230/1827/2135 1231/1829/2137 1251/1830/2138 1250/1828/2136
f 1231/907/2137 1232/901/2139 1252/904/2140 1251/908/2138
f 1232/901/2139 1233/902/2141 1253/903/2142 1252/904/2140
f 1233/902/2141 1234/905/2143 1254/906/2144 1253/903/2142
f 1234/905/2143 1235/909/2145 1255/910/2146 1254/906/2144
f 1235/909/2145 1236/911/2147 1256/912/2148 1255/910/2146
f 1236/911/2147 1237/913/2149 1257/914/2150 1256/912/2148
f 1237/1831/2149 1238/1832/2151 1258/1833/2152 1257/1834/2150
f 1238/1832/2151 1239/1835/2153 1259/1836/2154 1258/1833/2152
f 1239/1835/2153 1240/1837/2155 1260/1838/2156 1259/1836/2154
f 1240/1837/2155 1241/1839/2157 1261/1840/2158 1260/1838/2156
f 1241/899/2157 1242/897/2159 1262/898/2160 1261/900/2158
f 1242/897/2159 1243/895/2161 1263/896/2162 1262/898/2160
f 1243/895/2161 1244/893/2163 1264/894/2164 1263/896/2162
f 1244/893/2163 1225/887/2125 1245/890/2128 1264/894/2164
s 46
f 1226/2397/2165 1225/2398/2166 1265/2399/2167
f 1227/2401/2168 1226/2397/2165 1265/2399/2167
f 1228/2403/2169 1227/2401/2168 1265/2399/2167
f 1229/2405/2170 1228/2403/2169 1265/2399/2167
f 1230/2407/2171 1229/2405/2170 1265/2399/2167
f 1231/2409/2172 1230/2407/2171 1265/2399/2167
f 1232/2411/2173 1231/2409/2172 1265/2399/2167
f 1233/2413/2174 1232/2411/2173 1265/2399/2167
f 1234/2415/2175 1233/2413/2174 1265/2399/2167
f 1235/2417/2176 1234/2415/2175 1265/2399/2167
f 1236/2416/2177 1235/2417/2176 1265/2399/2167
f 1237/2414/2178 1236/2416/2177 1265/2399/2167
f 1238/2412/2179 1237/2414/2178 1265/2399/2167
f 1239/2410/2180 1238/2412/2179 1265/2399/2167
f 1240/2408/2181 1239/2410/2180 1265/2399/2167
f 1241/2406/2182 1240/2408/2181 1265/2399/2167
f 1242/2404/2183 1241/2406/2182 1265/2399/2167
f 1243/2402/2184 1242/2404/2183 1265/2399/2167
f 1244/2400/2185 1243/2402/2184 1265/2399/2167
f 1225/2398/2166 1244/2400/2185 1265/2399/2167
s 47
f 1245/2418/2186 1246/2419/2187 1266/2420/2188
f 1246/2419/2187 1247/2421/2189 1266/2420/2188
f 1247/2421/2189 1248/2423/2190 1266/2420/2188
f 1248/2423/2190 1249/2425/2191 1266/2420/2188
f 1249/2425/2191 1250/2427/2192 1266/2420/2188
f 1250/2427/2192 1251/2429/2193 1266/2420/2188
f 1251/2429/2193 1252/2431/2194 1266/2420/2188
f 1252/2431/2194 1253/2433/2195 1266/2420/2188
f 1253/2433/2195 1254/2435/2196 1266/2420/2188
f 1254/2435/2196 1255/2437/2197 1266/2420/2188
f 1255/2437/2197 1256/2438/2198 1266/2420/2188
f 1256/2438/2198 1257/2436/2199 1266/2420/2188
f 1257/2436/2199 1258/2434/2200 1266/2420/2188
f 1258/2434/2200 1259/2432/2201 1266/2420/2188
f 1259/2432/2201 1260/2430/2202 1266/2420/2188
f 1260/2430/2202 1261/2428/2203 1266/2420/2188
f 1261/2428/2203 1262/2426/2204 1266/2420/2188
f 1262/2426/2204 1263/2424/2205 1266/2420/2188
f 1263/2424/2205 1264/2422/2206 1266/2420/2188
f 1264/2422/2206 1245/2418/2186 1266/2420/2188
s 48
f 1267/915/2207 1268/916/2208 1288/917/2209 1287/918/2210
f 1268/916/2208 1269/919/2211 1289/920/2212 1288/917/2209
f 1269/1841/2211 1270/1842/2213 1290/1843/2214 1289/1844/2212
f 1270/1842/2213 1271/1845/2215 1291/1846/2216 1290/1843/2214
f 1271/1845/2215 1272/1847/2217 1292/1848/2218 1291/1846/2216
f 1272/1847/2217 1273/1849/2219 1293/1850/2220 1292/1848/2218
f 1273/935/2219 1274/929/2221 1294/932/2222 1293/936/2220
f 1274/929/2221 1275/930/2223 1295/931/2224 1294/932/2222
f 1275/930/2223 1276/933/2225 1296/934/2226 1295/931/2224
f 1276/933/2225 1277/937/2227 1297/938/2228 1296/934/2226
f 1277/937/2227 1278/939/2229 1298/940/2230 1297/938/2228
f 1278/939/2229 1279/941/2231 1299/942/2232 1298/940/2230
f 1279/1851/2231 1280/1852/2233 1300/1853/2234 1299/1854/2232
f 1280/1852/2233 1281/1855/2235 1301/1856/2236 1300/1853/2234
f 1281/1855/2235 1282/1857/2237 1302/1858/2238 1301/1856/2236
f 1282/1857/2237 1283/1859/2239 1303/1860/2240 1302/1858/2238
f 1283/927/2239 1284/925/2241 1304/926/2242 1303/928/2240
f 1284/925/2241 1285/923/2243 1305/924/2244 1304/926/2242
f 1285/923/2243 1286/921/2245 1306/922/2246 1305/924/2244
f 1286/921/2245 1267/915/2207 1287/918/2210 1306/922/2246
s 49
f 1268/2439/2247 1267/2440/2248 1307/2441/2249
f 1269/2443/2250 1268/2439/2247 1307/2441/2249
f 1270/2445/2251 1269/2443/2250 1307/2441/2249
f 1271/2447/2252 1270/2445/2251 1307/2441/2249
f 1272/2449/2253 1271/2447/2252 1307/2441/2249
f 1273/2451/2254 1272/2449/2253 1307/2441/2249
f 1274/2453/2255 1273/2451/2254 1307/2441/2249
f 1275/2455/2256 1274/2453/2255 1307/2441/2249
f 1276/2457/2257 1275/2455/2256 1307/2441/2249
f 1277/2459/2258 1276/2457/2257 1307/2441/2249
f 1278/2458/2259 1277/2459/2258 1307/2441/2249
f 1279/2456/2260 1278/2458/2259 1307/2441/2249
f 1280/2454/2261 1279/2456/2260 1307/2441/2249
f 1281/2452/2262 1280/2454/2261 1307/2441/2249
f 1282/2450/2263 1281/2452/2262 1307/2441/2249
f 1283/2448/2264 1282/2450/2263 1307/2441/2249
f 1284/2446/2265 1283/2448/2264 1307/2441/2249
f 1285/2444/2266 1284/2446/2265 1307/2441/2249
f 1286/2442/2267 1285/2444/2266 1307/2441/2249
f 1267/2440/2248 1286/2442/2267 1307/2441/2249
s 50
f 1287/2460/2268 1288/2461/2269 1308/2462/2270
f 1288/2461/2269 1289/2463/2271 1308/2462/2270
f 1289/2463/2271 1290/2465/2272 1308/2462/2270
f 1290/2465/2272 1291/2467/2273 1308/2462/2270
f 1291/2467/2273 1292/2469/2274 1308/2462/2270
f 1292/2469/2274 1293/2471/2275 1308/2462/2270
f 1293/2471/2275 1294/2473/2276 1308/2462/2270
f 1294/2473/2276 1295/2475/2277 1308/2462/2270
f 1295/2475/2277 1296/2477/2278 1308/2462/2270
f 1296/2477/2278 1297/2479/2279 1308/2462/2270
f 1297/2479/2279 1298/2480/2280 1308/2462/2270
f 1298/2480/2280 1299/2478/2281 1308/2462/2270
f 1299/2478/2281 1300/2476/2282 1308/2462/2270
f 1300/2476/2282 1301/2474/2283 1308/2462/2270
f 1301/2474/2283 1302/2472/2284 1308/2462/2270
f 1302/2472/2284 1303/2470/2285 1308/2462/2270
f 1303/2470/2285 1304/2468/2286 1308/2462/2270
f 1304/2468/2286 1305/2466/2287 1308/2462/2270
f 1305/2466/2287 1306/2464/2288 1308/2462/2270
f 1306/2464/2288 1287/2460/2268 1308/2462/2270
s 51
f 1309/2481/2289 1310/2482/2290 1330/2483/2291 1329/2484/2292
f 1310/1867/2290 1311/1861/2293 1331/1864/2294 1330/1868/2291
f 1311/1861/2293 1312/1862/2295 1332/1863/2296 1331/1864/2294
f 1312/1862/2295 1313/1865/2297 1333/1866/2298 1332/1863/2296
f 1313/1865/2297 1314/1869/2299 1334/1870/2300 1333/1866/2298
f 1314/1869/2299 1315/1871/2301 1335/1872/2302 1334/1870/2300
f 1315/1871/2301 1316/1873/2303 1336/1874/2304 1335/1872/2302
f 1316/2491/2303 1317/2492/2305 1337/2493/2306 1336/2494/2304
f 1317/2492/2305 1318/2495/2307 1338/2496/2308 1337/2493/2306
f 1318/2495/2307 1319/2497/2309 1339/2498/2310 1338/2496/2308
f 1319/2497/2309 1320/2499/2311 1340/2500/2312 1339/2498/2310
f 1320/1881/2311 1321/1875/2313 1341/1878/2314 1340/1882/2312
f 1321/1875/2313 1322/1876/2315 1342/1877/2316 1341/1878/2314
f 1322/1876/2315 1323/1879/2317 1343/1880/2318 1342/1877/2316
f 1323/1879/2317 1324/1883/2319 1344/1884/2320 1343/1880/2318
f 1324/1883/2319 1325/1885/2321 1345/1886/2322 1344/1884/2320
f 1325/1885/2321 1326/1887/2323 1346/1888/2324 1345/1886/2322
f 1326/2489/2323 1327/2487/2325 1347/2488/2326 1346/2490/2324
f 1327/2487/2325 1328/2485/2327 1348/2486/2328 1347/2488/2326
f 1328/2485/2327 1309/2481/2289 1329/2484/2292 1348/2486/2328
s 52
f 1310/943/2329 1309/944/2330 1349/945/2331
f 1311/947/2332 1310/943/2329 1349/945/2331
f 1312/949/2333 1311/947/2332 1349/945/2331
f 1313/951/2334 1312/949/2333 1349/945/2331
f 1314/953/2335 1313/951/2334 1349/945/2331
f 1315/955/2336 1314/953/2335 1349/945/2331
f 1316/957/2337 1315/955/2336 1349/945/2331
f 1317/959/2338 1316/957/2337 1349/945/2331
f 1318/961/2339 1317/959/2338 1349/945/2331
f 1319/963/2340 1318/961/2339 1349/945/2331
f 1320/962/2341 1319/963/2340 1349/945/2331
f 1321/960/2342 1320/962/2341 1349/945/2331
f 1322/958/2343 1321/960/2342 1349/945/2331
f 1323/956/2344 1322/958/2343 1349/945/2331
f 1324/954/2345 1323/956/2344 1349/945/2331
f 1325/952/2346 1324/954/2345 1349/945/2331
f 1326/950/2347 1325/952/2346 1349/945/2331
f 1327/948/2348 1326/950/2347 1349/945/2331
f 1328/946/2349 1327/948/2348 1349/945/2331
f 1309/944/2330 1328/946/2349 1349/945/2331
s 53
f 1329/964/2350 1330/965/2351 1350/966/2352
f 1330/965/2351 1331/967/2353 1350/966/2352
f 1331/967/2353 1332/969/2354 1350/966/2352
f 1332/969/2354 1333/971/2355 1350/966/2352
f 1333/971/2355 1334/973/2356 1350/966/2352
f 1334/973/2356 1335/975/2357 1350/966/2352
f 1335/975/2357 1336/977/2358 1350/966/2352
f 1336/977/2358 1337/979/2359 1350/966/2352
f 1337/979/2359 1338/981/2360 1350/966/2352
f 1338/981/2360 1339/983/2361 1350/966/2352
f 1339/983/2361 1340/984/2362 1350/966/2352
f 1340/984/2362 1341/982/2363 1350/966/2352
f 1341/982/2363 1342/980/2364 1350/966/2352
f 1342/980/2364 1343/978/2365 1350/966/2352
f 1343/978/2365 1344/976/2366 1350/966/2352
f 1344/976/2366 1345/974/2367 1350/966/2352
f 1345/974/2367 1346/972/2368 1350/966/2352
f 1346/972/2368 1347/970/2369 1350/966/2352
f 1347/970/2369 1348/968/2370 1350/966/2352
f 1348/968/2370 1329/964/2350 1350/966/2352
s 54
f 1351/2501/2371 1352/2502/2372 1372/2503/2373 1371/2504/2374
f 1352/1895/2372 1353/1889/2375 1373/1892/2376 1372/1896/2373
f 1353/1889/2375 1354/1890/2377 1374/1891/2378 1373/1892/2376
f 1354/1890/2377 1355/1893/2379 1375/1894/2380 1374/1891/2378
f 1355/1893/2379 1356/1897/2381 1376/1898/2382 1375/1894/2380
f 1356/1897/2381 1357/1899/2383 1377/1900/2384 1376/1898/2382
f 1357/1899/2383 1358/1901/2385 1378/1902/2386 1377/1900/2384
f 1358/2511/2385 1359/2512/2387 1379/2513/2388 1378/2514/2386
f 1359/2512/2387 1360/2515/2389 1380/2516/2390 1379/2513/2388
f 1360/2515/2389 1361/2517/2391 1381/2518/2392 1380/2516/2390
f 1361/2517/2391 1362/2519/2393 1382/2520/2394 1381/2518/2392
f 1362/1909/2393 1363/1903/2395 1383/1906/2396 1382/1910/2394
f 1363/1903/2395 1364/1904/2397 1384/1905/2398 1383/1906/2396
f 1364/1904/2397 1365/1907/2399 1385/1908/2400 1384/1905/2398
f 1365/1907/2399 1366/1911/2401 1386/1912/2402 1385/1908/2400
f 1366/1911/2401 1367/1913/2403 1387/1914/2404 1386/1912/2402
f 1367/1913/2403 1368/1915/2405 1388/1916/2406 1387/1914/2404
f 1368/2509/2405 1369/2507/2407 1389/2508/2408 1388/2510/2406
f 1369/2507/2407 1370/2505/2409 1390/2506/2410 1389/2508/2408
f 1370/2505/2409 1351/2501/2371 1371/2504/2374 1390/2506/2410
s 55
f 1352/985/2411 1351/986/2412 1391/987/2413
f 1353/989/2414 1352/985/2411 1391/987/2413
f 1354/991/2415 1353/989/2414 1391/987/2413
f 1355/993/2416 1354/991/2415 1391/987/2413
f 1356/995/2417 1355/993/2416 1391/987/2413
f 1357/997/2418 1356/995/2417 1391/987/2413
f 1358/999/2419 1357/997/2418 1391/987/2413
f 1359/1001/2420 1358/999/2419 1391/987/2413
f 1360/1003/2421 1359/1001/2420 1391/987/2413
f 1361/1005/2422 1360/1003/2421 1391/987/2413
f 1362/1004/2423 1361/1005/2422 1391/987/2413
f 1363/1002/2424 1362/1004/2423 1391/987/2413
f 1364/1000/2425 1363/1002/2424 1391/987/2413
f 1365/998/2426 1364/1000/2425 1391/987/2413
f 1366/996/2427 1365/998/2426 1391/987/2413
f 1367/994/2428 1366/996/2427 1391/987/2413
f 1368/992/2429 1367/994/2428 1391/987/2413
f 1369/990/2430 1368/992/2429 1391/987/2413
f 1370/988/2431 1369/990/2430 1391/987/2413
f 1351/986/2412 1370/988/2431 1391/987/2413
s 56
f 1371/1006/2432 1372/1007/2433 1392/1008/2434
f 1372/1007/2433 1373/1009/2435 1392/1008/2434
f 1373/1009/2435 1374/1011/2436 1392/1008/2434
f 1374/1011/2436 1375/1013/2437 1392/1008/2434
f 1375/1013/2437 1376/1015/2438 1392/1008/2434
f 1376/1015/2438 1377/1017/2439 1392/1008/2434
f 1377/1017/2439 1378/1019/2440 1392/1008/2434
f 1378/1019/2440 1379/1021/2441 1392/1008/2434
f 1379/1021/2441 1380/1023/2442 1392/1008/2434
f 1380/1023/2442 1381/1025/2443 1392/1008/2434
f 1381/1025/2443 1382/1026/2444 1392/1008/2434
f 1382/1026/2444 1383/1024/2445 1392/1008/2434
f 1383/1024/2445 1384/1022/2446 1392/1008/2434
f 1384/1022/2446 1385/1020/2447 1392/1008/2434
f 1385/1020/2447 1386/1018/2448 1392/1008/2434
f 1386/1018/2448 1387/1016/2449 1392/1008/2434
f 1387/1016/2449 1388/1014/2450 1392/1008/2434
f 1388/1014/2450 1389/1012/2451 1392/1008/2434
f 1389/1012/2451 1390/1010/2452 1392/1008/2434
f 1390/1010/2452 1371/1006/2432 1392/1008/2434
